ὁ	9378838
καί	3674401
δέ	1773758
εἰμί	1165242
αὐτός	1101526
οὗτος	886965
ἐν	760291
γάρ	693927
οὐ	651474
μέν	582245
ὅς	561686
εἰς	459930
ὡς	453187
κατά	427339
ἀλλά	376498
πρός	372591
ἤ	361093
πᾶς	347106
τε	342845
ἐκ	340632
λέγω	333572
ἐπί	332436
μή	322843
διά	317734
γίγνομαι	315885
ἔχω	314165
ὅτι	310933
τις	287667
εἰ	276250
φημί	258573
τίς	245744
περί	241335
ἄν	228434
ἄλλος	211183
ἀπό	194881
ἐγώ	189728
παρά	189714
ποιέω	189687
ἡμεῖς	188627
πολύς	184657
λόγος	182298
οὖν	181960
μετά	162286
ἐκεῖνος	159839
θεός	157366
ὑπό	148850
εἶπον	141291
οὐδέ	136835
ἑαυτοῦ	135801
μόνος	124336
ἄνθρωπος	119841
τοιοῦτος	118054
οὐδείς	110271
οὕτως	109883
εἷς	107656
ἀγαθός	105393
δή	101413
πρῶτος	99919
δύο	98990
Ζεύς	98748
ὁράω	97309
ἕτερος	96522
κύριος	92506
πόλις	92315
ἐπεί	92293
μέγας	91284
λαμβάνω	90074
οἷος	89494
φύσις	86291
καλέω	84796
σῶμα	83810
βασιλεύς	81761
Θεός	81636
ὑμεῖς	81462
πατήρ	81284
σύ	80851
γε	80731
δίδωμι	78972
εἴρω	77392
οὔτε	77316
ἵνα	76873
νῦν	75900
ὅσος	75706
ἀνήρ	75501
γῆ	73692
σῦς	72588
ἀρχή	71923
δύναμις	69799
δύναμαι	69616
υἱός	69246
μᾶλλον	67283
ἐάν	67020
ὥσπερ	66684
δοκέω	66045
πάλιν	64969
σός	64852
ἕκαστος	63110
μικρός	62312
πῶς	61998
μου	61919
χρόνος	59460
ὥστε	58521
κακός	58272
δήω	58043
μέρος	56868
ἡμέρα	56736
ὑπέρ	55524
βούλομαι	54920
ὄνομα	54789
γράφω	54497
φέρω	54240
δείκνυμι	54154
ὅλος	54090
ἔτι	53999
οἶδα	53932
ἄρα	53508
ἔρχομαι	53345
ἅπας	53275
ἔπος	52328
ὅδε	52081
ἀντί	51845
ὅταν	51086
νόμος	50082
ἀκούω	50075
πνεῦμα	49949
πρᾶγμα	49768
γυνή	49424
αἴτιος	49030
ἄρχω	48175
κινέω	47424
τόπος	47180
φαίνω	47160
Ψυχή	46737
ὑπάρχω	46235
χράω	46165
δεῖ	46066
μηδείς	45968
ὅσπερ	45409
παῖς	45396
ἄγω	44367
τυγχάνω	44357
πρό	44012
χείρ	43433
τότε	43093
εἶδος	43034
τίθημι	42675
ἴδιος	42617
εὑρίσκω	42596
πρότερος	42444
τρόπος	42177
μέσος	41978
ἔργον	41963
καλός	41820
τ	41082
ὕδωρ	40637
ἤδη	40321
λοιπός	40293
γένος	40080
Γ	40061
μάλιστα	39855
ἀλλήλων	39414
ἵστημι	39349
μέλλω	39156
οὐσία	38999
τοσοῦτος	38727
μηδέ	38635
ἀεί	38435
εὐθύς	37880
δόξα	37720
ἅγιος	37635
Χριστός	37307
γιγνώσκω	36986
ἐνταῦθα	36913
ὅτε	36797
ἐθέλω	36755
τοίνυν	36456
πλείων	36045
κοινός	36025
ἐναντίος	35402
μήν	35094
εἶτα	34709
ἀληθής	34664
μήτε	33756
πάρειμι	33672
δηλόω	33550
ζῷον	33548
ἴσος	33479
βίος	33469
οὐρανός	33033
χάρις	32863
πράσσω	32825
σύν	32043
πάσχω	31899
ἀρετή	31892
πάθος	31862
διό	31774
ἀνάγκη	31727
νόος	31710
ὀλίγος	31593
πῦρ	31351
Β	31264
καιρός	31253
τρεῖς	30475
θεῖος	30398
μείζων	30382
ἐφ	30335
ὅστις	30232
συμβαίνω	30049
χρή	30044
θάνατος	29619
ἅμα	29540
ψυχή	29203
τέλος	29158
Δίκαιος	29045
ὁμοίως	29031
νομίζω	28728
φωνή	28553
πόλεμος	28480
ζῶ	28464
ὅμοιος	28445
ζητέω	28271
ὅπως	28067
φίλος	27993
νέος	27855
ἔτος	27807
οἰκέω	27734
κόσμος	27492
οἴομαι	27379
πείθω	27217
ἄξιος	27099
πλῆθος	26685
ἔθνος	26590
Σ	26252
μένω	26186
ἀδελφός	26152
χώρα	25759
μανθάνω	25697
μέντοι	25552
τρίτος	25494
κεῖμαι	24844
ὀνομάζω	24842
σημαίνω	24817
σάρξ	24796
Ῥωμαῖος	24792
θάλασσα	24788
δέχομαι	24764
Ν	24753
καλῶς	24712
πούς	24638
περι	24496
ἱερός	24465
πίστις	24458
καθάπερ	24448
δῆλος	24362
μέχρι	24249
διδάσκω	24174
ζωή	24169
κίνησις	24166
ἐσθίω	24093
κἀν	23955
ἀναγκαῖος	23923
ποῦ	23805
σχῆμα	23550
ἐνέργεια	23540
ἀριθμός	23449
ὕστερος	23316
ἥλιος	23281
γοῦν	23190
κεφαλή	23183
νοέω	23067
εἴτε	23062
πρόσωπον	23005
ποτός	22956
πολλάκις	22877
ἀλήθεια	22644
λαός	22373
παρέχω	22225
πιστεύω	22191
Κ	22158
ποτέ	22013
τουτέστι	21767
διαφέρω	21708
πλέω	21605
οἰκεῖος	21369
πλεῖστος	21324
ἐκκλησία	21214
ποταμός	21211
Ἰησοῦς	21002
ἵππος	20902
Ἰουδαῖος	20864
ὁδός	20710
ἀμφότερος	20669
ἐκεῖ	20652
ἔοικα	20609
ἀπ	20523
γεννάω	20512
κύκλος	20487
Ἀθηναῖος	20448
ἤτοι	20445
ἄλλως	20387
ἕνεκα	20329
μήτηρ	20323
σημεῖον	20265
Ἕλλην	20236
δυνατός	20040
χρῆμα	19972
ὕλη	19938
φεύγω	19879
ἕως	19871
θ	19868
αἱρέω	19798
ἀναιρέω	19771
ἁμαρτία	19681
προστίθημι	19657
τέχνη	19513
αἷμα	19459
οἶκος	19331
κελεύω	19126
χριστός	19095
προφήτης	18959
ὀφθαλμός	18956
σῴζω	18896
γένεσις	18848
Α	18845
φυλάσσω	18821
κρίνω	18800
Καρδία	18774
πολέμιος	18702
ἡγέομαι	18597
τιμή	18584
ἁπλόος	18578
ἀφίημι	18570
μέγεθος	18460
διαφορά	18399
παλαιός	18385
ποιητής	18324
ἤπειρος	18156
σοφός	18035
πάντως	18033
καθίστημι	18009
τί	17978
ὅθεν	17970
ἐμός	17970
ἀήρ	17834
ἑξῆς	17832
πλήν	17790
ἡμέτερος	17769
εἶμι	17741
βραχύς	17735
ἐργάζομαι	17682
ὑπόκειμαι	17627
ῥῆμα	17615
τάξις	17573
νύξ	17528
τέλειος	17447
ἀπόλλυμι	17442
ὄρος	17410
θερμός	17321
οἶνος	17260
ἐπάγω	17234
γνώμη	17228
τροφή	17177
ναῦς	17144
ἑκάτερος	17067
πέμπω	16925
δεσπότης	16495
αἴσθησις	16412
ἐχθρός	16351
δεινός	16345
νάω	16327
αἰών	16298
δίκη	16246
διάνοια	16238
ἀδύνατος	16223
λύω	16211
κρατέω	16185
πέντε	16166
λευκός	16079
παραδίδωμι	16060
ἄνω	16010
Παῦλος	16003
ἀξιόω	15941
λίθος	15717
φάος	15704
ἡδονή	15633
ἀφ	15435
ἄγγελος	15433
φύω	15429
π	15322
ἵημι	15219
εὖ	15207
πρᾶξις	15149
στόμα	15148
ἀποδίδωμι	15140
ἀπόστολος	15132
μόριον	15031
ταχύς	14978
μακρός	14961
πονηρός	14948
τέσσαρες	14896
προσήκω	14788
σοφία	14763
ὅλως	14686
βλέπω	14669
χωρίς	14617
βάλλω	14608
ὁμολογέω	14560
δῆμος	14547
πρέσβυς	14488
φυσικός	14437
ὅμως	14425
χρεία	14418
ἀποθνῄσκω	14361
ὥρα	14330
διαιρέω	14272
ἄκρος	14224
λαλέω	14213
θεῖον	14202
βασίλειος	14201
πίνω	14183
δοῦλος	14182
συνάγω	14157
εἰσέρχομαι	14085
λέξις	14084
πως	14065
καίτοι	14041
πληρόω	14033
καθόλου	14016
συνίστημι	14008
οὐκέτι	13908
πίπτω	13881
κάτω	13844
Πλάτων	13790
ὅρος	13768
ἐντεῦθεν	13707
ἔνθα	13705
Λ	13682
ἔπειτα	13664
σωτηρία	13648
ὑγρός	13587
ἐλπίς	13547
καρπός	13517
εἰκών	13437
Ἰσραήλ	13286
θυγάτηρ	13236
ἀφαιρέω	13228
ἥκω	13170
διότι	13153
νεκρός	13128
βασίλεια	13084
ὀρθός	13072
πρίν	13049
θυμός	12995
μ̊	12984
ἀποδείκνυμι	12962
γνῶσις	12961
ἴσως	12949
καθαρός	12949
πάνυ	12939
κατηγορέω	12907
νικάω	12907
ἔνιοι	12885
μάχη	12883
ὅπου	12879
τάσσω	12863
ἐπειδή	12837
ἤγουν	12803
πόνος	12793
ἀδικέω	12786
δεξιός	12778
μιμνήσκω	12763
ἐπιστήμη	12730
ἔξω	12729
φόβος	12700
θαυμάζω	12678
μεταξύ	12648
ποῖος	12610
γράμμα	12601
βοῦς	12558
περιέχω	12554
τρέφω	12534
γλῶσσα	12526
κατέχω	12506
χαίρω	12476
ἀνθρώπινος	12466
σπέρμα	12460
ἡδύς	12441
ἐνδέχομαι	12439
τιμάω	12418
στρατηγός	12406
φάρμακον	12391
στοιχεῖον	12342
δικαιοσύνη	12299
βάρβαρος	12266
ζ	12265
μείς	12254
καταλαμβάνω	12226
αὖθις	12225
ἁμαρτάνω	12199
πρόκειμαι	12194
Ἀλέξανδρος	12191
περ	12136
δαίμων	12103
μεταβάλλω	12091
ἀνίστημι	12059
ἔσχατος	12039
τίκτω	12036
μετέχω	11962
παραλαμβάνω	11957
κατασκευάζω	11933
δράω	11871
τεῖχος	11809
ἀνά	11795
Ἰωάννης	11781
νῆσος	11751
εἴπερ	11738
σφεῖς	11701
λείπω	11681
παύω	11663
σωτήρ	11608
κακία	11576
φρονέω	11512
ἀγνοέω	11460
εἶδον	11442
χωρίον	11417
μαθητής	11411
φοβέω	11407
εἰρήνη	11400
τέκνον	11390
ἀφικνέομαι	11378
κρίσις	11338
ἐξέρχομαι	11312
ξένος	11303
φιλόσοφος	11291
ὁρίζω	11291
ἐφίστημι	11290
διάφορος	11275
ἄνευ	11240
μάχομαι	11224
φανερός	11215
ἄμφω	11192
ὀργή	11179
μέτρον	11144
διαλέγω	10986
σφόδρα	10969
κωλύω	10964
παρίστημι	10963
ἕπω	10910
οὐκοῦν	10909
Αἴγυπτος	10893
συντίθημι	10871
ὁμοῦ	10861
ψυχρός	10742
πολιτεία	10710
θνῄσκω	10686
οἰκία	10664
ὀξύς	10659
αἰτέω	10621
βιβλίον	10583
προσφέρω	10572
θεωρέω	10571
κτάομαι	10567
ξύλον	10545
ἐάω	10523
Πέρσης	10496
βουλή	10492
τίνω	10481
λογισμός	10479
ἔ	10453
οὖς	10425
κίνδυνος	10414
χαλεπός	10406
κακῶς	10395
ἐπιτίθημι	10350
Ἀριστοτέλης	10317
ναός	10317
πλοῦτος	10283
ἀποστέλλω	10246
λανθάνω	10246
ἀπέρχομαι	10223
τελευτάω	10221
ἄλογος	10216
ἀπλόος	10210
πέρας	10207
νόσος	10190
ἰσχυρός	10189
Ἔρως	10179
Σωκράτης	10164
ἐπιθυμία	10144
θυσία	10124
μέλας	10112
μέλος	10107
βασιλεύω	10104
συμφέρω	10039
ἐρωτάω	10032
ἀγάπη	10029
πορεύω	10027
μακάριος	10023
μοῖρα	10020
ἀγών	9940
γάμος	9930
στρατιώτης	9924
ἐπιδείκνυμι	9894
αὐξάνω	9865
ὅπλον	9864
ὄψις	9795
χρήσιμος	9791
πάλαι	9731
διαφθείρω	9727
ἀλλότριος	9720
γραφή	9714
λογικός	9681
ἱστορία	9641
ἐπαινέω	9627
πλησίος	9625
λαμπρός	9603
τρέπω	9585
χωρέω	9540
ἀφίστημι	9524
διώκω	9506
παρακαλέω	9504
παρθένος	9492
συνεχής	9491
τελέω	9472
ἐξουσία	9430
Ὅμηρος	9424
Νίκη	9412
εἰκότως	9403
ξηρός	9364
βαρύς	9348
ὑπομένω	9340
δείδω	9340
μυρίος	9305
Δαυίδ	9274
ἀπαλλάσσω	9256
ἐπίσκοπος	9212
ἐπιφέρω	9187
κάλλος	9174
ἅπτω	9168
σαφής	9142
διδάσκαλος	9140
λεπτός	9139
φιλέω	9130
ἄτοπος	9115
Ἀχιλλεύς	9109
ἰατρός	9107
ἱκανός	9104
τέταρτος	9064
ὀφείλω	9055
ὑφ	9034
κράτος	9029
καίω	9020
ἀείρω	9012
ὧδε	9010
θεάομαι	9000
α	8998
κενός	8992
ἀποφαίνω	8979
οὐκ	8948
ἀπαντάω	8936
ἀποκτείνω	8927
νοητός	8924
ἀποκρίνω	8906
πολίτης	8904
σπουδή	8887
αὖ	8864
σαφῶς	8860
ἐκεῖθεν	8847
εἴωθα	8829
κεφάλαιος	8828
ἀρχαῖος	8828
ταὐτός	8811
ὑψηλός	8811
ἔμπροσθεν	8791
ποιότης	8773
καθώς	8771
Αἰγύπτιος	8769
γαστήρ	8757
περισσός	8749
εἰσάγω	8704
πρότασις	8678
κύω	8658
φαῦλος	8641
τολμάω	8628
ἀείδω	8614
φίλιος	8611
χρυσός	8611
δόγμα	8610
ἔλαιον	8600
ἀναλαμβάνω	8586
ἐνεργέω	8583
παρασκευάζω	8580
προερέω	8557
δέκα	8555
ἄχρι	8533
ἐκβάλλω	8485
ἀκολουθέω	8471
τέμνω	8465
παράδειγμα	8462
βασιλικός	8447
θεραπεύω	8445
ἱερεύς	8435
ἐμβάλλω	8433
αἰσθάνομαι	8422
δηλονότι	8421
ὑπολαμβάνω	8398
πρόσειμι	8397
ἀνάγω	8396
παραγίγνομαι	8381
παρέρχομαι	8328
πότερος	8321
ὑπόθεσις	8321
ἔθος	8314
διδασκαλία	8297
συνάπτω	8293
πιστός	8289
σελήνη	8284
στάσις	8280
διάθεσις	8273
θηρίον	8261
πολεμέω	8244
μάρτυς	8220
ὀρθῶς	8212
πατρίς	8185
Ἡρακλῆς	8184
θαυμαστός	8160
Καῖσαρ	8153
ἀπόδειξις	8146
ἀγαπάω	8104
φάσκω	8102
διπλόος	8092
χείρων	8078
ὁποῖος	8070
ἡλικία	8066
λίαν	8047
τύπος	8038
Ἀπόλλων	8034
Ἀττικός	8031
τάχα	8016
φιλοσοφία	8008
μαρτυρέω	7995
συγχωρέω	7978
Ὀδυσσεύς	7963
ἄδικος	7952
καθά	7946
ἐγείρω	7942
ἐφεξῆς	7939
τοιόσδε	7936
ἄρτος	7935
πειράω	7920
φθάνω	7898
μῦθος	7830
ἀσθενής	7826
βουλεύω	7821
ἀναγκάζω	7805
τιμωρία	7790
λυπέω	7785
ἐντός	7781
πυνθάνομαι	7771
κομίζω	7766
πρέπω	7757
ἀκριβῶς	7741
θνητός	7726
μῆκος	7704
ἐπιστολή	7700
ἄνωθεν	7698
Φίλιππος	7691
ἐρῆμος	7690
μέτριος	7685
ὀστέον	7627
μνήμη	7622
γενικός	7622
ρ	7621
συμφορά	7620
δάκρυ	7599
ἔννοια	7598
μεταβολή	7598
διαίρεσις	7597
ῥέω	7593
εὔχομαι	7593
προστάσσω	7587
Λακεδαιμόνιος	7576
κτίζω	7576
ἀπέχω	7559
μάλα	7542
θύω	7513
φθείρω	7512
ἀστήρ	7510
χαρίζομαι	7505
ἰσχύς	7504
ἔξωθεν	7482
σκοπός	7478
κτλ	7464
ῥίζα	7464
ὄργανον	7459
λογίζομαι	7459
ἑπτά	7455
προσέχω	7452
σχεδόν	7429
ἕλκω	7429
παραπλήσιος	7427
ἀθάνατος	7419
ἀντίκειμαι	7418
τύραννος	7411
ἀρκέω	7405
ἐλέγχω	7405
συλλογισμός	7388
λύπη	7360
ῥᾳδίως	7352
ψευδής	7350
ἱστορέω	7327
ὁρισμός	7323
χρηστός	7299
ἔξεστι	7299
ὑποτίθημι	7299
ἰχθύς	7282
καινός	7275
ἀναβαίνω	7274
Τύχη	7265
ἄπειμι	7262
ὡσαύτως	7248
ὑφίστημι	7234
διέρχομαι	7214
πείρω	7208
ἁρμόζω	7199
ἀνέχω	7188
μυστήριον	7184
Πέτρος	7168
ἄνεμος	7166
χρῶμα	7158
αἰσχρός	7134
πνευματικός	7131
εὐχή	7124
πανταχοῦ	7105
ἐπιχειρέω	7100
προέρχομαι	7094
θέσις	7088
χράομαι	7068
πηγή	7062
βλάπτω	7053
ἰδέα	7051
ἀνάστασις	7046
στρατός	7033
ποιητικός	7032
πύλη	7026
Ῥώμη	7012
αἰτία	6993
καταλείπω	6992
χειμών	6990
χρύσεος	6989
σεαυτοῦ	6979
πλούσιος	6974
ἐγγύς	6959
μνημονεύω	6959
ἡγεμών	6921
προσαγορεύω	6913
δημιουργός	6912
σκοπέω	6911
παιδίον	6908
γραφεύς	6902
ὁρμάω	6896
μέλι	6883
πέτρα	6878
δοξάζω	6873
εὐσέβεια	6864
μισέω	6850
προσάγω	6825
κοιλία	6812
ἐμαυτοῦ	6797
οὐχ	6787
πρόνοια	6778
τελευτή	6753
χωρίζω	6751
ἁλίσκομαι	6735
συνίημι	6728
φόνος	6723
λήγω	6722
σφοδρός	6709
ἀναγιγνώσκω	6702
πόσος	6684
αὐτίκα	6680
γλυκύς	6665
τρίγωνος	6663
θεότης	6655
ἔπειμι	6651
ὕπνος	6636
δεσμός	6630
Τῖς	6629
παιδεύω	6591
κατηγορία	6580
ἄρσην	6572
ἀκριβής	6559
κάθημαι	6558
ἁμάρτημα	6556
πόθεν	6547
λέων	6545
ἀναφέρω	6509
σπουδάζω	6503
σκότος	6468
βάσις	6461
σύμπας	6459
ὠφελέω	6458
θύρα	6449
φθορά	6437
γέρων	6426
πλευρά	6426
ἵν	6421
βαίνω	6417
προσκυνέω	6401
Ἀχαιός	6393
ἐλαύνω	6385
κολάζω	6381
ἐντολή	6365
κέντρον	6363
θῆλυς	6330
Φ	6328
δραχ	6320
ἀμφί	6312
Ἀριστοφάνης	6308
ἐπιστρέφω	6296
ἐπιτήδειος	6282
αἰσθητός	6277
κρύπτω	6274
ἰδού	6269
τελευταῖος	6257
στέφανος	6244
γωνία	6242
ἐλεύθερος	6228
χρῆσις	6226
ὑπερβολή	6217
Δημοσθένης	6214
ἐκτός	6209
ἀπορία	6201
δημόσιος	6193
αἰώνιος	6188
ἀκοή	6188
πικρός	6175
νοσέω	6171
οἶος	6168
τηρέω	6166
οἶς	6163
συμβεβηκός	6158
ἐκτείνω	6155
ἱμάτιον	6151
ἆρα	6139
ἀπολαύω	6139
συνήθης	6137
ῥήτωρ	6134
φαντασία	6122
ἦθος	6114
ἐπιτρέπω	6114
ἐπαγγέλλω	6112
μῦς	6109
διάβολος	6104
βοηθέω	6101
ὑπόστασις	6098
πολιτικός	6090
διαλύω	6088
χυμός	6079
λεῖος	6079
ἐπιθυμέω	6077
Ἄρης	6076
κοινωνία	6074
στρατιά	6073
θεωρία	6041
ὁρμή	6036
διάστημα	6033
δένδρον	6033
ἐμπίπτω	6033
ἀπολείπω	6032
προαίρεσις	6028
γενναῖος	6022
πυρετός	6007
χ	5998
ἔνειμι	5991
παντελῶς	5984
ὕψος	5981
ἔνδον	5980
ἐπέρχομαι	5976
ἕξις	5952
γνωρίζω	5952
σκληρός	5950
ἀνδρεῖος	5949
πρόβατον	5947
κάμνω	5929
προσέρχομαι	5925
μισθός	5922
συλλαβή	5918
ἕπομαι	5911
κατοικέω	5910
συγγενής	5907
ὄρνις	5905
οὐράνιος	5900
ἑορτή	5892
ἐνιαυτός	5887
σταυρός	5879
νόσημα	5877
φρήν	5863
Ἑλλάς	5853
ἰστέον	5851
μορφή	5848
ἀπορέω	5846
ἄγριος	5845
σκηνή	5841
Φίλων	5840
Ἱερουσαλήμ	5839
ἐράω	5834
βαδίζω	5833
ἄνθος	5826
μίγνυμι	5825
βρόχος	5790
θαῦμα	5788
αἵρεσις	5787
Τρώς	5780
θαρσέω	5780
ποσός	5775
κόρη	5773
τράπεζα	5770
σύμμαχος	5762
θρόνος	5754
παρατίθημι	5754
ἐνδείκνυμι	5752
ἐπειδάν	5742
παράγω	5741
ὁπόσος	5738
βάθος	5728
χορός	5710
πληγή	5691
ἀνίημι	5691
μιμέομαι	5684
φρόνησις	5670
ῥητός	5665
ἥμισυς	5662
ἀπόφασις	5661
ἀκόλουθος	5659
πρόσθεν	5641
τροπή	5631
πλανάω	5631
ἐναργής	5613
δάκτυλος	5604
Μωϋσῆς	5579
φυγή	5579
χαλκός	5575
συνέρχομαι	5574
τίμιος	5569
θεραπεία	5558
ἐλπίζω	5546
συντάσσω	5535
φυλακή	5534
οὔπω	5526
Ἑρμῆς	5523
ἀθρόος	5517
πλήρης	5517
ἀληθινός	5503
πρόειμι	5500
πάντῃ	5495
μηκέτι	5474
δίφθογγος	5471
κηρύσσω	5471
ἅπαξ	5458
καταλιμπάνω	5448
σύνειμι	5443
ἀξίωμα	5442
φιλανθρωπία	5436
ἐπιφάνεια	5417
στρατόπεδον	5415
ἐκπίπτω	5410
ἀγορά	5408
δωρεά	5406
πεδίον	5403
Εὐριπίδης	5400
φύλλον	5398
ὑμέτερος	5378
σωματικός	5378
ἐμέω	5375
παχύς	5374
ψεῦδος	5373
πλήσσω	5371
ἅτε	5370
τάφος	5361
φθέγγομαι	5346
ἀπάγω	5346
νή	5335
Ἥρα	5331
ὕβρις	5329
διακρίνω	5327
Ἀσία	5310
φράζω	5305
πυκνός	5303
ἱππεύς	5299
Διόνυσος	5298
Ὅρκος	5296
ἰσχύω	5295
προτίθημι	5291
ἑταῖρος	5289
δικαστής	5285
κτείνω	5285
ψεύδω	5284
εἴκοσι	5282
Μένων	5274
ἐκεῖσε	5266
μερικός	5255
καταφρονέω	5248
Ἀφροδίτη	5245
φώς	5238
ἄστρον	5238
κοινωνέω	5237
γονεύς	5233
προβάλλω	5221
γυμνός	5220
Ξ	5219
διηγέομαι	5217
ἄμη	5215
γραμμή	5196
δικαίως	5193
σφαῖρα	5188
γῆρας	5187
κατασκευή	5183
ἐπανέρχομαι	5179
πρόφασις	5178
πέμπτος	5178
κόλπος	5173
ἔπαινος	5173
ὄμμα	5170
ποικίλος	5163
τόνος	5144
παρουσία	5143
εὔλογος	5140
σύνοδος	5129
στάδιον	5121
θέω	5114
ὀδούς	5108
ἐπαίρω	5107
ἀρχιερεύς	5105
γενεά	5103
Διονύσιος	5094
βία	5090
φλέψ	5090
Ἰούδας	5089
οὐδέποτε	5088
καταβαίνω	5083
πλάτος	5076
ἐπίσταμαι	5076
καταλύω	5072
πλάσσω	5072
εἴδωλον	5055
πεζός	5054
ἐπέχω	5054
λαγχάνω	5054
εἴδομαι	5051
κτίσις	5050
ἐξετάζω	5045
ἕκτος	5039
κέρας	5031
ἀδικία	5028
ἀνατίθημι	5021
Μ	5014
κατέρχομαι	5013
γάλα	5009
δέρμα	5004
μῆλον	5000
Λόγος	4984
ἡνίκα	4983
σύγκειμαι	4983
ναί	4979
διορίζω	4964
βέλος	4961
ἀνατολή	4950
περαίνω	4948
ταχέως	4946
δρόμος	4946
ἀσθένεια	4945
χέω	4934
δίς	4925
οὐδέτερος	4924
Ἕκτωρ	4920
τύπτω	4913
προσλαμβάνω	4905
κοσμέω	4904
θρίξ	4895
ἴς	4894
γαμέω	4878
νύμφη	4873
ἑκατόν	4871
λιμήν	4870
ἐννοέω	4866
ἐντυγχάνω	4866
συμβάλλω	4861
ἐμφαίνω	4852
Κωνσταντῖνος	4847
συμπέρασμα	4842
πόρος	4839
σήμερον	4833
ἀποτελέω	4827
ἀπαγγέλλω	4826
ἀποστρέφω	4825
τρέχω	4820
φοβερός	4819
συλλαμβάνω	4817
συνεχῶς	4813
γνώριμος	4806
ἐνίστημι	4806
κλῆρος	4801
διαβάλλω	4796
ὀδύνη	4795
δόρυ	4794
ἀργύριον	4792
οἰκονομία	4784
φυτός	4772
ψῆφος	4770
σπουδαῖος	4769
ἔλεος	4760
πλοῖον	4752
παροιμία	4750
Ἰακώβ	4745
ταπεινός	4744
ΑΒ	4737
ἀτάρ	4732
τετράγωνος	4732
μεταλαμβάνω	4731
ἀβραάμ	4727
κρᾶσις	4727
αἰσθητής	4709
ἀπαιτέω	4692
σῖτος	4684
παράδοξος	4678
ἰδέ	4676
ἀπολύω	4676
στερεός	4673
δουλεύω	4671
ἀριστερός	4660
ἐκφέρω	4647
δηλαδή	4645
ψαλμός	4645
βίαιος	4643
Σικελία	4640
μαλακός	4631
ἀμελέω	4629
ὁμώνυμος	4626
ἀντιλέγω	4621
ἐπιβάλλω	4614
νέμω	4610
μουσικός	4609
ἕξ	4605
ἀμύνω	4598
πήγνυμι	4598
βάρος	4584
ὄχλος	4584
ἀνέρχομαι	4582
δῶρον	4580
Σοφοκλῆς	4574
ἀγρός	4572
ἔξειμι	4572
βιάζομαι	4567
οἰκοδομέω	4562
ποιός	4555
χόω	4555
διατίθημι	4555
Μοῦσα	4549
σωφροσύνη	4545
ξίφος	4543
διάμετρος	4543
πατριάρχης	4538
Ι	4533
στρατεύω	4529
ἀσφαλής	4527
κλίνω	4526
βαθύς	4519
σύνθεσις	4518
προλέγω	4515
τρίβω	4506
ἑτοῖμος	4506
ἀνάλογος	4501
οἰκέτης	4501
Ἀθηνᾶ	4499
κοῦφος	4492
περιβάλλω	4483
εὔνοια	4479
ἐνίοτε	4475
Ποσειδῶν	4473
καθό	4470
θερμαίνω	4467
ταράσσω	4461
διάκειμαι	4447
νόημα	4440
φροντίς	4438
σκιά	4437
ἄρτι	4435
Ἰταλία	4431
οὕστ	4430
ἀκίνητος	4429
εὐσεβής	4428
ἀσεβής	4423
ἀσπίς	4421
βλάβη	4418
ἐλεέω	4416
μετρέω	4410
λιμός	4405
ἀγγεῖον	4402
σύμμετρος	4385
σίδηρος	4376
ἀόριστος	4376
σεμνός	4376
ὅμηρος	4375
ἄδηλος	4374
καθαίρω	4374
ἐπαγγελία	4373
στράτευμα	4371
ἔγκλημα	4369
ὁμοιότης	4368
Ὅρας	4357
γαῖα	4356
ὑπερέχω	4354
προάγω	4354
Κῦρος	4353
ὄνος	4353
βαρύνω	4351
Ἀθῆναι	4349
νεῦρον	4342
ἱκανῶς	4331
κῦμα	4330
ἐλευθερία	4329
ἔνδοξος	4320
μαρτυρία	4317
κε	4315
ἁρπάζω	4314
διατρίβω	4309
Αἴας	4306
μάτην	4305
λύσις	4295
μένος	4286
σύμφωνος	4283
τριάκοντα	4280
διαθήκη	4271
σώφρων	4271
παντάπασι	4264
ῥᾴδιος	4263
συμβουλεύω	4262
Ἀργεῖος	4259
ἀφορμή	4256
ψιλός	4255
ὄφις	4252
ἐξαιρέω	4246
δίχα	4241
ἔρομαι	4236
σπεύδω	4235
κατορθόω	4235
προλαμβάνω	4232
παράκειμαι	4224
ἀγωνίζομαι	4215
τάχος	4213
χρυσίον	4212
προφητεία	4211
ἀρτηρία	4205
βοήθεια	4203
ὅσιος	4191
καταβάλλω	4187
πέλαγος	4179
πρόθεσις	4175
ἐπίπεδος	4165
ὠφέλεια	4159
ἐπικαλέω	4159
βωμός	4156
ἔλεγχος	4155
μονογενής	4153
ὀπίσω	4152
μήποτε	4149
ἀσώματος	4141
ὑπερβάλλω	4135
ῥίπτω	4132
εὐλογέω	4128
ὑπισχνέομαι	4126
ἀπάτη	4124
τείνω	4122
οὐδαμῶς	4121
ἄγνοια	4115
κινδυνεύω	4115
περιφέρεια	4114
ἑκών	4106
ἀπολαμβάνω	4099
πῃ	4098
Μακεδών	4096
διόπερ	4091
Ἱεροσόλυμα	4090
τοιγάρ	4090
στρέφω	4088
ἐκλείπω	4087
νυνί	4086
ἐκτίθημι	4085
παιδεία	4083
φθόνος	4082
μέθοδος	4079
ἀνώτερος	4074
ἐθνικός	4069
ἰάομαι	4068
ἀτελής	4064
τέως	4062
θέρος	4058
πραγματεία	4053
ῥόος	4049
ῥητορικός	4041
αὐλή	4036
ἄγαλμα	4035
κανών	4033
Δ΄	4031
μαίνομαι	4025
ἀπολογία	4022
πιθανός	4016
διαβαίνω	4015
ὄμνυμι	4013
προσδοκάω	4012
Ἀρίσταρχος	4009
θερμότης	4008
περίοδος	3998
ἐπιτελέω	3998
τυραννίς	3997
ἥρως	3995
μερίζω	3995
νοερός	3984
κέρδος	3982
αὐτοκράτωρ	3982
δικαστήριον	3981
Φυλή	3980
ἑρμηνεύω	3976
στίχος	3972
Ο	3964
πρόσκειμαι	3961
ἐξάγω	3957
ἐπιγράφω	3950
σύνεσις	3948
δώδεκα	3937
σύστασις	3937
πῇ	3936
Μωσῆς	3919
ἐκπέμπω	3904
πένης	3903
θήρ	3903
λόγιος	3899
ἐπιγιγνώσκω	3897
ἅλς	3896
περίειμι	3890
Θηβαῖος	3888
εὐδαιμονία	3887
αἰχμάλωτος	3885
φροντίζω	3885
χίλιοι	3881
ὑβρίζω	3881
δουλεία	3879
ὄγκος	3876
ποιμήν	3872
Ἶβ	3870
χυλός	3864
ἀναχωρέω	3864
σχέσις	3863
πονέω	3855
καθαιρέω	3842
αἰσχύνω	3841
ξηραίνω	3840
Ἡσίοδος	3839
ποίημα	3837
βαπτίζω	3837
ἄγαν	3836
ἄπιστος	3832
ἐφίημι	3830
ὑποδείκνυμι	3821
ἁμαρτωλός	3820
προοίμιον	3819
ἐνθάδε	3815
γόνυ	3815
σημειόω	3815
χαρά	3813
στάδιος	3812
θέλημα	3809
ἄτομος	3805
ὀκτώ	3801
ἄρθρον	3799
εὐδαίμων	3796
δεῖπνον	3795
ἀφανίζω	3795
δίαιτα	3793
ἄκων	3792
προσπίπτω	3792
κοῖλος	3789
χεῖλος	3786
ἀσέβεια	3784
συνέχω	3777
ὁπότε	3776
σύνδεσμος	3774
Λιβύη	3770
ἐπιμέλεια	3768
ἁρμονία	3768
ἀφανής	3768
ὄξος	3765
νεφέλη	3764
Φοῖνιξ	3764
ὑπεροχή	3759
ἀποβάλλω	3756
ἀσφάλεια	3753
εὐαγγέλιος	3753
φιλοσοφέω	3753
διαμένω	3753
σύμβολον	3750
τραχύς	3746
μανία	3745
ἥκιστος	3740
χιτών	3730
οἱονεί	3728
γραμματικός	3727
βέβαιος	3726
τάλαντον	3724
περισπάω	3724
ἀποτίθημι	3722
Ἱπποκράτης	3720
συνήθεια	3720
ἀρέσκω	3718
ἄλλοτε	3714
ὑγιής	3713
Ἑβραῖος	3703
ἰά	3702
Ἀγαμέμνων	3702
παρρησία	3695
ἐξηγέομαι	3695
μετάνοια	3693
ὕπατος	3691
βραδύς	3685
κατάστασις	3679
Ἑλληνικός	3679
βοάω	3676
νέφος	3664
σκεῦος	3662
ἠώς	3662
αἰσχύνη	3659
δήπου	3656
ἄμπελος	3655
διπλάσιος	3649
φρόνημα	3646
εἰκός	3642
λίμνη	3641
Α΄	3640
φορός	3638
σοφιστής	3636
ἀπατάω	3635
τρυφή	3629
δεῦρο	3627
Β΄	3620
προθυμία	3615
ἕλκος	3613
τομή	3613
θάπτω	3613
πόρρω	3610
πονηρία	3609
θηλυκός	3606
πότε	3602
βροτός	3598
δῖος	3592
διασῴζω	3591
ὦ	3588
κρέας	3572
Δῶρα	3570
μεθίστημι	3564
ἐπιβαίνω	3563
κτίσμα	3560
ἡσυχία	3558
τμῆμα	3554
στερέω	3554
ὑποτάσσω	3554
ἀίδιος	3552
ἕβδομος	3551
σωτήριος	3550
εὐεργεσία	3547
ἐγκαλέω	3546
πληθυντικός	3539
χάλκεος	3531
κατάγω	3523
παραβολή	3519
ἐπισκοπέω	3518
δέω	3517
πῆχυς	3517
φονεύω	3515
στέλλω	3514
τραῦμα	3513
σφυγμός	3510
τελειόω	3506
ζήτησις	3505
ἐπινοέω	3498
καθίζω	3494
βάπτισμα	3493
πενία	3493
γελάω	3490
περιπατέω	3487
χολή	3482
ἐνδύω	3481
ὠθέω	3478
πλατύς	3475
δέκατος	3471
ὀργίζω	3470
ἀναγράφω	3469
ἄρτιος	3464
σύνθετος	3463
κριτής	3461
ὁμοιόω	3459
θώραξ	3456
πωλέω	3450
δαιμόνιος	3444
ἄναξ	3440
γνήσιος	3438
Συρία	3436
ἰός	3430
κόπτω	3430
κώμη	3426
πύργος	3424
ἐκλέγω	3419
σπείρω	3413
τηλικόσδε	3411
δραχμή	3405
χαρακτήρ	3405
αὔξησις	3401
νομοθέτης	3400
ἰδιώτης	3398
τηνικαῦτα	3391
ψύχω	3391
ὕμνος	3385
πλεονασμός	3381
λάω	3379
ὀξύνω	3375
προσηγορία	3372
ἐκδίδωμι	3372
Πάλις	3369
Κρόνος	3367
βιόω	3365
κῆρ	3358
αἰδώς	3353
χρησμός	3349
ἀπόρρητος	3347
συζυγία	3346
Βίβλος	3346
στενός	3344
μακράν	3338
διεξέρχομαι	3338
μυριάς	3337
Ἀδάμ	3333
παραβάλλω	3332
λούω	3332
σκέλος	3329
τυφλός	3329
ὀν	3328
πρόβλημα	3323
κήρυγμα	3322
συγγνώμη	3315
παραλείπω	3312
μόλις	3310
ῥίς	3308
ἀκρίβεια	3302
ἄτη	3295
Γ΄	3294
ἀναλογία	3291
παράλληλος	3291
ὦμος	3290
πόθος	3289
αὐτόματος	3288
ἐπιβουλή	3286
ἀποφατικός	3280
διάγω	3278
αἰτιάομαι	3273
Βαβυλών	3270
διαφεύγω	3270
κῶλον	3267
ἐπιγίγνομαι	3266
ὑγιαίνω	3265
συστέλλω	3256
κόλασις	3255
θλῖψις	3253
ἐπίκειμαι	3252
ἀγαπητός	3246
στέρησις	3243
ἀμήν	3241
ἧπαρ	3240
κλῆσις	3237
ὁμιλία	3237
ζυγόν	3233
παίζω	3228
κοιμάω	3227
φλόξ	3222
Μενέλαος	3221
θαυμάσιος	3218
περιπίπτω	3218
Σκύθης	3212
γέλως	3206
εὐφραίνω	3204
μονή	3201
καταφατικός	3198
ἀσπάζομαι	3198
νόμιμος	3196
οἰκίον	3194
μάταιος	3194
ἐπιβουλεύω	3186
Ἄστυ	3185
ἡγεμονία	3183
πανταχόθεν	3182
πνέω	3179
δικάζω	3178
φορέω	3176
ἀπειλέω	3174
ταῦρος	3173
ἔαρ	3168
τόξον	3164
δριμύς	3159
ἀναστρέφω	3159
ἐπιμελέομαι	3158
ἀλλοιόω	3158
μάχαιρα	3156
ἑνόω	3154
μέμφομαι	3153
Θρᾴκη	3152
πρόγονος	3151
τεχνικός	3151
σχολή	3150
ἥδομαι	3149
κις	3144
αἰδέομαι	3141
κτῆμα	3137
προεῖπον	3137
Πτολεμαῖος	3134
Χριστιανός	3133
κορυφή	3133
ὑπακούω	3133
τρίς	3131
κῆρυξ	3128
ποίησις	3124
ἱδρύω	3119
φύλαξ	3118
φείδομαι	3115
δόμος	3114
ἀνοίγω	3113
δρᾶμα	3112
μάθημα	3104
ἐξίστημι	3102
Τροία	3101
ἀκμή	3101
ἔνθεν	3099
ἀόρατος	3099
σιτίον	3094
φλεγμονή	3090
ἐπι	3085
χάρισμα	3081
τεσσαράκοντα	3078
πλάγιος	3077
ὄλλυμι	3077
ἐπείγω	3074
περιλαμβάνω	3071
ἰατρικός	3067
ὄπισθεν	3063
συνθήκη	3063
πόντος	3062
μίξις	3061
καθεύδω	3060
ἐγγίγνομαι	3056
ἐπιτάσσω	3054
ἐσθής	3053
πλεονάζω	3052
ἆθλος	3052
ὑγρότης	3050
πάν	3046
μηνύω	3046
ἀνόητος	3044
πολιτεύω	3042
πεντήκοντα	3041
κυβερνάω	3040
συλλέγω	3040
θέα	3038
πτῶσις	3035
πολιορκέω	3034
ἀθροίζω	3031
καθολικός	3028
ἅρμα	3026
διατελέω	3026
ἐγκέφαλος	3023
παραχρῆμα	3022
ἑσπέρα	3022
Κορίνθιος	3019
εὐτελής	3017
ἐπιλέγω	3015
αἰτιατικός	3014
ἀρσενικός	3014
ἀντίθεσις	3012
ἀνατέλλω	3007
πρᾶος	3007
νήπιος	3002
ὗς	3002
ἥμερος	3001
προσευχή	2998
φανερῶς	2996
λουτρόν	2995
αἱρετός	2994
ἀναλίσκω	2987
ἀπόκρισις	2986
ἐπίρρημα	2983
ὑπόμνημα	2976
ἀπιστέω	2976
πρόσω	2973
παρασκευή	2970
Θῆβαι	2965
οἴχομαι	2965
ἐπιλαμβάνω	2963
διηνεκής	2959
αἴξ	2958
ὠμός	2958
ἐντίθημι	2958
ἐμπίμπλημι	2957
συντελέω	2954
πτωχός	2954
δράκων	2953
ταραχή	2950
ἀλλαχοῦ	2949
παθητικός	2947
Ἑλένη	2939
ἀπολογέομαι	2939
ἥς	2937
πλόος	2937
ἀντιστρέφω	2935
παραινέω	2929
ἀφορίζω	2927
προσθήκη	2925
θησαυρός	2925
τράχηλος	2913
ῥῆσις	2912
αἰνίσσομαι	2911
μήτρα	2910
συναγωγή	2909
ἐπιτυγχάνω	2907
μέθη	2906
ἀρνέομαι	2905
κατόρθωμα	2900
Εὐρώπη	2899
σύντομος	2897
συντρίβω	2897
μοχθηρός	2896
ζημία	2895
ἐργασία	2888
ῥάβδος	2887
ἀπώλεια	2882
ὑπερβαίνω	2882
ἐπιδίδωμι	2879
δέος	2876
ἀκολουθία	2875
τέρας	2875
ἔγωγε	2874
ὑψόω	2871
πορεία	2864
ἔμψυχος	2864
μέλω	2854
ψυχικός	2854
πρόδηλος	2852
Ἴων	2852
ἀκτίς	2846
συμπίπτω	2846
διάστασις	2843
ὀσμή	2843
μέτειμι	2840
Ἀλεξάνδρεια	2839
μετατίθημι	2836
κριός	2835
διοικέω	2835
γο	2834
καίπερ	2831
ὁμολογία	2830
τιτρώσκω	2823
σύγγραμμα	2822
μηχανή	2821
Λέων	2820
ἀνομία	2819
Δημήτριος	2818
αἰθήρ	2816
τιμωρέω	2815
διανοέομαι	2814
καλύπτω	2814
ἱερόν	2812
Αἰσχύλος	2812
ὑπολείπω	2811
ἐνώπιος	2810
δισσός	2810
ἑκούσιος	2809
μεστός	2808
Βυζάντιον	2807
προφέρω	2807
πολεμικός	2806
δοκιμάζω	2801
πω	2800
ἀκάθαρτος	2798
μεταδίδωμι	2798
ἁφή	2793
δύσις	2791
παράδεισος	2791
στεφανόω	2789
σιωπάω	2788
σπονδή	2785
θέατρον	2784
ὑγεία	2784
ἄφθαρτος	2781
ἀπαθής	2780
θόρυβος	2777
πατρῷος	2775
Λε	2773
παραλήγω	2772
περιγίγνομαι	2769
προσβάλλω	2769
ἐπιεικής	2765
δικαιόω	2760
ὑμνέω	2759
ἐλαία	2758
Μωυσῆς	2756
μά	2755
ὑγίεια	2753
ζηλόω	2751
ὄψ	2745
διαλαμβάνω	2743
δειλός	2741
τεκμήριον	2740
μεταβαίνω	2740
δόλος	2739
ἐνδίδωμι	2736
Ἡρόδοτος	2735
Ἄργος	2729
ἀσκέω	2729
φιλάνθρωπος	2728
ἀμείβω	2726
τριήρης	2723
θυσιαστήριον	2721
εὐαγγέλιον	2721
σύνταξις	2721
κλίνη	2718
συχνός	2717
χῶρος	2714
ἐπιζητέω	2712
ἴσχω	2711
παντοῖος	2709
φθαρτός	2708
οὔθα	2706
Ψ	2705
ἀπεργάζομαι	2702
Βορέας	2698
πένθος	2697
πτερόν	2696
περιτίθημι	2695
πάθημα	2694
μηρός	2694
ἀργός	2691
ἰδίως	2690
δυάς	2690
σύνοιδα	2689
αἰσθητικός	2688
Ἀντώνιος	2686
μάντις	2686
ῥεῦμα	2685
χρίω	2685
ἀπος	2684
συμμαχία	2684
βασιλίς	2678
κοινῶς	2677
ἐξαίρω	2674
Ἀσσύριος	2673
παραιτέομαι	2672
δοτικός	2668
στῆθος	2666
σύμπτωμα	2662
στήλη	2662
προφητεύω	2660
Ἄρτεμις	2656
καταφέρω	2656
εἰσφέρω	2655
Ἀπολλώνιος	2653
κατατίθημι	2653
γεωργός	2648
πλουτέω	2647
παροξύνω	2645
ἡσσάομαι	2644
Ζήνων	2641
μαρτύριον	2637
μεταφορά	2636
ζήτημα	2634
διατριβή	2634
ΒΓ	2633
ὁμιλέω	2633
μετέωρος	2631
ἀγέννητος	2629
φωτίζω	2623
κενόω	2623
Ἰνδός	2620
φρούριον	2619
γέννησις	2617
Μαρία	2617
πρόσταγμα	2617
αἰδοῖος	2614
νῶτον	2612
νεανίσκος	2611
ἐραστής	2610
ἀναμιμνήσκω	2609
διαδέχομαι	2608
πέτομαι	2608
λύκος	2607
ἔξοδος	2601
ἀληθεύω	2601
ἀντέχω	2598
ὑπάγω	2597
δάκνω	2596
τόσος	2595
ἐπιστέλλω	2595
στρατεία	2594
Πυθαγόρας	2593
ὑπήκοος	2592
ἐλευθερόω	2592
ἀγανακτέω	2589
διήγησις	2587
μειράκιον	2581
περιουσία	2579
λῃστής	2576
γεύω	2573
φρόνιμος	2572
τοῖος	2572
ἄψυχος	2570
ὄρεξις	2567
σχοινίον	2565
δυναστεία	2563
Ἰωσήφ	2562
διάκονος	2562
Εὐφρόσυνος	2559
ἀκροατής	2559
σταυρόω	2558
ὡσεί	2557
γυμνάζω	2555
τοῦτος	2552
κατάφασις	2549
καθίημι	2548
δωρέω	2541
ψόφος	2531
συγγένεια	2529
πλεονεξία	2527
κῶνος	2526
ἐγκώμιον	2525
ἐλέφας	2525
ἐννέα	2524
πώποτε	2523
ἄθλιος	2523
δημιουργέω	2522
ἑρμηνεία	2520
πρακτικός	2519
ΑΓ	2517
ποθέω	2517
λίτρα	2513
ποτήριον	2512
ἰδιότης	2511
φόρος	2510
ἐπίνοια	2509
ἄφρων	2509
Ἀντιόχεια	2505
ὑποστρέφω	2503
καταφεύγω	2503
ἠρεμέω	2498
εὐγενής	2498
συμπλέκω	2493
πάτριος	2492
σφαγή	2489
Μακεδονία	2487
Πελοπόννησος	2486
ἐγγράφω	2485
μοναχός	2484
φιλοτιμία	2482
Καρχηδόνιος	2481
βοηθός	2481
ἀνατρέπω	2481
Δημόκριτος	2479
Νέστωρ	2478
νηστεία	2478
μαθηματικός	2478
ἔνδεια	2477
σπλάγχνον	2474
βοή	2474
Ἀντίοχος	2473
ὁτιοῦν	2471
ἐπάνω	2470
ἄργυρος	2470
νομοθετέω	2470
ἀριθμέω	2468
κλέπτω	2468
ἠδέ	2465
φήμη	2465
προτρέπω	2465
καταγιγνώσκω	2464
διαβολή	2463
ἔφοδος	2461
πόλος	2459
ἕνωσις	2458
ψηφίζω	2453
συγγράφω	2453
ἀποστερέω	2452
προδίδωμι	2451
μήπω	2450
προΐημι	2450
σύγκρισις	2449
Δεύς	2448
χρηματίζω	2448
ἐλλείπω	2447
βρέφος	2446
Σολομών	2445
τουτέστιν	2442
ἀδίκημα	2441
πολυτελής	2441
πειράζω	2440
τός	2439
Θουκυδίδης	2439
ποῖ	2438
ἱδρώς	2438
προσδέχομαι	2435
περιτομή	2433
Ἠσαΐας	2433
ὄνειρος	2433
φάλαγξ	2432
ζῆλος	2431
ἑτοιμάζω	2429
ἄπορος	2427
ἐξευρίσκω	2427
τεχνίτης	2425
ἐκπλήσσω	2424
κατανοέω	2422
βούλησις	2419
ἦχος	2419
στόλος	2418
καθοράω	2417
Μένανδρος	2415
εὐλογία	2412
παρίημι	2412
ἄνισος	2411
παραβαίνω	2409
βοτάνη	2406
διψάω	2406
εἴσοδος	2405
πειρασμός	2404
περιίστημι	2404
ὠφέλιμος	2402
τόκος	2402
ἀλγέω	2402
ὄγδοος	2402
ἀνύω	2400
εἰκάζω	2399
ἐκχέω	2398
βεβαιόω	2397
ὕπαρξις	2394
σκέπτομαι	2394
ἐπιτιμάω	2390
ὄλεθρος	2385
Δαρεῖος	2385
ἐπιφανής	2385
κατήγορος	2383
αὐτάρκης	2383
κέω	2378
σάββατον	2378
ῥύομαι	2378
ἐμποιέω	2376
τἀναντία	2373
διαπράσσω	2373
Κῶς	2369
πολιορκία	2367
Μύκονος	2364
μετοχή	2360
παραγγέλλω	2360
Ἴλιον	2357
Ω	2356
βρῶμα	2354
ἀναπαύω	2354
νότος	2353
πέλω	2350
αὐχήν	2348
συνουσία	2347
ἀετός	2347
ἐρώτησις	2346
ἠθικός	2335
ὀρέγω	2334
ἀπόστασις	2333
φυτόν	2332
Θεόδωρος	2329
μεσότης	2327
ἁγίζω	2327
μηδέποτε	2326
διάκρισις	2326
προαιρέω	2323
ἐπιτήδευμα	2320
προσεύχομαι	2320
ἐρχόμενος	2315
Νεῖλος	2311
ἐπιχείρημα	2309
φρουρά	2308
Κρήτη	2307
πλησιάζω	2307
μελετάω	2306
συμφωνία	2302
αἰχμαλωσία	2300
κρίμα	2298
ἀντιλαμβάνω	2298
κοινωνός	2297
χρῄζω	2296
σάω	2295
Ἔρις	2293
ὑποβάλλω	2292
μετέρχομαι	2292
Πάτροκλος	2291
κακόω	2291
χρέος	2290
εὐαγγελιστής	2289
σιγάω	2288
θεράπων	2287
θεώρημα	2286
συνετός	2284
ζῴδιον	2278
μύρον	2276
γείτων	2270
τραγῳδία	2261
ἄρκτος	2259
μείγνυμι	2259
βῆμα	2257
προφητικός	2253
ἐπιμελής	2252
Πολέμων	2252
ἐκφεύγω	2252
οὐδαμοῦ	2250
ἀλλοίωσις	2250
μεταφέρω	2246
φορά	2244
μετάθεσις	2243
λέγος	2241
ἦμαρ	2241
διΐστημι	2240
θεολόγος	2239
θαλάσσιος	2237
αὐτόθι	2236
καταστρέφω	2236
Ἀρμένιος	2235
Ὀλυμπιάς	2235
ὠνέομαι	2234
ἀπαγορεύω	2230
Πίνδαρος	2229
ἐμπειρία	2229
ἀποβαίνω	2228
ᾠδή	2226
πλάνης	2222
τάγμα	2222
γενητός	2220
ἐντέλλω	2213
ἐθίζω	2213
σχηματίζω	2208
κάθετος	2207
συγχέω	2207
ἀδελφή	2206
σφέτερος	2206
εἶθ	2205
ἑτέρως	2204
ὑπόνοια	2204
μερίς	2204
πατρίκιος	2204
παράνομος	2203
ᾍδης	2202
ἀνδριάς	2201
ἄφεσις	2200
ἐξαπίνης	2198
Μῆδος	2198
ῥοπή	2198
τριακόσιοι	2198
ταπεινόω	2196
ἦς	2195
περιφέρω	2194
κάθαρσις	2193
τοῖχος	2191
Σμύρνα	2190
μελέτη	2190
ἀποκαλύπτω	2188
πόσις	2184
λυπηρός	2184
ἀντίληψις	2183
ἀνάξιος	2182
ἄχρηστος	2179
βαστάζω	2179
Μιχαήλ	2178
ὁπόταν	2178
καταλέγω	2178
Μᾶρκος	2174
εὐεργέτης	2173
πέσσω	2172
συγγραφεύς	2170
γέρας	2169
Ἐμπεδοκλῆς	2169
καταχέω	2169
προέχω	2169
βόρειος	2168
θρασύς	2168
σφάζω	2168
ὀνειδίζω	2166
τριάς	2164
Θρᾷξ	2163
ἁπαλός	2163
Δελφοί	2161
προηγούμενος	2159
λάμπω	2159
μαστός	2157
στολή	2156
ἐξελαύνω	2156
θεμέλιος	2155
παράκλησις	2150
ἱκετεύω	2149
ἐκδέχομαι	2148
ἀρ	2145
κωμικός	2144
ῥήγνυμι	2144
νυμφίος	2143
ἄκρατος	2140
ἐπιδέχομαι	2139
πλάνη	2136
Ἄρειος	2132
ξανθός	2129
ΑΒΓ	2128
δειλία	2128
πνεύμων	2127
Βαβυλώνιος	2127
μεσημβρία	2126
θλίβω	2126
σφάλλω	2126
εὀ	2125
ἄδεια	2123
δεκτικός	2123
ἔχθρα	2122
Πόντος	2119
πρεσβεύω	2117
ἐπισπάω	2116
πατρικός	2115
ἧμαι	2112
οἷ	2110
ἐπικρατέω	2109
εἶμαι	2107
κόμη	2105
χιλιάς	2102
γυμνάσιον	2102
κράζω	2102
βλασφημία	2100
ἀμνός	2100
μέλισσα	2098
συλλογίζομαι	2096
μετανοέω	2096
λεκτέος	2094
ἀλλόφυλος	2094
ὅπῃ	2093
ὁμός	2093
ὑπόσχεσις	2092
ἑνικός	2092
νόησις	2091
ἀθετέω	2090
παράδοσις	2089
εὐθύνω	2087
δυσχερής	2087
ἴχνος	2086
ἐξαπατάω	2084
κρατύς	2083
χρώς	2083
καθήκω	2083
ἀνόμοιος	2081
προΐστημι	2081
σιωπή	2080
Δημήτηρ	2080
Δεῖνα	2079
ἀδιαίρετος	2079
γυναικεῖος	2079
σῆμα	2077
κάμπτω	2077
φθονέω	2076
ἀνθίστημι	2072
κάτωθεν	2071
ιγ	2070
ἐκβαίνω	2070
φοιτάω	2069
ἄκανθα	2068
ἔριον	2068
ὄρνυμι	2068
παραδέχομαι	2064
κτῆσις	2060
ἀναμένω	2059
χροιά	2058
ἀπειλή	2057
ὅστε	2057
πηλός	2055
ἑός	2054
ῥητέος	2053
οὐτάω	2053
ἀκρόπολις	2052
λύχνος	2051
ἐπίσημος	2051
ζέω	2051
Κόρινθος	2047
ἀπωθέω	2047
ὡραῖος	2046
καπνός	2044
κόπος	2044
σωφρονέω	2043
ἄτακτος	2043
φυγάς	2043
τατός	2041
εἴσειμι	2041
ἑκατέρωθεν	2040
δῶμα	2039
μαντεῖος	2037
ψήφισμα	2036
εἴθε	2035
ἀσφαλῶς	2034
Σίμων	2034
αἱρετικός	2034
γέμω	2033
μέτωπον	2030
εὐχαριστέω	2030
ἀνάπτω	2030
λόφος	2027
ἔντερον	2027
ἀποφέρω	2027
νόμισμα	2026
ἀναίρεσις	2024
παράταξις	2022
παραμυθία	2021
διάλεκτος	2021
χλωρός	2018
ἐξήγησις	2016
ΠΡ	2013
ἀποβλέπω	2013
Βασίλειος	2011
νεότης	2011
ΕΖ	2005
ἀποκρύπτω	2004
σπάνις	2003
ὑπόληψις	2002
ἀποστολικός	2001
φθόγγος	2000
παραμένω	2000
εὐρύς	1999
χειροτονέω	1998
ὁμοούσιος	1995
καθέζομαι	1995
διορθόω	1993
ὁπλίτης	1992
ἐπουράνιος	1992
μείρομαι	1991
σάλπιγξ	1990
κριθή	1989
κατεργάζομαι	1989
λυμαίνομαι	1988
χορηγέω	1988
αὐγή	1985
εἰκῇ	1984
φωνήεις	1983
καταπλήσσω	1981
ὑπηρέτης	1980
ἀναφαίνω	1980
ἀξιόλογος	1979
τρόπαιον	1978
ὑποδέχομαι	1978
ἀποπέμπω	1978
τόλμα	1977
μεταβολεύς	1976
Ξενοφῶν	1976
ὑπογράφω	1976
Καλλίμαχος	1974
ἀκόλαστος	1974
διαδοχή	1973
ἄτιμος	1973
λοιδορέω	1970
ἀνάπαυσις	1966
ἔραμαι	1966
πλήρωμα	1965
λαμπρότης	1965
ἔπω	1964
πορίζω	1964
ἀκμάζω	1963
διαγιγνώσκω	1962
χαρίεις	1961
αἰσθητήριον	1958
Πρίαμος	1957
προτείνω	1957
οὐδέπω	1956
Βοιωτός	1954
πρεσβύτης	1953
σύγκλητος	1951
αὐλός	1950
ἐσθλός	1949
ἐπιτείνω	1949
ὕω	1947
Θεσσαλός	1946
ἐφάπτω	1946
ξέω	1944
ὀῖδ	1942
ἀπιστία	1942
ἀάω	1942
χιών	1940
οἰκονομέω	1940
ᾠόν	1939
δέν	1938
ἐκλογή	1937
ἔλαφος	1936
ἐρημία	1935
ἐναντιόομαι	1934
ἀναπνέω	1933
πεινάω	1933
χήν	1931
κύων	1930
τελειότης	1928
προσποιέω	1926
κεράννυμι	1923
ἀνάπαλιν	1922
ἑβδομήκοντα	1922
ἀλλάσσω	1921
Φαρισαῖος	1919
πατάσσω	1919
οὔτις	1918
Τριάς	1918
τεύχω	1918
παραίνεσις	1915
παρακολουθέω	1914
ὑποπτεύω	1909
Πυθαγόρειος	1906
δήποτε	1903
ἀμήχανος	1903
μοιχός	1903
ἐπιμένω	1900
Η΄	1899
σβέννυμι	1899
Ε΄	1898
Ποίας	1898
Γρηγόριος	1898
κτῆνος	1894
ναυτικός	1893
ἀνθ	1891
διατάσσω	1890
φυτεύω	1889
πρώην	1887
ἕνος	1887
Θεσσαλία	1886
ὅρασις	1886
σεισμός	1886
ἀγέλη	1885
ὑπηρετέω	1885
ἀναδέχομαι	1885
ἀτιμάζω	1885
προτάσσω	1884
εὐαγγελικός	1883
καταπίπτω	1883
πίμπλημι	1882
προβαίνω	1881
συμπόσιον	1877
πανήγυρις	1877
πορνεία	1876
Κωνσταντινούπολις	1874
ὑπόδημα	1874
διαστολή	1873
ῥυθμός	1872
προθύμως	1871
ἕψω	1871
ἐνθυμέομαι	1871
ἀμοιβή	1870
καρτερός	1870
συντρέχω	1870
πρόοδος	1868
προσίημι	1868
παρακελεύομαι	1867
ἴασις	1866
παραχωρέω	1863
σκευάζω	1863
νότιος	1862
ἀλκή	1860
ἕδρα	1858
νύκτωρ	1855
θεσπέσιος	1855
Ἥλιος	1855
ἐρυθρός	1855
δῆθεν	1854
δυσχεραίνω	1852
βάσανος	1851
ὑπονοέω	1851
ἀνθρώπειος	1851
παντοδαπός	1850
κάλαμος	1849
μηδαμῶς	1847
κληρονομία	1847
κόρος	1846
στιγμή	1845
Αἰθίοψ	1844
ἀποδέχομαι	1843
δόσις	1841
ὀκνέω	1840
Ἀβραάμ	1838
μεταπέμπω	1838
πάροδος	1836
στρατιωτικός	1836
κληρονομέω	1836
κωμῳδία	1832
δις	1831
ὑπόδειγμα	1831
τέρπω	1828
δῆτα	1827
ῥώμη	1826
ὁρατός	1825
διαφανής	1825
ἐνδεής	1823
θεωρητικός	1822
πάντοτε	1821
προαγορεύω	1821
Τιμόθεος	1820
σταθμός	1818
ἀπονέμω	1817
ΚΕΦΑΛ	1816
ἐξωθεν	1815
Ὄλυμπος	1815
Ἴσαι	1814
ἰσχυρῶς	1813
ἐπέκεινα	1812
εὐεργετέω	1812
πρωτότοκος	1809
ὀνίνημι	1809
νοῦσος	1807
μυστικός	1807
ἀργύρεος	1807
ῥώννυμι	1807
ὑγιεινός	1806
συμπλοκή	1805
μεριστός	1805
ἀποτέμνω	1805
διακονία	1802
περιγράφω	1801
Ἰλιάς	1800
ἀτιμία	1800
εὐδοκιμέω	1800
αὐτόθεν	1799
θεοφιλής	1799
ΚΔ	1798
φανερόω	1797
δμώς	1796
παραπέμπω	1794
ἰσότης	1793
διακόσιοι	1793
ἔμφασις	1792
παραμυθέομαι	1792
θέμις	1791
Περσικός	1790
τήκω	1789
Χρύσιππος	1787
ἀφοράω	1787
διανέμω	1787
ἐλεημοσύνη	1784
παρανομία	1782
θρῆνος	1782
βλασφημέω	1782
ἄρας	1781
ὄφρα	1779
εὐλάβεια	1778
δρῦς	1778
Σελήνη	1777
Ἐπίκουρος	1776
περιφανής	1776
κύστις	1775
κερδαίνω	1775
πόρρωθεν	1774
ἀγαθότης	1774
οὐρά	1774
Ἥφαιστος	1773
Αἰσχίνης	1772
δασύς	1772
γελοῖος	1771
λήθη	1771
ῥόδον	1770
πληθύνω	1770
γέννημα	1768
κυβερνήτης	1767
περίστασις	1767
πόρνη	1767
ἀλέω	1764
Ὠκεανός	1763
μωρός	1763
εὕρεσις	1762
παντελής	1761
προνοέω	1761
ὕψιστος	1760
τοξότης	1758
κοτύλη	1756
εὐτυχέω	1756
πιέζω	1756
αἰνέω	1755
Ἀντίγονος	1753
ἀπελαύνω	1752
ἐγγίζω	1749
μνῆμα	1748
Ἀθανάσιος	1748
συμφωνέω	1748
ἱκνέομαι	1748
ἐς	1747
στόμαχος	1747
κένωσις	1747
βροντή	1747
Λίβανος	1746
κύβος	1746
ἄμετρος	1744
προτιμάω	1744
καυχάομαι	1743
ἄρρητος	1742
Κρής	1741
ἀπαρχή	1741
ἀδιάφορος	1739
ἐμφανής	1739
ἀρχηγός	1738
ὑπομονή	1735
ὁπλίζω	1735
μίμησις	1734
τέμενος	1732
Δῆλος	1730
μῖσος	1730
ἄνοια	1729
σχίζω	1729
πρόθυμος	1728
Ῥόδιος	1727
στέαρ	1725
Διομήδης	1725
Ζηνόδοτος	1723
συναμφότεροι	1723
ἐνοχλέω	1722
θρηνέω	1721
οὐτίς	1718
σιγή	1718
ἀνοίγνυμι	1718
ἀνόσιος	1716
φωνέω	1716
λάθρῃ	1715
ἀφαίρεσις	1715
διήγημα	1714
τροπικός	1714
ἧ	1712
τραγικός	1712
ἡσυχάζω	1711
γυμνόω	1711
ΓΔ	1710
πλευρόν	1710
Ἡρακλείδης	1710
λιπαρός	1710
θερμασία	1709
Ἄπερ	1708
πραγματεύομαι	1708
γρ	1707
ἀρόω	1707
οἴκαδε	1706
ἀναπνοή	1705
κλάδος	1704
ἀποχράω	1703
πέρνημι	1703
ἑβδομάς	1702
ἀπογιγνώσκω	1702
δαμάζω	1700
Διογένης	1695
Περικλῆς	1695
θνήσκω	1694
Δίων	1694
ἐγκαταλείπω	1694
ἀντίφασις	1693
ἐμμένω	1693
θάρσος	1692
ἀγωγή	1691
ἀεκούσιος	1691
δίδυμος	1690
λειτουργία	1689
προηγέομαι	1689
ΣΤ΄	1688
καταμανθάνω	1688
διακονέω	1688
προσεχής	1686
συγγίγνομαι	1686
πάχος	1685
Μιλήσιος	1685
λίς	1684
νόθος	1681
οἴκοι	1680
ἄφθονος	1680
ἀττικός	1679
Ἀπολλόδωρος	1679
δημιουργία	1679
πιστόω	1679
εὐνοῦχος	1679
ἐκκλίνω	1679
ναίς	1678
πεντακόσιοι	1678
ἄνεσις	1676
ἀγγέλλω	1676
Ἀλκιβιάδης	1675
ἀνα	1674
πενθέω	1674
βαρύτονος	1673
ἔγκειμαι	1673
Βοιωτία	1671
ἀνθρωπότης	1670
σείω	1670
Πρόκλος	1669
Σύρος	1668
προσγίγνομαι	1666
συντέλεια	1665
πότος	1664
ἐπιχώριος	1664
Σόλων	1663
δεσμωτήριον	1663
κατακρίνω	1663
κίων	1660
μηχανάομαι	1660
ἐκκόπτω	1659
ἀπασάω	1657
γνώρισμα	1657
σύστημα	1656
τάσις	1656
πτέρυξ	1654
Σατανᾶς	1654
καταπίνω	1653
ἐξέτασις	1652
εὐτυχία	1651
πτηνός	1651
φαντάζω	1651
μάστιξ	1650
ιζ	1649
Θησεύς	1649
ἀσαφής	1649
κατεσθίω	1649
ζάω	1647
δαπανάω	1647
ἀνάθημα	1646
Ταῦρος	1643
ἐπιφαίνω	1643
βρέχω	1643
Βίας	1641
θορυβέω	1641
ο	1640
Ὀλύμπιος	1640
χρόνιος	1640
περιέρχομαι	1639
διατί	1638
πόα	1637
Λύκιος	1637
ἐπίγραμμα	1636
πεῖ	1636
νεφρός	1634
ἐπιστροφή	1633
γνωστός	1633
Κύριλλος	1632
ἐπιτηδεύω	1632
ψάλλω	1632
δαπάνη	1631
στασιάζω	1631
ὁμαλός	1630
δεύτερος	1630
ἀναθυμίασις	1629
ἐπώνυμος	1628
χωριστός	1628
ἀναβάλλω	1628
διίστημι	1626
κρατήρ	1625
πάντοθεν	1623
ἱερωσύνη	1623
συνοικέω	1623
νομή	1622
Ἀναξαγόρας	1621
συμφύω	1621
ἀθλητής	1621
ἀμαθής	1619
Κύπρος	1618
λατρεία	1617
ἐκλύω	1617
σαῦλος	1616
ἀκρατής	1616
ἀπειθέω	1616
τέρος	1614
βιός	1611
ἀσθενέω	1610
Ῥ	1609
Σπάρτη	1608
παράβασις	1607
ἀποκαλέω	1607
εὐγένεια	1606
χαλάω	1606
ἀμφισβητέω	1605
Τίμαιος	1603
βρῶσις	1602
ὑποχωρέω	1602
ὁμοίωσις	1600
Χθών	1599
πορθέω	1599
Παρμενίδης	1598
ὁλόκληρος	1598
μόσχος	1598
πνοή	1598
ἐξαποστέλλω	1597
συμπληρόω	1597
πομπήϊος	1596
ἐνοικέω	1595
ἐγχειρίζω	1594
ἐφαρμόζω	1592
ἡττάω	1591
ἐναντίωσις	1589
Ἡλίας	1588
βοήθημα	1588
ἔδαφος	1587
σπάω	1587
παίω	1586
Ἴστρος	1582
Ἀντίπατρος	1582
εἴλω	1582
μοιχεία	1581
καίριος	1581
ἐπιδημία	1578
τάλας	1578
πλάσμα	1576
πλημμελέω	1576
δεῖξις	1575
ἀποβολή	1575
ἀπαίρω	1575
ἔλλειψις	1573
ἑταίρα	1573
ὄνειδος	1571
ἀποδιδράσκω	1571
εἴκω	1570
ἔσθω	1569
ἀποθνήσκω	1569
πολλαχοῦ	1568
Ἰουλιανός	1567
ἰσαάκ	1566
Θεόπομπος	1565
πατέω	1564
ἄλευρον	1563
νέομαι	1563
λείψανον	1562
ἀναφορά	1561
ὑποψία	1561
ὅπερ	1558
ἀντωνυμία	1557
στοχασμός	1557
διαστέλλω	1557
ὁμόνοια	1556
συνεργέω	1556
σαυτοῦ	1553
διαλείπω	1553
ἔστω	1551
μετάστασις	1551
πός	1550
ἐπαρχία	1550
ἀναλύω	1550
φθίω	1550
Πηλεύς	1548
κιβωτός	1547
τοπικός	1547
ἐρωτικός	1547
ϛ	1546
δισύλλαβος	1545
ἀντίπαλος	1544
συμμετρία	1543
φυλή	1542
ἔχις	1541
ἐλασσόω	1541
ὑπομιμνῄσκω	1540
σπένδω	1540
ἀμυδρός	1538
ἀγένητος	1537
διαφυλάσσω	1536
φιλότιμος	1535
τελετή	1534
ἀποχωρέω	1534
θεολογία	1532
χήρα	1532
λύρα	1532
Σάμιος	1532
ὑ	1531
σφραγίς	1531
εὐπορέω	1531
περιστερά	1530
Ὀρέστης	1529
ἀνακαλέω	1529
Θεοδόσιος	1528
εὐώδης	1527
ἀπλανής	1526
ἀραρίσκω	1526
ἀριθμητικός	1526
ἐπιβολή	1525
κάματος	1524
δεσποτικός	1524
Λατῖνος	1523
πρωΐ	1523
διαμαρτάνω	1523
ἔμπαλιν	1520
ἄντικρυς	1519
μνᾶ	1519
Στέφανος	1519
πάμπολυς	1519
προγράφω	1517
κεραυνός	1517
ἀμερής	1516
κλείς	1516
ὄμβρος	1516
ἔνδοθεν	1515
διάδοχος	1515
κρήνη	1514
νομικός	1513
σαρκικός	1513
σκῆπτρον	1512
ὁπότερος	1512
παράλιος	1511
ἀναπέμπω	1511
Ὀρφεύς	1510
διαλεκτικός	1510
εἰκοστός	1509
πολλός	1506
ζώνη	1506
κατάληψις	1505
μετάληψις	1505
κλάω	1505
ἵζω	1505
βολή	1504
Χῖος	1502
σύμβουλος	1502
ἐπιλανθάνομαι	1501
διατείνω	1500
ἀθυμία	1498
Λάκων	1497
ἀΐδιος	1497
ἔκλειψις	1496
στοχάζομαι	1496
ἀπαλλαγή	1493
νίτρον	1493
ὀλέθριος	1492
προσβολή	1492
αὔριον	1491
λοξός	1490
Πάν	1489
πλεονεκτέω	1488
δέσποινα	1487
δημιουργικός	1487
ἀναίσθητος	1486
σχόλιον	1485
ὑστεραῖος	1485
φλέγμα	1484
ἀκίνδυνος	1483
θεσπίζω	1483
περιποιέω	1483
ἐμποδίζω	1481
ἐνεργός	1479
κλέπτης	1478
κληρονόμος	1478
ἀμφίβολος	1477
ἐνδέω	1477
ὅσα	1476
ἔγχος	1476
ἄγνωστος	1476
σαλεύω	1476
ἠθέω	1475
συνεργός	1475
ἀνατρέχω	1475
πυρά	1474
πρεσβευτής	1474
συνδέω	1474
θατέρου	1472
ἐπιζεύγνυμι	1472
κρεμάννυμι	1472
δανιήλ	1471
Εὐσέβιος	1471
βυθός	1471
διασπάω	1471
ψῦξις	1470
περιμένω	1469
προσεῖπον	1469
διαφερόντως	1467
χόρτος	1467
χθές	1466
ἡγεμονικός	1465
κομιδή	1463
κόπρος	1462
βλαστάνω	1462
κατάλογος	1461
λαμπάς	1461
Ματθαῖος	1460
προσδέω	1459
ἀχώριστος	1458
ὑετός	1458
περιοράω	1458
ἀναγγέλλω	1457
ἐξάπτω	1457
μνηστήρ	1456
τόμος	1456
κῆπος	1455
ἐμπίμπρημι	1455
θέαμα	1454
συκέα	1454
αὔγ-ασμα	1453
ἐπακολουθέω	1453
διαιρετός	1452
συνέδριον	1451
ἑστία	1451
σπήλαιον	1450
Ξέρξης	1450
λοιμός	1450
ἀπόλαυσις	1449
Εὔβοια	1449
κλέος	1448
αἰγιαλός	1448
ὀβολός	1447
οὐσιώδης	1447
καταπλάσσω	1447
ὑποπίπτω	1447
Ἀρκάς	1446
ἀφθαρσία	1445
ὀσφῦς	1445
πέραν	1444
ζημιόω	1443
Ἰουστινιανός	1441
πρόσφατος	1441
ἀπόκειμαι	1441
Ἔφεσος	1440
συγκοπή	1440
ναύτης	1440
τροχός	1439
γεννητός	1438
ἐπίτασις	1437
Γαλάτης	1437
ἐγχωρέω	1436
κοσμικός	1436
παράπαν	1434
Θεόφραστος	1431
ἐγκράτεια	1431
στρογγύλος	1430
μεθύω	1430
φάω	1429
παρεμβολή	1429
μαντικός	1429
ἑξήκοντα	1428
Αὔγουστος	1427
ἄλγος	1427
διαφορέω	1427
ἡμικύκλιον	1426
οὐδός	1426
ἔμπειρος	1426
σῦκον	1424
Νίκαια	1423
ἐπιστήμων	1423
ἐφοράω	1423
ἐγκρατής	1421
Τηλέμαχος	1421
ὀρθογώνιος	1420
κοίτη	1420
ἰωνικός	1420
ὁρίζων	1419
ἀνωμαλία	1419
ἅλωσις	1419
ἀνατείνω	1419
Χαλδαῖος	1416
παράθεσις	1416
θι	1415
Λακεδαίμων	1415
δύσκολος	1413
γραμματεύς	1413
εὐνή	1413
Ἡρωδιανός	1411
ἀποκλείω	1411
πρόσοδος	1409
ὑλικός	1409
μικτός	1408
διακόπτω	1408
βλέφαρον	1407
διχῶς	1406
ἐνθένδε	1406
Ἀρίστων	1404
εὐχερής	1404
ἀπόδοσις	1404
δίφρος	1404
ὑμήν	1404
προσκαλέω	1402
ἅμαξα	1402
χθών	1400
προκαλέω	1400
Ἡρώδης	1399
ἀκροάομαι	1399
ἀθανασία	1398
Λυδός	1398
προδότης	1397
κλητικός	1397
ἱππικός	1397
ἄτεχνος	1396
ἀντιστροφή	1396
Φρυγία	1394
ἀρά	1394
ὑπέρκειμαι	1394
ἡδονά	1393
νεύω	1393
διττός	1392
ὄνυξ	1392
Κωνστάντιος	1391
συγκρίνω	1391
τάφρος	1390
Κρατῖνος	1388
νεανίας	1387
ἀκολασία	1387
ἐπίθετος	1386
ὑποκρίνομαι	1386
ἐπικουρία	1385
συμβουλή	1385
ἀναδίδωμι	1385
Ἠλίας	1384
ποσότης	1384
μακαρίζω	1384
ἐλαφρός	1383
Τινές	1382
ἰσημερινός	1382
κἄν	1381
ἀκτή	1381
γνωστικός	1380
ἄχθομαι	1380
ἀμφ	1378
Ἰώβ	1378
ἀνωτάτω	1377
ὄφελος	1377
στέργω	1376
λατρεύω	1375
ὀφρύς	1375
ἄνομος	1375
δεκάς	1372
γηράσκω	1372
Κιλικία	1370
τοσόσδε	1369
καταργέω	1369
Λουκᾶς	1368
ἐπάνοδος	1368
γαμετή	1367
γεῦσις	1366
σπλήν	1366
δόκιμος	1366
θερινός	1366
δαίς	1365
αἴνιγμα	1365
καταδικάζω	1365
φρέαρ	1364
ἱστορικός	1364
ἀποδεικτικός	1364
ἕννυμι	1363
θάλαμος	1361
ἄπρακτος	1360
ἁγνός	1360
ὑπεύθυνος	1357
Ἑλλήσποντος	1355
τρέμω	1355
Σιμωνίδης	1354
χάσκω	1354
μαντεύομαι	1353
διοίκησις	1352
περίβολος	1352
Λακωνικός	1352
μάκαρ	1351
χαλεπῶς	1350
λοιδορία	1350
περιβολή	1349
σκορπίος	1349
ἐπακούω	1346
μείων	1345
Ἄρατος	1344
λῆμμα	1344
ποινή	1344
στηρίζω	1344
χάραξ	1343
Ἠλεῖος	1343
σχολάζω	1343
λάχανον	1341
Κύκλωψ	1341
καταξιόω	1339
δυσμή	1337
Αἰνείας	1337
ὀδύρομαι	1337
ἑτοίμως	1336
ἐπωνυμία	1336
Ἄραψ	1336
ἔμφυτος	1336
παιδιά	1336
λόχος	1336
Τοῦρκος	1335
χριστιανός	1335
Φρύξ	1335
ἀμπελών	1334
εὐαγγελίζω	1333
ποτίζω	1333
κυκλόω	1333
οἴκημα	1332
πάππος	1332
περίκειμαι	1332
ὄναρ	1331
ἐπίδειξις	1331
πρόσθεσις	1331
κυριεύω	1331
ἐπείπερ	1330
ἀαρών	1330
Δωριεύς	1330
δηλωτικός	1330
οἰδάνω	1330
Λυκοῦργος	1329
προσέτι	1328
δημοκρατία	1328
ἐκπορεύω	1328
Τίμαιον	1326
εὐωδία	1325
Περσεύς	1325
στέρνον	1325
Θέτις	1324
Ῥόδος	1324
θυμίαμα	1322
ὁμογενής	1322
μειόω	1322
Ἰορδάνης	1321
ἀμέριστος	1319
προυπάρχω	1319
εὐπορία	1318
εὐφυής	1318
δουλόω	1318
ἐξω	1317
φορτίον	1316
τρίπους	1316
δομέστικος	1315
κλύω	1315
φεῦ	1313
Ἀρκαδία	1313
σέβω	1313
κνήμη	1313
ἐπιγραφή	1313
πέπερι	1312
κατακαίω	1312
δέμας	1310
ἀστεῖος	1310
ἀξίως	1309
κριτήριον	1309
χάω	1309
καθαρότης	1309
ταπείνωσις	1309
περίσσωμα	1308
δέησις	1308
παράλογος	1308
λειμών	1308
εὐχαριστία	1307
Τίτος	1306
συναθροίζω	1306
προδοσία	1304
ὄρνεον	1304
βλαβερός	1304
ἀστραπή	1304
τύμβος	1303
κόραξ	1303
δεινότης	1302
ἰδίωμα	1301
ἔμπορος	1301
μηδέπω	1300
Παλάτιον	1300
ὀψέ	1299
φράσις	1299
εἰσακούω	1299
ὀξύτονος	1297
μεγαλοπρεπής	1297
κλίσις	1297
δυσμενής	1297
Ἀφροδίσιος	1296
ῥάχις	1296
σημασία	1296
σημαντικός	1296
ναυμαχία	1295
Ἡράκλειτος	1294
ἐνυπάρχω	1294
χειρόομαι	1294
ὑπο	1293
νεῖκος	1293
ἀπειρία	1293
πειθώ	1293
βούλημα	1292
Φοῖβος	1292
παρατάσσω	1292
σιών	1291
ἄσμενος	1291
καταδύω	1291
ἔστ	1290
σαφήνεια	1290
εὐμενής	1290
Φωκεύς	1289
ἀποκαθίστημι	1289
Σάμος	1288
φῦλον	1288
πη	1288
δανείζω	1288
κινητικός	1286
ἀπόνοια	1285
νῦ	1285
ἀπολέγω	1285
χρηστότης	1284
θάλλω	1284
θρησκεία	1283
κατάλληλος	1283
κείρω	1283
πῶλος	1282
Φοινίκη	1281
ἐγχώριος	1281
δεινῶς	1280
σκοτεινός	1279
εὐτυχής	1279
ἐπιδημέω	1279
πήνθ	1278
δίκαιος	1277
λίνον	1277
ἀνώμαλος	1277
πέλας	1276
πάλη	1276
ἑσπέριος	1276
Βότρυς	1274
παρατρέχω	1273
διόρθωσις	1272
χοῖρος	1272
Ῥίον	1272
βαρβαρικός	1272
γεώδης	1269
χαλινός	1269
χρονικός	1269
διάγνωσις	1268
πρωτότυπος	1268
ὠδίς	1268
συμμαχέω	1268
τράγος	1268
Ζ΄	1267
ἔνστασις	1267
ἀποτρέπω	1267
νο	1264
Ἡρῴδης	1264
ΑΔ	1264
Συρακόσιος	1264
δίμετρος	1262
ἔμβρυον	1262
Κύπρις	1262
τετράς	1262
ἐκφαίνω	1262
πολυπραγμονέω	1261
πέψις	1261
ἀποκάλυψις	1261
πυρόω	1260
γεωργία	1259
πραότης	1259
φλεγμαίνω	1259
ἀνδρεία	1257
ἐπιείκεια	1257
θέμα	1257
γλίσχρος	1257
κυρόω	1257
Ταύτη	1256
χόλος	1255
Εὔπολις	1255
Ἀραβία	1253
ἡλιακός	1253
ἀντίμοιρος	1252
καταδέχομαι	1252
ὁπωσοῦν	1251
ἑτερότης	1251
φορτικός	1251
σφόνδυλος	1250
προβολή	1250
ὑπέχω	1249
θεατής	1249
διαχέω	1249
΄	1248
εὐλαβέομαι	1248
ἀντιτάσσω	1248
βαλανεῖον	1247
ὄχημα	1245
σκέψις	1245
πορθμός	1245
τετράπους	1244
Ἰβηρία	1244
ἶρις	1244
ἀναιδής	1244
Εὐφημία	1243
ἄνθραξ	1243
ἐκκρίνω	1243
ἐντελέχεια	1242
τρυφάω	1242
ἐξελέγχω	1242
διαλλάσσω	1242
ἀνάβασις	1241
ἁγιασμός	1241
περιαιρέω	1239
σήπω	1238
προγιγνώσκω	1238
κραυγή	1237
έξειμι	1236
Νῶε	1236
συμπάθεια	1235
ΘΕ	1234
ἀναδείκνυμι	1234
Σύμμαχος	1233
ἄλφιτον	1233
καρπόω	1233
στερητικός	1232
δίψα	1232
Κλέων	1230
ῥομφαία	1230
ἄθεος	1230
ἀναπληρόω	1228
ἀναπείθω	1228
γεωμετρία	1227
διήκω	1226
ἀποσπάω	1226
αὐθίς	1225
ζώννυμι	1224
εὔπορος	1224
γόνος	1223
θεά	1222
φιλονεικέω	1222
Ἀτρείδης	1222
κατόπιν	1220
ἄκαιρος	1220
ἄφωνος	1220
Ὀδυσσεία	1219
ξηρότης	1218
κάθοδος	1217
Αἰτωλός	1217
δακτύλιος	1217
γαμβρός	1217
ῥᾳθυμία	1217
ἐκλεκτός	1217
εὐώνυμος	1216
τουναντίον	1214
ἀνάκλεις	1214
σύν-εἶδον	1213
ἀκράτεια	1213
ἐργάτης	1213
λυσιτελής	1213
διωγμός	1212
ἔτλην	1212
οἴμοι	1211
Ἀκύλας	1211
πορφύρα	1211
πραγματικός	1210
ἄλοχος	1210
ἐπιτρέχω	1210
τίσις	1209
ὠκεανός	1207
ἐκλαμβάνω	1207
μεθίημι	1207
ἑῷος	1206
ὑποκριτής	1206
περιφορά	1206
ἕ	1205
ἀνάκειμαι	1205
ἐπάν	1204
Ἀριστείδης	1204
χορηγία	1204
ψόγος	1204
Ἡράκλειος	1203
λεπτομερής	1202
ἀγαλλιάω	1202
Αἰολεύς	1201
βούλευμα	1201
δικαίωμα	1200
κιθάρα	1200
εὐπρεπής	1199
ἄσκησις	1198
ἐπαγωγή	1197
σκώληξ	1197
συμβολή	1197
κλῖμαξ	1197
᾿	1196
Ἰσοκράτης	1196
δυικός	1196
οὕτος	1195
στωϊκός	1195
ἐπίγειος	1194
ἠρεμία	1194
μάθησις	1193
ξύλινος	1193
μάγος	1193
ἐνθύμημα	1192
συστολή	1192
διεγείρω	1191
ἀναγορεύω	1191
παροράω	1191
Σαμάρεια	1190
δηλέομαι	1190
ἀγοράζω	1190
τεκμαίρομαι	1189
φιλοτιμέομαι	1189
περιάγω	1189
καθαρίζω	1189
τέκτων	1188
ἐπανίστημι	1188
στρατοπεδεύω	1188
πέριξ	1187
οὔκουν	1187
προσάπτω	1187
ἔνδειξις	1186
Θεμιστοκλῆς	1186
Μήδεια	1186
ἐκβολή	1186
πάμπαν	1185
συνέχεια	1185
πίσσα	1185
ἱερεῖον	1184
ῥεῖα	1183
ἑρπετόν	1183
προστάτης	1183
ἱστίον	1183
τυρός	1183
ἔκγονος	1183
κρόκος	1182
ψυχρότης	1182
Ἀνδρόνικος	1182
Οἰδίπους	1182
κοί	1181
ἀμαθία	1181
ἀποτυγχάνω	1181
προσεχῶς	1180
θεωρός	1180
ἔνατος	1180
ἐπανάγω	1180
ἐντελής	1178
συμ	1177
ταφή	1177
κύλινδρος	1177
εἰδικός	1177
κατακλυσμός	1176
δίκτυον	1176
ἔδεσμα	1175
ἔνδυμα	1175
Ἀννίβας	1174
Κάδμος	1174
πρόγνωσις	1173
Εὐφράτης	1173
διαιτάω	1173
πλέκω	1173
ἔφορος	1172
δήλωσις	1171
ἀποτέλεσμα	1171
δασύνω	1171
ἐπίγνωσις	1170
ἀλώπηξ	1170
πᾶσα	1169
λα	1169
τετρακόσιοι	1169
ὀγδοήκοντα	1168
ἐλεεινός	1168
συνοράω	1168
ἀμφιβάλλω	1168
δυστυχέω	1168
στρατηγία	1167
Κροῖσος	1166
τυραννέω	1166
τοτέ	1164
θεσμός	1164
παντοκράτωρ	1163
Εἰρήνη	1163
ἐξωθέω	1163
μιαίνω	1163
κάμηλος	1162
ἄρρωστος	1161
ἐπήν	1160
ἐξαίρετος	1160
δυνάστης	1160
προίστημι	1160
συνώνυμος	1159
βουνός	1158
ΑΕ	1157
δαιμόνιον	1157
ἄλσος	1157
παραλλάσσω	1157
Ἀλεξανδρεύς	1156
προσδοκία	1156
βασανίζω	1156
Κάρ	1155
ἐπίτεξ	1153
Ἀγίων	1152
Θεοτόκος	1152
οἰκονομικός	1150
ἔτης	1150
μεταπίπτω	1150
οἴκοθεν	1149
ἄρουρα	1149
σκανδαλίζω	1149
ταλαιπωρία	1147
στροφή	1147
κόλαξ	1147
ἐπιχείρησις	1146
ἱμάς	1146
εἴργω	1146
Ἱερεμίας	1145
ἀγκών	1145
διαστρέφω	1145
γος	1144
ἐμπίτνω	1143
πολιός	1143
ΖΗ	1142
μόνιμος	1142
ῥόδινος	1142
ψάω	1142
κοπιάω	1142
αἴτησις	1141
ὑπακοή	1141
ἀργία	1141
ἀοιδή	1141
Ἐφραίμ	1140
χολώδης	1140
προκόπτω	1140
ὑπερήφανος	1139
αὐτ	1138
γίνομαι	1138
σύγχυσις	1138
σεμνύνω	1138
πέρα	1137
χωλός	1137
πολ	1136
σῦριγξ	1136
καταγελάω	1136
ἀξιόπιστος	1135
ἐπιπλέω	1134
ἐρείδω	1134
ἐρύω	1133
Γίγας	1131
μητρόπολις	1130
μοιχεύω	1130
βαρύτης	1129
νίζω	1129
πηρός	1128
καῦμα	1128
ἐπονομάζω	1128
ἀλείφω	1128
ὀρύσσω	1128
διαπαντός	1127
μῆνις	1127
ἔκκειμαι	1127
Ἐφέσιος	1126
πάγος	1126
διασπείρω	1126
τένων	1125
ζωτικός	1125
λυτρόω	1125
κρυπτός	1124
πέπλος	1124
οἶκτος	1123
γαλήνη	1123
γραῦς	1123
ἐπισημαίνω	1123
῾	1122
μηχάνημα	1122
στοά	1122
κόμης	1121
δάφνη	1121
κόνις	1121
ἐκκλησιαστικός	1121
ἔμετος	1121
ὠμότης	1120
ὅποι	1119
εἰσί	1118
Λάζαρος	1118
ἄναρχος	1118
ἰδιωτικός	1118
ἀκρόασις	1117
Ὀλυμπία	1117
Ἰσραηλίτης	1117
συντείνω	1117
ὄψον	1116
παρατείνω	1115
καταπαύω	1114
διαδίδωμι	1114
φιάλη	1113
δειπνέω	1113
ὀξύτης	1112
ἡλίκος	1112
ἑκάστοτε	1111
ὕπτιος	1111
ἰαμβικός	1110
Μεγαρεύς	1110
ἡμίονος	1110
πλύνω	1110
κόσμιος	1109
Ἀθήνησι	1108
μῆτις	1108
ταυτότης	1108
οἰκήτωρ	1108
οἰκειόω	1108
εὐλαβής	1107
μυχός	1107
ἀνασπάω	1107
εἰσοράω	1107
οἰκοδομή	1106
πόμα	1106
χαλεπαίνω	1106
δυσσεβής	1105
ἐͅ	1104
ὁμόφυλος	1104
ἱκέτης	1104
Ἑκαταῖος	1103
Τιβέριος	1103
καταλήγω	1103
μῶν	1102
νομοθεσία	1102
ἔνυλος	1102
μεταχειρίζω	1102
βεβαίως	1101
ἀπίθανος	1101
Σοφία	1101
προοράω	1101
πολλαχῶς	1100
σῶς	1100
ζωγράφος	1099
ἔντιμος	1099
λιτός	1099
Μίνως	1098
Ἰώ	1098
περιτέμνω	1098
Καρία	1097
ἀφροσύνη	1096
ἀγωνία	1096
ἐπιπίπτω	1096
Λυσίας	1095
μονονού	1094
ἀποικία	1094
ἔκτασις	1094
αἰφνίδιος	1094
ὅμιλος	1094
γεννητικός	1094
Ἰάκωβος	1093
βιωτικός	1093
συκοφάντης	1093
οἰκειότης	1092
αὐστηρός	1092
παραλύω	1092
ὑποκάτω	1091
ὁμοίωμα	1091
Ῥωμαϊκός	1091
ἐγχειρέω	1091
ἔκπληξις	1088
διορισμός	1088
ἔκθεσις	1088
νέκυς	1087
κάμινος	1087
ἑφθός	1087
Ἀσκληπιάδης	1086
ἀγεννής	1086
δεῖγμα	1085
τρισχίλιοι	1085
Χάρις	1085
ἠχέω	1085
ψέγω	1084
βλώσκω	1084
ὑπηρεσία	1083
κλοπή	1083
πίων	1082
ὡστε	1081
ἐξηγητής	1081
τελικός	1081
ὑπεναντίος	1081
προίξ	1080
μάω	1080
γεωργέω	1079
καθάπαξ	1078
ὄζω	1078
κατατρέχω	1078
Καρχηδών	1077
πανοῦργος	1077
σθένος	1076
Γῆ	1076
ἱστός	1076
θυμόω	1076
κηρός	1075
Θαλῆς	1074
σέω	1074
ἀκαθαρσία	1074
ἀλαζονεία	1074
ἄλυπος	1074
τέφρα	1074
σφαιροειδής	1074
προπαροξύνω	1073
ὑποτείνω	1073
λεπτύνω	1073
ἐρεθίζω	1073
θεοσέβεια	1072
Λίβυς	1072
πομπή	1072
ἥβη	1071
διέξοδος	1071
ἀρρωστία	1071
ἧσσα	1070
Ἡράκλεια	1070
σεμνότης	1069
Σαλαμίς	1069
συμμείγνυμι	1069
προχωρέω	1069
δορυφόρος	1068
ἄτρεπτος	1068
ἀηδής	1068
σκώπτω	1068
καταίρω	1067
χρυσόστομος	1066
φονεύς	1066
προχειρίζω	1066
σέως	1065
πυραμίς	1065
ἀκρωτήριον	1064
Πύλαι	1063
δισχίλιοι	1063
πῆμα	1062
παραγωγή	1062
λαβή	1062
ἐπερωτάω	1062
στενάζω	1062
οἴμη	1061
λέβης	1061
ἀπολόω	1060
ἀπορρίπτω	1060
χορεύω	1059
Χοσρόης	1058
ἐξαρκέω	1058
ἐγχέω	1058
πρεσβεία	1057
μάτη	1057
συναιρέω	1057
μερισμός	1057
τυραννικός	1057
ἀστός	1055
ρος	1054
ὄρθρος	1054
καθέδρα	1053
νεῦμα	1053
ἀποδημέω	1053
πυρέσσω	1052
μετάγω	1052
θοός	1052
λαμπρῶς	1051
παραλληλόγραμμος	1051
ἐπιχέω	1051
προηγουμένως	1050
ὁμῶς	1050
Γότθος	1050
χειροτονία	1050
καθότι	1049
Κράτης	1049
ὁμοιομερής	1049
Ἀρχέλαος	1049
Πιλᾶτος	1049
μέγαρον	1048
ἀδήν	1048
Ἰώσηπος	1047
πτῶμα	1046
χρηστέον	1045
ἕνδεκα	1045
σταφυλή	1045
ξένιος	1045
ἐξεργάζομαι	1045
μυθικός	1044
ἀλάομαι	1044
παραυτίκα	1043
λειόω	1043
ταῦ	1043
εὐδοκέω	1042
ἦ	1041
Παλαιστίνη	1041
ἡμιόλιος	1041
ἀνάγνωσις	1041
ἄχος	1040
χορηγός	1040
φάσις	1040
Σαμουήλ	1039
Ζαχαρίας	1039
καταισχύνω	1039
ἀποτείνω	1038
ἀπόγονος	1038
φαραώ	1037
Σπαρτιάτης	1037
ἀνθέω	1037
κήδω	1037
ἐκτρέπω	1037
διαρπάζω	1037
συλλογιστικός	1036
ἔπαρχος	1036
παροξυσμός	1036
κατάκειμαι	1036
χειμερινός	1036
ποίμνη	1035
ἀραιός	1035
ἠρέμα	1034
πρόσκαιρος	1034
ἔνθεος	1034
ἐν-εἰμί	1033
ἀνάμνησις	1033
Θεσσαλονίκη	1033
ἀνδράποδον	1032
σύντονος	1032
τοξεύω	1032
Μιθριδάτης	1030
ἑν	1029
φιλότης	1029
Περσίς	1028
ποιμαίνω	1028
ἐμβαίνω	1028
Γλαῦκος	1027
Τύρος	1027
Πάσχα	1026
ἄρμα	1026
νηστεύω	1026
εἰσβάλλω	1026
αὖτε	1025
χύτρα	1025
Πάρις	1025
κλίμα	1024
φάρυγξ	1024
ὑγραίνω	1024
ὁδεύω	1024
ἀναλέγω	1024
ἐπίδοσις	1023
ὑποχόνδριος	1023
οἰωνός	1023
σατράπης	1023
ἀγορεύω	1022
περισσεύω	1022
παιδαγωγός	1021
ταπεινοφροσύνη	1020
ἐπαινετός	1020
εὔδηλος	1019
ψιλόω	1019
χορδή	1019
ἀπαίδευτος	1019
παλάμη	1019
ἐπισκοπή	1018
μακροθυμία	1018
ἐπιδέω	1018
κίνημα	1017
ἀγάω	1016
καθαίρεσις	1016
μυκτήρ	1016
καλλωπίζω	1016
τροφός	1015
κακοῦργος	1015
καταγγέλλω	1015
χῶμα	1014
κβ	1013
Χαρίτων	1013
τρόμος	1013
ἐπίτροπος	1013
ἰσχνός	1013
ἔρτις	1012
διάταξις	1012
πίναξ	1012
ἐκτελέω	1012
συστρέφω	1012
μνημεῖον	1011
Πειραιεύς	1011
Ἰάσων	1011
ἑτέρωθι	1010
ῥητίνη	1010
κολλάω	1010
λέχος	1009
μόρον	1008
ἐτός	1007
ποικιλίας	1006
πυθμήν	1006
ἁλμυρός	1006
ἔγγιστος	1005
Ἐρατοσθένης	1005
δαψιλής	1005
κωφός	1004
ἄγαμαι	1004
μεριμνάω	1004
ἐπίσης	1003
Γαλιλαία	1003
παράγγελμα	1003
Πύλος	1003
ΓΒ	1002
θράσος	1002
ἀφόρητος	1002
γραφής	1001
αἰχμή	1001
πυρρός	1001
σύνθημα	1000
Παυσανίας	1000
ὑπεροράω	1000
ἀδεῶς	998
προσχωρέω	998
προκρίνω	998
κληρόω	998
τεῦχος	997
νήφω	997
ὀμφαλός	996
ἀγγελία	996
ἔκκρισις	996
μουσική	995
κηδεμονία	995
Θεόφιλος	995
κίς	995
ἀγρυπνία	995
σιδήρεος	995
σκάφος	994
ῥύπος	994
ὁμοειδής	994
ὤρα	994
ἀναβλέπω	994
περάω	994
περίπατος	993
ἐπίπονος	992
αὔτως	992
θηριώδης	992
ἤν	990
οὐαί	990
πρακτέος	990
ὀρφανός	990
ἕλος	989
πορφύρεος	989
γεωμετρικός	989
δέρω	989
ἄνθρω	988
ἰσχίον	988
χαμαί	987
εἰλικρινής	987
περιφερής	986
μαραίνω	986
δύω	986
κυριακός	986
ἀποκόπτω	986
Πρόξενος	985
παρώνυμος	985
λᾶας	985
σκέπη	984
διασαφέω	984
προίημι	984
πελάζω	984
φρίσσω	984
Προμηθεύς	983
πρόρρησις	983
Βελισάριος	982
συνείδησις	982
προθυμέομαι	982
κάστρον	981
Μεσσήνιος	981
εἰναι	980
καθόσον	980
συντελής	980
Βίων	980
Βροῦτος	980
στρατηγέω	980
δίπους	979
δρόσος	979
οἴκησις	978
κολακεία	978
θηρεύω	978
ἐμφανίζω	978
Χίος	977
κύλιξ	976
ἴδη	976
βῶλος	976
ἄλλοθεν	975
υ	973
Πέλοψ	973
Ἀθήνη	972
Συράκουσαι	972
ἀσέλγεια	972
Νέρων	971
ἀνταπόλλυμι	970
ἁλιεύς	970
κακοήθης	970
βάπτω	970
παιδικός	969
Ῥέα	968
τολμηρός	968
ἐξαιτέω	968
ἀλαζών	967
δελφίς	967
νω	966
διαφθορά	966
εἰσηγέομαι	966
δημοτικός	966
Ἀριστεύς	966
ἀποπλέω	965
ἐπίθεσις	964
νε	963
ἀίσσω	963
οὐδαμός	963
ἀποδύω	963
ὡσανεί	962
Ἑρμογένης	962
εἰρηνικός	962
δᾶ	961
μελίκρατον	961
τραχύτης	961
ταλαίπωρος	961
ἀταξία	960
κῆτος	960
ἐμφύω	960
ὑποφέρω	960
φαιδρός	960
ὑπερηφανία	959
ἰσθμός	959
ἀντίος	958
κύαθος	958
σχοῖνος	958
Ζέφυρος	958
ἀποφεύγω	958
χρονίζω	958
ἀκατάληπτος	956
νᾶμα	956
βάτραχος	956
ὁμολογουμένως	955
ἀγείρω	955
παιδάριον	954
ὑπόλοιπος	954
σπασμός	954
Πᾶν	953
οὔτως	953
γένυς	953
γόνιμος	952
τερπνός	952
διάλυσις	951
γεννητής	951
παρέπομαι	951
συκοφαντέω	951
ἕλιξ	951
ἐρευνάω	951
κγ	950
δημηγορέω	950
εὐκόλως	949
Σύλλας	949
σόφισμα	949
κζ	948
Ἀθήνησιν	948
ἀνιάω	948
οὕνεκα	946
ἀδυνατέω	945
Ἱκεσία	945
ἐπίλογος	944
γένειον	943
ᾆσμα	943
ῥεῖθρον	943
φρουρέω	943
στέφω	943
φεῖ	942
Πελοποννήσιος	942
ἐνεργητικός	942
παραδείκνυμι	942
Μονογενώ	941
παρθενίη	941
Βυζάντιος	941
γλυκύτης	941
στάχυς	941
μόχθος	940
ἀσεβέω	940
δυσκρασία	939
θῦμα	939
κύαμος	939
ἴαμβος	939
μεθύσκω	939
πάνετες	938
ἀτοπία	938
φιλονικία	938
ἔνοχος	938
Σέλευκος	938
γέφυρα	938
ἐπιλείπω	938
ὑποζύγιον	937
σίον	937
πανηγυρικός	937
προπέμπω	937
ἀλγηδών	936
χόνδρος	936
φάραγξ	936
σκληρότης	935
Γοργίας	935
ἐπίκουρος	935
ἀναπλάσσω	935
μικρότης	934
ἐρίζω	934
γύναιον	933
Συρακούσιος	933
ἐπιρρέω	933
πταίω	933
ὄρχις	931
βήξ	931
πηδάω	931
σύλληψις	930
διαπορέω	930
μεταποιέω	930
συκοφαντία	929
διατηρέω	929
περίμετρος	928
σύλλογος	928
χελιδών	928
ἀνάληψις	927
ἐπιστητός	927
δυστυχής	927
ζῳδιακός	926
ἀκέω	926
οἰκτρός	926
ἐξομολογέομαι	926
θρέμμα	925
νουθετέω	925
ποίμνιον	924
ἄλγημα	924
ζηλωτής	924
ἀτμός	924
ἄντρον	922
ἀφελής	922
ἔσωθεν	920
ἀντιλογία	920
πυκνότης	919
ἐμπορία	919
μάγειρος	919
σαρκόω	919
βασίλισσα	918
ὄστρακον	918
ὀρθόδοξος	918
μι	917
ὑποδοχή	917
ἐρῶ	917
κλῆμα	916
Σάρα	916
μιαρός	916
ῥῖγος	914
ὑπόκρισις	914
κραταιός	914
Ὄμηρος	913
ἀσύνετος	913
σκάνδαλον	912
Αἰθιοπία	912
Πύρρος	912
προστακτικός	912
πορνεύω	912
ἐφέλκω	911
ὀρχέομαι	911
ἡνίοχος	910
ἐπιλανθάνω	910
καθάπτω	910
νεωστί	909
κρημνός	909
ἄδοξος	908
ὅρμος	908
ὀδυνάω	908
ὑστερέω	908
καταγίγνομαι	907
δικανικός	907
διελέγχω	907
προκοπή	906
μαλθακός	906
εὐδοκία	905
ἀπαρτίζω	905
Ι΄	904
ἀνατολικός	904
μίλιον	903
πολυχρόνιος	903
ἐπιπολή	902
ἄπιος	902
Ἰωνία	902
ζωοποιός	902
διάλογος	902
νοητέον	901
ἀσύμμετρος	901
χοῦς	901
μέριμνα	901
Πηνελόπη	900
ἄγροικος	900
διχή	899
κηρωτή	899
φάντασμα	899
γέννα	899
χαρακτηρίζω	899
δόλιος	899
συγκροτέω	899
πραιπόσιτος	898
ὄρχησις	898
ἄγρα	898
Γεώργιος	898
κυρτός	898
θανατόω	898
νομός	898
ἐξανίστημι	898
τοῖ	896
μύω	896
χειμάρρους	895
ἐνίημι	895
λβ	894
ὁρατής	894
εὔνους	894
αἰτιατός	894
Νομάς	894
Πλοῦτος	893
ὀχυρός	893
τίω	893
ξενίζω	893
Πᾶς	892
ἐπίκλησις	892
ὁμωνυμία	892
Νικόλαος	892
ἐπίδεσις	892
κτητικός	892
κολακεύω	892
ἰῶτα	891
κλύδων	891
αἴθω	891
Συμεών	890
Ἐπίχαρμος	890
δήμαρχος	890
ὠχρός	890
φωράω	890
ὑποχείριος	889
ἀλλοῖος	888
διάδημα	887
Ξε	887
ἰνδός	887
ἀμελής	887
ἵλαος	887
ἔπορον	887
σοφιστικός	887
μοχθηρία	886
Παίων	886
ἐπιβλέπω	886
Ῥωμανός	885
ἅλις	884
μέμψις	884
ὀνομασία	884
μεσημβρινός	884
ἐπιστημονικός	884
θερίζω	884
θηράω	884
πολίτευμα	883
μυελός	883
ποιητέος	882
ἀφρός	882
μαλάσσω	882
Κ΄	881
ἀναγωγή	881
φλέγω	881
Καλλίας	880
ἀμφισβήτησις	880
ἐξοχή	880
μάχιμος	880
εὖρος	879
ὑδατώδης	879
πρόχειρος	879
ἀγγελικός	879
στένω	879
νυμφότιμον	878
λιβανωτός	878
ἀμφιβολία	878
ἀθρέω	878
βέβηλος	878
συζεύγνυμι	878
περαιόω	878
κατακλίνω	878
σέλινον	876
ἀπολάω	876
λυσιτελέω	876
ῥέπω	876
ἑνδέκατος	876
πάρος	875
Κάτων	875
ἀνεψιός	875
τρόφιμος	875
ἀφέψημα	874
χερσαῖος	874
σφραγίζω	874
ὤθω	873
πολύτροπος	873
γονή	873
ἐπεξέρχομαι	873
πλατύνω	873
ὠκύς	873
μόγις	872
Πολύβιος	872
κύκνος	871
ζωοποιέω	870
ἐπανορθόω	870
ὑπεράνω	869
Ξάνθος	869
μέταλλον	869
ἀπροσδόκητος	869
κόκκος	869
τριταῖος	869
πυρώδης	869
ὑφαιρέω	869
λάφυρα	868
ἄβυσσος	868
παγίς	868
λίθινος	868
᾽	867
ΗΘ	866
ὁλότης	866
καυλός	866
πέλεκυς	866
δρυμός	865
Κένταυρος	865
σπόρος	864
Λοκρός	864
λῆξις	864
ψῦχος	864
ὑπείκω	863
δημότης	863
αὖτις	862
προσκύνησις	862
κατασκάπτω	862
μάννα	861
σέβομαι	861
λον	860
Μένα	860
περίεργος	860
βάω	859
ὄρθιος	859
ἄκαρπος	859
ἀντίδικος	858
ἀλεκτρυών	858
σιμός	857
Διόσκορος	857
ζωός	857
κοιλότης	856
ἀνία	856
Βάκχος	856
προστασία	855
Ἀγησίλαος	855
Ἀρχίλοχος	855
περαιτέρω	854
Μυσός	853
μύρμηξ	853
αὔρα	853
φύς	852
πάσχα	851
Νικίας	851
θεόπνευστος	851
κωμῳδέω	851
ληπτέος	850
καρτερία	850
δίειμι	850
ὑπέρχομαι	850
διαρρήγνυμι	850
Τῶς	848
Κελτός	847
παρανομέω	847
ἄσημος	847
ὁδηγέω	847
ὁλκάς	847
νεοσσός	845
Ἅιδου	844
στ	844
φλεβοτομία	844
Κλεοπάτρα	844
ὄχθη	844
Θ΄	843
σπανίως	843
υἱοθεσία	843
λεπίς	843
θεοπρεπής	843
θρεπτικός	843
ἱερατικός	843
μετουσία	842
διέξειμι	842
Μοῖρα	842
ὑπογραφή	842
ἥσσων	841
ἐπίπαν	839
στύφω	839
ἐκφύω	839
ἀλ	838
ΔΣ	837
Υ	837
ὀθόνιον	836
τέττιξ	836
ἀπαύγασμα	835
Φερεκύδης	835
λειτουργέω	835
Κύπριος	835
σπόγγος	835
κώπη	835
ληΐζομαι	835
καλστις	834
διάρθρωσις	834
σκάφη	834
Σικελός	834
καταβολή	833
Καππαδοκία	833
ὁριστικός	833
προκαταλαμβάνω	832
διαρρήδην	831
δυσωπέω	831
προσγράφω	831
Μίλητος	830
Λέσβος	830
χρέω	830
κατάρχω	829
ΒΕ	828
εὐωχία	828
ἀφορισμός	828
ἐγκωμιάζω	828
συμπράσσω	828
αὐλητής	828
Ἑλληνίς	828
λάκκος	827
χελώνη	827
ὀπτός	827
ἀντίγραφος	826
οὔποτε	826
χορεία	826
τριπλάσιος	826
εἰσδέχομαι	826
ὁπηνίκα	825
ἀπαγωγή	825
προσφορά	825
συζάω	825
Σαρακηνός	824
κάρη	823
Βιθυνία	823
Ἰθάκη	823
περιεργάζομαι	823
μωρία	823
ἀνίατος	823
χθόνιος	823
ἀμάω	822
ἄλμα	820
Ἴβηρ	820
ἀπόστημα	820
βουλευτής	820
μα	818
διάβασις	818
ὀπώρα	818
ἀνώνυμος	818
ῥητορική	817
Δαναοί	817
κέλευθος	817
ἐπίταγμα	816
ἀπορρέω	816
οἰκίζω	816
ἐπίκυκλος	815
φίλτρον	815
ἄφιξις	815
ἴον	815
ἀντίδοσις	815
ἐξαμαρτάνω	815
συμφυής	814
δωδέκατος	814
Γαῗος	813
κατάρα	813
ἄγραφος	813
Ἀσκληπιός	812
μεγαλύνω	812
Πορφύριος	811
σφοδρότης	811
δεικτικός	811
πταῖσμα	811
λύτρον	810
Εὔδημος	810
Σαβῖνος	810
κισσός	809
σκολιός	809
ὑβριστής	809
Δαυΐδ	808
φίλημα	808
ἐπιστρατεύω	808
ἐνανθρώπησις	807
ἐναλλάξ	807
ἀπρεπής	807
κρατερός	807
κτίστης	807
ἐκδικέω	807
κρατύνω	807
πυκνόω	807
καταχρηστικός	805
εὐταξία	805
γόος	805
ἀσφαλίζω	805
Κλέαρχος	804
μάγιστρος	804
ὑπερ	803
καταγέλαστος	802
σάτυρος	802
ῥέζω	802
Μεσσήνη	801
εὔκλεια	801
Αἰολικός	801
μολύνω	801
μισθοφόρος	800
ἐξίημι	800
ματαιότης	800
ἀδυναμία	799
ἀνήκεστος	798
μέτοχος	798
τελώνης	798
ὑπνόω	798
ἱδρόω	798
παραφέρω	798
πήγανον	797
ἀναίτιος	797
βόσκω	797
ὀλοός	796
Σαπφώ	796
ἄκρως	795
Σαμαρείτης	795
ἀρχάγγελος	795
ἀνταποδίδωμι	795
πανταχῇ	794
κουφότης	794
στέγω	794
ἐπιστάτης	794
συναρμόζω	794
Σκιπίων	793
παίδευσις	793
ἐξαρτάω	793
Ἀγρίππας	792
ἐνύπνιος	792
λῆρος	792
ἔγγονος	792
ἀποκρούω	792
εὖχος	791
Ξενοκράτης	791
πανάγιος	791
βιάζω	791
εὐφημέω	791
σωφρονίζω	791
ζεύγνυμι	791
φιλάνθρωπον	790
ἄγχι	790
Ἑκάβη	790
παράπτωμα	790
ὅμορος	789
ἄλκιμος	789
ἐνάγω	789
ἀριστεύω	789
διακοσμέω	789
ΑΗ	788
ἥδη	788
Παλλάς	788
παραφυλάσσω	788
καταφανής	788
σοφίζω	788
φέγγος	787
Καισάρεια	787
ἀβλαβής	787
φανός	787
ΜΒ	786
Διόδωρος	786
γεωμέτρης	786
ἔφεσις	786
Ὅρ	786
ὀργανικός	786
μετάβασις	785
παιδίσκη	785
ἄκριτος	785
ἀρχικός	785
τυπόω	785
εμβαδόν	784
ὑπόμνησις	784
ὑποθήκη	784
συγκλείω	784
ἡμός	783
προφανής	783
ὀχέω	783
σύρω	783
ἡνία	781
σειρά	781
προγίγνομαι	781
καταράομαι	781
καταψηφίζομαι	781
ἀκατάληκτος	780
μοναρχία	780
ἀνατομή	780
ἐπίτριτος	780
ἅλλομαι	780
πλημμέλημα	779
χάλαζα	779
ἀντιποιέω	779
Τρωϊκός	779
ἀντιτίθημι	779
κουφίζω	779
σε	778
παχύνω	778
σποδός	778
στεναγμός	778
ἔκαστος	777
ἀναλογέω	777
δείλη	777
οἰκονόμος	777
ἄμεσος	777
λίπος	777
Μάτων	776
σκεπτέος	776
κἀκεῖσε	776
Θωμᾶς	776
καρτερέω	776
πολυτέλεια	776
ἐμφύλιος	776
δυσώδης	776
πῶ	775
ψάμμος	775
ἔκφυσις	775
γόης	775
συμπεραίνω	775
ἐμποδών	774
Ἑλλάνικος	774
Σόδομα	774
ἄυλος	774
ὑποφαίνω	774
προσφωνέω	774
καταπλέω	774
ῥοή	774
Δίδυμος	773
αὐτεξούσιος	773
ὁδοιπορία	773
ἅλμη	773
Πατέρων	772
ἦδος	772
ἄνοδος	772
Ἰνδικός	772
λόγχη	772
σκυθρωπός	772
ὑφαίνω	772
σανίς	772
οἱςστις	771
ἀνάθεμα	771
καταχρίω	771
μᾶλλος	770
κάκωσις	770
μόλυβδος	770
ἔμφρων	770
Ἄκουος	768
μίμημα	768
Κυρηναῖος	768
ὑπαντάω	768
Λυκόφρων	767
ἀναβολή	767
μυθολογέω	767
ἰχώρ	767
ὁλκός	767
περιλείπομαι	767
ἐρώ	766
τξ	766
τση	766
Παλαιή	766
ἐπιπολάζω	766
μορφόω	766
Κίρκη	765
μασχάλη	765
εὐήθης	765
Φαίαξ	765
ἑλλέβορος	765
πολύπους	765
κατάγνυμι	765
μυριάκις	764
κατάλυσις	764
Ἐμμανουήλ	764
τέρψις	764
δημηγορία	764
ἄλυτος	764
συνυπάρχω	763
Ἀντίμαχος	762
πάνσοφος	762
δριμύτης	762
ἀνάλυσις	762
χιλίαρχος	762
ἐντρέπω	761
τειχίζω	761
πρόχειρον	760
κῦδος	760
ἄς	760
ἕδος	760
ἐπιθυμητικός	760
βακτηρία	760
προσκρούω	760
ἀπολιμπάνω	759
δήπουθεν	758
γυμνασία	758
τῆδε	757
Ἀνακρέων	757
περίπλους	757
συγκαλέω	757
κ	756
ἐμβαδόν	756
εὐδαιμονέω	756
ἀλογία	756
πανουργία	756
εὔτονος	756
ἐκδίκησις	755
ΑΚ	755
τίμημα	755
μισθόω	755
ὑφίημι	755
λιθάργυρος	754
Μελχισεδέκ	754
ψαύω	754
κατασπάω	754
ἁνδάνω	754
ταύτος	753
Σάρδεις	753
Κίλιξ	753
εἰσβολή	753
δυσσέβεια	752
εὖτε	752
Αἴγινα	752
ἐκκαθαίρω	752
ἑλίσσω	752
αἰ	751
ἐνέδρα	751
ταμίας	751
πεντακισχίλιοι	751
μονοσύλλαβος	751
μετεωρίζω	751
ἐπιτίμησις	750
κονία	750
διαπέμπω	750
ΒΑ	749
ΓΖ	749
Σιών	749
ἀρχέτυπος	749
πληθύς	749
Ἀρειανός	749
τύφω	749
ἐνέχω	749
ἀνακρίνω	749
κρούω	749
ἄμαχος	748
διατρέχω	748
Ἰνδική	747
Ἀμαζών	747
μαρτύρομαι	747
ὄργυια	746
κάν	746
σπορά	746
στῦλος	746
παρειά	746
Σικελικός	746
Δαβίδ	745
δυστυχία	745
ἀναστροφή	745
συμβουλευτικός	745
κάρτα	744
βάτος	744
ἀχρεῖος	744
ἀγνώμων	744
μέθεξις	743
ἐκάς	743
λογιστικός	743
ἔκβασις	742
σχηματισμός	742
ἀφθονία	741
Δαμασκός	741
ἀχάριστος	741
σαφηνίζω	741
συνέπομαι	741
τέρμα	740
ἄρωμα	740
Κλαύδιος	740
βάλανος	740
ὀπτάω	740
Κι	739
ἁπτός	739
ἀνασκευάζω	739
πλ	738
πλάξ	738
ἐκζητέω	738
πικρία	737
καρκίνος	737
Ελ	736
βουλευτήριον	736
καταληκτικός	736
λαιός	736
δεσποτεία	735
διαλεκτική	735
ἐπίβουλος	735
ὁμηρικός	735
ἐνδιατρίβω	735
Ἰουδαϊκός	734
ῥύσις	734
ἑορτάζω	734
ἐκκαλέω	734
κατωτέρω	733
δήν	733
στόμιον	733
Βόσπορος	733
ἀποτίνω	733
ἀποσφάζω	733
δογματίζω	733
Ἀναστάσιος	732
νικηφόρος	732
ἐντείνω	732
κριτικός	732
ἀποκλίνω	732
πολυειδής	731
κρητικός	731
μηδέτερος	730
καταναλίσκω	730
κάτοπτρον	729
τόλμημα	729
βουκόλος	729
σφαιρικός	729
ἀμβρόσιος	729
συγγιγνώσκω	729
στρατηγικός	729
Ἰερεμίας	728
διαγράφω	728
πάσσω	728
οὑτωσί	727
παρόσον	727
Ποντικός	727
Πυθαγορικός	727
περιτυγχάνω	727
μεταλλάσσω	727
ἄντα	726
Μάρκελλος	726
ἀνάκλασις	726
ἄγος	726
πολλαπλασιάζω	726
ἄσβεστος	726
Καντακουζηνός	726
ἀσυλλόγιστος	726
ἀνδροφόνος	726
Λύκος	725
κτύπος	725
πρόδρομος	725
ἦτορ	724
ἰσόπλευρος	724
ἀποστολή	724
παιάν	724
ἐπιπλήσσω	724
ἔκστασις	723
ὕποπτος	723
ἀτυχέω	723
Ἀντιφῶν	721
ἀναχώρησις	721
βόθρος	721
Αἶα	721
κατακόπτω	721
βλάσφημος	720
μετονομάζω	720
καταπατέω	720
ζα	719
στον	719
πτισάνη	719
ἐλαχύς	719
ἀκοντίζω	719
ΙΣΤ΄	718
ἄχραντος	718
πλάνος	718
στενοχωρία	718
γνάθος	718
ἀμετρία	717
λευκότης	717
ἥσυχος	717
ληρέω	717
προδηλόω	717
ἵκω	717
δν	715
ἀξίωσις	715
ἑξακόσιοι	715
ὁπλή	715
δυτικός	715
κατεπείγω	715
σύργαστρος	714
ἔγγραφος	714
ἀπουσία	714
περίττωμα	713
ἄβατος	713
πλατωνικός	713
κρύφιος	713
ζεῦγος	712
ἐπινίκιος	712
κλυτός	712
σκῶ	712
αἴνεσις	711
κατακλείω	711
συναίρεσις	710
ὀρθότης	710
ἀποστροφή	710
ἀργαλέος	710
κρόταφος	710
μής	709
ἀνταπόδοσις	709
Διός	708
ἀκέραιος	708
περιεκτικός	708
ἁδρός	708
θυμιάω	708
νεκρόω	708
γία	707
Ἀλέξιος	707
ἴαμα	707
καταφυγή	707
ἐνέπω	707
ἀνακτάομαι	707
δίνη	707
προστρέχω	707
αἶψα	706
Βενιαμίν	706
πρύμνα	706
ἁρπαγή	706
ἐμμελής	706
Τρύφων	705
Γαλατία	705
τητάω	705
ζύμη	705
Πλῆ	704
εὐεξία	704
Πάρθος	704
παρατηρέω	704
Ὠριγένης	703
λγ	702
Δαναός	702
συνάφεια	702
ἐκπλέω	702
ἀλγεινός	702
χέρσος	701
Πομπήϊος	701
ὀλιγαρχία	701
Τιτάν	701
σφυρόν	701
ἀρκτικός	701
ἐκτέμνω	701
Εὐφορίων	700
ὅριον	700
βόσκημα	700
ἀφανισμός	700
λαγώς	700
μᾶζα	700
ἀνακηρύσσω	700
γυῖον	699
ἑτέρωθεν	699
ἐπιτηδειότης	699
σκευή	699
κατάσκοπος	699
κέδρος	699
Κυρήνη	698
αὐχμός	698
Γάϊος	697
παρέλκω	697
ἐναντιότης	697
ἀργέω	697
βο	696
Βουλγάρα	696
ἐνώπιον	696
ἠμέν	696
βάθρον	696
Ἰούλιος	696
εἰσπράσσω	696
ΕΒ	695
πᾷ	695
Μακάριος	695
δέσμιος	695
ναυάγιον	695
σκόροδον	695
ΙΙ	694
ἀσάφεια	694
ἔχθω	694
διανύω	694
κρύφα	693
ἰδικός	693
εὐημερία	692
θεραπευτικός	692
συντυγχάνω	692
εἰσφορά	692
χαλβάνη	691
Κριτίας	691
περιγραφή	691
ὀπή	691
νύσσω	691
κατορθοῦν	690
ΛΔ	690
ὄλβος	690
ἐξεῖπον	690
ἀποστάτης	690
ὠδίνω	690
βίοτος	689
ἐπεύχομαι	689
ἐμφερής	689
νυκτερινός	689
σφίγγω	689
ἁρμονικός	689
ἀναβοάω	688
κατηγορικός	688
ἐκτίνω	688
φωτισμός	687
μοναστήριον	687
ἐνανθρωπέω	687
ἕρπω	687
ἕωθεν	686
μία	686
Λεύκιος	686
ἀποκατάστασις	686
Ἰδομενεύς	686
ἀποπίπτω	686
ΓΕ	685
σκῦλα	685
ῥύμη	685
παλαιστής	685
Ἦλις	685
φυσάω	685
στυπτηρία	684
ἀσκός	684
ὑπερτίθημι	684
ἄποικος	683
παντοδαπής	682
Ἡσαῦ	682
στερέωμα	682
ἔντεα	682
χλόη	682
ἀπεῖπον	682
φρικώδης	682
φράσσω	682
Ταραντῖνος	681
κῶμος	681
ἐξορίζω	681
ἐγκλίνω	681
πεντεκαίδεκα	680
Ὕλας	680
θέρμη	680
δέμω	680
κάλυμμα	679
ἐμπόριον	679
εὔκρατος	679
συντυχία	679
ὄσφρησις	679
βιβρώσκω	679
θέλγω	679
σέβας	678
ἄφνω	678
Σαβαώθ	678
οἴδημα	678
ἀδόκιμος	678
Κύζικος	678
Γοργώ	678
Τυφῶν	678
πολλαπλάσιος	678
θεοσεβής	678
Ναβουχοδονόσορ	677
ἀντιδιαστολή	677
Ποσειδώνιος	677
ἔκω	677
καταστροφή	677
φωστήρ	677
εὐτρεπίζω	677
πηρόω	677
Πρωταγόρας	676
Λητώ	676
μοναδικός	676
ἄρδην	675
ἀπαρέμφατος	675
ἀμετάβλητος	675
ἐξομολόγησις	675
θιγγάνω	675
σαρκώδης	674
σκήνωμα	674
Σαρπηδών	674
οὐρέω	674
ἰαύω	674
νάρδος	673
ὕπαρχος	673
μυρσίνη	673
ἀπηνής	673
ἐξήκω	672
σάρκωσις	672
εὐτέλεια	672
νέατος	672
ἄμοιρος	672
τρος	672
τεσσαρακοστός	672
καταψύχω	672
ἄροτρον	671
κοχλίας	671
Ἱππίας	671
μελαίνω	671
πέδον	670
κάρα	670
προσωτέρω	670
φάσμα	670
ἐλευθέριος	670
ὑπερφυής	670
ΚΛ	669
διακόσμησις	669
ὁλοκαύτωμα	669
νόστος	669
Κάσσιος	669
ὕπειμι	669
ἐκκαίω	669
εὔκαιρος	668
δεῖμα	668
εἰρωνεία	668
ἐπιτομή	667
αἰσχρῶς	666
μήκων	666
τεταρταῖος	666
ἀναβιβάζω	666
ἀναμίσγω	666
διαγωγή	665
φιλιππικός	665
εὐγνώμων	665
φευκτός	665
διαφωνέω	665
λυγρός	665
λεπρός	665
ἐνύπνιον	664
Ἀξιός	664
προμήθεια	664
συγκατάθεσις	664
Σειρήν	664
συγκατατίθημι	664
παραγράφω	664
δεῦτε	663
ἄδυτος	663
βαπτιστής	663
ἀναμιμνῄσκω	663
ἐκτρέφω	663
Ἀντιφάνης	662
ἐπικράτεια	662
πηδάλιον	662
ἀσχολία	662
προτροπή	662
τρισσός	662
ΕΚ	661
φθινόπωρον	661
ἐπανάστασις	661
Δανιήλ	660
πάρδαλις	660
φάτνη	660
τρῆμα	660
ἐξαγγέλλω	660
πληροφορέω	660
διαζεύγνυμαι	659
λῆψις	659
δαίω	659
παρατατικός	659
ἔννομος	658
συναντάω	658
πάλλω	658
πάρεργος	657
ντ	657
Πυθία	657
διαπρέπω	657
δέρκομαι	657
Μέγης	656
καύχημα	656
ποικίλως	656
Μαραθών	656
πίτυς	656
Ὠρίων	656
παρατήρησις	656
Πελασγός	656
πίθηκος	656
ἀριστάω	656
Γέτης	655
ὀνειδισμός	655
μαθητεύω	655
μιμητής	655
γαλέη	655
διαιρετικός	655
διχάω	654
ἀτελεύτητος	654
χάσμα	654
δραστήριος	654
λάβρος	654
ἱερουργία	653
ἐνάργεια	653
εὐθυμία	653
ἄγονος	653
πρωτεύω	653
κρηπίς	653
κακοδαίμων	652
ἔριφος	652
ἀμμωνιακόν	651
Μυσία	651
συγγραφή	651
ἐχῖνος	651
ταλαιπωρέω	651
πτοέω	651
Πάντων	650
ἐγγύθεν	650
ἐναρμόνιος	650
εὐκαταφρόνητος	650
ἐκμανθάνω	650
χαίτη	650
φρικτός	650
εὑρετής	650
ἀσχολέω	650
ἀποδημία	649
ἐπίσκεψις	649
ἀδοξία	649
περιτρέπω	649
σύνταγμα	648
Ἰωνᾶς	648
Δίκη	648
αἰθέριος	648
βουβών	648
γηθέω	648
τἀληθῆ	647
βλέμμα	647
εἰκώς	647
Ἀλκαῖος	647
πανοπλία	647
μεγαλοψυχία	647
ὑπέρτερος	647
συλάω	647
ἡρωϊκός	647
περιχέω	647
παίγνιον	646
μηκύνω	646
ἄπεπτος	646
μετακαλέω	646
ἀναστέλλω	646
Λός	645
ἐλεήμων	645
Ἰουστῖνος	645
χλαμύς	645
λάλος	645
κληρικός	645
λευκαίνω	645
ἀντίθετος	644
νεαρός	644
τοκεύς	644
καταντάω	644
μεσίτης	643
σύζυγος	643
ἀναίσχυντος	643
ἐλλιπής	643
ἄτερ	642
πότνια	642
Στράβων	642
ἡμερότης	642
τεός	642
ἀτμίς	642
αἱμορραγία	642
σῆψις	642
νῆστις	642
ἔξοχος	642
Φαραώ	641
ΟΕ	641
βαθμός	641
εὐπρέπεια	640
πόρνος	640
τήρησις	640
λαγών	640
ἐκλάμπω	640
ποικίλλω	640
Ἔφορος	639
οἰκοδόμος	639
ΕΔ	639
ἄκτιστος	639
ἀθλέω	639
ἀρτύω	639
διαφωνία	638
ἐξαλλάσσω	638
ἐμπνέω	638
Σαῦλος	637
ἀπάθεια	637
μανός	637
δημαγωγός	637
σφαλερός	637
εἰσαγωγή	637
βόειος	637
θεράπαινα	637
κοινόω	637
κθ	636
δούξ	636
ἁγνεία	636
φᾶρος	636
γραφικός	636
ἔναιμος	635
Ἄδωνις	635
ἀχλύς	635
πύρινος	635
ἀνήκω	635
ἀφηγέομαι	635
ἤπιος	635
εἰσπεράω	634
κάπρος	634
Ἄτλας	634
τριακοστός	634
σωλήν	634
προσφιλής	634
χηλή	634
πρόσφορος	633
Λυσίμαχος	633
διδαχή	633
διαρρέω	633
μετέπειτα	632
Θαΐς	632
σάκος	632
ἀποκοπή	632
Τυρρηνός	632
ἰσχάς	632
ἄγκυρα	632
Μανουήλ	631
ἀπαραίτητος	631
χωρισμός	631
ἱλαρός	631
ΒΖ	630
ὅ	630
ἰταλικός	630
παραπλέω	630
Ἀττική	629
Λούκιος	629
βόρβορος	629
δῆγμα	629
Χείρων	629
Ἵππαρχος	629
ἀοιδός	629
ἐφέπω	629
διόλου	628
Σεν	628
Πλούταρχος	628
κέραμος	628
ἀπεικάζω	628
διέπω	628
ἐκποδών	627
Ἰάμβλιχος	627
μόδιος	627
ἄπυρος	627
ἀτυχία	627
λάρυγξ	627
ἀστράγαλος	627
σέλας	626
διάλεξις	626
προπερισπάω	626
δοκός	626
πό	625
Χαῖρος	625
σύνεγγυς	625
ἀντικρύ	625
μαλακία	625
πότιμος	625
ἐργαστήριον	625
ὑποταγή	625
χαλκεύς	625
καταρτίζω	625
κομάω	625
ἐκφωνέω	625
ἐκθλίβω	625
κατηχέω	625
δο	624
Ἰνδ	624
Χερσόνησος	624
νεωτερίζω	624
πνίγω	624
ἄμωμον	623
ὁμότιμος	623
πρόθυρον	623
ἐπαχθής	623
θήκη	623
διαφορητικός	623
ἐπιτηρέω	623
Ἴδη	622
ν	622
μοχλός	622
ἀπογράφω	622
ΕΗ	621
Εὐνόμιος	621
ἱκάνω	621
προφανῶς	620
Κεφ	620
ἀποστασία	620
θανάσιμος	620
μαργαρίτης	620
ἱέρεια	620
Κάρκινος	619
Ρι	619
αἰγόκερως	619
ἐπιφορά	619
ἔνυδρος	619
χλιαρός	619
ἄπληστος	619
ἄπειρος	618
βδέλυγμα	618
εἰδωλολατρία	618
ἀλληγορία	618
κακουργέω	618
τύμπανον	618
κατατείνω	618
πού	617
εὔτακτος	617
Φωκᾶς	617
στέμμα	617
Μέμνων	617
ῥᾴθυμος	617
μελαγχολικός	617
τρυφερός	617
ἀκήρατος	616
Φιλόξενος	616
ἀντίτυπος	616
οἰκτιρμός	616
δορά	616
διασύρω	616
ἐξεγείρω	616
νη	615
περιβόητος	615
ἀνεγείρω	615
ἰσημερία	614
νοσώδης	614
οἰκοδόμημα	613
Ἱέρων	613
ὁριστός	613
νομεύς	613
ἐγγυτέρω	612
ἀποδημίη	612
πῶμα	612
Ἐρασίστρατος	612
Φαῖδρος	612
ἀκριβόω	612
ἀναπετάννυμι	612
χρεών	611
κῆδος	611
πρωτεῖος	611
μεγαλοπρέπεια	611
Λία	611
δείλαιος	610
Ἁρμόδιος	610
μονοειδής	610
ἀπείργω	610
διαμαρτύρομαι	610
ἐπίτηδες	609
ἄχθος	609
συγχώρησις	609
εὐβουλία	609
Σκυθικός	609
ἀρή	609
τυφλόω	609
τρέω	609
ΒΔ	608
διπλός	608
ἀνάλωμα	608
πτωχεία	608
τριβή	608
βραδύνω	608
κατευθύνω	608
μυέω	608
ἐτυμολογέω	607
Κλεομένης	607
διάπυρος	607
χω	607
Λῆμνος	607
ἔχιδνα	607
συνδρομή	607
προσηγορικός	607
ἀμβλύς	607
ἀφέλεια	606
γοργός	606
βραδυτής	606
μαστιγόω	606
οὐδής	605
πάω	605
κατάδηλος	605
Νεοπτόλεμος	605
φιλόπονος	605
Ὑρκανός	605
ῥῆξ	605
ἅδην	604
πρῖγκιψ	604
καταμήνιος	604
καταδεής	604
ἐπιλύω	604
Ταρσός	604
Προφήτης	603
μεταφορικός	603
Ἰεζεκιήλ	603
πήρα	603
γνώμων	603
ταμιεῖον	603
ὀλιγωρέω	603
διαλογισμός	603
διακωλύω	603
τελείωσις	602
Εὔξεινος	602
ἐσχάρα	602
ῥαψῳδία	602
εἰδοποιέω	602
κατοικίζω	602
κυάνεος	602
ἄγε	601
νοια	601
φλόος	601
λέπρα	601
τρύξ	601
διαπορεύω	601
ὕπερθεν	600
Μιλτιάδης	600
εὐκολία	600
εὐπραγία	600
ἄζυμος	600
αὐλέω	600
ἀκόντιον	600
Χαλκιδεύς	600
ἔρδω	600
ἐκκενόω	600
ὀλοφύρομαι	600
διασκεδάννυμι	600
λζ	599
Ϛ	599
βάραθρον	599
ψίμυθος	599
ὑπατεία	599
γερουσία	599
Ἀντωνῖνος	599
τραυματίας	599
ἐφήμερος	599
φραγμός	599
ἀποσείω	599
εὕδω	599
ἀνατρέφω	599
ρκ	598
τρυγών	598
ἀποπνίγω	598
συστρατεύω	598
δύστηνος	597
Ἐρινύς	597
ΘΚ	596
Φερεκράτης	596
λεπτότης	596
πώγων	596
ἀνυπόστατος	596
φειδώ	596
πλήρωσις	596
Μεσοποταμία	596
δάμαλις	596
τριχῶς	595
ἀντι	595
σχιστός	595
ΚΥ	595
Ξενοφάνης	595
ζόφος	595
ἄχυρον	595
ἄμμος	595
ἄσωτος	595
ἐνέλκω	594
φύζω	594
θέλησις	594
πετεινός	594
λεαίνω	594
γέεννα	594
θεολογέω	594
μίσγω	594
ὑπεραίρω	594
παρθενίας	593
Τίμων	593
τλήμων	593
ἄρνησις	593
παρεγγυάω	593
ἔπαθλον	593
μυῖα	593
θετέος	592
κλής	592
εὔκολος	592
ὑπουργέω	592
Μηδικός	592
νῆ	591
Ἰλλυριός	591
Οὐάλης	591
τρώγω	591
ἀνεκτός	591
κυριότης	591
πρόσταξις	591
ἐκπληρόω	591
Φιλόχορος	590
ΧΡ	590
εὕρημα	590
ἀγλαός	590
ἐπανόρθωσις	589
κατάπλασμα	589
ἀψευδής	589
καταψεύδομαι	589
καταναγκάζω	589
πρωτοτόκος	588
ἁπλότης	588
καρποφορέω	588
δεσπόζω	588
συγ	587
φόρτος	587
ἄμεμπτος	587
Τάνταλος	587
Κελτικός	587
πλίνθος	587
Αἴλιος	586
Μάγος	586
πλεονέκτης	586
ὑφοράω	586
Ἄνδρος	586
ἄγχω	586
ΕΝ	585
νωτιαῖος	585
Αἴσωπος	585
διαπεράω	585
λό	584
Κτησιφῶν	584
ἀναμάρτητος	584
εὐσχήμων	584
διανομή	584
ἀρχός	584
ἀνακάμπτω	584
θεμελιόω	584
ἐνενήκοντα	583
Πολυνείκης	583
καταστέλλω	583
αὐτοκίνητον	582
ἑλληνικός	582
δρεπάνη	582
ὀχύρωμα	582
συναναιρέω	582
κοινότης	582
συμβολικός	581
ὀρεινός	581
κλεινός	581
ἐπανήκω	581
σκέπω	581
φαυλότης	580
σύνοικος	580
ὑποθετικός	580
λύσσα	580
ἀκρίς	580
ἀναδέω	580
χερουβίν	579
Κικέρων	579
πολυπλασιάζω	579
ἔκδοσις	579
Καδμεία	579
ἠχώ	579
Μωάβ	578
ἡμισφαίριον	578
ἀνατροπή	578
εὐπετής	578
λειτουργός	578
τέκος	577
Σώφρων	577
Κορνήλιος	577
μεγαλόψυχος	577
πλησμονή	577
μνάομαι	577
ὀπάζω	577
ἐμπόδιος	576
ξόανον	576
ἐπισκέπτομαι	576
προσμένω	576
ὄλβιος	576
οἰκτίρω	576
ἀντιδίδωμι	576
σμικρός	575
διανίσταμαι	575
δεξιόομαι	575
συμπάρειμι	575
παλαιόω	575
ἐνταυθοῖ	574
Ἀγίας	574
κύμινον	574
ὕς	574
εὐσεβέω	574
χλαῖνα	574
ταυτός	574
κηκίς	574
ἐπιτάφιος	574
κασίγνητος	574
ὗσις	573
ἀφειδής	573
πένομαι	573
ἄνανδρος	573
ἐπιτολή	573
ἀνιαρός	573
ἀποδοκιμάζω	573
οὐγγία	572
θεογνωσία	572
εὐλογητός	572
εὐκίνητος	572
χλευάζω	572
εἰσέτι	571
Θεόκριτος	571
ἀπέραντος	571
κάρυον	571
ἐπαμύνω	571
δεσμώτης	571
κατισχύω	571
ὅρια	570
στέγη	570
σάλος	570
καμπή	570
ἀνευρίσκω	570
προπετής	570
Σωτήρ	569
Δάφνις	569
Κρονίδης	569
ἄσφαλτος	569
ἀντίστροφος	569
Ἄδραστος	569
Χαναναῖος	569
ἰσοδυναμέω	568
ἀναίδεια	568
πτερωτός	568
πεδάω	568
ὁμόσε	567
ἐξαίσιος	567
ἀμέλεια	567
παρεμβάλλω	567
παροικέω	567
Ἀντισθένης	566
θρασύτης	566
μαί	566
Ἰδαῖος	566
ἔγκλισις	566
στείχω	566
κτιστός	565
προγνωστικός	565
ἅμιλλα	565
κλαυθμός	565
ἀνακλάω	565
κίω	565
ἀναπίμπλημι	565
ἀμέσως	564
ΑΘ	564
ἶδος	564
Ἄννα	564
Μελέαγρος	564
πέρδιξ	564
ἀντιβολέω	564
εὐδόκιμος	564
προσηνής	564
θρυλέω	564
Κάϊν	563
Μύρων	563
δυσωδία	563
νεανικός	563
ἐπίστασις	562
ἰσοσκελής	562
αἰνός	562
λέω	562
εἴδησις	561
ἐπικίνδυνος	561
ἔκπωμα	561
συνᾴδω	561
θεοειδής	561
ἀνακόπτω	561
γεωγράφος	560
Μέλισσος	560
καλάμη	560
φρουρός	560
μεταλαγχάνω	560
Ἄτταλος	560
σύντροφος	560
χάρτης	560
δογματικός	560
ΕΓ	559
σκοπάω	559
θεάω	559
ἀναγραφή	559
Στησίχορος	558
ἀμείνων	558
αὐτοφυής	558
κατονομάζω	558
νέκταρ	557
σημειωτέος	557
ἄχρονος	557
παραφροσύνη	557
σιαγών	557
ἀνωφελής	557
συμπαθής	557
πλεῖος	557
ὀλισθάνω	557
τριχῇ	556
ἀπείθεια	556
ἀκακία	556
πυρός	556
κύ	556
σκῶμμα	556
φιλαργυρία	556
Πάρος	556
ἐδωδή	556
ἀνώδυνος	556
δήμιος	556
ἐναλλάσσω	556
αὐλίζομαι	556
Ποῖον	555
Πόπλιος	555
ἀλλόκοτος	555
καταλείβω	555
ποθεινός	555
Κρονίων	554
οἰκοδομία	554
ἄφοβος	554
καθαρεύω	554
περιοχή	554
Λευίτης	554
περιπατητικός	554
ἵ	553
ἐπιδρομή	553
κορυφαῖος	553
Μάρτιος	553
ἀσελγής	553
διέχω	553
φιλονεικία	552
ἐπιτηδείως	552
πῆξις	552
προθεσμία	552
διαμάχομαι	552
μακαριότης	552
ἀναπόδεικτος	552
φακός	552
ἰνίον	551
ἀπόγειον	551
Πεισίστρατος	551
ἐγκύκλιος	551
ὀπίσθιος	551
καταδιώκω	551
προσφύω	551
πολίχνιον	550
ἀκροβυστία	550
διαφαίνω	550
παρακούω	550
ς΄	549
παρακοή	549
εὐθύγραμμος	549
πεύκη	549
ἄνωγα	549
ἐπιμιμνήσκομαι	549
κηδεστής	549
σκληρύνω	549
ἀνακαλύπτω	549
ἐπινεύω	549
τοὐπίσω	548
ἀγανάκτησις	548
κακουργία	548
πόλισμα	548
διαμονή	548
ἐφικνέομαι	548
μέλαθρον	548
βαφή	548
καταγράφω	548
σκιρτάω	548
Λ΄	547
ἔρυμα	547
διαδιδράσκω	547
Αἴολος	546
ψεύστης	546
εὐδία	546
στεῖρα	546
πέταλος	546
Ἑκάτη	546
ἐπιθετικός	546
ξδ	545
φιλο	545
ἀσύστατος	545
πτέρνη	545
ἔρευνα	545
ἀσύνθετος	545
κοντός	545
παρακαταθήκη	544
ἥμων	544
Ἀχαΐα	544
ἔπαλξις	544
παραγραφικός	544
δηλητήριος	544
εἴδω	544
αἴγλη	544
θυρίς	544
ἀθυμέω	544
πρόμαχος	544
λοχαγός	544
ι	543
Ἀριστόβουλος	543
ἀσύμφορος	543
φθίσις	543
ἄνυδρος	543
κέγχρος	543
ἧλος	543
ἀπόκρυφος	543
συναίρω	543
νευρά	543
πρωί	542
Κόρη	542
ἐνιαύσιος	542
ὕφασμα	542
ἀναζεύγνυμι	542
νήχω	542
διαχωρίζω	542
ἐρημόω	542
δεῦρ	541
Μέροψ	541
διάφραγμα	541
ῥυπαρός	541
παρατυγχάνω	541
φιλοστοργία	540
Τάρταρος	540
θυμοειδής	540
σκαιός	540
διαρθρόω	540
ἀδέω	539
ἄνοος	539
λέκτρον	539
Ἱππόλυτος	539
σύστοιχος	539
δίσκος	539
κάνθαρος	539
Σικελιώτης	539
μείωσις	538
Ἀτρεύς	538
ἐπέξειμι	538
ἐτήσιος	538
όποτε	537
μος	537
Φρύνιχος	537
πολύγωνος	537
μαῖα	537
ἀγρυπνέω	537
Ἀδριανός	536
Ἰόνιος	536
φλοιός	536
λαθραῖος	536
κοσμητής	536
ἀγάλλομαι	536
αἶσα	536
μύστης	536
ἀγωνιστής	536
ἐφευρίσκω	536
ἀποδέω	536
μαστίζω	536
Ἄνθρωπος	535
Κέλσος	535
ἄστατος	535
Φάβιος	535
γοητεία	535
νουθεσία	535
δυσκολία	535
παρρησιάζομαι	535
ἀνάσσω	535
Περσεφόνη	534
ξενικός	534
Σικυώνιος	534
μηδαμοῦ	533
παλαίω	533
Ἐλευσίς	533
κοινωνικός	533
μεταμέλομαι	533
ΖΘ	532
ΓΑ	532
Ἀντιοχεύς	532
αἶσχος	532
βασιλεία	532
εἶα	532
δημιούργημα	532
κλύζω	532
συστατικός	532
σωφρόνως	531
ἀμφοτέρωθεν	531
Κίμων	531
ὁσιότης	531
σάκκος	531
πλακοῦς	531
ἀρχιεπίσκοπος	531
ἔργω	531
ἀντιπίπτω	531
κυκλοτερής	531
πυός	530
δαΐς	530
τετρακισχίλιοι	530
δίοδος	530
σφός	530
ξηραντικός	530
ἐξολοθρεύω	530
Εὔφημος	530
διαλάμπω	530
μδ	529
διάγραμμα	529
ζάλη	529
ἐκπίτνω	529
συνεκτικός	529
σκεπάζω	529
ὀξύμελι	528
κενοδοξία	528
Ἀλκμάν	528
Μαυρίκιος	528
πλόκαμος	528
ὅραμα	528
ἀπόλυτος	528
καίνω	528
περικαλλής	528
ἐπισκήπτω	528
χολόω	528
ΙΑ΄	527
Ἐζεκίας	527
σκευασία	527
λεύσσω	527
οὐρανόθεν	526
Πύθιος	526
Θεοδώρα	526
Κρέων	526
ἐτυμολογία	526
ζωμός	526
συνηγορέω	526
γεωργικός	526
γλαφυρός	526
Φρόνιμον	525
κράκτης	525
Διοκλῆς	525
δοξολογία	525
θερισμός	525
κράς	525
σηπεδών	525
τρισύλλαβος	525
ἔναντι	524
Ὁρίων	524
Κλεάνθης	524
Λύσανδρος	524
ἄπονος	524
ἐΰς	524
κάταγμα	524
γηγενής	524
μῆνιγξ	524
μίμνω	524
ὀρθόω	524
αἰκίζω	524
Ἐπίκτητος	523
φθαρτικός	523
λίσσομαι	523
στενοχωρέω	523
δοτέος	522
πρόσληψις	522
ὠμοπλάτη	522
Μέμφις	522
κλισία	522
ἀτρέμας	521
ἰκμάς	521
ἐναλλαγή	521
χρηστήριος	521
ἀξιόχρεως	521
χειμάζω	521
οὗ	520
ἀπόγνωσις	520
δίωξις	520
Μέγαρα	520
κορώνη	520
κατοίκιος	520
ἄωρος	520
ἀτραπός	520
πράσινος	520
κέλομαι	520
πλήθω	520
ἀναθεματίζω	520
μάξιμος	519
ζωγρέω	519
Ἀγαθοκλῆς	518
ὑποστροφή	518
ἀμηχανία	518
ἰλύς	518
ἑστιάω	518
συνόχωκα	517
είντα	517
πάππας	517
λάρναξ	517
αὐτόχθων	517
σκόπελος	517
μεταμορφόω	517
ἡγεμονεύω	517
ἀκουστέον	516
μήπως	516
πέδη	516
ἀδελφιδέος	516
ἐπανίημι	516
ὀχεύω	516
ἐξαλείφω	516
ὄνομαι	516
σκεδάννυμι	516
ἀπόφυσις	515
ἀστρονομία	515
φιλοφροσύνη	515
ἀμύμων	515
παράσιτος	515
περίβλεπτος	515
νάρθηξ	515
δυναστεύω	515
δραστικός	515
ὀνομαστί	514
γαληνός	514
Ἀρταξέρξης	514
ἐμβλέπω	514
περιστέλλω	514
κατακρύπτω	513
ἀνδραγαθία	512
πηλίκος	512
Φιλοκτήτης	512
προσῳδία	512
βδελύσσομαι	512
νέκρωσις	511
Φιλήμων	511
Μητρόδωρος	511
ἀγνωμοσύνη	511
ἀφύλακτος	511
Τυδεύς	511
προσχράομαι	511
ἰσχυρίζομαι	511
ἀτέλεια	510
δίδαγμα	510
σκοτία	510
αὐτοτελής	510
οἰμωγή	510
ἐλάτη	510
Ἀτθίς	509
δόμα	509
ὀλιγωρία	509
τρῖψις	509
πίθος	509
Ρωμαῖος	508
μακρόθεν	508
Ἀριστόξενος	508
θάω	508
σφάλμα	508
Πάμφιλος	508
τρανής	508
πιθανότης	508
νευρώδης	508
αἰχμαλωτίζω	508
Ἀαρών	507
ὁπόθεν	507
ἀτύχημα	507
αὐτόνομος	507
κομψός	507
βασιλίδι	506
ἀσύγκριτος	506
Βῆλος	506
κυκλικός	506
οἰδέω	506
ἄμυνα	505
Ἀρχύτας	505
Κόνων	505
περίοικος	505
ἔντευξις	505
ἀναπηδάω	505
ἰδιάζω	505
ἐπεισάγω	505
ταῦτα	504
τίμι	504
τροχαικός	504
Ἕρμιππος	504
ῥᾳστώνη	504
μεταμέλεια	504
Οἰνεύς	504
παραδηλόω	504
κλητός	504
συνοικίζω	504
ἔκκεντρος	503
Ἄλας	503
ἀριστεία	503
διαχώρημα	503
προάστειον	503
γήινος	503
Κάσπιος	503
ἐπαναλαμβάνω	503
σφενδόνη	503
σοί	502
ὄπιον	502
οὐτος	502
παράγωγος	502
γραμματεῖον	502
ἀπέχθεια	502
Στωϊκός	502
τετράμετρος	502
σπινθήρ	502
γυμναστικός	502
δῃόω	502
ἐκείνως	501
Λυδίας	501
ἄγγος	501
χύσις	501
σφήξ	501
ἀλόω	501
ἔφηβος	501
ἀπεχθάνομαι	501
κροτέω	501
θρῴσκω	501
περιστατικός	500
Σκυθία	500
γράω	500
Μαιῶτις	500
Λέσβιος	500
ἀνίσχω	500
ἐπιπέμπω	500
βε	499
Μαρκιανός	499
κεράμιον	499
Μανασσῆς	499
ψευδοπροφήτης	499
Ἀλκίνοος	499
στίζω	499
Ἀνδρέας	498
Νιόβη	498
Καμβύσης	498
Τίγρης	498
παρακρούω	498
εἰδητικός	498
διαγίγνομαι	498
ᾀνταῦθη	497
εὐγνωμοσύνη	497
γείνομαι	497
οὐλή	497
φθονερός	497
διανοητικός	497
εἰμαι	496
ΑΠ	496
ἔμπεδος	496
τάριχος	496
κρανίον	496
πλεονέκτημα	496
ἀποχή	496
θάλπω	496
Αἰγινήτης	496
συναριθμέω	496
ιγ΄	495
παράστασις	495
εὐδοξία	495
Βελλεροφόντης	495
κάρηνον	495
παραλλαγή	495
θέλω	495
στρυφνός	495
σπερματικός	495
ἐνέχυρον	494
ὡροσκόπος	494
θυρεός	494
μανικός	494
ἀπάρχομαι	494
μῖμος	494
Ἄβελ	493
ἐγγύτατος	493
ἔκτοτε	493
θρίαμβος	493
ἀποπληρόω	493
παλλακή	493
ὁσάκις	492
ἀγα	492
ἀμετάβολος	492
κρίσιμος	492
πεδιάς	492
παλαίστρα	492
Χαναάν	491
Σεμέλη	491
ἄμορφος	491
ῥάκος	491
Ἀμφιάραος	491
ἑκατοστός	491
ναυμαχέω	491
αὐτομολέω	491
ὁσημέραι	490
Νίκανδρος	490
πότμος	490
πατριά	490
ἀνεύθυνος	490
Αἰγαῖον	490
κατάπαυσις	490
ἀναισθησία	490
ἐπιμήκης	490
κνίζω	490
περιορίζω	490
ὑποστέλλω	490
θεόθεν	489
μός	489
τερμίνθινος	489
Ἰταλός	489
εὐρυχωρία	489
καταφαίνω	489
παραγραφή	489
εἰρηνεύω	489
λαλιά	489
ἐκείνος	488
Διί	488
ἐνέργημα	488
ἀμιγής	488
χαῦνος	488
ἐαρινός	488
ῥούδιον	487
Μηδία	487
κατασφάζω	487
Λεωνίδας	487
ἀποσβέννυμι	487
γεραιός	487
καταλλάσσω	487
ὅθι	486
για	486
κώλυμα	486
ναύαρχος	486
κόρυς	486
φυτικός	486
ἐξέχω	486
συναγωνίζομαι	486
χαλκῖτις	485
παχύτης	485
ἀντίστασις	485
εὐθύτης	485
κεραία	485
ὑπερκόσμιος	485
σωρός	485
ἐμφράσσω	485
ἀνανεόομαι	485
πιπράσκω	485
συλλήβδην	484
Ούτος	484
ἀντίχριστος	484
ὑμέναιος	484
στέλεχος	484
κινητός	484
ἐλάττωμα	484
σαθρός	484
διδασκαλικός	484
ἐπιτροπεύω	484
παρατρέπω	484
τροχίσκος	483
Αἰτωλία	483
γλεῦκος	483
κρύσταλλος	483
Σιδών	483
εἷμα	483
Παλαμήδης	483
βύρσα	483
προαιρετικός	483
κερατέα	482
Ἄλεξις	482
σίκυος	482
ὕπαιθρος	482
βιοτή	482
θάμνος	482
πρύτανις	482
ὀχετός	482
νωθρός	482
θίς	482
συρρέω	482
κακοπάθεια	481
φρίκη	481
Λεόντιος	481
συνήγορος	481
διαπίπτω	481
καθέλκω	481
τετράκις	480
ἀπρόσιτος	480
ἀρχιερωσύνη	480
φλυαρία	480
ἀνελεύθερος	480
ταραχώδης	480
ὀργάω	480
μειδάω	480
ταμιεύω	480
ἀλληγορέω	480
ἀρτάω	480
ἔναγχος	479
ζώιον	479
Ἀδρίας	479
Ἀγάθων	479
κακοπαθέω	479
ἑξηκοστός	479
διαρκής	479
αὐτόμολος	479
ἀέναος	479
καθιερόω	479
ἔφαγον	478
μνημόσυνον	478
αἶνος	478
ἄμικτος	478
λωτός	478
κατάληξις	478
ταρσός	478
Νηλεύς	478
ἐμπαθής	478
καταδείκνυμι	478
ποθεν	477
ἀνθρώ	477
λθ	477
Μειδίας	477
ἀοίδιμος	477
ἔμπλαστρος	477
ἔπεiθ	476
κδ΄	476
ποιητός	476
Ἀρίστιππος	476
ἐπικατάρατος	476
πύκνωσις	476
ῥῶ	476
Ἰωνάθαν	476
ἀμφορεύς	476
ἀηδών	476
ἀγωνιάω	476
νεβρός	476
κατακτείνω	476
διαμερίζω	476
προσαρμόζω	476
αἰκία	475
ἐπιτίμιον	475
Ἀκάκιος	475
Ἰλλυρικός	475
ὀρεκτικός	475
κρύος	474
φαρμακεία	474
αὐτοκίνητος	474
πυρία	474
διακούω	474
κακίζω	474
ἡμισς	473
μύριοι	473
κρίνον	473
φῦμα	473
εἰσθέω	473
Φαέθων	473
Ἀνανίας	473
ἀνάδοσις	473
Εὔα	473
στοχαστικός	473
προσομιλέω	473
προφορά	473
καθηγέομαι	473
διαλανθάνω	473
λεληθότως	472
Παμφυλία	472
ἀπαράλλακτος	472
καμπύλος	472
συνιστάω	472
νηδύς	472
Γέλων	472
πηλικότης	472
ἐποχή	472
ἀναλυτικός	472
ἀναπίπτω	472
τοῦτις	471
γράφος	471
καστόριον	471
Καλλίστρατος	471
δύσπνοια	471
βραβεῖον	471
χρῖσμα	471
Παράκλητος	471
σύμβασις	471
καπνώδης	471
ἀπόρροια	471
ἠλίθιος	471
ἰατρεύω	471
σύμφορος	471
κατανεύω	471
μεταστρέφω	471
Λοῦς	470
κόμμι	470
δακτυλικός	470
Γάδειρα	470
εὐμένεια	470
κερκίς	470
ξέστης	470
θύμος	470
πέπων	470
ἐμψύχω	469
κἀγώ	469
σεπτός	469
δεσμέω	469
εὐκλεής	469
προσνέμω	469
κατείργω	469
διωθέω	469
γλαυκός	469
μνηστεύω	469
περιπλέκω	469
Ἀχαάβ	468
ἀγός	468
ἀπόθεσις	468
ὑπεροψία	468
τετραπλάσιος	468
καῦσις	468
Οὐαλεντινιανός	468
μελῳδία	468
τριπλόος	468
ὑποτακτικός	468
ΣΩ	467
χαριστήριος	467
ἅλως	467
κατόρθωσις	467
Δάφνη	467
κυπάρισσος	467
κάπηλος	467
ἱέραξ	467
ἐξάρχω	467
θησαυρίζω	467
τριώβολον	466
ἅδος	466
σίλφιον	466
λάσιος	466
λογοθέτης	466
ἄμουσος	466
ὑφηγέομαι	466
Πλειάς	466
ἐπιστατέω	466
μάρναμαι	466
κατεναντίον	465
πληροφορία	465
Ἀρτεμίδωρος	465
δοκιμασία	465
ὄα	465
πρόεδρος	465
ἐμβολή	465
Ἀλφειός	465
γέρανος	465
συστροφή	465
ληνός	465
ΒΗ	464
ΕΘ	464
ὀλιγάκις	464
ἑνότης	464
ἀναλλοίωτος	464
πρόληψις	464
ζηλοτυπία	464
μῶμος	464
Θέμις	464
ἀλόγιστος	464
ἐξομολογέω	464
διαχωρέω	464
ἐκδιδάσκω	464
αἴρω	464
γενέτης	464
Ἀμφίων	463
πάτρα	463
ἄσχετος	463
ἄνειμι	463
διαγωνίζομαι	463
καθηγητής	463
πτύω	463
καταρρέω	463
ΔΖ	462
οὐδαμῆ	462
Λόι	462
ἀπάντησις	462
προξενέω	462
Ἀλκμαίων	462
Ἶσις	462
πιμελή	462
συγκριτικός	462
ὄστρεον	462
σορός	462
ἀνασῴζω	462
διερευνάω	462
καταπέτασμα	461
ἀπαγγελία	461
Τήλεφος	461
μολυσμός	461
εὐκτικός	461
ἀντιληπτικός	461
ἀνανεύω	461
ἄκτιστον	460
Ἀρτέμιδι	460
Ἀρριανός	460
αἰγίς	460
κακοποιέω	460
συμβόλαιος	460
αὐθεντία	460
Μουσαῖος	460
Ταρκύνιος	460
πλανήτης	460
ἐπάνειμι	460
Ἠλέκτρα	460
παρηγορέω	460
ὑγιάζω	460
φύρω	460
πυρή	459
νόσφι	459
προσοχή	459
διαστατός	459
Ἀλβανός	459
Δαίδαλος	459
δέλτος	459
ἀντάω	459
διαπλάσσω	459
καθοπλίζω	459
ὀνομαστός	459
Μ΄	458
Χάρων	458
Σιδηροῦς	458
Ἀντίλοχος	458
Μυρμιδών	458
εὐωχέω	458
ὁδηγός	458
καταμένω	458
δεισιδαιμονία	457
πειθαρχέω	457
Χαλκίς	457
Κλεινίας	457
ταινία	457
προσέοικα	457
σηκός	457
καταδίκη	456
Πυθώ	456
δρύοψ	456
ἄφυκτος	456
ἐδώδιμος	456
μέτοικος	456
σύνολον	455
Δαυείδ	455
τοῦτῳ	455
Ἐρυθρά	455
βασκανία	455
ἀ	455
ἐπιλάμπω	455
ἑρμηνευτής	455
αὐδή	455
θεολογικός	455
καταπολεμέω	455
ὀτρύνω	455
ὄρον	454
Θεαγένης	454
Ἀριστόδημος	454
πεντηκοστή	454
ἀπότομος	454
Κομνηνός	454
εἰδωλολάτρης	454
καθαρμός	454
φυγαδεύω	454
διακομίζω	454
βαρέω	454
παραπίπτω	454
γενετή	453
ἀγαλλίασις	453
ἕρκος	453
ἦτα	453
οἰκοδεσπότης	453
ἀδιάκριτος	453
μαλάχη	453
σκύμνος	453
κακότης	453
νῆμα	453
χρειώδης	453
ἄκυρος	453
θηλάζω	453
στενωπός	453
χαράσσω	453
ΚΘ	452
θέραψ	452
Ἀγαρηνός	452
Λῆς	452
ἑπτάκις	452
ὑδροχόος	452
στίξ	452
Βούλγαρος	452
φιλόθεος	452
ἐμφορέω	452
ἐπιμελητής	452
ἐπίκαιρος	452
ἐκπνέω	452
ἡμ	451
Κλήμης	451
πρόοιδα	451
ἄγκιστρον	451
στρωμνή	451
Σαρδώ	451
ἐποχέομαι	451
παραλογίζομαι	451
προφαίνω	451
μᾶλ	450
θυμικός	450
Κέρκυρα	450
κονιορτός	450
ἀκρότης	450
χειροποίητος	450
ὀκτακόσιοι	450
παρεισάγω	450
οἶστρος	450
δεκτός	450
φλεγματώδης	450
ΚΣ	449
ἄψ	449
Χαλκηδών	449
λοβός	449
Κέως	449
Ὁμηρικός	449
ἀγκύλος	449
κηλόν	448
οὐδαμῇ	448
ΔΒ	448
θαμά	448
ἔμπας	448
δέπας	448
ἀγκάλη	448
Κράσσος	448
ἐνδιάθετος	448
Μίδας	448
Πλούτων	448
ὀργίλος	448
οἰκιστής	448
κοιλάς	448
ἐκπίνω	448
μακαρισμός	448
εἱρκτή	448
ἀπογίγνομαι	448
περιάπτω	448
διαίρω	448
διόλλυμι	448
ΖΕ	447
ὡδί	447
κόος	447
ὀρίγανον	447
ἐρήμωσις	447
φυσώδης	447
Θάνατος	447
μάργηλις	447
λιχανός	447
ἐπικουρέω	447
λύμη	447
χερσόνησος	447
σκυλεύω	447
χειραγωγέω	447
σέτα	446
ὀχεία	446
Λυκάων	446
ἀπάνθρωπος	446
ἡδύνω	446
ὄκνος	446
ἀποφαντικός	446
σχέτλιος	446
ἀκμαῖος	446
πολεμιστής	446
Φαίδων	445
Ἄθως	445
ὑπέρθεσις	445
οὖδας	445
ἀπεψία	445
ἆσθμα	445
Ἄλος	445
μεσόγαιος	445
καταριθμέω	445
γου	444
ζηλωτός	444
ἱππότης	444
ἀντικαθίστημι	444
ἀνακράζω	444
Άδαμ	443
Οὐρανός	443
ἐρώτημα	443
κάτειμι	443
ἐμφέρω	443
ὄσπριον	443
αὐθάδης	443
Πρωτεύς	443
νάπη	443
ἀήθης	443
ἰνδικτίων	442
πλεονάκις	442
ἄρος	442
ἀτιμόω	442
μνεία	442
ἔκτοπος	442
φαιός	442
ἐπίλεκτος	442
αὖλαξ	442
μονόω	442
ἁρμόττω	441
κύτος	441
ἀρι	441
Βαρναβᾶς	441
ἀγώνισμα	441
ἐπιτροπή	441
κεραμεύς	441
συντομία	441
τεσσαρεσκαιδέκατος	441
χριστιανισμός	441
φιλομαθής	441
μυθεύω	441
ἐπιφοιτάω	441
περισῴζω	441
οἷς	440
ὁρμέω	440
κροκόδειλος	440
πενθερός	440
ὤνιος	440
συναρπάζω	440
βρέγμα	439
Ἀλκμήνη	439
ἑξακισχίλιοι	439
νιος	439
φυτεία	439
περικεφαλαία	439
σεβάσμιος	439
συγκαταβαίνω	439
σταγών	439
ἐκκαλύπτω	439
ἐπισυμβαίνω	439
Λαμ	438
ἄφατος	438
συλλογή	438
ἔκπτωσις	438
Εὐστάθιος	438
φαλακρός	438
ἐμφυσάω	438
ὀπτικός	438
ἐνοράω	438
πορφύριος	437
Βηθλεέμ	437
ἄλλοθι	437
ὅσγε	437
μίγμα	437
βορά	437
ἐπαρκέω	437
πανσέληνος	437
ἐπίδεσμος	437
γηραιός	437
προαναφωνέω	437
ἀπαριθμέω	437
Κεφάλ	436
Νότιον	436
τοῦν	436
ἀσχημοσύνη	436
κράνος	436
Ἴναχος	436
ἑστίασις	436
ακατάληκτος	436
ἰδμάν	436
Ἄμμων	436
δράσσομαι	436
ἄγρυπνος	436
ἀνασκευή	436
Αἰήτης	436
ὑμός	436
συνακολουθέω	436
ἀναδύνω	436
ἀποτάσσω	436
ἰατρεία	435
καθάρσιος	435
ἄσπετος	435
ἀστράπτω	435
εὐαγής	435
ἐνεδρεύω	435
σῖγμα	434
ὄνησις	434
Εὐκλείδης	434
ὀλιγοχρόνιος	434
Μανιχαῖος	434
Καύκασος	434
κατάβασις	434
ἀντίθεος	434
δέρη	434
ἔλπω	434
ὀκνηρός	434
κυλίνδω	434
Βούλις	433
ἄλφα	433
ΛΣ	433
Κρίτων	433
καταφρόνησις	433
Δωρικός	433
καταδρομή	433
ἀποτομή	433
ἀπατηλός	433
βλαστός	433
καταποντίζω	433
ἀντιδιαιρέω	433
αὐτῆ	432
οὐσιωδῶς	432
Κόλχος	432
πτερόεις	432
ἐρυσίπελας	432
πράσον	432
παθητός	432
καταφορά	432
ἐπιβάτης	432
ἅλυσις	432
ἴξ	432
ὑπερῷος	432
πάσσαλος	432
μγ	431
Λοῦ	431
ἔνδικος	431
Σμύρνη	431
Φωκίς	431
κειμήλιον	431
πρόσχημα	431
κρής	431
Ἐλισσαῖος	431
νεᾶνις	431
ὑποβαίνω	431
Ἐρυθραί	430
ἄκος	430
ἀπολύτρωσις	430
Νικομήδεια	430
δράγμα	430
Εὐρυσθεύς	430
βαιός	430
μνησικακέω	430
ὀσφραίνομαι	430
ψοφέω	430
ἐξικνέομαι	430
ἀνακομίζω	430
κράμβη	429
δισμύριοι	429
ἄγνυμι	429
προχέω	429
ἐνάρετος	428
Μαγνησία	428
ἐξορμάω	428
λαμπρύνω	428
πολλαχῆ	427
φιλοξενία	427
πλημμελής	427
δυσχέρεια	427
καινοτομέω	427
ἀδιάστατος	427
ἐπόγδοος	427
σικύα	427
ἕκτωρ	426
Ἀσκαλωνίτης	426
ἐξομοιόω	426
σαπρός	426
θρύπτω	426
ἄλλη	425
κύημα	425
φυσιολογία	425
Χαιρέας	425
ὑπαγορεύω	425
Κάσσανδρος	425
ἑπτακόσιοι	425
παραθαλάσσιος	425
ΜΝ	424
ἐνθ	424
Ἰσαάκ	424
εὐμορφία	424
Μάγνης	424
φιλικός	424
ἡμιτόνιον	423
προσωπεῖον	423
προεδρία	423
ἀρχιτέκτων	423
γάλλος	423
πλάτανος	423
πλάζω	423
παλιγγενεσία	422
ἐκεῖθι	422
Βιθυνός	422
προσαγωγή	422
Ἀρκεσίλαος	422
ταμεῖον	422
ἀμφίπολος	422
ἀνταγωνιστής	422
πρανής	422
Δήλιος	422
ὀρχηστής	422
δέλεαρ	421
ξελσυς	421
χαγᾶνος	421
ἀποσκευή	421
ὄψιος	421
ἀλάστωρ	421
ψευδώνυμος	421
διαβιβάζω	421
δίχρονος	420
Παλαιολόγος	420
μητροπολίτης	420
ἀοίκητος	420
Πάφος	420
μάσσω	420
οἰκητήριον	419
ἐφικτός	419
Ἄβυδος	419
ἀντιθετικός	419
ἐπηρεάζω	419
ἀντιπράσσω	419
τεκταίνομαι	419
στάζω	419
ἐπιτέλλω	419
συνταράσσω	419
βλάστημα	418
Εὖρος	418
Κάλχας	418
ἔθω	418
ὀρεκτός	418
αἰπόλος	418
δυσεντερία	418
Κροτωνιάτης	418
μύλη	418
ἐσχατιά	418
διῶρυξ	418
τελαμών	418
ἑωθινός	418
ἄρειος	418
διασκορπίζω	418
σεύω	418
μιμνῄσκω	418
μάτι	417
Δευκαλίων	417
ῥόπαλον	417
Ἄλπεις	417
Ὀλύνθιος	417
πόντιος	417
ἐπάλληλος	417
καθαρτικός	417
δανειστής	417
ἀναλογίζομαι	417
διαπλέω	417
δαίνυμι	417
πλατύτερον	416
Πλωτῖνος	416
Ἀρχιγένης	416
κατάκρισις	416
ἀνόνητος	416
διδασκαλεῖον	416
ἀναφύω	416
καταλάμπω	416
δυνα	415
ἐπιβολεύς	415
ἐπισκεπτέος	415
πολλαπλάσιον	415
Τίμαρχος	415
αὐτόπτης	415
πλεύμων	415
ἀπελεύθερος	415
βάσκανος	415
θέσπισμα	415
κρότος	415
μίτρα	415
ἀνυμνέω	415
στυγερός	415
κατορύσσω	415
τρίμετρον	414
Χον	414
κατεράω	414
Ἰσαῖος	414
ὑπερόριος	414
στατήρ	414
Δωρίς	414
ἄλη	414
ἐπεκτείνω	414
θρασύνω	414
τρυγάω	414
μέμονα	414
τανύω	414
ἔναι	413
χάος	413
Μαρκίων	413
Ἀνδρομάχη	413
πάγκαλος	413
τετραίνω	413
συντηρέω	413
Ἅγιον	412
Ραν	412
Ὄσιρις	412
ἀνομοιομερής	412
εὐνομία	412
Αἰγυπτιακός	412
ἀνομοιότης	412
πλοκή	412
ἐπιστομίζω	412
ὑπατεύω	412
διαγγέλλω	412
καταφλέγω	412
ὑπαλλάσσω	412
μζ	411
Ἀέτιος	411
Ῥηγῖνος	411
γενεαλογέω	411
παρορμάω	411
εἰσπορεύω	411
καταπονέω	411
Ποία	410
πρώϊος	410
διάπλασις	410
Ἀράβιος	410
συμπάσχω	410
Δωδώνη	410
φαρέτρα	410
φιλόνεικος	410
Τῆνος	410
Ἀνδρόμαχος	409
ἀράχνης	409
μεγαλόφρων	409
τραπέζιον	409
Οἰνόμαος	409
τρίμετρος	409
μεθόριος	409
Τῖον	409
ὀπτασία	409
εὔφορος	409
οἰκουμενικός	409
εὔδοξος	409
ὑποπόδιον	408
ζω	408
Ἤπειρος	408
Ἐρεχθεύς	408
ἐγρήγορσις	408
αἴτημα	408
χρησιμεύω	408
εὐχάριστος	408
γενεαλογία	408
σκάπτω	408
σωματοειδής	408
διαρκέω	408
φωτεινός	408
ῥαίνω	408
νομιστέος	407
γρά	407
κατανόησις	407
Θῶν	407
Κέκροψ	407
ὕσσωπος	407
καταλλαγή	407
Τειρεσίας	407
ἀνισότης	407
ἐπιχρίω	407
δακνώδης	407
ἠχή	407
ἰώ	406
Σάτυρος	406
ἀψίνθιον	406
Κυκλάς	406
εἰκάς	406
Ἀριστογείτων	406
Αἰακός	406
ὄροφος	406
Ὀρχομενός	406
διδακτός	406
γύψ	406
ἐπισφαλής	406
οἰμώζω	406
σύνδουλος	406
διαλογίζομαι	406
εὔστοχος	405
πλάσις	405
Χάι	405
Τρωάς	405
φιλάργυρος	405
αὐθαίρετος	405
Κρότων	405
Ἰκάριος	405
τόξευμα	405
παραφρονέω	405
φιλοφρονέομαι	405
καυστικός	405
ἀναπτύσσω	405
εἰσφέρειν	404
ἀναγνωστέον	404
ἄπαις	404
ἀρεστός	404
ἀπόφθεγμα	404
ἀνδρικός	404
στερεόω	404
σιτέω	404
περόνη	404
παρήκω	404
ἀνδρίζω	404
ἐκδύω	404
πρόσφημι	403
πλέγμα	403
διακριτικός	403
διαλλαγή	403
ὑδρία	403
ἀλλοδαπός	403
ἐλλάμπω	403
καταφιλέω	403
κατασείω	403
κατατάσσω	403
πολλες	402
ἀναφανδόν	402
κώνειον	402
ἄθροισμα	402
Σινώπη	402
κηδεμών	402
συναφή	402
ἐρυθριάω	402
κιρνάω	402
ἐναρμόζω	402
κιννάμωμον	401
μετάφρενον	401
φυράω	401
Κέφαλος	401
σοβαρός	401
βάναυσος	401
Λεοντῖνος	401
ἑβραικός	401
μεθό	400
ἄποιος	400
Παφλαγών	400
ἐκφώνησις	400
πρυτανεῖον	400
ἀνάστατος	400
γενέθλιος	400
καταγωνίζομαι	400
ἀτάω	400
στυπτικός	400
ἀμαυρόω	400
περιτρέχω	400
ὑπερβολαῖος	399
Γαβριήλ	399
παλμός	399
ἑδραῖος	399
ἀγοραῖος	399
στρουθός	399
τεκτονικός	399
συνεισφέρω	399
ἀποκομίζω	399
μθ	398
αἶα	398
Πηγαί	398
κῶμα	398
βεβαίωσις	398
δεῖνα	398
ἀνάρμοστος	398
ἱεράρχης	398
ὀδυρμός	398
εὔθετος	398
νικητής	398
περατόω	398
ἀναζητέω	398
στίλβω	398
μετόπωρον	397
μίασμα	397
αὐδάω	397
περίγειος	397
διάλειμμα	397
στέρομαι	397
ὕφεσις	397
ἀλιτήριος	397
ἔμφραξις	397
κατασκηνόω	397
οὔτοι	396
θεμιτός	396
δηρός	396
πτερύγιον	396
ὑπερφέρω	396
δυσχωρία	396
ὕψωμα	396
ὄρυγμα	396
χοή	396
ἔλλαμψις	396
αἴγειος	396
εὕω	396
ἀμφιέννυμι	396
ΟΡΘ	395
ἀγχοῦ	395
μιν	395
λεξικός	395
ἀδέσποτος	395
δωμάτιον	395
Μαυρούσιος	395
καταχράω	395
ἀτυχής	395
αὐχέω	395
Ἀνδροτίων	394
Λεύκιππος	394
χάρμη	394
εὔχρηστος	394
ἐπάξιος	394
βάδισις	394
μαρμαρυγή	394
περιέπω	394
ἐπεγείρω	394
διαβεβαιόω	394
πεπαίνω	394
ἀποκείρω	394
Ὑπερείδης	393
Λῶς	393
μετριάζω	393
κιθαρίζω	393
κῦρ	393
ὁμονοέω	393
κηλίς	393
κιθαρῳδός	393
Άθης	392
Ῥήγιον	392
παροινία	392
ἐπήρεια	392
στῖφος	392
σκέπασμα	392
Σελεύκεια	392
Γερμανός	392
Κερκυραῖος	392
ἀσωτία	392
ἱερόσυλος	392
ἀέριος	392
τούτος	392
ἀμαυρός	392
ἀγνώς	392
συγκεράννυμι	392
ὑπέκκαυμα	391
ἀσκληπιός	391
σκηνόω	391
εὔρωστος	391
Σίσυφος	391
λαιμός	391
ἅρπαξ	391
ἐφεδρεύω	391
δοχή	391
θραύω	391
ωμ	390
ἄπαυστος	390
Λῖνος	390
αὐξητικός	390
ΓΗ	389
στρα	389
ἐρ	389
Ῥαχήλ	389
Ἀναξιμένης	389
Ἰεσσαί	389
στρῶμα	389
ἐναγώνιος	389
σεληνιακός	389
ὑπασπιστής	389
Κώνστας	389
ἰταμός	389
ἔκφρασις	389
Μέλ	388
τῆλις	388
συγκλητικός	388
περιφάνεια	388
ψαλτήριον	388
λογάς	388
γερμανός	388
πήρωσις	388
ἀπατεών	388
καταχράομαι	388
δσοι	387
ΑΒΓΔ	387
ΓΘ	387
Μέγας	387
ἡρέμα	387
Πλῆν	387
ἐρρωμένος	387
ἀλλως	387
δασμός	387
ἄρσις	387
Τεῦκρος	387
πολυάνθρωπος	387
Ἀκαδημία	387
ἱερουργέω	387
ὑποσημαίνω	387
δαλός	387
γραπτός	387
δυσφορέω	387
κατηφής	387
Κτησίας	386
στῦψις	386
καθαρισμός	386
ἀπράγμων	386
φιλόστοργος	386
ἐναγής	386
ἐγκάρσιος	386
ποτάμιος	386
διπλασιάζω	386
Νικάνωρ	385
παροικία	385
Περδίκκας	385
λεῖμμα	385
κολυμβήθρα	385
ἐμφαντικός	385
συνάλλαγμα	385
ἑταιρεία	385
ομηρικός	385
Θυέστης	385
ῥόφημα	385
συνάρχω	385
δικαστικός	385
πρόσθιος	385
δατέομαι	385
ἐπιφωνέω	385
ἀπαρνέομαι	385
ἡβάω	385
ὑπερορία	384
κεφαλαλγία	384
Προποντίς	384
Ἀναξίμανδρος	384
στοργή	384
Παρθένιος	384
ἐπιποθέω	384
εὐαγγελίζομαι	384
μεσουρανέω	384
προήκω	384
ἀναρίθμητος	384
ἀτενίζω	384
τυραννεύω	384
καταδέω	384
εὐαρεστέω	384
Φησίν	383
ἀφήγησις	383
Κάστωρ	383
ἔπαυλις	383
Λευκίππη	383
ὀροφή	383
Σκάμανδρος	383
τραγῳδέω	383
τομεύς	383
πατρωνυμικός	383
τρ	382
ἐνι	382
σεμίδαλις	382
Ἀρκάδιος	382
Ἀκραγαντῖνος	382
ὕδρα	382
ταξίαρχος	382
φρενιτικός	382
κολοκύνθη	382
εὔμορφος	382
ἄχνυμαι	382
πλειστάκις	381
φιλ	381
Ἰσίδωρος	381
συγκατάβασις	381
ἐγχείρησις	381
ἄσμα	381
αἴσιος	381
διορύσσω	381
ἁπλόω	381
διαψεύδω	381
ΖΒ	380
Τρωικός	380
κόμμα	380
Αἴγισθος	380
χοῖνιξ	380
ἀνοχή	380
φρέω	380
ἔνοπλος	380
σμάω	380
φονικός	380
πᾶος	379
ὑπερφυῶς	379
περιφραστικός	379
Κελτοί	379
ἀπόβλητος	379
ἄμωμος	379
ἀγνωσία	379
μέδιμνος	379
κτείς	379
ΖΓ	378
παρέργως	378
γελαστικός	378
σκέμμα	378
Αἴτνη	378
Ἀργοναύτης	378
φανταστικός	378
μοχθέω	378
Θούριος	378
σκοτίζω	378
ἀλαλάζω	378
προσφεύγω	378
παρανόμως	377
τρίβος	377
καταχθόνιος	377
Ἀργώ	377
ἀστρολογία	377
ἀντιτείνω	377
διαστροφή	377
ἀρραβών	377
στοιχέω	377
παραρρέω	377
ὦκα	376
ἀγριότης	376
Ἀμύντας	376
ἀήσσητος	376
στρατηλάτης	376
ὑποτρέχω	376
ἀπέναντι	375
φιλόφρων	375
ἡσυχῇ	375
λείχω	375
πέμμα	375
ὅρκιος	375
Παφλαγονία	375
κεφαλαιώδης	375
διαβολικός	375
μεγάλος	375
Λέπιδος	375
σπάθη	375
ἑρμηνεύς	375
ἐγγυάω	375
μ	374
Φίλαι	374
ὀποπάναξ	374
Λυδία	374
οἶμος	374
λώβη	374
κοιτών	374
ἄδολος	374
κότος	374
Διονύσια	374
Γαλιλαῖος	374
αἱματώδης	374
δολερός	374
προστυγχάνω	374
μηδαμῇ	373
χαίρετε	373
ἀποδοχή	373
Σπεύσιππος	373
δες	373
εἰσπνοή	373
ἐργαλεῖον	373
ἀδάμας	373
ἄατος	373
κατακολουθέω	373
περισκοπέω	373
διατέμνω	373
Ἀγαθή	372
βούτυρον	372
σκίλλα	372
Κλυταιμνήστρα	372
ἐκφορά	372
ἀπειθής	372
βαβαί	372
φορητός	372
ΔΓ	371
Φώτιος	371
κηρίον	371
συναληθεύω	371
ἔρανος	371
ἀσύγχυτος	371
Ἀνδρομέδα	371
Καλλιρρόη	371
παράπλοος	371
ἀνθύπατος	371
προσδιαλέγομαι	371
ἀπαξιόω	371
ἀρρωστέω	371
εὐθεία	370
Ἰσάκις	370
νάρκη	370
παρόμοιος	370
σταφίς	370
θύρσος	370
σπιθαμή	370
ἀκή	370
τακτικός	370
ὑποδύω	370
ὑποδεέστερος	370
ἀνορθόω	370
ἐλάττωσις	369
καινότης	369
Θρασύβουλος	369
ἀδιόριστος	369
σχίσμα	369
στάθμη	369
ἀριστοκρατία	369
ἄπους	369
προσεδρεύω	369
κάραβος	369
σφετερίζω	369
Νικηφόρος	368
Σέις	368
παρό	368
ἀεικίνητος	368
ἐγχυματίζω	368
Ἰσθμός	368
Οὐεσπασιανός	368
ἰάχω	368
ἄκουσμα	368
Μελίτη	368
πλάστης	368
μεταδιώκω	368
πετρώδης	368
ἀναιρετικός	368
ὑποδέω	368
παρεμπίπτω	368
Σεβῆρος	367
Ἑστία	367
ἀτ	367
Πολυκράτης	367
μετριότης	367
θεραπαινίς	367
εὐειδής	367
ἀκραιφνής	367
κυνικός	367
ἀνακαινίζω	367
ΚΑ	366
ΚΖ	366
μῶσις	366
βραχυκατάληκτος	366
Τούτη	366
τς	366
Ἀρχίδαμος	366
Ἰνώ	366
Μυκῆναι	366
πρωτοσπαθάριος	366
διακελεύομαι	366
γεννήτωρ	366
ἐμπρόσθιος	366
ἐριστικός	366
ἰνέω	366
κεντέω	366
καταδουλόω	366
διεξιέναι	365
ΒΘ	365
συμπλήρωσις	365
τέῳ	365
παραβάτης	365
πτῆσις	365
ὀστράκινος	365
ἀσχήμων	365
νέρθεν	365
κατακλύζω	365
βδελυρός	365
ἀνακινέω	365
μήδομαι	365
ἐπιμείγνυμι	365
νοτιοδυτικός	364
Περσική	364
προπέτεια	364
ζεύς	364
Νάξος	364
Μαντινεύς	364
δοκιμή	363
εὐκρασία	363
ξυνός	363
κατάψυξις	363
χρῷ	363
Πλαταιεύς	363
ἐπιπλοκή	363
κρίθινος	363
ἐμπειρικός	363
κίρκος	363
ἀδιαλείπτως	362
δυσμένεια	362
Πρόδικος	362
ἐπισκιάζω	362
ἐπιπόλαιος	362
Σφίγξ	362
τύριος	362
ἀναβιόω	362
ἀσιτία	362
κυνηγός	362
τεῦτλον	362
ὀδυνηρός	362
λῃστρικός	362
προσπελάζω	362
ληπτός	362
κυρία	361
Ἀμφίπολις	361
σήθω	361
ἀίω	361
Φειδίας	361
τοὔνεκα	361
Ἀκαρνάν	361
προορίζω	361
ἰσόρροπος	361
πλευρῖτις	361
ὀλίγιστος	361
δουλικός	361
ἱλάσκομαι	361
ἀρύω	361
τινάσσω	361
ἐνυβρίζω	361
εὐκοσμία	360
ἐξορία	360
μυσταγωγία	360
Ἡνίοχοι	360
αὐθέντης	360
Ἑλικών	360
ἐπῳδή	360
ἐκκλησιάζω	360
ἐπεισέρχομαι	360
δρέπω	360
περιπλέω	360
πεζικός	360
συγκόπτω	360
θύραζε	359
Κολοφώνιος	359
Τριβαλλός	359
κίβδηλος	359
Ἰξίων	359
δάπεδον	359
ἀνατομικός	359
Ἑωσφόρος	359
τοιαύς	359
Ἐπικούρειος	359
ὁμόφρων	359
δορυφορέω	359
διαυγής	359
ἄρδω	359
περιστρέφω	359
ΛΜ	358
ΒΑΓ	358
παράγραφος	358
Ζοροβαβέλ	358
ἔντεχνος	358
Προκόπιος	358
Ἄσιος	358
Σέργιος	358
κάτοχος	358
Σκύλλα	358
ὁμόφωνος	358
ἐκπνοή	358
ἐκρέω	358
ἀράομαι	358
λοχάω	358
Μάξιμος	357
σφι	357
ἑκκαίδεκα	357
δόκησις	357
Κον	357
πλημμέλεια	357
Πλάταια	357
στεφάνη	357
συμβουλία	357
Φιλάδελφος	357
θριαμβεύω	357
μισθωτός	357
θαλλός	357
συναμφότερος	356
ἄπωθεν	356
Εὔβουλος	356
Δράκων	356
Χάρης	356
ἑξάγωνος	356
Τάρας	356
ἀγχίνοια	356
διανόημα	356
Γανυμήδης	356
ἀμβλύνω	356
ἐρέβινθος	356
ῥαφή	356
ὄρειος	356
Μα	355
συμμορία	355
Πολύδωρος	355
Θόας	355
Σοῦσα	355
Σέξτος	355
ἱππόδρομος	355
ἐκφοβέω	355
ἀσπασμός	355
προσδιορισμός	355
Αἰακίδης	355
κορωνίς	355
Τρῳάς	355
ἐκστρατεύω	355
νέω	355
ἱπποκράτης	354
πανδημεί	354
ἀπόλυσις	354
κόκκινος	354
ἀλήτης	354
ἀνανδρία	354
αὐτόχειρ	354
τεχνητός	354
ἐλλόγιμος	354
Θέρμος	354
Ἰδουμαῖος	354
ἴλη	354
ἀσκητής	354
τροχαῖος	354
ἀξιόμαχος	353
παραγγελία	353
πλέθρον	353
δυσκίνητος	353
ἐπίληψις	353
ἕψησις	353
Τάναϊς	353
Πρωτεσίλαος	353
ἐξισόω	353
καλλίνικος	353
στερρός	353
σκήπτω	353
ἐνισχύω	353
ἀλλοτριόω	353
περιβόλαιον	352
θύελλα	352
κατάδυσις	352
ἄγαμος	352
Λαοδίκεια	352
πλησιόχωρος	352
ἀποκαθαίρω	352
τίλλω	352
ἑλκόω	352
βρίθω	352
πᾶ	351
λλ	351
Νες	351
παμπληθής	351
λύτρωσις	351
κοχλιάριον	351
ἄγνος	351
μόθος	351
ΠΥ	351
Πολυδεύκης	351
βαλλάντιον	351
ἀναισχυντία	351
ἀνήμερος	351
χειρουργία	351
Εὐμένης	351
ἵμερος	351
ἀρήγω	351
ἐκτροπή	351
προσήλυτος	351
ἀποτίκτω	351
ζῳοποιέω	351
προφθάνω	351
χαρίζω	351
πελάγιος	351
καταπέμπω	351
θλάω	351
ΗΒ	350
νία	350
θεοδώρητος	350
συναίσθησις	350
σεβαστός	350
έτερος	350
πεντεκαιδέκατος	350
σατυρικός	350
ἐναίρω	350
μονάζω	350
ἀποπειράομαι	350
ὀφλισκάνω	350
διατυπόω	350
ἐπές	349
ἀνατροφή	349
ἀπληστία	349
κύμβαλον	349
ἕζομαι	349
ἀναμείγνυμι	349
σπαράσσω	349
Ἀμμωνίου	348
ἀρχῆθεν	348
αλλοχοω	348
φύραμα	348
ἀϋτή	348
ἀηδία	348
Τιμοκράτης	348
πάνδημος	348
ἐγχείρημα	348
παράτασις	348
Ἀριάδνη	348
ἑτερογενής	348
Δάρδανος	348
αἰόλος	348
ἑλληνίζω	348
ἀπογεννάω	348
κυλίω	348
ἀΐσσω	348
ἰκανός	347
Δίφιλος	347
επά	347
παραίτησις	347
πάγιος	347
ἰοβόλος	347
φανέρωσις	347
Φαίδρα	347
θερμαντικός	347
προτρεπτικός	347
σκοπιά	347
Βαρλαάμ	346
φουσάτο	346
Δικαίαρχος	346
ἠΰτε	346
πύον	346
ἀπόβασις	346
Ἀγήνωρ	346
ἀναπλήρωσις	346
εὐτύχημα	346
κρείσσων	346
ἐλεγεῖον	346
εὐμεγέθης	346
κόμπος	346
ἀλλαγή	346
προνοητικός	346
ὁδοιπορέω	346
συγγενικός	346
βολβός	346
ἔρρω	346
διείργω	346
συναυξάνω	346
σπανίζω	346
προσκόπτω	346
ἐκτρέχω	346
̓	345
σο	345
δαί	345
τοὔνομα	345
Φοινικοῦς	345
νεστοριον	345
οιὁ	345
χόρος	345
ἀριστολόχεια	345
Εὐρύπυλος	345
δάμαρ	345
ἀμέτοχος	345
Μέτελλος	345
ἐπέκτασις	345
σκόλοψ	345
ὄφλημα	345
ἐνθύμησις	345
πονηρεύομαι	345
ὑδαρής	345
κατατολμάω	345
γλυκερός	345
λέι	344
Λάβαν	344
Ἰφικράτης	344
ὀξύκρατον	344
πέδιλον	344
Φράγγος	344
καύχησις	344
ἀδελφότης	344
ἀρνίον	344
ρωμαϊκός	344
αὐλών	344
ψηλαφάω	344
ὑποληπτέον	343
φυλακτήριον	343
κλόνος	343
διάτονος	343
γενέθλη	343
Γάζα	343
Ἰουδαικός	343
νησιώτης	343
τρισκαιδέκατος	343
φλυαρέω	343
ψεκτός	343
ῥάπτω	343
τείρω	343
γι	342
ἀμφοτέρως	342
ποσαχῶς	342
ἐμψυχόω	342
τρέ	342
ἀλόη	342
Μηριόνης	342
γάρος	342
κάρδαμον	342
μύσος	342
ἀμέθεκτος	342
ἀλαλαγμός	342
χωριστής	342
ἁρπάγη	342
πάροικος	342
ἐγκελεύω	342
πεῖνα	342
ἀμοιρέω	342
ἀποκηρύσσω	342
φρύγω	342
νβ	341
σία	341
οἰκοδομεύς	341
ἰθύς	341
ἀθήρ	341
μύρτος	341
προμήκης	341
σκύλαξ	341
βασκαίνω	341
γεραίρω	341
μυσταγωγός	341
μίας	340
καταντικρύ	340
χος	340
γενή	340
πρᾶσις	340
ὑπουργία	340
Ὁνώριος	340
Ἀντιόπη	340
ἐξιλάσκομαι	340
Καλυψώ	340
ἀδόκητος	340
παχυμερής	340
Πῖσα	340
χειρόω	340
προσημαίνω	340
Ῥῆσος	340
συσκευάζω	340
καταφθείρω	340
ΗΚ	339
ΚΓ	339
ΚΒ	339
μῖξις	339
ἁγίασμα	339
καταρχή	339
τεράστιος	339
μετάδοσις	339
ἀπομνημόνευμα	339
ἀγχόνη	339
παλινδρομέω	339
ἐποπτεύω	339
Ἐρετριεύς	339
ἄφραστος	339
ἰσάζω	339
κολοιός	339
συντέμνω	339
Δεῖνος	338
τρι	338
νικητήριος	338
μεγάλη	338
φλαῦρος	338
σπάργανον	338
Οἴαξ	338
διαβόητος	338
προπαροξύτονος	338
ὀσφραντός	338
συμμίγνυμι	338
Ἡρακλεώτης	338
ἥδυσμα	338
ἀπευθύνω	338
ἐπιδιώκω	338
ἐπίλοιπος	337
Ἰωσίας	337
Φλαβιανός	337
Σικυών	337
χρηματισμός	337
δύσβατος	337
Σωκρατικός	337
προσεγγίζω	337
διαιτητής	337
μετοικίζω	337
νίφω	337
Ἀβιμέλεχ	336
Στοά	336
ἐκγίγνομαι	336
Ἰωνικός	336
Ἰνδία	336
παραπρεσβεία	336
Ῥωμύλος	336
ταῦτος	336
Ἰσαάκιος	336
Ἡσαΐας	336
προνομή	336
Μαξιμῖνος	336
καταγραφή	336
ἄδηκτος	336
ἀνεξέταστος	336
Ἀκαρνανία	336
σκῆψις	336
περιήγησις	336
ἀρρώστημα	336
ἐπικλύζω	336
ἡμῖν	335
κουβούκλειον	335
Καινή	335
Αἰλιανός	335
σώζω	335
Λεπτίνης	335
Ἄψυρτος	335
ἀσχημονέω	335
πύκτης	335
ἐπανάληψις	335
ζωστήρ	335
ὑπεξέρχομαι	335
γλίχομαι	335
ἀγρεύω	335
θεραπευτής	335
παιδαγωγέω	335
ἐπαύριον	334
ΘΖ	334
Ρ΄	334
καθεξῆς	334
Ἀπλοῦς	334
τοῦ	334
Θρόνοι	334
Δείναρχος	334
Ἰουδά	334
Μάρκιος	334
πανωλεθρία	334
Μάριον	334
Ἰδουμαία	334
ἀπαίτησις	334
Τένεδος	334
ἐπαισχύνομαι	334
χαλαρός	334
πυγμή	334
πεντηκοστός	334
δεσμεύω	334
πετάννυμι	334
κραίνω	334
ΖΔ	333
πλεοναχός	333
Ἀθήναζε	333
ἀπύ	333
γαστριμαργία	333
ἔγκυος	333
Κύμη	333
θολερός	333
μώλωψ	333
ἑκατόνταρχος	333
μογέω	333
κατασβέννυμι	333
λύγος	333
ἀναρτάω	333
Ψυχρός	332
οὐδεπώποτε	332
ἀγέλασμα	332
εὐκαιρία	332
Παιάν	332
ἀρχαιολογία	332
διάκοσμος	332
κραταιόω	332
κιχάνω	332
ἀνακλίνω	332
δυσχερῶς	331
οἴχω	331
εὐήθεια	331
πρόκλησις	331
εὐπατρίδης	331
Πάνδαρος	331
σηπία	331
ὑποδύομαι	331
ἑτεροῖος	331
ὑποκοριστικός	331
ΓΚ	330
ἄφαρ	330
Εὔδοξος	330
Φο	330
ἀμώμητος	330
παρακοιμώμενος	330
γλαῦξ	330
Ἀφρική	330
ἤλεκτρον	330
πελταστής	330
κάνεον	330
μακροθυμέω	330
ἁβρός	330
κακοποιός	330
Ἐνυάλιος	330
ἐρέτης	330
ἀβούλητος	330
κωμάζω	330
Στίξ	329
Γλαύκων	329
ὑπερβολικός	329
ψυχαγωγία	329
αὐτάρκεια	329
φλεβοτομέω	329
Νικόστρατος	329
σχέδιος	329
λιβυκός	329
πρῷρα	329
κατασκευαστικός	329
ἀνοικοδομέω	329
σαλπίζω	329
ανωτέρω	328
ἆ	328
Ὑπάτη	328
ὑποδηλόω	328
Νέμεσις	328
ὀφειλέτης	328
παρακμή	328
ἄορ	328
Κυμαῖος	328
ἔπαρσις	328
ἔμμετρος	328
ἀναδιδάσκω	328
τεκνόω	328
ἀφομοιόω	328
πομπεύω	328
αἰωρέω	328
περιτόναιον	327
νᾶπυ	327
ζωγραφέω	327
καινοτομία	327
ἀρχεῖον	327
αὐχμηρός	327
κύπτω	327
ἐγκλιτικός	327
νεμεσάω	327
ἁψίς	327
καταμήνια	326
συστοιχία	326
Σίβυλλα	326
Ἀμφιτρύων	326
Περίανδρος	326
λαγῶς	326
χοϊκός	326
ψαλμῳδία	326
βόστρυχος	326
μονομαχέω	326
διθύραμβος	326
ἀλύω	326
προσκομίζω	326
ἐξεπίτηδες	325
πειρατέον	325
προσλέγω	325
Στύξ	325
βραχύτης	325
ἀκρώρεια	325
λίψ	325
ἀνύποπτος	325
ἀσύμφωνος	325
ἀμύητος	325
παρεικάζω	325
ἐμπεριέχω	325
ἀκλινής	325
συγχαίρω	325
ἀναφωνέω	325
παλλακίς	325
μακρόβιος	325
έω	324
Λο	324
Ἀπίων	324
Ἀβδηρίτης	324
σίδιον	324
πρίσμα	324
πραιτώριον	324
Παναθήναια	324
ἀεικής	324
Θερσίτης	324
προπάτωρ	324
Ἀχέρων	324
Ἀρχίας	324
ἀκίς	324
εὔζωνος	324
ἀναρπάζω	324
ἀνέκαθεν	323
Ἀνδρίας	323
ἐφόδιον	323
νυνδί	323
Ἔρωτες	323
Πρίσκος	323
ἀνάντης	323
κακοήθεια	323
αὐθάδεια	323
Φάρος	323
ὄρχος	323
Θεσσαλονικεύς	323
Παρνασός	323
ἔγχελυς	323
παραλογισμός	323
ἐπίκλη	322
ὁμοθυμαδόν	322
δάνειον	322
ἀνάκτορον	322
ἐπιταγή	322
δυσφημία	322
Λύκειον	322
ἰσάριθμος	322
Δούκας	322
ἀκάματος	322
προσμείγνυμι	322
λεύκη	322
γρηγορέω	322
ἐγκαλύπτω	322
ἐπιφύω	322
οὐρητικός	322
ἠμί	322
δελεάζω	322
ν΄	321
Βαλαάμ	321
ἔνδοθι	321
Εὔκαιρον	321
στάσιμος	321
παρυπάτη	321
Νεμέα	321
Ἐτεοκλῆς	321
κατηγόρημα	321
κατάγνωσις	321
δώρημα	321
Τιγράνης	321
Τραϊανός	321
μαγεία	321
συνομολογέω	321
ἐξαρπάζω	321
θεομάχος	321
μεταγιγνώσκω	321
ἁμός	321
συρίζω	321
ἀνδραποδίζω	321
κατήφεια	320
κατάσχεσις	320
Λάϊος	320
Ἀθάμας	320
αἰθρία	320
θοίνη	320
ἐθελοντής	320
ἱεράομαι	320
διαιρεμένος	320
Κυζικηνός	320
δίνω	320
Θάσος	320
δερμάτινος	320
Φινεύς	320
κάμπος	320
ἀγωνιστικός	320
κατακρατέω	320
κατακοσμέω	320
διασκευάζω	320
ὀϊστός	320
βένετος	319
ἀνάλωτος	319
ἐκπύρωσις	319
Όη	319
εἱρμός	319
φρύγιος	319
μάρμαρος	319
πῖλος	319
ἐπιπάσσω	319
παραπέτασμα	319
δορκάς	319
σχάζω	319
δονέω	319
συνελαύνω	319
εῦθον	318
Σάββατο	318
πετεινόν	318
Λόϊς	318
Πράς	318
ἀβουλία	318
ἰτέα	318
μετάρσιος	318
ἄταφος	318
λεωφόρος	318
δύσπεπτος	318
ἀλαζονεύομαι	318
θαρσαλέος	318
Χο	317
ἡσυχῆ	317
ἐν-ὑπάρχω	317
ὁμος	317
Ξενίας	317
ἰσογώνιος	317
Καλλισθένης	317
σύγκρασις	317
λαῖλαψ	317
ἀμύθητος	317
ἀνατέμνω	317
γειτνιάω	317
πλωτός	317
ἀπαρτάω	317
ΧΕ	316
στύραξ	316
ζέσις	316
Σαβέλλιος	316
Αἰγεύς	316
Πελίας	316
Αἰολίς	316
χαράδρα	316
ἀθέμιστος	316
ἐνδεχομένως	315
ἴ	315
προχείρως	315
ἐγκόσμιος	315
δόρπον	315
λῶ	315
ἄχροος	315
Ἀστυάγης	315
Τυνδάρεως	315
Κολχίς	315
μυθώδης	315
διαγορεύω	315
ἐρεύγομαι	315
σκαληνός	315
σάρκινος	315
χειμέριος	315
νθ	314
ἀνδρείως	314
ὤ	314
Ἕως	314
ἀγ	314
Βάαλ	314
ἀτονία	314
θην	314
ἀμύγδαλον	314
ἀνύπαρκτος	314
Ῥῆνος	314
ἀνεπιτήδειος	314
Αὐλίς	314
καταγωγή	314
λείβω	314
πύματος	314
ῥυπτικός	314
ἄσις	314
βρότειος	314
Κιμμέριος	314
διασκευή	314
μετασχηματίζω	314
διαδείκνυμι	314
περικόπτω	314
ἐπιψαύω	314
ὀͅς	313
ταυτί	313
εύρεση	313
ὑπερβατός	313
προπάροιθε	313
δέλτα	313
Μακεδόνιος	313
ἐπιβάλλον	313
ἀδριανός	313
Μέλητος	313
Φωκίων	313
κακοχυμία	313
μικροψυχία	313
ἐπιχθόνιος	313
ταὐτότης	313
ἄφθιτος	313
λίχνος	313
κρᾶμα	313
τερατώδης	313
Εὔριπος	313
ἄκακος	313
λογογράφος	313
ποδαπός	313
ἐμπρησμός	313
Ἠπειρώτης	313
πτωχεύω	313
ΚΗ	312
τηνικάδε	312
ἀπάνευθε	312
τυτθός	312
Σευῆρος	312
Πήλιον	312
Λαομέδων	312
κατάντης	312
καύσων	312
Θεαίτητος	312
Ἀκάμας	312
βρύω	312
διαταράσσω	312
κυμαίνω	312
νῆς	311
Πεν	311
ὕπαρ	311
Σαμψών	311
Οὐρανία	311
ὀλιγότης	311
χοιράς	311
ἐπιμιξία	311
Ῥεβέκκα	311
ἀιδιότης	311
Νότος	311
αἰδέσιμος	311
Μακεδονικός	311
πραΰνω	311
εὐπειθής	311
φιλόλογος	311
τμητικός	311
Λαΐς	311
δολιχός	311
ἀνακύπτω	311
συμβασιλεύω	311
ἐκπηδάω	311
συνεδρεύω	311
αὔτεος	310
ΕΑ	310
κάθολος	310
ἐγ	310
μᾶς	310
ἦρι	310
ἄχαρις	310
ἱππεύω	310
συναλοιφή	310
ὀφειλή	310
ἐπίδηλος	310
ἄκοσμος	310
ὀθόνη	310
δραπέτης	310
ναύκληρος	310
ἐπόμνυμι	310
μισητός	310
διηθέω	310
ὁμόω	310
ἀπορρήγνυμι	310
λωβάομαι	310
ἐπάρχω	310
ΚΕ	309
ἀκωλύτως	309
πληγάς	309
Φόβος	309
Καπιτώλιον	309
Ναρσῆς	309
ἀνεπίληπτος	309
ἀπαιδευσία	309
γνωμικός	309
ἐργώδης	309
ἐξισάζω	309
ἐλεφάντινος	309
πρώ	309
Σειληνός	309
ῥυθμίζω	309
ἐπισυνάγω	309
ἀνέλκω	309
ἐπερείδω	309
ἕστiν	308
τῆλε	308
Έιδ	308
θάμβος	308
θυμηδία	308
κύησις	308
Ἐπαμεινώνδας	308
Λάχης	308
βάνω	308
ἀποτροπή	308
ἐπονείδιστος	308
εὐφυΐα	308
συναλγέω	308
σκυτοτόμος	308
Γύγης	308
δῆξις	308
Ἀρσάκης	308
διογενής	308
μολπή	308
θύννος	308
τρεπτός	308
γαμικός	308
ἐπιλήθω	308
διακαίω	308
συμπλέω	308
ἀποσῴζω	308
σποράδην	307
νύσσα	307
σκῆνος	307
Ἄνθεια	307
θανατηφόρος	307
Τεγέα	307
τιμωρός	307
χόριον	307
Ὄλυνθος	307
μελία	307
θᾶκος	307
νζ	306
αἰνιγματωδῶς	306
ἀμφίς	306
Ἰσμαήλ	306
ἀσάλευτος	306
Πράσινοι	306
Σήμ	306
μάντευμα	306
αἰπύς	306
πάλαισμα	306
λειότης	306
ἐγχειρίδιον	306
παῦρος	306
αὔχημα	306
ψυχαγωγέω	306
ἀναπλέω	306
πάνος	305
πεντάκις	305
Χαρίκλεια	305
Ὕπνος	305
ἀντινομία	305
ἔνοπτρον	305
Εὔμηλος	305
γενεσιουργός	305
ἱματισμός	305
οὐδή	305
ἄκμων	305
ἀναίνομαι	305
συναγείρω	305
θεσσαλικός	305
χειρίζω	305
Κάϊς	304
θον	304
λέαινα	304
γοργότης	304
καταθνῄσκω	304
σύμμικτος	304
συμπληρωτικός	304
ἀνάπαιστος	304
προσίστημι	304
προφασίζομαι	304
ΒΚ	303
τανῦν	303
πολλαχόθεν	303
Σιάν	303
Στος	303
ἀπαλλαξείω	303
Γάγγης	303
Πιττακός	303
νοτίς	303
ἀκουστός	303
ἀποφάσκω	303
διερμηνεύω	303
συμπεριλαμβάνω	303
ἐξουθενέω	303
ιζ΄	302
Καλ	302
ἀντιφατικός	302
παραινῶ	302
Δοῦρις	302
ὄσσε	302
σφάγιον	302
ἀποθήκη	302
κλών	302
Ἄδμητος	302
ὑπερυψόω	302
Δαυίδης	302
Ἴβυκος	302
καταστρατοπεδεύω	302
γαμήλιος	302
πυγή	302
προπίνω	302
γή	301
αρρώστια	301
τῆμος	301
φοῖνιξ	301
ἐλεάω	301
Θέογνις	301
ἄσπονδος	301
Νηρεύς	301
μεταβατικός	301
φροῦδος	301
καταμετρέω	301
Μεγαρικός	301
νγ	300
τετραχῶς	300
παιδιή	300
φαίνων	300
Καλλιόπη	300
ἔμμηνος	300
γλήχων	300
νιον	300
κοίλωμα	300
δέομαι	300
Φθία	300
θώς	300
ὑπουργός	300
ἐπαφίημι	300
διαπονέω	300
μέλπω	300
κτήσεις	299
Ιωακιμ	299
ὁλοσχερῶς	299
ἀφεστήξω	299
φιλόω	299
κέλευσις	299
Ἀπολλωνία	299
ἡλικιώτης	299
Μαρδόνιος	299
τέγος	299
μάλαγμα	299
ἔμβολον	299
βουλευτικός	299
κιθαριστής	299
ἀσχάλλω	299
χορτάζω	299
βάκχη	299
Ἐλισάβετ	298
τηκτός	298
οἰκτίρμων	298
ὀφθαλμίας	298
Κλεισθένης	298
δικτάτωρ	298
Ἴκελος	298
διφθέρα	298
ἄτονος	298
λεοντέη	298
ἔμπλεος	298
Ἱππῶναξ	298
Ἱσπανία	298
κλονέω	298
διάψαλμα	297
Λοκροί	297
Αἰμίλιος	297
ὑβριστικός	297
πρακτός	297
ὁμόλογος	297
αἰχμητής	297
εὔθυμος	297
ἐνάλιος	297
σκορπίζω	297
ἀνέδην	296
ἦμος	296
ΓΝ	296
μεγαλωσύνη	296
Ἀντίνοος	296
Οὐαλέριος	296
τυφλότης	296
Βανδίλος	296
ἐπιστασία	296
ΕΦ	296
κυδοιμός	296
ἀδρανής	296
γυμνικός	296
βασιλίσκος	296
λοπάς	296
θηλή	296
ἐκχωρέω	296
ἀφωνία	296
χορευτής	296
διισχυρίζομαι	296
ἁμιλλάομαι	296
παιδευτικός	296
παροίχομαι	296
φωλεός	296
περιθέω	296
στυγέω	296
ἀΐω	296
ἔτερον	295
πρεπόντως	295
κατάπληξις	295
Σευηριανός	295
Ἀσωπός	295
Πείσανδρος	295
Μίλων	295
Βάκχη	295
χεῖμα	295
δρουγγάριος	295
πυριάω	295
ἀκριβολογέομαι	295
βύσσος	295
φιλήδονος	295
τρύβλιον	295
τροφεύς	295
ῥόθιος	295
δρομεύς	295
καταιγίς	295
δαιτυμών	295
κόνδυλος	295
χαροπός	295
λυτός	295
ἄμητος	295
διαπλήσσω	295
Εὔμαιος	295
ῥιζόω	295
ἀντιάω	295
ιη΄	294
Διάγων	294
κος	294
κῦρος	294
Ἐνώχ	294
ἀπανθρωπία	294
ἀνεμπόδιστος	294
ἀναρχία	294
ναυτιλία	294
Θερμοπύλαι	294
Δομετιανός	294
φιλαδελφία	294
κασσίτερος	294
λήμνιος	294
ἀπορροή	294
ἀφύη	294
Διδύμων	293
ἀμέλει	293
φθέγμα	293
Φαληρεύς	293
περίφρασις	293
κρόμμυον	293
ἀθῷος	293
πελιδνός	293
κυνηγέσιον	293
ἐκπυρόω	293
τέλμα	293
Ἀραβικός	293
νιφάς	293
μεταγενής	293
μυσαρός	293
νοστέω	293
Εἵλως	293
χύτρειος	292
ἐπίνειον	292
σεραφίμ	292
υπερδισύλλαβος	292
Τελαμών	292
Ἄρκτος	292
Δυρράχιον	292
ὑστέρημα	292
γαῦρος	292
μονήρης	292
περιεργία	292
οἰνοχόος	292
ἐπαγωγός	292
Τισσαφέρνης	292
παιδοτρίβης	292
Μαίανδρος	292
στυγνός	292
ἐγγύη	292
άγιος	292
ἀσυνήθης	292
λόχμη	292
προλείπω	292
πρυτανεύω	292
μηχανικός	292
σωρεύω	292
Σάτο	291
ΗΖ	291
Σήθ	291
μονομαχία	291
Προῖτος	291
ἁγιωσύνη	291
εὔρυθμος	291
εἰκαῖος	291
ἀπολήγω	291
μήλη	291
ἑνάς	291
ἄθεσμος	291
εἰσδύνω	291
τρίζω	291
κεύθω	291
Χρύσης	290
πλάτη	290
ἄτρωτος	290
προμηθέομαι	290
ἀλλογενής	290
καταπληκτικός	290
μεταγράφω	290
Πολιτεία	289
Οὖννοι	289
ὀκτακισχίλιοι	289
Μωαβίτης	289
Τυρρηνία	289
Ἀντιγόνη	289
ἕρμα	289
κανονίζω	289
σφώ	289
ταχυτής	289
στρόφος	289
ἐντρυφάω	289
ἐνδοιάζω	289
κορύσσω	289
δημεύω	289
ΦΟΣ	288
πλάν	288
ἀνοίκειος	288
Ὑδάσπης	288
οἶτος	288
ἀπήνη	288
ἐπίπληξις	288
ὀμίχλη	288
μεθεκτός	288
ἐπινέμω	288
ἐρύκω	288
ἀπομνημονεύω	288
ΙΘ΄	287
διασταλτέον	287
αὐθήμερος	287
ἀγαθοποιέω	287
διψώδης	287
σύνδρομος	287
εὐπρόσωπος	287
εὐρύχωρος	287
πρίων	287
ἱεροσυλία	287
Ἰφιγένεια	287
σπούδασμα	287
ἀπογραφή	287
στρατήγημα	287
αἴγειρος	287
ἀστρολόγος	287
ῥιγέω	287
καθηγεμών	287
Αἰθιοπικός	287
ὀκτωκαίδεκα	286
φυλακτέος	286
Ἰωάβ	286
ὁλκή	286
συνηγορία	286
Εὔρυτος	286
Πηνειός	286
ἀτρεμέω	286
καταληπτός	286
διασκέπτομαι	286
μέρα	286
μιμητικός	286
Ἐπειός	286
ἀπειρέσιος	286
θύραθεν	285
ἄποθεν	285
κομιδῇ	285
Ριάν	285
αἰνίζω	285
ρά	285
τίπτε	285
ἐπίφθονος	285
μεταμόρφωσις	285
ἀσχημάτιστος	285
ὑπερμεγέθης	285
ἀχεύω	285
εὐμαρής	285
λίνεος	285
ὕειος	285
ὀρθοτονέω	285
ἐκκρούω	285
ἀνθρωπικός	285
ἄημι	285
λήμη	285
διαμετρέω	285
δειλιάω	285
τἀγαθόν	284
Ἡρόδωρος	284
Ὑπερβόρεοι	284
Γαλαάδ	284
καθύπερθεν	284
Πόις	284
χλεύη	284
συνοχή	284
διώκτης	284
καταπράσσω	284
προσκαρτερέω	284
θηρευτής	284
πάτος	284
παραιρέω	284
ἐκβιάζω	284
ὡρισμένως	283
οὐδαμόθεν	283
ἱλαστήριος	283
ἐλάφειος	283
μυθολογία	283
λυχνία	283
Διοκλητιανός	283
Ἕλλη	283
Μαχάων	283
πάγη	283
εὐθηνία	283
παμμεγέθης	283
Πολυδάμας	283
παστάς	283
διατύπωσις	283
εὐνοέω	283
κυνηγέτης	283
ἀντιδιαστέλλω	283
κατασκήπτω	283
Μακεδ	282
κομήτης	282
λαγός	282
Γαῖα	282
σχῖνος	282
παίδευμα	282
Ῥοῦφος	282
ἀκοσμία	282
ἐπιορκέω	282
Φρίξος	282
ἄντυξ	282
διαπνέω	282
κομπάζω	282
ἀποστατέω	282
γέγωνα	282
πεσσός	282
εἰσάπαν	281
τμᾶμα	281
ΣΤΕ	281
ἀντίγραφον	281
ἔγερσις	281
σμῆνος	281
ἐπισυνάπτω	281
λῃστεία	281
φάσγανον	281
ἀδολεσχία	281
ἀνέγκλητος	281
Νικομήδης	281
Πλειάδες	281
νίον	281
ὄμβριος	281
σαγήνη	281
ὁμόδουλος	281
κατασκεύασμα	281
καταμέμφομαι	281
τετριμμένος	281
αὐλητρίς	281
γογγύζω	281
ΖΚ	280
τόφρα	280
καταγώγιον	280
τόθι	280
περιχαρής	280
ἄπατρις	280
Πολυξένη	280
ὑπώρεια	280
Σθένελος	280
ἔτυμος	280
ἀγωγός	280
δυστύχημα	280
ὁλοσχερής	280
ὁμοφυής	280
περιφρονέω	280
πρεπώδης	280
πλεκτός	280
κατατέμνω	280
ἁπανταχοῦ	279
ἀλη	279
θεοπρεπῶς	279
ὤσπερ	279
σύμφυτος	279
Ἀριστομένης	279
οἰνόμελι	279
ναύσταθμον	279
ξυρόν	279
ἀσέβημα	279
πρόσρησις	279
σύμφυσις	279
παραδειγματικός	279
λυρικός	279
γυ	278
λώτ	278
εἰσω	278
τρα	278
χάλκανθος	278
Ἀμμώνιος	278
Φορμίων	278
περισπούδαστος	278
Ἑρμιόνη	278
Οὐολοῦσκος	278
Χαιρώνεια	278
Φάλαρις	278
τελέθω	278
εὐπάθεια	278
ἐπαινέτης	278
ὑάκινθος	278
φιλόξενος	278
δεξιτερός	278
χοίρειος	278
ἀντλέω	278
ἐκπαιδεύω	278
καταρρήγνυμι	278
φαρμακός	278
διαθέω	278
οβ	277
χειμάω	277
ὄργιον	277
προτεραῖος	277
Ἀριστοκράτης	277
ἔσσομαι	277
αὐτοζῷον	277
ἑκατόμβη	277
συναίτιος	277
ῥιπή	277
Λεία	277
ἄμβροτος	277
δοτήρ	277
συνείρω	277
πταρμός	277
ἀνενδεής	277
ἡμερόω	277
ἀποικίζω	277
ἐλάσσων	276
ἀναπαιστικός	276
Νέαρχος	276
φάτις	276
χρῖσις	276
ὁλικός	276
πολέμαρχος	276
τάραχος	276
Βάττος	276
ἀντιπαράστασις	276
ἕλκωσις	276
μιαιφόνος	276
διαχειρίζω	276
ὑπόγειος	276
ἀποτρίβω	276
παραχέω	276
παρθενικός	276
αἱμορροΐς	276
νεάζω	276
ξαίνω	276
προδείκνυμι	276
ἐπιτρίβω	276
ΝΞ	275
Μονογενεύς	275
νέμεσις	275
ὑοσκύαμος	275
εγώ	275
κακοδοξία	275
ἐρύθημα	275
Παρθυαῖος	275
ἀχαριστία	275
σωματοφύλαξ	275
Πειρίθους	275
πεῖσμα	275
ὦρ	275
ὄροβος	275
ἀνήνυτος	275
ἀντιπάσχω	275
νεογνός	275
αρειανός	275
Κυλλήνη	275
κνάω	275
προκάθημαι	275
ἐπικρύπτω	275
πόποι	274
μακρόθυμος	274
μίσυ	274
γενο	274
ἔνσαρκος	274
θαυματουργία	274
ἀρχιστράτηγος	274
ῥοιά	274
ἀτέλεστος	274
γλυπτός	274
οἴησις	274
ἀπροαίρετος	274
αὐτοσχέδιος	274
ἐπίσχεσις	274
ἐπόπτης	274
φρατρία	274
εὐσταθής	274
φηγός	274
Γραῖα	274
πιαίνω	274
βήσσω	274
ξύω	274
πτερόω	274
δεικτέον	273
Ἅγιος	273
Θέων	273
ὑπάρ	273
ἀλληγορικός	273
ἄστυ	273
Ἱερώνυμος	273
κρείων	273
ΥΠΕ	273
κάρφος	273
ἑκάς	273
πάχνη	273
ἱεραρχία	273
Κηφεύς	273
Φράγκος	273
ἀγάπησις	273
συνδοκέω	273
ἑψέω	273
προφορικός	273
καταληπτικός	273
κατάτασις	273
ἀνθηρός	273
ἐμπορεύομαι	273
ἑπτακαιδέκατος	273
συμπαραλαμβάνω	273
προμηνύω	273
ἐπιβοάω	273
στόρνυμι	273
Ἄγγελος	272
ἱκετήριος	272
ἀμετρητος	272
ἐπήκοος	272
τεταρτημόριον	272
ῥῆγμα	272
Μαρσύας	272
περιπέτεια	272
Τηθύς	272
Δανάη	272
κυρέω	272
προτέρημα	272
Κιθαιρών	272
περιληπτικός	272
καραδοκέω	272
ἀμοιβαῖος	272
ἑκτικός	272
κληδών	272
κρουνός	272
διστάζω	272
ΚΒ΄	271
Λευί	271
Ὀδύσσεια	271
ἔρεισμα	271
Πέργαμος	271
συνοικία	271
ἀνάπαυλα	271
παραίτιος	271
χίμαρος	271
Φεραί	271
ἀπογεύω	271
δημοσιεύω	271
τρίοδος	271
ἄελλα	271
πλαστός	271
ὅλμος	271
ψάμαθος	271
ἄσαρκος	271
Ἀχαρνεύς	271
σαίνω	271
ὀχυρόω	271
ὀπός	270
λιτή	270
πεῦσις	270
σύμβολος	270
Θήρων	270
Ἀρσινόη	270
διαχράομαι	270
Ῥαδάμανθυς	270
ἀερώδης	270
καῦσος	270
ἁλουργίς	270
φώκη	270
Ἰταλιώτης	270
κάδος	270
φυλακτικός	270
σπονδεῖος	270
πιάζω	270
συνήδομαι	270
ἀναθέω	270
ρε	269
Ἱστορίη	269
Ἶρις	269
χεῦμα	269
ἀναβάτης	269
παρθενική	269
δαψίλεια	269
Ἅιδης	269
παρέκβασις	269
συνεργία	269
κόλος	269
ἀθέατος	269
ἀπόφημι	269
ἐρυμνός	269
ὀθνεῖος	269
ἀγύμναστος	269
κώδων	269
σχεδιάζω	269
ἀντιγράφω	269
περιβλέπω	269
ναυαγέω	269
πιλέω	269
μισίρ	268
διά-ἐγείρω	268
ὦς	268
ποθή	268
Στράτων	268
τρίκλινος	268
ὑπάλληλος	268
ἀξίνη	268
κωνοειδής	268
οἰκτείρω	268
Ἀταλάντη	268
ἧλιξ	268
Βοιώτιος	268
πηγαῖος	268
σύνοψις	268
παραστατικός	268
βάζω	268
Πενθεύς	268
θεοποιέω	268
συγχράομαι	268
λυσσάω	268
Θείας	267
γλαυκῶπις	267
σανδαράκη	267
κατάστημα	267
εὐψυχία	267
τρίβολος	267
ἀνέλπιστος	267
ἡμι	267
Πηλείδης	267
πολεμόω	267
περιοδικός	267
ἕκατος	267
Γράφας	266
διαγωγεύς	266
ΑΛ	266
εἰδώς	266
ἐνδοτέρω	266
ἐκάδιος	266
σύνολος	266
φαΐ	266
ἀνείδεος	266
ὀστρακόδερμος	266
ἐρείπιον	266
ἧχι	266
Ἴλιος	266
Σαδδουκαῖος	266
κόλχος	266
Φᾶσις	266
μηνίσκος	266
ἀκανθώδης	266
τοκετός	266
ῥάθυμος	266
λάσκω	266
διαπρεπής	266
μωραίνω	266
πελαργός	266
συνωθέω	266
προσηλόω	266
συγκαλύπτω	266
ἴωσις	265
λήν	265
ἐνδελεχής	265
πρέμνον	265
σύγκριμα	265
ἐννύω	265
ὑπερφρονέω	265
ἄχνη	265
κενεών	265
Νικήτας	265
ἀκινησία	265
ἀπόφανσις	265
φράτηρ	265
πρόλογος	265
ὑγρασία	265
ἄχω	265
Πυλάδης	265
Τροιζήν	265
ἄλυς	265
θοῦρος	265
οπός	265
ἐγγυητής	265
ὄχθος	265
ἀντιβαίνω	265
ἐπιμονή	265
ἐντρέφω	265
ποσάκις	264
ἀντάξιος	264
κοσμοκράτωρ	264
Ἀσδρούβας	264
Κλεώνυμος	264
κυνέη	264
Κουρῆτες	264
ἀποτυχία	264
κουρά	264
τάγηνον	264
ἐμβριθής	264
ὑλακτέω	264
Λαέρτης	264
ἴψ	264
οὐσιόω	264
Ἐλευσίνιος	264
ἄναλκις	264
μαχητής	264
ἀποπτύω	264
σφοδρότητα	263
ἀείς	263
ἡμῖς	263
ἄπ	263
κόστος	263
Μιχαίας	263
μανδραγόρας	263
μετόπισθεν	263
ζιζάνιον	263
Ἀσάφ	263
ἐμπαλῶ	263
Ἡρόφιλος	263
Παλλάδιον	263
ὕπουλος	263
Λάμψακος	263
εὐπραξία	263
μητρυιά	263
προσβλέπω	263
ἀρχηγέτης	263
στήκω	263
ἐξαρτύω	263
κόγχη	263
ἀναφορικός	263
διαπορθμεύω	263
τεχνάζω	263
ΘΥ	262
κειρία	262
ΞΑ	262
ἐπίπνοια	262
ἀναβαθμός	262
ἐνυπόστατος	262
ἀτενής	262
σιδήριον	262
ἄρμενον	262
ἐπίπλοον	262
ἐπιτήδευσις	262
σατραπεία	262
τῦφος	262
ἀκοινώνητος	262
Ἰούνιος	262
καθιστάω	262
Εὐβοεύς	262
ἀνίκητος	262
οἰκοδομικός	262
ὁρμίζω	262
ἔμπυρος	262
ἐκμαίνω	262
προσκυνητής	262
πρηστήρ	262
ἐπιπηδάω	262
Νόμων	261
ψυ	261
ἀποχρώντως	261
Ἀπελλῆς	261
δωροδοκία	261
ἀντίρρησις	261
ς	261
ζωογονέω	261
πομφόλυξ	261
κατασημαίνω	261
φώρ	261
διαπρεσβεύομαι	261
συνοδικός	261
λαμπτήρ	261
Εὐαγγελίων	260
οὖτως	260
ἀντίφρασις	260
πρόφρων	260
τετραγωνικός	260
ΑΚΟ	260
στρατοπεδεία	260
Χάμ	260
τράγημα	260
Μελάνθιος	260
εὖγε	260
εὐπείθεια	260
ονομάζω	260
περιηγητής	260
Ῥάβεννα	260
Ἰεριχώ	260
ἰσότιμος	260
ἱμερόεις	260
ἱεροφάντης	260
νυκτερίς	260
γέλοιος	260
Μῆλος	260
ἐδάην	260
Μεγάλη	259
ίω	259
ρίας	259
ωσάν	259
προσαυδάω	259
Θεοδοτίων	259
σάφα	259
καλαμίνθη	259
Μιτυλήνη	259
Στρυμών	259
ὑπέρογκος	259
Ῥουφῖνος	259
τρισμύριοι	259
Ο΄	259
ἄκοπος	259
ἄρνυμαι	259
Πριαμίδης	259
ἀπεκδέχομαι	259
διαχρίω	259
σκηπτός	259
Μειλίχιος	259
ὄχος	259
κατατρίβω	259
πενιχρός	259
ἐπείτε	258
προπετῶς	258
τώς	258
Ἀθήναιος	258
Μάρις	258
ἄναιμος	258
φή	258
Ῥιανός	258
κυκλοφορητικός	258
ἀνδράχνη	258
θανατώδης	258
συμβλητός	258
οὐλόμενος	258
κολοβός	258
σπάρτον	258
λακτίζω	258
ὕαλος	258
στιβαρός	258
βεβηλόω	258
Λα	257
Ναυῆ	257
ένωση	257
πάροιθεν	257
ὑπερβατόν	257
ἀλλος	257
ἀραιότης	257
κασία	257
Μεσσηνία	257
Ἄππιος	257
Μῆτις	257
Τύλος	257
κυκεών	257
τετράπλευρος	257
ἑτερομήκης	257
περιπολέω	257
ἐκλανθάνω	257
διάρροια	257
εἰσπλέω	257
περιπτύσσω	257
ἐκδιώκω	257
Πα	256
δΗ	256
τρία	256
Σύνα	256
ὀξυγώνιος	256
ἀνώλεθρος	256
Ἱεροβοάμ	256
ἐπισημασία	256
υἱότης	256
προσυπακούω	256
καλλονή	256
πέρυσι	256
ἀνήκοος	256
ἐντροπή	256
μεσηγύ	256
Φιλόλαος	256
ἰσοσύλλαβος	256
κατάλοιπος	256
Φαρνάβαζος	256
Σάραπις	256
ἀραῖος	256
πλῆκτρον	256
ὑπερθετικός	256
συναπόλλυμι	256
σαύρα	256
ἀμνάς	256
ὑπατικός	256
ἀναψύχω	256
οἴγω	256
Χάραξ	255
πολυειδῶς	255
ΣΚ	255
ἔρνος	255
πεντάγωνος	255
Θεοφάνης	255
Λοκρίς	255
ἐξίτηλος	255
ἐκπλάσσω	255
κατώτερος	255
διάδοσις	255
ἀήτης	255
ἀνάρρησις	255
ποντικός	255
ἐνδεικτικός	255
Πελοποννησιακός	255
ἀλέξω	255
φιλόχριστος	255
κόρυμβος	255
ἀπαλείφω	255
μετακινέω	255
δΕΖ	254
ἔς	254
Ἡσύχιος	254
τυπικός	254
Ἐδώμ	254
χαλός	254
παντοδύναμος	254
κλεῖθρον	254
οἰκίσκος	254
Πύθων	254
Σμυρναῖος	254
Φόρκυς	254
θαρραλέος	254
σημείωσις	254
κώνωψ	254
ἀγριαίνω	254
Νικηφόρου	253
τήτη	253
Ἄγαρ	253
εὐφόρβιον	253
ἠγέω	253
στίγμα	253
σῖγα	253
ἀλέκτωρ	253
ψώρα	253
ἐπωμίς	253
Θήρα	253
ἀπαρίθμησις	253
φρύγανον	253
δωδεκατημόριον	253
ἡμερινός	253
διαγώνιος	253
καθικνέομαι	253
μεθοδεύω	253
διφυής	253
Θρᾴκιος	253
ἐπικρίνω	253
μεταχωρέω	253
τραγῳδός	253
ἄμι	253
ἀτρεκέως	252
γΐνω	252
Ἄφος	252
ἀπλανῆ	252
κϛ	252
Μᾶ	252
ἀκώλυτος	252
ἀκρόδρυα	252
οἶδμα	252
ρέω	252
τριπλασίων	252
ταύρειος	252
Ἆγις	252
πολύθεος	252
ἐκδοχή	252
κολλύριον	252
μεγάθυμος	252
Αὐτόλυκος	252
ἀτρεκής	252
εὔελπις	252
σινδών	252
κέλης	252
τρίγλη	252
βραβεύω	252
ἀμπέχω	252
ὕδερος	252
ταριχεύω	252
εὐθηνέω	252
ποίας	251
ἀνδάνω	251
φαγεῖν	251
ΝΣ	251
ἔχθος	251
Ζωή	251
Πηλούσιον	251
Ἐπιμενίδης	251
πρότιμος	251
Γρατιανός	251
μονομάχος	251
ἀγαθοποιός	251
συναρτάω	251
σκύφος	251
Τριπτόλεμος	251
κάτος	251
προκύπτω	251
ἐπεμβάλλω	251
ἐπιπλέκω	251
τεχνάομαι	251
ὤψ	251
ἐπιπολύ	250
Ῥώμυλος	250
κύπρινος	250
ἄμβαρ	250
ἑκάτερθεν	250
νεώριον	250
ῥῆξις	250
ἐκστρατεία	250
Φιλοκράτης	250
ἐξαλλαγή	250
πολυτίμητος	250
θωρώ	250
προχοή	250
σταθερός	250
ἐπιχωριάζω	250
φόνιος	250
ἀκονάω	250
κορέννυμι	250
ἐνωτίζομαι	250
τραυματίζω	250
Εὐάρεστον	249
ταῦτο	249
ἀδιορίστως	249
Λάβδα	249
Εὔκολον	249
Κέρβερος	249
ὑπόσπονδος	249
λύθρον	249
ἀρχαιότης	249
περιδεής	249
Μήνη	249
δῆμα	249
Πύρρων	249
Γόμορρα	249
Πήγασος	249
Παυλῖνος	249
Ζώπυρος	249
Λαπίθης	249
λεκτός	249
φειδωλός	249
μύκης	249
χαρτουλάριος	249
ἀποδύρομαι	249
ὕδρος	249
παροργίζω	249
ἀποκληρόω	249
Ἐλευθέριον	248
εὐμαρῶς	248
Μύρα	248
καλάνδαι	248
βελτίων	248
Ἁγνίας	248
ὀξύβαφον	248
Ἡλιόδωρος	248
ἐκεχειρία	248
κόσκινον	248
Χαβρίας	248
γαλαξίας	248
μεγαλήτωρ	248
σύμμορφος	248
παρονομάζω	248
ποδάγρα	248
μήνη	248
ἀπονίζω	248
μέλεος	248
Νάξιος	248
ἐπεμβαίνω	248
βιβλιοθήκη	248
Μεγαλοπολίτης	248
λιβάς	248
χρεώ	248
προσδιορίζω	248
μαλακτικός	248
χάζομαι	248
ὀπηδός	248
λιμώσσω	248
κηδεύω	248
φρονίμως	247
πιστῶς	247
δεῖνος	247
ἐπάγγελμα	247
βλάστησις	247
ασσα	247
ἕδνον	247
παροξύτονος	247
ἑτερόδοξος	247
Ἑρμοκράτης	247
πεποίθησις	247
εὐτρεπής	247
έκαστος	247
περινοστέω	247
ἔκδηλος	247
ἐπαρτάω	247
μόναρχος	247
Ἀρκτοῦρος	247
κεστρεύς	247
ἀποπηδάω	247
ΚΜ	246
ἀπάντομαι	246
κορός	246
ἀναμίξ	246
ἄνθ	246
μεγιστάν	246
ποδήρης	246
μεγαλοφροσύνη	246
ἄτεκνος	246
ἐλευθεριότης	246
διαχώρησις	246
Εὐρώτας	246
Λάρισσα	246
Ἀθήναιον	246
κίχλη	246
πεντάς	246
βελόνη	246
μετοικέω	246
θηριακός	246
διακρατέω	246
τραχύνω	246
χαλ	245
Φύλαρχος	245
δῆρις	245
γραμ	245
χρεῖος	245
Ἀμώς	245
Κλαζομένιος	245
Χαρίδημος	245
φιλία	245
ἀκόρεστος	245
εὔβουλος	245
συμμαχικός	245
χρωματικός	245
συμφρονέω	245
ἐπιρροή	245
τάπης	245
Μάϊος	245
ἐγκωμιαστικός	245
ἐπιδεικτικός	245
συλ	244
ἀνεξικακία	244
Ἀμορραῖος	244
ἄσταχυς	244
ἀναγέννησις	244
Μαξιμιανός	244
ἄμυλος	244
Ἀδράστεια	244
Ποτίδαια	244
πραπίς	244
δικαιολογία	244
μελανία	244
φωσφόρος	244
ἱππ	244
ῥόμβος	244
ἐπιμέμφομαι	244
ἀβέβαιος	244
ἄπταιστος	244
παννύχιος	244
καλύβη	244
καταλαλέω	244
ἀπτήν	244
ἐπικαλύπτω	244
παιδικόν	243
ἀρχω	243
ὗ	243
Γαλλία	243
παγκράτιον	243
Βρασίδας	243
ἀνδραγάθημα	243
σμερδαλέος	243
δοξαστός	243
μήνυμα	243
ὑποτύπωσις	243
φυή	243
φρυκτός	243
ἄπλετος	243
ἄλειμμα	243
Ἐπίδαυρος	243
κατάκλισις	243
τροχαϊκός	243
πανηγυρίζω	243
καρτερικός	243
μυθέομαι	243
νοσερός	243
ἐμπλέκω	243
ἐξαριθμέω	243
ζυγός	242
ἀρτέομαι	242
Ἀβεσσαλώμ	242
Ειτ	242
Λυ	242
ἤρεμος	242
ἔαν	242
λυαῖος	242
ἀποφυγή	242
πενθημιμερής	242
Οὐαλεντῖνος	242
δηνάριον	242
μελοποιός	242
ἄθυμος	242
ἅμμα	242
αὐτουργός	242
ὑπόνομος	242
Ῥῶς	242
συγγνωμονικός	242
στασιαστής	242
προθεσπίζω	242
στοιχειώδης	242
θίασος	242
ὀρεύς	242
ΗΓ	241
κατεῖδον	241
ΒΛ	241
φυλάζω	241
ὁσάυτος	241
Καρύστιος	241
πρεσβεῖον	241
όποιος	241
ἐπίθεμα	241
ἱπποδρομία	241
πέζα	241
Μυρτίλος	241
ἀσφόδελος	241
δρασμός	241
ἔγκατα	241
μοναχικός	241
κομέω	241
δεκατέσσαρες	241
διάβροχος	241
αἰώρα	241
ἀπονίναμαι	241
μάνδρα	241
ἰξός	241
φαιδρότης	241
φόρμιγξ	241
Ἰόλαος	241
ἀκουστής	241
πολυώνυμος	241
λόω	241
ἐρέσσω	241
πειρατής	241
κυέω	241
δομέω	241
καταθύω	241
μυκάομαι	241
μετανίστημι	241
ἐφόδια	240
γάμμα	240
παραμύθιον	240
νεόω	240
Φιλοποίμην	240
επόμενος	240
φιλοχρήματος	240
λειτουργικός	240
εσύ	240
ψευδαπόστολος	240
καμάρα	240
στοῖχος	240
Εὐθύδημος	240
κράσπεδον	240
Γηρυόνης	240
Γένεσις	240
μέτρησις	240
φθείρ	240
Παλλήνη	240
ἴρινος	240
Τυρρηνικός	240
ἕσπερος	240
καταβοάω	240
πέτρος	240
καταμηνύω	240
συμμιγής	240
συμφεύγω	240
Ἴφικλος	240
ἐπίκληρος	240
λιγύς	240
στικτέον	239
πύρεθρον	239
ἀμετάθετος	239
προαιώνιος	239
ἄσιτος	239
Σολόμων	239
ἄνηθον	239
ἐκπονέω	239
συγκινέω	239
ἀλφός	239
διαβιόω	239
στήμων	239
Μεγάλης	238
τηλόθεν	238
ΑΤ	238
Κνίδιος	238
τριβαλός	238
κρόκη	238
πικρότης	238
παράβολος	238
ἐμβιβάζω	238
ὑποδιαίρεσις	238
μεσιτεύω	238
πάταγος	238
δόναξ	238
παραστάτης	238
ἐπαφή	238
σκιερός	238
ἐλεγκτικός	238
ἀμφιλαφής	238
κηφήν	238
σίνομαι	238
σπασμώδης	238
διατρέφω	238
ἐντυπόω	238
ἀλλαχόθεν	237
ἀπωτέρω	237
ΘΓ	237
ἕκητι	237
Καδμεῖος	237
Νίνος	237
Τροφώνιος	237
χλανίς	237
ἰνδικός	237
ἀποπληξία	237
ἰταλός	237
μηλέα	237
ἄρρηκτος	237
Ίος	237
προκινδυνεύω	237
Ἰεχονίας	237
Σαμοθρᾴκη	237
Τεγεάτης	237
ἐπαναφορά	237
ἔμπυος	237
ὑσμίνη	237
ἐμπαίζω	237
καθιδρύω	237
μετασκευάζω	237
ἐπιθυμητής	237
εἰσκομίζω	237
ΘΑ	236
ἀττικῶς	236
Τέκνος	236
ἐξώτερος	236
ευδηλος	236
Θεόδοτος	236
Χάρυβδις	236
ἶψ	236
ἐπισκώπτω	236
Ἄνυτος	236
ἀνάκλησις	236
εὐμήχανος	236
Μυτιληναῖος	236
ἀκλεής	236
Ἰανουάριος	236
Συβαρίτης	236
ῥαφανίς	236
παρακινέω	236
ὀχληρός	236
συναισθάνομαι	236
μελῳδέω	236
εὔφρων	236
ἐπισκευάζω	236
διακρούω	236
ὑπερβαλλόντως	235
ἐλλιπῶς	235
δρ	235
Γεδεών	235
Δᾶμις	235
καινίς	235
ἀκαρής	235
ἀναμφισβήτητος	235
φλέβιον	235
φράτρα	235
συναναστρέφω	235
ἀγέρωχος	235
ἑβδομαῖος	235
σχολαῖος	235
ἰσόθεος	235
ἐφορμέω	235
ἐμπήγνυμι	235
ἐμίν	234
ταπεινότης	234
ἐπομβρία	234
κιβώτιον	234
Μελέτιος	234
Σάκης	234
Κασσάνδρα	234
διασημαίνω	234
πολύτιμος	234
συνεισάγω	234
ἀποφθέγγομαι	234
ποταπός	234
ἁπτικός	234
ἀδημονέω	234
οὔριος	234
ὠτειλή	234
στατός	234
ἀνταίρω	234
προγενής	234
βατός	234
ἐρινεός	234
διασκοπέω	234
χθαμαλός	234
πρόσφορον	233
ἀντικρύς	233
ἀρκούντως	233
ἄρον	233
λάλ	233
Κόδρος	233
ἀνυπέρβλητος	233
τριγενής	233
Θέρσανδρος	233
λῆμα	233
Χρύση	233
ἐπίκρισις	233
Νικόμαχος	233
εἴκελος	233
σαρκίον	233
Ἀφρικανός	233
αἵμων	233
συστρατιώτης	233
χώομαι	233
Δῶρος	233
Πύλιος	233
ἁβροκόμης	233
ἔκλυσις	233
ἐξηγητικός	233
εἴσπραξις	233
λῃστεύω	233
δίεσις	233
παρατροπή	233
λαβύρινθος	233
νωθής	233
καυσώδης	233
διίημι	233
ἐξυβρίζω	233
ἀλογέω	233
ἐπισκοτέω	233
ἐμπιστεύω	233
ψαύειν	232
κάνταῦθα	232
ὀρθοδοξία	232
προὔργου	232
θυμιατήριον	232
Μάρθα	232
σίτησις	232
δυσεντερικός	232
ἐγκύμων	232
τέθριππον	232
μηνυτής	232
θόλος	232
Σεπτέμβριος	232
βρωτός	232
ἐπιδέξιος	232
προέλευσις	232
τιθήνη	232
περιτείνω	232
ἀπαλλοτριόω	232
ἄζω	232
ἐπισύρω	232
ἀπογυμνόω	232
καταλογάδην	231
δός	231
λείν	231
ἐπιγάστριος	231
Ἰόβας	231
Τουτίλας	231
εὐτονία	231
ὁπλιτικός	231
δίζημαι	231
ὑφήγησις	231
εὐάλωτος	231
θρόος	231
Σαυρομάτης	231
μανιώδης	231
διπλασιασμός	231
αἴλουρος	231
ὄρτυξ	231
κάπτω	231
τραπεζίτης	231
διαίσσω	231
ΙΑ	230
ΘΒ	230
τἀγαθά	230
αφότου	230
οὐλαί	230
συνοχεύς	230
μαστίχη	230
Βρεντέσιον	230
Λύσις	230
πλινθίον	230
σής	230
ἐτεός	230
φιλοδοξία	230
χαλεπότης	230
Νικόδημος	230
λεκάνη	230
κακοδαιμονία	230
ὑπεμφαίνω	230
ἀπλατής	230
Ἀρσένιος	230
κόλλα	230
δωρικός	230
Θηβαίς	230
Ἀπάμεια	230
ῥύπτω	230
Τυδεΐδης	230
Σκῦρος	230
ἁλυκός	230
Ούτο	230
Ἀσιανός	230
σφῦρα	230
ὁρατικός	230
κοιμίζω	230
στρεπτός	230
ἐπιλογίζομαι	230
ἀμέλγω	230
προσπλέω	230
θωρήσσω	230
συναπτέον	229
Αἰῶν	229
ὅντα	229
πολλοστός	229
Ὑπερίδης	229
Θεομήτωρ	229
πύρωσις	229
δάσος	229
διαζῶ	229
πρόσοικος	229
θύλακος	229
εὔψυχος	229
φιλαλήθης	229
Ἀνάξαρχος	229
μετάπτωσις	229
μίτος	229
τριήραρχος	229
ἀνώτατος	229
συνδιατρίβω	229
συγχρίω	229
κάθυγρος	229
νιφετός	229
προπίπτω	229
μεταπλάσσω	229
εἴρη	228
κάππα	228
Μιλ	228
Βεελζεβούλ	228
γνόφος	228
περικοπή	228
Δίρκη	228
πόλιον	228
καλοκαγαθία	228
Ἐπίδαμνος	228
λοιμώδης	228
ὡραιότης	228
νηφάλιος	228
ἐπῳδός	228
ὄμφαξ	228
ὁμοιότροπος	228
ἀποτρέχω	228
παιδοποιέω	228
διαζευκτικός	228
ψωμός	228
ξυρέω	228
ΚΑ΄	227
Βαιθήλ	227
πίτυρον	227
ἐκτενής	227
ἐπίορκος	227
ἀνάπλοος	227
ἐπαΐω	227
φιληδονία	227
πολυπράγμων	227
ἐπιορκία	227
ἀδέκαστος	227
Πολίχνα	227
ἕωλος	227
κωματώδης	227
δυσίατος	227
Ἱπποδάμεια	227
λοῦσις	227
Δόλων	227
Κύρνος	227
ὀγδοάς	227
κρίβανος	227
γύμνασμα	227
ἱερόω	227
προγραφή	227
ψαλμῳδός	227
θαλερός	227
διακοπή	227
γύης	227
εἰδοποιός	227
προτρέχω	227
συνωρίς	227
προσδίδωμι	227
συμπήγνυμι	227
τεταγμένως	226
Σώπατρος	226
πτολίεθρον	226
ἄρρητα	226
ουτ	226
Ἰλλυριοί	226
παῦλα	226
χαράκωμα	226
Δημάδης	226
Διαγόρας	226
Τραπεζοῦς	226
ἀτιμώρητος	226
Ἰλλυρίς	226
φορεῖον	226
γόμος	226
περιωπή	226
τετράχορδος	226
ψεῖ	226
ἐξουσιάζω	226
παπταίνω	226
κινδυνώδης	226
δημώδης	226
ἀγαυός	226
δεισιδαίμων	226
μητρικός	226
ἐξοπλίζω	226
Αὐγείας	226
καθυβρίζω	226
εἰσπίπτω	226
μάρπτω	226
ἰτέος	225
πτ	225
σχ	225
ΑΜ	225
ἐπιπόνως	225
ἀνε	225
παρατηρητέον	225
ἀνωθέω	225
ἀμνηστία	225
ζε	225
ἄτρακτος	225
καρποφορία	225
μενεαίνω	225
μαλακότης	225
λαγνεία	225
Κνίδος	225
νηνεμία	225
ἀριθμητός	225
περίχωρος	225
Ναζωραῖος	225
ἐξοκέλλω	225
ἐποικοδομέω	225
συνυφίστημι	225
νεωτερισμός	225
Μαῖα	225
εἰρηναῖος	225
περικαλύπτω	225
Μήτηρ	224
ἀπεναντίον	224
Ξ΄	224
ἀφῆς	224
βάδην	224
ἐπιμήνιος	224
Καινεύς	224
ἀμήτωρ	224
πρηνής	224
ἀγήραος	224
φαίδιμος	224
μελαγχολία	224
φιλοχρηματία	224
φιλοπονία	224
κνημίς	224
Πολύφημος	224
βλοσυρός	224
κότινος	224
Ἀρισταῖος	224
ἀρχιερατικός	224
ὑμενώδης	224
λυπρός	224
ἐπιψηφίζω	224
συμβιβάζω	224
ἁρπαγεύς	223
ἀπερισκέπτως	223
ἡγητέον	223
θεωρητέον	223
ρμδ	223
ἀναπελάω	223
πολλοχοω	223
ἐξαπίναιος	223
ἐχθές	223
εἱμί	223
τρωπάω	223
Θοῦς	223
σωμάτιον	223
ἑπτάς	223
Σαυνίτης	223
μικρολογία	223
ἐπέτειος	223
Μασσαλία	223
ἀσινής	223
μοιχαλίς	223
πολυμερής	223
πρωτόπλαστος	223
Νάρκισσος	223
συκάμινος	223
ἐμπλέω	223
φοιτητής	223
νειός	223
Τυρίων	222
ἐναν	222
πανταχόσε	222
εύθρυπτος	222
τρεισκαίδεκα	222
μιαιφονία	222
ἡρῷον	222
Ἐνδυμίων	222
ληΐς	222
ὄβριμος	222
βρόμος	222
αὔξη	222
δίαυλος	222
ἀγώγιμος	222
προγονικός	222
πορφυρογέννητος	222
ἔπηλυς	222
Τραχίς	222
τοξικός	222
σκυτάλη	222
ἔκλυτος	222
ὀνοματικός	222
νομοθετικός	222
παραλέγω	222
ἀνά-ἴσχω	221
κζ΄	221
ἀπαντηχέω	221
δί	221
δικαίωσις	221
Ἴσαυρος	221
ἔκδοτος	221
ἀνενέργητος	221
δύσφημος	221
Κύκνος	221
Λευκανός	221
ἰγνύα	221
σπαρτός	221
διάτασις	221
σφαῖρος	221
λέπω	221
μήλινος	221
ἐρείπω	221
κανθός	221
πρωτόγονος	221
πυρόεις	221
σύμμαρτυς	221
ναιετάω	221
ποδηγέω	221
ἀτερπής	221
ἀνελίσσω	221
ὀρρωδέω	221
ὀρούω	221
ἀνακρούω	221
σπ	220
ιϚ	220
Τομ	220
συνάντησις	220
ἐͅγώ	220
ξενότιμος	220
Λᾶγος	220
ἀφρόνιτρον	220
Λύκων	220
ἐπίδοξος	220
ἔλευσις	220
ἐναλίγκιος	220
Φιλωνίδης	220
μίλτος	220
ὕφος	220
λειχήν	220
Νεάπολις	220
μύραινα	220
ἀλυσιτελής	220
πάρεδρος	220
Ἀχελῷος	220
δεξαμενή	220
ἅλμα	220
ἠϊών	220
ἀντίδοτος	220
τελειωτικός	220
παραλυτικός	220
ψακάς	220
θεογονία	220
ὀπωπή	220
νοητικός	220
ὦτος	220
νός	219
εἴτουν	219
Ἀνδρία	219
διαχράω	219
ΧΡΥ	219
παμπολύς	219
κινητής	219
εἴσοπτρον	219
ἔξαρχος	219
Λαοδίκη	219
Τρίτων	219
Ἴδας	219
λαμπηδών	219
διάταγμα	219
μύλος	219
Θρασύμαχος	219
φιλόκαλος	219
τοιουτότροπος	219
ἄμβων	219
σέβασμα	219
Νηρηΐς	219
ἀναπέτομαι	219
Φεβρουάριος	219
ἀντισπάω	219
ἱλασμός	219
ἐρατός	219
εὐαρίθμητος	219
Ὧρος	219
συμπότης	219
εὔχυμος	219
ἀπομένω	219
ἀπονεύω	219
ἐπικός	219
σκεπτικός	219
ἐπίπροσθεν	218
προσεκτέος	218
ἱκετηρία	218
εἰδωλολατρεία	218
Δευτερονόμιον	218
διαμπερές	218
ὄζος	218
ὑποτελής	218
διατροφή	218
Εὔμολπος	218
Πελοπίδας	218
ὑπέρυθρος	218
παιδαγωγία	218
ἀφρώδης	218
εὔξεινος	218
Ἀρχιμήδης	218
νουμηνία	218
μάλη	218
Ἀρέθουσα	218
ἀχελῷος	218
ἄρχων	218
λιπαρέω	218
πυλωρός	218
ἀπολούω	218
δολοφονέω	218
μηνίω	218
λευγαλέος	218
ἀποπλανάω	218
γραπτέος	217
παιδοποιΐα	217
ἑκατέρως	217
Βουλγαρία	217
αἰγίοχος	217
εἰδωλόθυτος	217
Ἀμαλήκ	217
κάππαρις	217
ἰαμβεῖος	217
Λίγυς	217
νυχθήμερον	217
ἀθεότης	217
θαυμαστικός	217
μεταπλασμός	217
δύσφορος	217
βύβλος	217
στιβάς	217
Ἀμφίλοχος	217
ἀλέγω	217
τέθηπα	217
πάναγνος	217
ἀγελαῖος	217
παρασύρω	217
Πύθια	216
πουέ	216
ἑνίζω	216
λϛ	216
προσθετέον	216
μορέα	216
δαφνίς	216
Ἐλεάτης	216
ὀλίγωρος	216
Φιλόστρατος	216
σίαλον	216
ἱερατεύω	216
πρόσκομμα	216
πολυπραγμοσύνη	216
γενναιότης	216
θρησκεύω	216
Τιθωνός	216
ἐπιρρηματικός	216
Θεμίστιος	216
Τηρεύς	216
Ἔδεσσα	216
σίκλος	216
Ἄρχιππος	216
διερός	216
ἀμέριμνος	216
Κίος	216
ἀκέομαι	216
ἀράσσω	216
ὀγδοηκοστός	216
ἀντεισάγω	216
νυστάζω	216
μακρύνω	216
ἀπαρχῆς	215
ᾄπειτα	215
πτύελον	215
ἄκτινος	215
Νίων	215
εὐεργέτημα	215
τική	215
σίναπι	215
σω	215
ἀλεκτορίς	215
τρόπις	215
ἀνάγνωσμα	215
ἀγροικία	215
κοσμιότης	215
ἦτρον	215
ὑπερουράνιος	215
Ἴτυς	215
Κρόνιος	215
καλή	215
Σερτώριος	215
Ἡφαιστίων	215
κακοπραγία	215
Πιερία	215
θέσφατος	215
άσχω	215
ἀπομάχομαι	215
ἀνεπιστήμων	215
ἑκατοντάς	215
ἐκφανής	215
κατάδικος	215
ἀγάλλω	215
πτωτικός	215
προσρέπω	215
ἀνακ	214
Προφήτου	214
ῥηματικόν	214
μόρφωσις	214
ἕρμαιον	214
Ἱεροκλῆς	214
κατάνυξις	214
ἰού	214
τύφλωσις	214
ζωδιακός	214
πυρσός	214
ἀλλᾶς	214
ἑπτακισχίλιοι	214
Μαντίνεια	214
Καλλικλῆς	214
ἀγωνοθέτης	214
ἄληπτος	214
προσμαρτυρέω	214
ἀστρονόμος	214
ἔκδικος	214
ῥωμαλέος	214
πλάστιγξ	214
ἀποσκευάζω	214
χύμα	214
Μήλιος	214
ἱλήκω	214
περιζώννυμι	214
ὀρίνω	214
θείνω	214
ΓΛ	213
Γρηγοράς	213
Συριανού	213
μόρος	213
ἐγγύτης	213
ἐφετός	213
ξεστός	213
Πάριον	213
ἀμίαντος	213
ἀνατρίβω	213
Ἰκόνιον	213
παράκλητος	213
Μαγδαληνή	213
Ἀκράγας	213
συλλογιστική	213
ὑποβρύχιος	213
καταντλέω	213
τορός	213
ἐπιμαρτυρέω	213
ἀγράμματος	213
δειμαίνω	213
ταώς	213
χυτός	213
ἀπομάσσω	213
κεραυνόω	213
ἐπαράομαι	213
κτυπέω	213
πάτρη	212
αὐτί	212
εὐφημία	212
Γάδ	212
ἴχνιον	212
δένδρος	212
πολύγονον	212
γλισχρότης	212
μαγγανεία	212
γήϊνος	212
ἐκδρομή	212
πρόσρημα	212
κοίρανος	212
ἦκα	212
ἀνάτασις	212
ἐρωτηματικός	212
παράλειψις	212
ἔντασις	212
εἰκασία	212
δυϊκός	212
ἁγιότης	212
Μιτυληναῖος	212
καλλωπισμός	212
ἀνθορισμός	212
πρόφημι	212
δοιοί	212
ἵππειος	212
ποῶ	212
θεωρητός	212
τέγγω	212
ἴουλος	212
ἀποπέτομαι	212
ἐπιφημίζω	212
δάϊς	212
ἀναγεννάω	212
Λίδυμος	211
ἀναμέσον	211
Τότο	211
ΠΔ	211
ἑλ	211
θυγάτριον	211
καρδάμωμον	211
Μνασέας	211
θάλπος	211
Ουδ	211
παρέκ	211
ἀριστεῖα	211
Σεδεκίας	211
κοσμοποιία	211
καρδία	211
κυδώνιον	211
ὑπερδέξιος	211
ἀποφορά	211
Ἀρτεμίσιον	211
ὄις	211
μνήμων	211
προτακτικός	211
ὄχλησις	211
συντριβή	211
ἄπνοος	211
ἀκουστικός	211
προσκτάομαι	211
Σιμόεις	211
μεταληπτικός	211
ἀκοντιστής	211
ἀλωή	211
προσφυής	211
ἐφέζομαι	211
ἰάλλω	211
διαναπαύω	211
κώληψ	211
αὖος	211
ἐπαυξάνω	211
ἔχοω	210
ἐπη	210
ἀντισπαστικός	210
ἀναπνευστικός	210
διδα	210
ἀξιάγαστος	210
γύμνωσις	210
Σώστρατος	210
Ὑρκανία	210
Λευκάς	210
κέρκος	210
ἀδελφιδός	210
ἐπείσακτος	210
Πυθέας	210
διάκενος	210
μεταχείρισις	210
Ἰοκάστη	210
σύμπτωσις	210
ἀδεής	210
ὑφή	210
ἐνιδρύω	210
κικλήσκω	210
χωλεύω	210
στρεβλόω	210
εἰσβαίνω	210
τρυπάω	210
Χρι	209
ἐγγύθι	209
γιατί	209
Σινᾶ	209
ιστός	209
σημαι	209
Σουλτάν	209
δικαιοπραγέω	209
καλοκἀγαθία	209
Σεμίραμις	209
Λήδα	209
συνωμοσία	209
Τῆρ	209
Τληπόλεμος	209
κάτ-ηλυς	209
πορισμός	209
Μένιππος	209
ἀποδεικτός	209
κότταβος	209
διαπνοή	209
ἀπύρετος	209
πανδοκεῖον	209
μακαριστός	209
Βέροια	209
κατακαλύπτω	209
δημός	209
πνευματώδης	209
περιζώννυμαι	209
ῥανίς	209
πότερον	208
λιονυθεος	208
εἴμαρμαι	208
ἵξις	208
Παρί	208
Ἰωσαφάτ	208
κτέανον	208
χαριτόω	208
ὁμοιομέρεια	208
Ἀθηνόδωρος	208
Πολυμήστωρ	208
ἀμετάπτωτος	208
ἀφορία	208
ἀμηρᾶς	208
τειχομαχία	208
ἔποικος	208
Κεφαλληνία	208
πυρφόρος	208
ἄτροφος	208
Καλυδών	208
γευστός	208
ὄρρος	208
κατοχή	208
ποιμενικός	208
κλοιός	208
σύνεδρος	208
ἀμίς	208
ἐπιπροσθέω	208
ἐπελαύνω	208
που	207
τεσσαρεσκαίδεκα	207
εἴρων	207
ἐκτύπωμα	207
Χειμέριον	207
δήμος	207
ἐπίβασις	207
παραδοχή	207
ὄχεα	207
πτύξ	207
σφενδονήτης	207
ζωογόνος	207
Δῖον	207
χρῴζω	207
εὐδοκίμησις	207
ἅρπη	207
Κάνωβος	207
ἀναγνώστης	207
εὐανθής	207
εὐρύνω	207
εὐημερέω	207
κρυμός	207
ἐθισμός	207
ἀποπλύνω	207
πυρπολέω	207
ὑπεξαιρέω	207
ἔχης	206
ΠΡΑ	206
παλ	206
ἑλέπολις	206
ἀμετακίνητος	206
Ῥωμανία	206
ἰξύς	206
Ὀρόντης	206
ἀποτρόπαιος	206
Κιτιεύς	206
ἀντιπρόσωπος	206
πενθερά	206
Εὐαγόρας	206
πρωκτός	206
γλουτός	206
ἐγκαρτερέω	206
μοῦσα	206
καταβιβάζω	206
παράλλαξις	206
Μινύης	206
σθένω	206
διανοίγω	206
ποιόω	206
ΗΕ	205
Δώριον	205
ἀθέτησις	205
ἀσύνδετον	205
ζῶμα	205
κανόνιον	205
ἴνδαλμα	205
κάμψις	205
ἀλκαῖος	205
ἄρκυς	205
Ἕλενος	205
ἡμίφωνος	205
ἐποποιός	205
δαπάνημα	205
ὀκτωκαιδέκατος	205
ὑπερμαχέω	205
θέρω	205
ἀφνειός	205
προσπταίω	205
ἁγνίζω	205
ἐγκρατῶς	204
ἧσαν	204
βῆτα	204
παρέξ	204
παράσημον	204
ἀποχώρησις	204
Τελαμώνιος	204
φαρμακεύω	204
ἐπιγαμία	204
πόκος	204
Ταίναρος	204
Ἀντήνωρ	204
στρούθιον	204
Ναύπακτος	204
ἦτο	204
οὔρησις	204
γίγαρτον	204
θετός	204
πρωτοβεστιάριος	204
λῃστήριον	204
Ῥομπέρτος	204
χιτωνίσκος	204
Ἀριστοτελικός	204
ἱππόδαμος	204
περίδρομος	204
προφῆτις	204
Ζῆθος	204
ἕλμινς	204
ἠιών	204
γενετήρ	204
ὕδρωψ	204
κυκάω	204
ἀξιωματικός	204
ἀποπνέω	204
ἐκβοάω	204
πίμπρημι	204
ἐπώχατο	203
κυκλόθεν	203
κατέ	203
Καππαδόκαι	203
ἐλλός	203
Μενεκράτης	203
πρόοπτος	203
διάληψις	203
λῆνος	203
κέλευσμα	203
σκύβαλον	203
στέγος	203
εὐπαράδεκτος	203
Ἀμφιτρίτη	203
χαμαιλέων	203
ἄθυρμα	203
Κολοφῶν	203
Ἀρίων	203
ἐπαμφοτερίζω	203
Λοξίας	203
ἀστυγείτων	203
μῆχος	203
ἀπομιμέομαι	203
ἐνθουσιάω	203
ἔκθλιψις	203
διασπορά	203
σφαγεύς	203
σύγγονος	203
ἀλήθω	203
ἀπανίστημι	203
τρύχω	203
ἐξασκέω	203
προκηρύσσω	203
Τσί	202
ρο	202
αἰνῶς	202
Τίας	202
πετροσέλινον	202
θήραμα	202
ἀλωπεκία	202
πρωτοστράτωρ	202
τυρρηνός	202
οἰκείωσις	202
Ἐπιφάνιος	202
τέρην	202
ρω	202
Ἀδωναΐ	202
φωνητικός	202
ἀντιτυπία	202
πτελέα	202
θεαρχικός	202
φαλάγγιον	202
ἄθροισις	202
σφαιρίον	202
θεσμοθέτης	202
σπάνιος	202
Μαρῖνος	202
ὁδή	202
μεμπτός	202
εἰσπνέω	202
τρίτατος	202
αἱμάσσω	202
διασείω	202
ἐγχαράσσω	202
κατασπείρω	202
χύδην	201
μηδόλως	201
ἑπτακαίδεκα	201
Ἀμαλθεία	201
ἁρπαγμός	201
διανοέω	201
Ζαβουλών	201
παραγωγός	201
βδέλλιον	201
Νιου	201
συνθεΐα	201
Ἀριστοκλῆς	201
πρόσοψις	201
διαρπαγή	201
κυκλοφορία	201
Εὐρυμέδων	201
Δέκιος	201
οὐραῖος	201
Παλαιστῖνος	201
ἀκολούθησις	201
Ὀρχομένιος	201
συμπεριφέρω	201
βρόμιος	201
μῶνυξ	201
ἄπλαστος	201
Αἶνος	201
προτερέω	201
ἀνδριαντοποιός	201
τρομέω	201
πεμπταῖος	201
πλουτίζω	201
μετακομίζω	201
δολόω	201
βύω	201
ἀνακαίω	201
πρῶν	200
θερ	200
διακινδυνεύω	200
ἐνστάζω	200
Πολύκλειτος	200
σχολαστικός	200
κάλως	200
ῥύγχος	200
Λογγῖνος	200
Μελάμπους	200
Κάμιλλος	200
ἐννάτη	200
Μακκαβαῖος	200
κολαστήριον	200
Μαρτῖνος	200
ἀπελέγχω	200
Ἐρέτρια	200
ἔπεφνον	200
ἐνδημέω	200
μαλακίζομαι	200
πυρήν	200
ἀποψύχω	200
ξγ	199
ΑΓΔ	199
μεγαλεῖον	199
εἰστήκω	199
Ἡρακλέων	199
ἐπιθύω	199
Νύξ	199
Νέαιρα	199
περιμάχητος	199
Βερενίκη	199
κάθαρμα	199
κολοφώνιος	199
ὁλοκαύτωσις	199
Αἵμων	199
Τιμολέων	199
Καϊάφας	199
ψῆγμα	199
Γάλβας	199
Πῶρος	199
ἐφάμιλλος	199
Εὐμενίς	199
ἀπραγμοσύνη	199
Γαλάτεια	199
Αἰθάλεια	199
Ἠριδανός	199
ἑβδομηκοστός	199
ἡνιοχέω	199
λιγυρός	199
καρίς	199
κλάζω	199
ἀπλῆ	198
βρέτας	198
κατά-ἀντάω	198
κατοικητήριος	198
ἀμφικτύονες	198
ἔνταλμα	198
Ἰγνάτιος	198
δορυφορία	198
βιοτεύω	198
ἀκαλλής	198
Θηραμένης	198
Φόι	198
Παρμενίων	198
λινόσπερμον	198
ἐπώδυνος	198
ἱπποδρόμιος	198
σεβαστοκράτωρ	198
κλαγγή	198
Δημοσθενικός	198
πικρόχολος	198
εὐκτήριος	198
παρακάθημαι	198
κύρτος	198
καλύπτρα	198
ἀγλαία	198
Ἠϊών	198
ἐκτρίβω	198
ὀρυκτός	198
ἐπιρρώννυμι	198
ἐξέλκω	198
ῥάξ	198
ΙΕ	197
ΑΛΛΗΛΟΝ	197
τέος	197
ἄποινα	197
ἐκπλήρωσις	197
Φαβωρῖνος	197
στήριγμα	197
παιδοποιία	197
ἐλατήριον	197
Έντα	197
φιλαρχία	197
θρέψις	197
ἄνοσος	197
διάζευξις	197
Σωσθένης	197
ἐπέραστος	197
ὁδοιπόρος	197
συμπίτνω	197
ῥάφανος	197
τίτανος	197
Θρής	197
ἀμείλικτος	197
ἀλεξίκακος	197
Λαμψακηνός	197
Κάρμηλος	197
ἄνιος	197
πηγάζω	197
σφύζω	197
Θάλεια	197
ἀνακεφαλαίωσις	197
ἐκπολιορκέω	197
στρόβιλος	197
ἔκκριτος	197
χειροτέχνης	197
κοπίς	197
μύρω	197
κυλλός	197
ἀτονέω	197
ἐπισπεύδω	197
κεῖ	196
τόυτεος	196
Μεγασθένης	196
πηχυαῖος	196
ἀγήνωρ	196
Κυαξάρης	196
Ξανθίας	196
Καμπανία	196
Κορύβας	196
ἐπίμονος	196
πῖσος	196
ἠλακάτη	196
διεξάγω	196
ὁμόδοξος	196
γινωμένος	196
Νῦσα	196
Ἰάς	196
θυρωρός	196
ἄκατος	196
δαιμονάω	196
λιθοβολέω	196
συναινέω	196
πτήσσω	196
λεηλατέω	196
ναυπηγέω	196
δοιός	196
ΕΖΗΘ	195
δεκαπέντε	195
θεοδωριος	195
ευχολος	195
φευκτέος	195
διέ	195
τραγάκανθα	195
δικαιοκρισία	195
τετρᾶς	195
Πανδίων	195
εὐθαρσής	195
σήσαμον	195
ἡδύοσμον	195
ὑπερούσιος	195
γυναικωνῖτις	195
στακτή	195
σελίδιον	195
Δάκης	195
βδέλλα	195
ὁδάω	195
λέκιθος	195
χάζω	195
ἐγκρίνω	195
προϋπάρχω	195
ἐξάλλομαι	195
προπορεύω	195
ζάθεος	195
ἀσφάραγος	195
ἑσμός	195
λοιμικός	195
διοικητής	195
δοξαστικός	195
ἀναβλύζω	195
ἐνιαχοῦ	194
Πλιός	194
σῶ	194
ἀφροδίσιος	194
κατοίκησις	194
βράγχιον	194
ΚΝ	194
παρευθύς	194
φακή	194
Φρύγιος	194
κερατωνία	194
πρῖνος	194
Θευδέριχος	194
μακεδονικός	194
φθοροποιός	194
Βρεττανία	194
φλύαρος	194
προσκολλάω	194
θαυματουργέω	194
Ναύπλιος	194
νέηλυς	194
Καππαδόκης	194
προσανέχω	194
κατήκοος	194
ἐπικρατής	194
Πέλωρος	194
κολώνη	194
ἀγενής	194
εὐμαθής	194
παιδευτής	194
παρασιωπάω	194
μετρητός	194
ἀποχέω	194
περιλέγω	194
Ανδριανής	193
ὀνο	193
ἀποδοτέον	193
πολλή	193
Αἰτωλοί	193
Ἰατρική	193
κάνη	193
πράκτης	193
τουτί	193
χά	193
απλουστερος	193
ἀρέσκεια	193
πρόμος	193
ἀδιάφθορος	193
μάτος	193
Σοδομίτης	193
ἀλλοτρίωσις	193
Κατάνη	193
τιάρα	193
αἱματόεις	193
Ῥῶμος	193
ταχύτης	193
φακῆ	193
Εἰλείθυια	193
Ἀγχίσης	193
Ἀγαμεμνόνειος	193
κασιγνήτη	193
ἠρίον	193
ἀυτή	193
μασάομαι	193
τερατεύομαι	193
ἀδαμάντινος	193
ἔρως	193
λάπτω	193
διανίστημι	193
βρύκω	193
διασχίζω	193
αὐτόχρημα	192
ἐπιφανῶς	192
στέφος	192
ἐπίχειρον	192
εδώ	192
ευτός	192
Βενετία	192
ὑπομιμνήσκω	192
Ἄσσος	192
θεόφορος	192
συσσίτιον	192
σκευοφόρος	192
τέ	192
Δημοχάρης	192
αὐτοάνθρωπος	192
φρένιτις	192
Ἠώς	192
τερατεία	192
εὐφορία	192
ἐκτομή	192
Νοέμβριος	192
ἑκκαιδέκατος	192
ἐμμέλεια	192
μανότης	192
διχοστασία	192
τρύπημα	192
ἀνακαθαίρω	192
Ἄβας	192
πυκτεύω	192
παρίσωσις	192
πτύσμα	192
ἄθεμ-ις	192
κατακυριεύω	192
μεγαλαυχέω	192
ἑτοιμασία	192
ἐλελίζω	192
κατωφερής	192
ὑπαντιάζω	192
κύρω	192
ὑπονοστέω	192
ἁγιάζω	192
εἰσελαύνω	192
ἀποσχίζω	192
ἀπάω	191
πεῖν	191
ἐκποδῶν	191
ΑΑ	191
ΕΛ	191
πατρόθεν	191
προφάω	191
Χρυσόστομος	191
Αλ	191
Έσλιν	191
κιννάβαρι	191
παράνοια	191
Ἄγκυρα	191
ἀνεπίδεκτος	191
χήνειος	191
ζωγραφία	191
ἀπραξία	191
λάρος	191
τεχνολογία	191
τευθίς	191
ἐπιβιόω	191
ἀπρονόητος	191
ἐποτρύνω	191
ᾦον	191
ἀκάτιον	191
Πειθώ	191
ἐπιμόριος	191
βατίς	191
προστρίβω	191
ὀιστός	191
ἐπαλείφω	191
λεύω	191
ὀρός	191
τοὐλάχιστον	190
εὐρίͅσκω	190
ὀποβάλσαμον	190
Θάσιος	190
Ἀναξανδρίδης	190
Λεύκων	190
ἀγχίνοος	190
Μάνης	190
μεταλλικός	190
Ἐδέμ	190
Καρικός	190
σύνδεσις	190
περίβλημα	190
λήκυθος	190
εἰρεσία	190
Θερμώδων	190
κερδαλέος	190
πυλίς	190
πλευριτικός	190
ὁμιλητής	190
πολυμαθής	190
στρεβλός	190
πολύχρυσος	190
συνθλάω	190
χολάω	190
ἐξανθέω	190
κοιλαίνω	190
Λέως	189
Εἴδων	189
ξβ	189
θοῶς	189
ἐπανάγκης	189
Ἠσαίας	189
Φινεές	189
μεθερμηνεύω	189
ἀπαλαύω	189
σπέος	189
Λάκαινα	189
παρθένιον	189
ἀκαιρία	189
ἀνούσιος	189
περαίας	189
Παιονία	189
κανονικός	189
δυσθυμία	189
ἀστερόεις	189
συνέλευσις	189
Ἀκαδήμεια	189
Σινωπεύς	189
ἀπερίτμητος	189
ποδιαῖος	189
ποδώκης	189
κλεψύδρα	189
κόφινος	189
φρίξ	189
φωτιστικός	189
διάω	189
ἐξεμέω	189
παρασπονδέω	189
ἐπιρριπτέω	189
μεθοδικός	189
ὑπερασπίζω	189
στοι	188
ΑΓΒ	188
ποικιλία	188
μήδεα	188
μελάνθιον	188
βρυγμός	188
Αἴξ	188
μέθυσος	188
εὐσύνοπτος	188
προκάλυμμα	188
κηδεία	188
ἐννάω	188
ψευδολογία	188
Πάτραι	188
ὕαινα	188
Αὐγούστα	188
ἐναντίωμα	188
Σιλεντιάριος	188
γενειάς	188
τηλαυγής	188
Ἐκβάτανα	188
Δεκέμβριος	188
ἰσοταχής	188
συνθέω	188
κτῶ	188
ἀγανός	188
ἐγκάθημαι	188
κυβερνητικός	188
εἵλη	188
πῶρος	188
γρῖφος	188
ἐνάρχομαι	188
Μαλλός	188
διεκπίτνω	188
Ἡρακλείων	187
ἀρκτέος	187
ἄγετε	187
χοριαμβικός	187
ἐφιστάνω	187
φυσιόλογος	187
ἀδιάλειπτος	187
Χαιρεφῶν	187
εὐάρμοστος	187
πολλαπλασίων	187
πύξ	187
Βορυσθένης	187
ὁμοφωνέω	187
ἀτείχιστος	187
Μόψος	187
διχοτομία	187
τρικυμία	187
εὐάρεστος	187
αὐτονομία	187
ἀπήμων	187
Σκηπίων	187
κύπελλον	187
φενακίζω	187
μακαρίτης	187
ὀδμή	187
προνομία	187
δίπτυχος	187
ὕπερος	187
φλύκταινα	187
ἀμφημερινός	187
ναυτίλλομαι	187
ἀσάω	187
ἐπιτέμνω	187
φημίζω	187
Πληθ	186
ἐξαρχῆς	186
ἰή	186
ὄνιον	186
βρά	186
ριος	186
ἀπόζεμα	186
εἰσαῦθις	186
ἀπόπλοος	186
Ἐνυώ	186
Θεία	186
κακείθεν	186
καρποφόρος	186
Βαρνάβας	186
Ἄνδρων	186
παρωτίς	186
φροντιστήριον	186
Ἀπολλῶς	186
ἀδιανόητος	186
βάδισμα	186
ὀχυρότης	186
ἀνάπλεος	186
ἀκρεμών	186
Δωρόθεος	186
θειότης	186
ἄλυσις	186
συνῳδός	186
οὐρία	186
πολυθρύλητος	186
ἥδω	186
ῥοῖζος	186
ἐπίλυσις	186
ἐπακτός	186
ψέλιον	186
σύμφημι	186
ὑπεῖπον	186
τίτθη	186
ἀράχνιον	186
δυσανασχετέω	186
περιδέω	186
Ἰθακήσιος	186
ὀβελίσκος	186
Αἰγαί	186
φυσιολογέω	186
ἐμπορικός	186
παραπαίω	186
ψύλλα	186
εὐπρεπῶς	185
λβ΄	185
Πόσα	185
ἀδελ	185
Μαξίμου	185
εἴποτε	185
ἐρω	185
περισπαστέον	185
παρανήτη	185
ἤτε	185
σιδώνιος	185
αἶθοψ	185
ἑκτός	185
κατάρατος	185
Ἀγχίαλος	185
δέσις	185
λήιον	185
λάξ	185
Νούσι	185
εὐμήκης	185
σχετικός	185
ἐνεργής	185
Τρίπολις	185
ἐπεῖπον	185
αὐλητικός	185
ἴκτερος	185
ἀπαγόρευσις	185
ἀσύντακτος	185
γραφίς	185
στενάχω	185
λέμβος	185
προσαγγέλλω	185
καλιά	185
ἀνίερος	185
ἐνεργάζομαι	185
οὖον	185
πάλος	185
ΙΓ	184
δΑ	184
ὑπερκατάληκτος	184
ἀριστος	184
Πέιν	184
δάν	184
ρός	184
μέθυ	184
Ιεροβοάμ	184
σύντριμμα	184
Σωφρονίσκος	184
ἀντέγκλημα	184
σύγχρονος	184
θέων	184
μεγαλεῖος	184
Κλεόμβροτος	184
ἡδυπάθεια	184
συμπαθέω	184
Χαρικλῆς	184
προσάντης	184
βραχυλογία	184
Μαίων	184
φιλόδοξος	184
εὐτραφής	184
θριδάκινος	184
ἐκκλησιαστής	184
ἀρίδηλος	184
Λάδων	184
εὐθαλής	184
ἀχανής	184
ἐνδυναμόω	184
αἰτιολογικός	184
ἐπίκτητος	184
συννοέω	184
φύλαρχος	184
ἐναποτίθημι	184
ἀναμετρέω	184
παραμείβω	184
ἐξατμίζω	184
ἀναφής	184
καπνίζω	184
ἐκκομίζω	184
ὑψόθεν	183
ΓΜ	183
Φλέγων	183
Μαγίστρου	183
πάνω	183
Ἱεροσολυμίτης	183
ενώνω	183
Αἴνος	183
Μύρσινος	183
γεωγραφία	183
ἔπιπλα	183
εὐετηρία	183
δάκρυον	183
ὁμαλότης	183
Μεθόδιος	183
γυμνότης	183
Ἀπολλινάριος	183
Ἐλεάζαρος	183
παράλυσις	183
κελαινός	183
ἄποτος	183
εὔλυτος	183
Γαζαῖος	183
Προυσίας	183
παραζηλόω	183
ἄνοπλος	183
ἀνεπαίσθητος	183
Πυθών	183
ναυτίλος	183
κομματικός	183
ἑταιρικός	183
κυνέω	183
γραμματιστής	183
βαλβίς	183
ἐξαγορεύω	183
τοὔμπροσθεν	182
αὐθυπόστατος	182
Συνέσιος	182
τρίτη	182
Λιβάνιος	182
Παλαμά	182
Ἔξοδος	182
ἐνόπλιος	182
κενταύρειον	182
Ἀρετή	182
μνηστεία	182
κνίδη	182
Ὀμφάλη	182
πάρεσις	182
τέμαχος	182
ἑνιαῖος	182
Ἀνδοκίδης	182
Βαϊμοῦντος	182
Ἥβη	182
Μελανίππη	182
ἀγεννησία	182
τρίαινα	182
δορυάλωτος	182
χθιζός	182
ψάλτης	182
ἀνδρόγυνος	182
ἀκόνη	182
Πρίαπος	182
σκιάζω	182
καταμείγνυμι	182
τοσαυτάκις	181
διΐημι	181
Πύθιον	181
Εὐνόμιον	181
αλλαχού	181
ἀκροάζομαι	181
Κέβης	181
Ἰωάς	181
σύνθεμα	181
διάβημα	181
μεσόγεια	181
ἀνέφικτος	181
Μεγαλόπολις	181
Ἠδωνός	181
σκίρτημα	181
ἐμπεριπατέω	181
γυναικάς	181
ὑποχώρησις	181
ἄκολος	181
βέλεμνον	181
ὑποτοπέω	181
Ὀκτώβριος	181
ἡπατικός	181
σκοπή	181
ἀπόλεμος	181
λογοποιός	181
Πισίδης	181
ἐλεγεία	181
δύσλυτος	181
λάγνος	181
Μεδιόλανον	181
παρακατατίθεμαι	181
σταλαγμός	181
κακολογέω	181
ἄγυια	181
ἀνομοειδής	181
καταλέω	181
πελειάς	181
αἰχμαλωτεύω	181
Ἕρμος	181
ἀλκυών	181
παρελαύνω	181
ἐκδέρω	181
ἐγκλείω	181
ἑς	180
ἱππικόν	180
ἀπεχθῶς	180
ἑκαστέρω	180
ἀνακέομαι	180
Ἅιδην	180
ἔρευθος	180
σκαιότης	180
ἔστις	180
μονόμετρος	180
τεκνίον	180
Λεύκολλος	180
παραβολικός	180
μεγαλειότης	180
ἀντιφέρω	180
ἀσώδης	180
Τιμ	180
Μερόη	180
Ἀσσυρία	180
Κλώδιος	180
κοπετός	180
ἐπαναπαύω	180
τιτθός	180
φαρμακώδης	180
πολύσχιστος	180
Ἡραῖος	180
Εὔφορβος	180
τρομώδης	180
ἐξανύω	180
κατάρροος	180
δημοκρατέομαι	180
κάλυξ	180
περισπασμός	180
καταρράκτης	180
προμηθής	180
καταδυναστεύω	180
θύνω	180
θήγω	180
μετρικός	180
ΣΤ	179
Όμα	179
αὔτης	179
ὁδόω	179
τικόν	179
δοῦπος	179
ῥαθυμέω	179
ἐξάκουστος	179
καταπότιον	179
ξυστός	179
Ἰοβιανός	179
ὁδίτης	179
συμμένω	179
Ἀκρίσιος	179
ὁμαλής	179
ἄπτερος	179
εἰσαγγελία	179
κάρπιμος	179
Φλάκκος	179
κατάφρακτος	179
ἐπιληπτικός	179
ἀσκητικός	179
πεῖσις	179
ἀποφοιτάω	179
χαλκευτικός	179
ὑποτέμνω	179
διαπλέκω	179
προκατασκευάζω	179
ἀφοσιόω	179
ἀνδρών	179
ἠθοποιία	179
ἐναπολαμβάνω	179
τοὐντεῦθεν	178
Λάβος	178
φατέον	178
Ψυχᾶς	178
εὐγνωμόνως	178
Τυραννίων	178
αὐτάρ	178
ἔκθυμος	178
ἀπαμείβομαι	178
πόρθησις	178
φυλλορροέω	178
κεραμεοῦς	178
ἄκοιτις	178
πνεύ	178
δαιμονικός	178
Δημοφῶν	178
ῥητορεία	178
χνόος	178
νήτη	178
ἐμφύσημα	178
εὐποιία	178
ἀπόπληκτος	178
Λέλεγες	178
Ἀσπασία	178
φιλοπόλεμος	178
δοκεύω	178
ἄφοδος	178
Νικόπολις	178
προμανθάνω	178
δημοτελής	178
κάθω	178
κοτυληδών	178
ὀλισθηρός	178
σύντηξις	178
συμμεταβάλλω	178
κατακλάω	178
κεδνός	178
ὀμφή	178
προυπόκειμαι	178
Ἀθ	177
Βα	177
Προοίμιος	177
Νέας	177
Γράμμα	177
ἔλκος	177
ἑτέρωσε	177
Βαλτάσαρ	177
Φίλιστος	177
πρόσνευσις	177
κεντηνάριον	177
Ἑσπερίς	177
φύσημα	177
Ἀρχέστρατος	177
πόπανον	177
Σούνιον	177
Πτολεμαΐς	177
τρίπηχυς	177
προγύμνασμα	177
Νίσιβις	177
Λευΐ	177
Πισιδία	177
βάμμα	177
προσπάθεια	177
Γελίμερ	177
μέλλησις	177
σύναξις	177
Ἴμβρος	177
νεομηνία	177
σκυτεύς	177
Γερμανικός	177
συνεισέρχομαι	177
ἰώδης	177
προσοικέω	177
πετραῖος	177
πεδινός	177
παριδεῖν	176
μν	176
ἀρχ	176
λόγ	176
Σωτηρίων	176
ογ	176
ἄλλοσε	176
διαιρετέον	176
Λεῦκτρα	176
χορίαμβος	176
Ἰακός	176
κράμβος	176
συνανατέλλω	176
λόγιον	176
περιτροπή	176
ὀγκόω	176
παλαιότης	176
ἀναδρομή	176
θυγατριδοῦς	176
Ὕλλος	176
διανοίγνυμι	176
Τέμπη	176
τυμβωρύχος	176
Σαλαμίνιος	176
μύξα	176
Πάραλος	176
πλημμυρίς	176
υἱωνός	176
Ταρσεύς	176
Ἐφύρα	176
χρηματιστικός	176
ἀνείργω	176
καταυγάζω	176
κιρρός	176
ὀβελός	176
δυνατῶς	175
κγ΄	175
ΚΠ	175
αἶμα	175
Πλιάς	175
πλάω	175
Μοχ	175
ἄσυλον	175
πίσυνος	175
ἐξάνθημα	175
ὑδρόμελι	175
Λούκουλλος	175
διῃρημένως	175
συναγωγός	175
πόρισμα	175
Σαλήμ	175
εἰρωνεύομαι	175
Ἐπαμινώνδας	175
ἀζήμιος	175
ξιφίδιον	175
Ἱεριχώ	175
ἀταλαίπωρος	175
ἄντομαι	175
δεσμοφύλαξ	175
πατριαρχικός	175
Ὑπερίων	175
Σίλας	175
γοερός	175
συνωμότης	175
βύθιος	175
προσόμοιος	175
μειρακιώδης	175
ἀρωγός	175
τριετής	175
σοφιστεύω	175
αἰδήμων	175
κλύσμα	175
καταλεύω	175
κολούω	175
ἐξόμνυμι	175
ὑστερίζω	175
Μουάμεδ	175
ἀναθρῴσκω	175
συννεύω	175
ηττώμαι	175
ἀνθέλκω	175
ἀποίχομαι	175
διαπεραιόω	175
καταπτήσσω	175
ψυχόω	175
ΕΞ	174
Βλαχέρναις	174
Καρκίνος	174
ἄφες	174
ὁστόν	174
ἐνδόσιμος	174
παίων	174
πτύον	174
πράγμα	174
ΠΝ	174
βουλητός	174
Χεβρών	174
εὐχέρεια	174
Χίλων	174
Ἄτη	174
Ξάνθιππος	174
βένθος	174
Ἰόππη	174
πώρωσις	174
σκυθρωπάζω	174
ἀρωγή	174
σολοικισμός	174
γόμφος	174
καχεξία	174
ἐπιπορεύομαι	174
ὑποστατικός	174
στραγγουρία	174
ὁρικός	174
διοτρεφής	174
βδελυκτός	174
διακαρτερέω	174
περιστροφή	174
ἀνταλλάσσω	174
περιφράσσω	174
φροντιστής	174
βουκολέω	174
ἐκδημέω	174
ἀποχωρίζω	174
σπερ	173
Γάλλος	173
Βέι	173
λίβανος	173
ἐπεισόδιος	173
ἐκδημία	173
μηρία	173
Κριτόβουλος	173
τεχνογράφος	173
δύσμορος	173
Ἄμασις	173
ἐπέλευσις	173
βάσιμος	173
Ἐφιάλτης	173
ποτάομαι	173
ἀκατάλληλος	173
ἐγκρατεύομαι	173
καταφύω	173
ἀτάσθαλος	173
Σείριος	173
σύννομος	173
μικρόψυχος	173
χρυσοτρίκλινον	173
ἄμπωτις	173
εὐτράπελος	173
γύψος	173
σποδιά	173
ὀνειροπολέω	173
παροινέω	173
φλεγματικός	173
δωροδοκέω	173
μηνοειδής	173
Γαλατικός	173
κόρις	173
ναυαγός	173
ἐναπόκειμαι	173
καταμαρτυρέω	173
ἐπαείδω	173
ἀχράς	173
Ἐλέγω	172
ἁπαξαπλῶς	172
Βάρδας	172
Ἀπόκ	172
Ὦρος	172
Κυνός	172
Κυθέρεια	172
προγύμναση	172
ἐω	172
δημόω	172
συγκριτικόν	172
Πραξιτέλης	172
ἀμάρτυρος	172
ἀναίμων	172
ῥηματικός	172
Φώκαια	172
ψε	172
ἐπιτυχία	172
Ἶλος	172
φιλητός	172
ἐπίχαρις	172
τομός	172
συνεσθίω	172
Κόϊντος	172
πορφυρίς	172
ἰαίνω	172
συναγωνιστής	172
περιπνευμονία	172
μεγαλόφωνος	172
ἀποστάζω	172
καίνυμαι	172
Ἐρυθραῖος	172
πλωτήρ	172
δαιμονίζομαι	172
Ἀρκαδικός	172
ἀπᾴδω	172
κατασκοπέω	172
φολίς	172
ὑδρεύω	172
διακλύζω	172
τυφόω	172
ὑποβλέπω	172
ἀναίρω	172
παραστάς	171
κλ	171
Λουκιάν	171
ὠφελής	171
Π΄	171
ΔΑΔΟ	171
περιβεβλημένος	171
κατά-καθέζομαι	171
Μέι	171
Αυγούστης	171
Γεννάδιος	171
ζητητέος	171
ἄγρις	171
Κνήμων	171
Σ΄	171
ΕΠΟ	171
ἀνδρός	171
τραγέλαφος	171
χαλκηδών	171
προσκεφάλαιον	171
ἀκαρπία	171
ἀτάλαντος	171
Σηστός	171
Μέντωρ	171
ἀπερίληπτος	171
Χίμαιρα	171
εὐμετάβολος	171
οἰνάνθη	171
Φιλόδημος	171
ἀνελευθερία	171
Ἰαπυγία	171
πολύμορφος	171
παρανέω	171
ὁμογνώμων	171
δῖνος	171
παροιμιώδης	171
κεστός	171
Πέλλα	171
ἐκπορίζω	171
ὁμοταγής	171
σκίρρος	171
φυλέτης	171
απλός	171
χυδαῖος	171
ταρβέω	171
ἁρμός	171
ἦλον	171
ἐκδέω	171
Βακτριανός	171
καταφυτεύω	171
εὔχαρις	171
εἰσπηδάω	171
ἀναστομόω	171
κναφεύς	171
χρεωστέω	171
χάριεν	170
ΗΑ	170
ΛΕ	170
ΟΑΡΟΤ	170
απεναντίας	170
Φανίας	170
Αρίστο	170
εὐποιΐα	170
ἀναστρεπτέον	170
πινάκιον	170
Τία	170
Πελασγικός	170
μελίλωτον	170
κατασκήνωσις	170
Τάτος	170
γαζοφυλάκιον	170
Μεθώνη	170
ἐπιζήμιος	170
Ἔφιππος	170
ἀθῶος	170
κίστη	170
εἴσθεσις	170
ὁμάς	170
εὐγλωσσία	170
διαίτημα	170
Χρυσόπολις	170
μαρμαίρω	170
ἑλκτικός	170
ἐνσκήπτω	170
Καπανεύς	170
ψευδομαρτυρία	170
ὑπαίθριος	170
Ἀρτάβαζος	170
εὐστόμαχος	170
σχετλιάζω	170
δραματικός	170
μικρολόγος	170
εὐπόριστος	170
θεωρικός	170
ἀπαράσκευος	170
κατασκαφή	170
ἐγχρίω	170
χρεώστης	170
εὐεργετικός	170
δυσφημέω	170
ἀναξηραίνω	170
κιμωλία	170
διανυκτερεύω	170
ἀφιερόω	170
διονυσιακός	170
οῦτο	169
Οἶον	169
ΞΟ	169
Νάθαν	169
αὐτόφωρος	169
τριχῆ	169
ἀρπάζω	169
επομένη	169
οἱος	169
απολιναριον	169
Ῥοβοάμ	169
Μεναί	169
Ἄδων	169
Λαζοί	169
τοιουειμι	169
δδ	169
δίπηχυς	169
Δάμις	169
λάπαθον	169
ἔργος	169
Σεύθης	169
ὑμνῳδία	169
ὀρφανία	169
ὑπαίτιος	169
ἀκτημοσύνη	169
Λευιτικός	169
Μασσαγέται	169
Ἡρώ	169
ἀλαζονικός	169
κα	169
δέσμη	169
κυκλέω	169
ὑποστράτηγος	169
ζοφώδης	169
εὐπαθής	169
διικνέομαι	169
ἠλίβατος	169
πομπός	169
στερίσκω	169
χηρεύω	169
κραδαίνω	169
ὀχλέω	169
φθινώδης	169
θαμβέω	169
ἐπιφθέγγομαι	169
ἐπαναβαίνω	169
φιλικῶς	168
πῆς	168
τ̄	168
ΙΔ	168
Μέλλων	168
λιομιδηω	168
μάραθρον	168
δίψος	168
δίμοιρος	168
ὁρμητήριον	168
σκαμμωνία	168
δρομαῖος	168
Πόλυβος	168
Ὠρωπός	168
Κερσοβλέπτης	168
θυμώδης	168
αναπαιστικός	168
ἐμμανής	168
Μαρδοχαῖος	168
συναγορεύω	168
Θεανώ	168
Τιτυός	168
δίκελλα	168
ὑπόπτερος	168
ἀλοιφή	168
ἑξάς	168
Σήρ	168
πληκτικός	168
αἶρα	168
σπυρίς	168
ὄσσα	168
ὀλιγαρχικός	168
εἰστρέχω	168
προπηλακίζω	168
ἐποίχομαι	168
συνδυάζω	168
βλαπτικός	168
συναποθνῄσκω	168
δετός	168
ἀναλάμπω	168
ἀφειδέω	168
προσορμίζω	168
ἑξάμετρος	168
γεμίζω	168
ΙΘ	167
περίγειον	167
εὐρύ	167
Βηθλέεμ	167
Μένας	167
ἀνάπλεως	167
ἐμβολεύς	167
μάτιον	167
ἀπάτωρ	167
μές	167
εδά	167
μεταίχμιος	167
παρακολούθημα	167
εὐπρόσδεκτος	167
μυρίκη	167
θεόδοτος	167
τάρ	167
μεσουράνημα	167
ἐπικηρος	167
Ἐριχθόνιος	167
ἀνδρό-θηλυς	167
προκατασκευή	167
κέδρινος	167
τοξεία	167
ἄγευστος	167
θρόμβος	167
μεσοπλεύριος	167
ἐπίφυσις	167
κακοτεχνία	167
δειδίσσομαι	167
βρίσκω	167
ἀποσιωπάω	167
κίναιδος	167
αἴθριος	167
ὁμότροπος	167
ἐξουδενόω	167
ἀσπαίρω	167
λοίδορος	167
ἐπωφελής	167
συμφορέω	167
ἐπισσεύω	167
ἀνδρώδης	167
καταπίμπρημι	167
ζοφερός	167
εἰσποιέω	167
κλῆς	166
ἴστημι	166
Μορέως	166
κνέφας	166
ὑπώπιον	166
ΠΘ	166
ψευδός	166
Σιδώνιος	166
ἀναδιπλασιασμός	166
Δύντος	166
παράληψις	166
κῴδιον	166
ΑΟ	166
ἀνένδοτος	166
Βάκτρα	166
Βριάρεως	166
Λικίνιος	166
ἐπιτυχής	166
χαρακτηριστικός	166
σπόριμος	166
δεξιότης	166
Ἐλπίς	166
τρῶσις	166
ἐπιχαίρω	166
φαλός	166
πρίαμαι	166
μάμμη	166
συνδειπνέω	166
κόρυζα	166
λύγξ	166
ὑποφεύγω	166
κήλεος	166
εὔοσμος	166
μητρῷος	166
ἀφυής	166
διανήχομαι	166
ἐξαφανίζω	166
ἀτακτέω	166
κατανέμω	166
ἐρανίζω	166
ὑμῖν	165
ἀντάλλαγμα	165
ἀντιστρόφως	165
ἀπλότητι	165
Νέτο	165
τηλοῦ	165
Βύζαντες	165
Απόλ	165
ἀντίρροπος	165
παρεῖπον	165
καρπέω	165
μες	165
Ἀβράμ	165
ἀμορφία	165
Κεραμεικός	165
κρύψις	165
Κακό	165
ἄναυδος	165
ἀθεράπευτος	165
κέλυφος	165
Λάμαχος	165
Σύρτις	165
Ἑλίκη	165
ὕπος	165
χλιδή	165
ἰατρεῖον	165
διαφίημι	165
ὀψώνιον	165
ἀτειρής	165
βρέμω	165
κόγχος	165
ἐπιβλαβής	165
πάχω	165
ἐλεύθω	165
ἀνδρόω	165
κατακρημνίζω	165
Μαῦρος	165
ἀφέψω	165
ἐκτινάσσω	165
Πέργαμον	164
ἰσοταχῶς	164
αβ	164
παραδραμεῖν	164
Τζέτζες	164
Ἀθήνηθεν	164
ἀσπασίως	164
δνόφος	164
ἑες͂ς	164
Ποῦς	164
ἔω	164
βλάστη	164
νοῦς	164
σταῖς	164
Φίληβος	164
εὐφωνία	164
ἐνώτιον	164
σωτηριώδης	164
εὐσχημοσύνη	164
σμός	164
θεοφάνεια	164
ανηρημένος	164
Δῖος	164
τρυς	164
πύελος	164
ἡμιτελής	164
κόκκυξ	164
Γερμανία	164
κρυσταλλοειδής	164
Μυτιλήνη	164
Ἀπρίλλιος	164
Πύρρα	164
σμάραγδος	164
ἐξακούω	164
ἐρατεινός	164
μύωψ	164
καπηλεῖον	164
σπιλάς	164
ἑλένη	164
κνησμός	164
ἴφθιμος	164
συμβιόω	164
ἀντίπηξ	164
νοθεύω	164
ἐκμάσσω	164
ἅζομαι	164
Μασίν	163
ἅγιον	163
κῶλος	163
Ταραντῖνοι	163
Ἄμεμπτον	163
ὑπαρχή	163
πολύμητις	163
παραιτητέος	163
ἔντομος	163
ἀναγείρω	163
λευκώλενος	163
Ἀζαρίας	163
ἡσίοδος	163
Ἔσδρας	163
ἄκλιτος	163
Ἱππόθοος	163
ἀειπάρθενος	163
ἀντιπερίστασις	163
ὑδράργυρος	163
λάτρις	163
Ἀμμών	163
ἀνθερεών	163
πιότης	163
ἐκτομίας	163
ἀστερίσκος	163
ἐπανθέω	163
ἡμερήσιος	163
απροσδιόριστος	163
Μαλαχίας	163
Ἀκταίων	163
βλακεία	163
φίλαυτος	163
ἀναισχυντέω	163
κλάσμα	163
Τέρπανδρος	163
πειθήνιος	163
τριμερής	163
πέπειρος	163
Ἴκαρος	163
βόλβιτον	163
παρεκτείνω	163
προωθέω	163
Φερώρας	163
μηλωτή	163
ταχύνω	163
ὁρμητικός	163
προκαταρκτικός	163
ἀποπαύω	163
Πρώτη	162
Διδυμότειχον	162
Κασσίας	162
διοριστέον	162
δίχως	162
κατάλειμμα	162
Ἐλεάζαρ	162
κάλη	162
μεγός	162
μς	162
μυσός	162
ἐλλειπτικός	162
Φορωνεύς	162
νουνεχής	162
σιμότης	162
ἀντιβλέπω	162
ἐράσμιος	162
μάργαρον	162
προτερεύω	162
ἐρικυδής	162
εὐρυθμία	162
Μενέδημος	162
Κλειώ	162
εὐτολμία	162
ὑπερασπιστής	162
παῦσις	162
μίσθωμα	162
ῥυτίς	162
παρακύπτω	162
λήϊον	162
κατασκέπτομαι	162
ἐπιθυμητός	162
λωποδύτης	162
ἄοπλος	162
γυμναστής	162
τιμήεις	162
ὑπερφίαλος	162
καταχώννυμι	162
τρανός	162
περιρρέω	162
ὀκλάζω	162
προφερής	162
ὑποφορά	162
πολύπλοκος	162
προνομεύω	162
ἀποκάμνω	162
ἀς	161
ΛΖ	161
ἀπειράκις	161
λίστα	161
διανομεύς	161
ἀυτέω	161
Ἰωήλ	161
Κύθηρα	161
κατερέω	161
Κρατύλος	161
γλοιός	161
ἰσοτιμία	161
Φιλιππήσιος	161
παρίσθμιον	161
Φῶκος	161
ἀπαιδία	161
βόθυνος	161
Σαρδανάπαλλος	161
ἀποκήρυκτος	161
φρύξ	161
Μουσώνιος	161
Λικίννιος	161
κατάστρωμα	161
θυία	161
Ἀδείμαντος	161
ἐφέστιος	161
ἀκατάσχετος	161
σωφρονισμός	161
κατάχρησις	161
κατοίχομαι	161
μηνιαῖος	161
κρημνώδης	161
φυσιόω	161
προσδοκέω	161
φαιδρύνω	161
πύθω	161
πέρθω	161
δυναμόω	161
προσβαίνω	161
συντήκω	161
τέρα	160
ἐπιστημόνως	160
ἐδασίλευσεν	160
Σκιπιων	160
Ἀσάν	160
Ῥουβήν	160
ἄγα	160
δόνα	160
πεφωτισμένος	160
Αφέντη	160
ἔα	160
ἄκλητος	160
προσδοχή	160
ἀπόπτωσις	160
π̈κοστ	160
Εἰρηναῖος	160
ἀντιστατικός	160
Μεγαρίς	160
σπαθάριος	160
Καῦνος	160
μήνυσις	160
ὕδω	160
δέμνιον	160
κάρος	160
Φαρνάκης	160
λουτήρ	160
ἀποσοβέω	160
ἰδέω	160
ἀνυπόκριτος	160
χιλός	160
ἐγκαθίστημι	160
ὀψοποιός	160
Τροιζήνιος	160
ῥευστός	160
σφριγάω	160
παστός	160
ὀχεύς	160
τάλαρος	160
ολικός	160
ἀντιπαρατάσσομαι	160
παννυχίς	160
συσκιάζω	160
ἑκηβόλος	160
κεράτινος	160
Δελφικός	160
βιβάζω	160
συνεξέρχομαι	160
ἀναθαρσέω	160
ἐκταράσσω	160
κατασύρω	160
μηδαμῆ	159
λᾶν	159
κατάκριμα	159
μεγιστᾶνες	159
ὡσάν	159
ἐνδιαίτημα	159
νόμενος	159
ἀρνόγλωσσον	159
Κόιντος	159
Καρμανία	159
Ἀριστοφῶν	159
Εὐρύμαχος	159
φίλτατος	159
παράκοιτις	159
λέα	159
ἐγκαίνια	159
Ἄφρος	159
τετραγωνισμός	159
παραψυχή	159
λαϊκός	159
φερώνυμος	159
ἀκάθεκτος	159
κλάσις	159
περίνοια	159
καταθύμιος	159
ἀπηλιώτης	159
Τίβερις	159
ἐπένθεσις	159
κατάποσις	159
ὀλίσθημα	159
ἀναντίρρητος	159
τέτανος	159
δράξ	159
ἄσηπτος	159
κινώ	159
Ἱμεραῖος	159
εὐσθενής	159
ἀναζέω	159
ἑσπερινός	159
χραίνω	159
ἀποτειχίζω	159
εὐνοϊκός	158
ἀπωτάτω	158
μαλακότητα	158
ΜΕ	158
πανστρατιᾷ	158
πάναξ	158
ἑλληνιστί	158
Ἀκουσίλαος	158
ἐκμαγεῖον	158
Μοίς	158
παρεῖδον	158
εὐσπλαγχνία	158
λῦμα	158
Μαγνέντιος	158
Κηφᾶς	158
κατασκοπή	158
ἰωή	158
Κλεόβουλος	158
φρενῖτις	158
ψηφίς	158
αἰπόλιον	158
ἀνακόλουθος	158
κέρμα	158
ὁμόζυγος	158
Ὑμέναιος	158
Φῆστος	158
Πάλλας	158
Ματθίας	158
Ἰλιακός	158
ἅλων	158
προσαρτάω	158
ἀνατλῆναι	158
κολοσσός	158
ἐλατήρ	158
Ὀλυμπικός	158
πρών	158
ἐκπολεμόω	158
οἰκτίζω	158
εἰσήγησις	158
λέσχη	158
φονευτής	158
λιθάζω	158
Νοῦς	157
δΘ	157
Χῆλαι	157
καταμόνας	157
ἐφάρμοσις	157
Πρωΐας	157
ἁρμοδίως	157
οἰκός	157
θαμινός	157
ἐγκόσμιον	157
δοχεῖον	157
Κόριννα	157
προθέω	157
πάρεργον	157
ἀπόσιτος	157
Συήνη	157
αντίκρυ	157
Ἀστέριον	157
δόλιχος	157
ἐξαγοράζω	157
ἀκαταστασία	157
νῆψις	157
λάβραξ	157
έμψυχος	157
ὀνέω	157
ἡμίθεος	157
ἀμνημονέω	157
φιλοπάτωρ	157
γογγυσμός	157
κανθαρίς	157
φοινίκεος	157
Καππάδοξ	157
ἀστικός	157
βολίς	157
κτήτωρ	157
παραβλάπτω	157
δίζω	157
ἐξαπλόω	157
συγκατασκευάζω	157
ἀναστάς	156
Ποταμίων	156
Θράκη	156
χειρόγραφον	156
Παντοκράτωρ	156
Ποίησος	156
ἐπιχομψή	156
ψωμίον	156
Λιόν	156
δαῦκος	156
ἀναίμακτος	156
περίλυπος	156
μελιηδής	156
ἐτήτυμος	156
μπορώ	156
σανδάλιον	156
μάγνος	156
Σαμοσατεύς	156
εφθημιμερα	156
ὑπόδικος	156
ἀμόλυντος	156
Πραξαγόρας	156
ἄχωρ	156
παμβασιλεύς	156
δυσπραγία	156
ἄπα	156
σίφων	156
εἰκονίζω	156
ἀσυμμετρία	156
δήμευσις	156
Νικοκλῆς	156
σπίλος	156
Λουκιανός	156
ἀνυπότακτος	156
σύμψηφος	156
Μολοσσός	156
ψεῦσμα	156
ἄτολμος	156
Ἀσκάλων	156
ἐθάς	156
κημός	156
παλαμναῖος	156
συναφής	156
ἀποδιώκω	156
δουλοπρεπής	156
περικυκλόω	156
ναστός	156
καθυποβάλλω	156
ἀλογίστως	155
ὑποτακτικόν	155
ἀπαραλλάκτως	155
ἀδοκήτως	155
Ἴσθμια	155
ρωτοκριος	155
δηριγεύω	155
λακίς	155
Ντος	155
ΠΒ	155
τειχίον	155
νέ	155
Ἀρισταγόρας	155
ὑπένερθε	155
ἄνευθεν	155
τέκμαρ	155
Σολεύς	155
συβώτης	155
ἐχέφρων	155
γαυριάω	155
διχότομος	155
ἀνάδειξις	155
ἔρις	155
ἄση	155
ἐπέρομαι	155
διχόνοια	155
ἄδιψος	155
ὑποβολή	155
Ὑπέρβολος	155
ὠρύομαι	155
θυμαρής	155
κατάκριτος	155
τετρακτύς	155
Τυρώ	155
σαρκοφάγος	155
εἰσηγητής	155
φαεινός	155
ὑπερσυντελικός	155
Ἄλκηστις	155
βροχή	155
λῶρος	155
ἐπιβοηθέω	155
ἔνσπονδος	155
μαστεύω	155
θανατάω	155
φαλλός	155
οἰωνίζομαι	155
χλέω	155
βακχεύω	155
διοδεύω	155
περιπλάσσω	155
ἀμφιέπω	155
συντρέφω	155
ἱμείρω	155
εὐρύοπα	154
ἀπελαύνειν	154
θαυ	154
Γνησίας	154
ΩΔ	154
Λυγκεύς	154
ὑπόπους	154
Ἄϊδος	154
περίφρων	154
χερούβ	154
περιττοσυλλάβως	154
ἀσύνδετος	154
παρηγορία	154
Ὑστάσπης	154
παρασάγγης	154
Καρνεάδης	154
Τζέτζης	154
ἑκατοντάρχης	154
εὐτραπελία	154
ἄθικτος	154
τήθη	154
Δαμασκηνός	154
εὐχαριστήριος	154
κᾶλον	154
ἄκτωρ	154
ταλανίζω	154
λιθώδης	154
πολέω	154
ἔσθημα	154
Ἀγλαΐα	154
ἀτμώδης	154
Πελλήνη	154
ἀνιχνεύω	154
λίγος	154
πορνικός	154
ἐνοπή	154
ἑλώδης	154
ἀβαρής	154
θεομισής	154
γνωριστικός	154
συσχηματίζω	154
κοτέω	154
εὔφωνος	154
παραπληρωματικός	154
ἀνῆλθον	153
νέμος	153
Ἡγήσανδρος	153
Ἰωράμ	153
χαλκεῖον	153
βουκόλιον	153
κύπριος	153
σπαρτίον	153
Μεγίστη	153
Ἀτλαντικός	153
Πυρήνη	153
ἀνέκλειπτος	153
ἄθλησις	153
ἔνοικος	153
σκέλλω	153
λήδανον	153
Μάρων	153
Ἅλυς	153
εὐκαρπία	153
ἕψημα	153
εἰκοσιτέσσαρες	153
Φωκαιεύς	153
μνησικακία	153
παρεμφαίνω	153
συντονία	153
Μαξέντιος	153
κάκη	153
κατάπτωσις	153
καπηλεύω	153
Δηώ	153
ἱππόβοτος	153
στασιώτης	153
Ἴος	153
διηγηματικός	153
εὐλή	153
σμίλη	153
στηριγμός	153
κακόχυμος	153
ἐπαισθάνομαι	153
λήθαργος	153
πυρετώδης	153
τελεσιουργός	153
λυμός	153
θεήλατος	153
ἀειθαλής	153
Ποσείδιππος	153
ἀδοξέω	153
ἁλουργής	153
προκατάρχω	153
ἐπικτάομαι	153
ἐξανδραποδίζω	153
βροντάω	153
ἀναχαιτίζω	153
ἰσόω	153
ἐγκρύπτω	153
ἐγκεντρίζω	153
νίαν	152
ἀπεικότως	152
ἑκοντί	152
κερδίων	152
Ἀριθμοί	152
ἀπόλειψις	152
κυκλάμινος	152
Σάϊς	152
ἀμεταμέλητος	152
ἀμφισβητήσιμος	152
ἠριγένεια	152
κολλώδης	152
μέροψ	152
σημειώδης	152
χηρεία	152
προσφώνησις	152
δικός	152
Μυκάλη	152
ἔφεδρος	152
Γναῖος	152
ἐξώλης	152
διελαύνω	152
σηπεδονώδης	152
ἔκχυσις	152
διαπολεμέω	152
δευτερεύω	152
ὁμῆλιξ	152
λυγμός	152
ἐκτάσσω	152
ἀχαϊκός	152
Θεσσαλικός	152
συμπίνω	152
μυσταγωγέω	152
ζηλοτυπέω	152
ἐρεθισμός	152
εὔτολμος	152
τετραγωνίζω	152
ἐγγυμνάζω	152
ὑπηρετικός	152
ὁστισοῦν	151
ἀνομοίως	151
Λι	151
Ἀβάρων	151
ΛΘ	151
ΛΓ	151
ΑΕΓ	151
σκορπίον	151
τόγε	151
τδ	151
νήδυμος	151
Ἅβελ	151
Παναίτιος	151
χόρα	151
στρύχνος	151
εὐήνιος	151
βδελυρία	151
ἀπέριττος	151
ἄτμητος	151
Μνημοσύνη	151
αἰτίαμα	151
παραφράζω	151
Μέδουσα	151
ἀταραξία	151
Πασιφάη	151
ἐνθουσιασμός	151
τεκμηριόω	151
Κλεῖτος	151
Θράσυλλος	151
πολλαπλασιασμός	151
πλεκτάνη	151
Μενεσθεύς	151
ἀδολεσχέω	151
Προῦσα	151
ἀνάμεστος	151
εἰδώ	151
πέλτη	151
νηκτός	151
φιλοτήσιος	151
μεθέπω	151
φορβή	151
εἰλαπίνη	151
θορός	151
δέλφαξ	151
δεξίωσις	151
ἀνταγωνίζομαι	151
καταθέω	151
φελλός	151
δραπετεύω	151
τιμωρητικός	151
πεπτικός	151
ἀναρρήγνυμι	151
γαίνω	150
ὐκ	150
αὐτῖς	150
ΛΝ	150
Ἄχαζ	150
Ζεβεδαῖος	150
ἕχω	150
ντε	150
ἀμαχεί	150
ζῆτα	150
παράσημος	150
Μαχράν	150
αὐτοχειρία	150
δασυντέον	150
ἔννους	150
Σιμμίας	150
δίστομος	150
περιωδυνία	150
Σιλωάμ	150
Τριτογενής	150
παιωνικός	150
ἀστασίαστος	150
ἄπολις	150
Χόρη	150
ἀποκήρυξις	150
Θάμυρις	150
ὁμίχλη	150
Ἴφιτος	150
σκηνοπηγία	150
πρόρριζος	150
ἄλαλος	150
ἀναμφίλογος	150
χειά	150
ἐρυθραῖος	150
Λυκομήδης	150
συριγμός	150
Καπύη	150
Ῥοδόπη	150
συναλιφή	150
Ἡλί	150
φλεγμονώδης	150
διάστροφος	150
διάχρυσος	150
μεταπείθω	150
Αἰγαῖος	150
γελωτοποιός	150
πλημμυρέω	150
ψυκτικός	150
συγκάθημαι	150
θηρατής	150
ἐπιμερίζω	150
συμπλεκτικός	150
φώγω	150
ἐπικλίνω	150
Καλεῖ	149
Σω	149
ἐπόμενα	149
γῶ	149
ἀπός	149
ὑψόθι	149
τοσαυταχῶς	149
Ντων	149
Κέφα	149
μαλάκια	149
ἐμφέρεια	149
ἀμπελουργός	149
Αρετούσα	149
ἄωτον	149
ΘΝ	149
ἐξουδένωσις	149
γυρεύω	149
Σίρμιον	149
ἀπαυράω	149
ὀφείλημα	149
δορός	149
αἰζηός	149
ζῳοτόκος	149
ἄφετος	149
ἀδιάπτωτος	149
Φρύνη	149
ἐπίπλαστος	149
μάραθον	149
βρόγχος	149
μαμωνᾶς	149
πήδημα	149
κράββατος	149
Οἴτη	149
Λάρισα	149
Ἰσμηνός	149
ἔκκλισις	149
προσλαλέω	149
κατασχίζω	149
ἐπίληπτος	149
ἀνομέω	149
σαίρω	149
ἀποφύω	149
Πάμφυλος	149
θαλία	149
Τ	149
συνθάπτω	149
ζωοτοκέω	149
κυλινδέω	149
ἐκτυφλόω	149
περιλάμπω	149
Πόρευος	148
π́λυος	148
Πάσης	148
ΖΜ	148
ΘΛ	148
ἀκονιτί	148
ἄμυδις	148
καρδιά	148
σύνορος	148
δίτονος	148
Ἰσαυρία	148
κοράσιον	148
ἀνάστημα	148
λεπάς	148
νόστιμος	148
συνέργεια	148
Τιβεριάς	148
λαῖφος	148
αὔτανδρος	148
Οὐλπιανός	148
ξιφήρης	148
ἁλώσιμος	148
ἰσχιαδικός	148
Τενέδιος	148
σισύρα	148
διαβούλιον	148
Ἀμβρακία	148
πέλανος	148
ἔναυλος	148
προαισθάνομαι	148
διανοητός	148
δοτός	148
παπίας	148
ῥοφέω	148
Ζάκυνθος	148
μασθός	148
δρᾶσις	148
δυσειδής	148
ἐκροή	148
πυρκαϊά	148
συγκρούω	148
ἐνεός	148
ἔθειρα	148
Θεσπιαί	148
νοτερός	148
χαλινόω	148
σίδη	148
διαπτύω	148
Ἀμβρακιώτης	148
ἀνακυκλέω	148
ὑποστικτέον	147
Τικῶς	147
Ἡμέρα	147
ΜΖ	147
διχῆ	147
Παῖς	147
αφέντης	147
ἐναιώρημα	147
ἐἀν	147
ἀγαλλίαμα	147
ἔκπλοος	147
κῶας	147
ὅρη	147
μεδέων	147
κώφωσις	147
Αὐτομέδων	147
ξηρίον	147
ἀρρενικός	147
διεξοδικός	147
Ἀμίλκας	147
αἰνετός	147
ἴρις	147
ἀμφί-ἀμφιέννυμι	147
ἀνανέωσις	147
κόριον	147
ὑπήνη	147
ἀπεμφαίνω	147
ἐκκοπή	147
ὑπόγυιος	147
θεόκτιστος	147
ἀρίς	147
ἐπισφραγίζω	147
Ἰουλία	147
περιπλοκή	147
ἐπεῖδον	147
μεῖραξ	147
ἀκοίμητος	147
θορυβώδης	147
ἐπιδεκτικός	147
σύκινος	147
πήλινος	147
κατακτάομαι	147
πρόβολος	147
δεύω	147
πληθωρικός	147
ἀρδεύω	147
συμπέμπω	147
πωρόω	147
κυρτόω	147
διαβοάω	147
παρακομίζω	147
δινέω	147
βελτιόω	147
Πατέρας	146
ενότητα	146
Ἰωναθάν	146
αγ	146
ἔμπλεως	146
ἴσθμιος	146
νέη	146
περιποίησις	146
ἄφαντος	146
Βύζας	146
Δελφός	146
συγκαθίζω	146
ἰσχνότης	146
ολότητα	146
δέμα	146
παρενοχλέω	146
Γιζέριχος	146
κατακούω	146
Δαλματία	146
κνώδαλον	146
Γαβίνιος	146
Εὐβουλίδης	146
ἀπογέννησις	146
Νικαεύς	146
συμβίωσις	146
τελεσφόρος	146
μαρασμός	146
φῦκος	146
κοιλιακός	146
ἀναζάω	146
φυλλάς	146
ἀπάγχω	146
ἀποκυέω	146
Ὀποῦς	146
Τύρας	146
τρωγλοδύτης	146
χαλκεύω	146
ἐκπρεπής	146
ἀπονέομαι	146
γόγγρος	146
χαμαίζηλος	146
ἀποφράσσω	146
ἀντίβιος	146
ῥυτήρ	146
πυκτικός	146
συνεύχομαι	146
στηλιτεύω	146
ἐχθαίρω	146
προσεκτικός	146
δύσκρατος	146
περιοικέω	146
ἀκρωτηριάζω	146
παραθαρσύνω	146
ἀντιπέρας	145
Πο	145
γόρ	145
καταλιμπάνειν	145
Οζ	145
απλότητα	145
εὐθυωρία	145
ὁς	145
προπάτορος	145
Ἀνάχαρσις	145
εαυτός	145
Φακῆς	145
ἐπίλειψις	145
μεσονύκτιον	145
φοῦ	145
Κράλη	145
ΕΜΠ	145
ἔξαρνος	145
ἀπόστροφος	145
Ἁδριανούπολις	145
δειρή	145
Καλλικράτης	145
προαγόρευσις	145
πολυλογία	145
ἀρχαιρεσία	145
Εὐγένιος	145
πάρισος	145
ἀνεξιχνίαστος	145
περιεργάζω	145
Λάχεσις	145
ἵδρυσις	145
Βηθανία	145
Κίννας	145
διορατικός	145
Κολωνός	145
ἀγύρτης	145
δάφνινος	145
Ἰαπετός	145
Σποράς	145
διάδηλος	145
ὁμολογητής	145
κουροπαλάτης	145
ἐξολεθρεύω	145
κεδρία	145
Βούσιρις	145
ὀλυμπιακός	145
Βηρυτός	145
λυμεών	145
κουρίδιος	145
φέρτατος	145
ὑάλινος	145
παράφορος	145
ἐκπορθέω	145
εὐδαιμονίζω	145
μήστωρ	145
ἐμπάσσω	145
ἀποφράς	145
ὑποσκελίζω	145
ἀπελπίζω	145
ἐκτυπόω	145
δυσπαθής	145
ἄφορος	145
ἐκσπάω	145
πορφύρω	145
ἐπισείω	145
δτ	144
ύς	144
χβ	144
Πέντας	144
ΛΚ	144
Πολλῆς	144
Ἀδριανούπολις	144
ὄνειαρ	144
ἄκρις	144
πόθι	144
εἰσόκε	144
γνώρισις	144
Σωτίων	144
Ἄλιος	144
δυσάλωτος	144
μεγαλαυχία	144
οἶνοψ	144
Μεταπόντιον	144
Ἄννων	144
λυτρωτής	144
νεώτερος	144
Φῆλιξ	144
φθόρος	144
πάμφορος	144
Πλακιδία	144
Μακρῖνος	144
ἐθελούσιος	144
δυσγενής	144
γρικώ	144
δάκος	144
χάνω	144
Σέριφος	144
ἀγορανόμος	144
λαύρα	144
λιγνύς	144
μετοπωρινός	144
γογγυλίς	144
ὑπεξάγω	144
ῥίνη	144
προφυλακή	144
ἐγγύτερος	144
προΐσχω	144
διουρητικός	144
ἐμπίς	144
θυσιάζω	144
ἐκκρεμάννυμι	144
ἐπαναστρέφω	144
ἀδήλως	143
ἀνέλπιστον	143
κατωτάτω	143
τοὔλαιον	143
δλον	143
στρουθίον	143
κθ΄	143
Ζῆς	143
ΖΛ	143
ΟΝ	143
ἠδείδω	143
Λάμεχ	143
Δγ	143
ἀολλέες	143
Ἀρίμινον	143
μισάνθρωπος	143
Κλωθώ	143
λειποθυμία	143
Δάμων	143
ὑδρωπικός	143
λωΐων	143
Σύβαρις	143
ὁμοῖος	143
μάνωσις	143
πορνοβοσκός	143
κατέδω	143
εὐθυμέω	143
θοάς	143
καταδαρθάνω	143
δρόμων	143
πράκτωρ	143
φερνή	143
κνίδιος	143
ὁμομήτριος	143
νηλεής	143
φοινίσσω	143
ὀφθαλ	142
οἷπερ	142
Σα	142
ἔντομα	142
Ἀλέξις	142
λαμβά	142
ΛΗ	142
ΧΘ	142
ἀμογητί	142
Ἀναξίων	142
σκληρία	142
Διώ	142
Δάν	142
ἔμπνους	142
πρόπολις	142
θατέρως	142
Ἕκας	142
Ὀζίας	142
βάλσαμον	142
θαψία	142
ὑπηνέμιος	142
χῶς	142
ῥητορεύω	142
ἀναφαίρετος	142
περίζωμα	142
κύπειρις	142
ἄφθα	142
κάνω	142
Ἄγις	142
Ζώσιμος	142
Χαιρήμων	142
Κορώνεια	142
οἶσις	142
ἐπιτιμία	142
προσεδρεία	142
Κόμμοδος	142
παράλυτος	142
ἱλαρότης	142
σμήχω	142
Ὀλβία	142
νομοφύλαξ	142
τυραννοκτόνος	142
Λαίς	142
ῥάμνος	142
Ἄβρων	142
δύσερως	142
προσπαίζω	142
θρῖον	142
ὠσμός	142
κουρεύς	142
ὑποκλέπτω	142
ὀλός	142
Ἰβηρικός	142
φάσσα	142
γαστρίμαργος	142
πλώϊμος	142
καμπτήρ	142
ἠίθεος	142
προπαρασκευάζω	142
ἀποδειλιάω	142
παραμείγνυμι	142
ἐμπλάσσω	142
σκοτόω	142
πιστευτέον	141
προτροπάδην	141
Λην	141
προσηγ	141
ἐσσυμένως	141
προσέγγιση	141
σθ	141
Νεάνθης	141
Βος	141
εἰσάπαξ	141
Τηλεκλείδης	141
Παλλάδιος	141
Λιβυκός	141
φρύαγμα	141
διαβεβαιόομαι	141
κλυδώνιον	141
Λιλύβαιον	141
μύδρος	141
ἡλσχω	141
ἄσκοπος	141
Κύψελος	141
ἀρχισυνάγωγος	141
ὁμοεθνής	141
παραφυάς	141
Σίπυλος	141
Μυκηναῖος	141
ἄγρωστις	141
Ἀλεξάνδρα	141
ἱππασία	141
δουπέω	141
ἐξεπίσταμαι	141
σκάρος	141
Ἑλληνισμός	141
στεῦμαι	141
κυβέρνησις	141
φθογγή	141
ἐλαιώδης	141
μετανάστης	141
χαλκίς	141
τροπόω	141
εἶδαρ	141
ἐπίτιμος	141
φιλάρετος	141
ἐγγαστρίμυθος	141
δαΐζω	141
διαλαγχάνω	141
ἀποφθίνω	141
προσονομάζω	141
ὁπωστιοῦν	140
διιέναι	140
Φύσις	140
ΙΗ	140
ἀει	140
ξζ	140
ἀνθρω	140
οθ	140
ΑΕΒ	140
διχόθεν	140
ἄπτω	140
ὁσαχῶς	140
ἐκβολεύς	140
ἀπρίξ	140
τερεβινθίνη	140
πελώριος	140
Σερουίλιος	140
σέλαχος	140
Σινά	140
σπάσμα	140
κατεργασία	140
ἀχαία	140
Καλλιστώ	140
παμπόνηρος	140
Μαλέα	140
διακαθαίρω	140
θραῦσις	140
περιώνυμος	140
νεφριτικός	140
ἔνδηλος	140
κάρ	140
θρίδαξ	140
Σκόπας	140
ἰαχή	140
ἔντος	140
εἰσοικίζω	140
Πυθικός	140
προαποδείκνυμι	140
ἀγρότης	140
τούς	140
τακτός	140
ἀρραγής	140
ταλαντεύω	140
συνεθίζω	140
διατρέω	140
ἐξορύσσω	140
ὀρεινή	139
επιτατικός	139
ψιλωτέον	139
αὗ	139
ΙΖ	139
δυνάμις	139
Διᾶς	139
ΗΛ	139
ΙΠ	139
λϚ	139
δῆ	139
Λυκῖνος	139
ἀποβιόω	139
ἀντιμισθία	139
ἐνοσίχθων	139
δυστροπία	139
ἀλλότης	139
ῥοία	139
ὑπαινίσσομαι	139
ἱερατεία	139
ἀφροδισιάζω	139
Ἐπειοί	139
πανημέριος	139
Φιλητᾶς	139
τρισυπόστατος	139
Βαρούχ	139
Χαρμίδης	139
ἀπερίσπαστος	139
όλος	139
ἐξασθενέω	139
μονίας	139
χειροήθης	139
Οἰχαλία	139
ἀγαθωσύνη	139
ἀνάγραπτος	139
Βάκτριος	139
πορευτικός	139
θιασώτης	139
γνωτός	139
Ὑρκάνιος	139
παχύχυμος	139
ἐκφράζω	139
ἐπεισπίπτω	139
εὔκαρπος	139
ἁρμοστής	139
ἀνδρόμεος	139
προνοοῦμαι	139
μαινάς	139
ᾡ	138
Εκ	138
ἀφωρισμένως	138
ἐθ	138
Κύρης	138
ΡΑΨΩΜΙΑ	138
λιπαρῶς	138
ἀποστασίου	138
ἐξόπισθεν	138
ἱστοριογράφος	138
αἴ	138
Γολιάθ	138
Τύριος	138
πολυθεία	138
γέρρον	138
σπληνικός	138
Πάδος	138
ἔντοσθεν	138
ἀπολ	138
σέσελις	138
Καικίλιος	138
Λυκαονία	138
πέος	138
ἐξαπάτη	138
ἀθεώρητος	138
ἀπόρημα	138
αἰνιγματώδης	138
ἔποψ	138
αὐτάδελφος	138
ἔγκαυσις	138
βυβλίον	138
κόρση	138
ἀφλέγμαντος	138
χονδρώδης	138
ἀτασθαλία	138
φοίνιος	138
διαπυνθάνομαι	138
ἰσοπαλής	138
πολύκαρπος	138
σκίδνημι	138
πινυτός	138
κυοφορέω	138
μυρίζω	138
προεκτίθεμαι	138
σελίς	138
Ἀργολικός	138
κτ	137
Ἵππος	137
γυν	137
ἀναμφιβόλως	137
Νῶς	137
βοιρ	137
ἀνθρωποκτόνος	137
ζεῦγμα	137
Κτήσιππος	137
Πολυεύκτος	137
σιτηρέσιον	137
ἴδρις	137
Ἀρήτη	137
Ἄντος	137
ἀδίαντον	137
Άυν	137
ἀπόλεκτος	137
ὀρχήστρα	137
διώνυμος	137
Λάμος	137
πένθιμος	137
Ἀπολλωνιάτης	137
Δομίτιος	137
ἄοκνος	137
ουενετος	137
χέλυς	137
Σύριος	137
Ἄρνη	137
ἄνασσα	137
στονόεις	137
τελχίν	137
περίσσωσις	137
Ξανθίππη	137
Κότυς	137
πρωτουργός	137
παραχώρησις	137
κευθμών	137
ἀλλοιωτικός	137
μνημονικός	137
ληρώδης	137
πεζεύω	137
κατατομή	137
ναυτία	137
ἐγκαινίζω	137
ὑποποιέω	137
ὀλολύζω	137
ἐκτήκω	137
ἀστοχέω	137
γλύφω	137
Ἴδιον	136
ρκ΄	136
Ἑλλ	136
δηλ	136
ξξ	136
Νεστόριος	136
πράγ	136
πάντοσε	136
Ἰάφεθ	136
ῦς	136
θάλος	136
απαράβατος	136
ἐπιφώνημα	136
Ἐπαφρόδιτος	136
λάχος	136
ἀπόσπασμα	136
ἀποκλήρωσις	136
Διονυσόδωρος	136
Μέδων	136
ἀχώρητος	136
νησίον	136
ἀλεξιφάρμακον	136
κορίσκος	136
τέρμινθος	136
πυξίς	136
ἄνωτος	136
Εὐρυδίκη	136
Συριακός	136
Μελιτηνή	136
τιθύμαλλος	136
Ἁρμονία	136
συνδυασμός	136
ἄοικος	136
Μινουκιανός	136
Μέτων	136
παραπορεύομαι	136
ἀνατόλιος	136
Ἀλβῖνος	136
θηριωδία	136
ἀδών	136
ἕρπης	136
κοινολογέομαι	136
αφήνω	136
πρόσφυσις	136
αὐτοδυάς	136
βωμολόχος	136
νεοσσιά	136
σκιάω	136
καθάρειος	136
παρεισέρχομαι	136
ἄπνοια	136
γαμέτης	136
παρεκτικός	136
διετής	136
δυσσεβέω	136
ἐγρήγορος	136
προσελαύνω	136
κλυσμός	136
απομένω	136
διαδύνω	136
ἐπιθεωρέω	136
ῥαπίζω	136
πυκάζω	136
βυθίζω	136
φρον	135
λεται	135
κρ	135
Ἠσαύς	135
ἄντην	135
απαριθμώ	135
πηνίκα	135
Εὐριπίδειος	135
κληρουχία	135
ἄτυφος	135
τριήμερος	135
βρύον	135
Λιός	135
προστατέω	135
φιλαυτία	135
Ναχώρ	135
ὕφαιμος	135
ἀγχιστεία	135
κατάφωρος	135
ἀξιοπιστία	135
Ἱεράπολις	135
πενταπλάσιος	135
Ἔχετος	135
ἡμιτριταῖος	135
ὦπον	135
μαλλός	135
ζόω	135
νάρδινος	135
ἔβραχον	135
Διόφαντος	135
αὐλαία	135
ἄγκος	135
πρωτοστάτης	135
ἀκρογωνιαῖος	135
Μελικέρτης	135
ῥῶσις	135
συμφθείρω	135
ἐπιλογισμός	135
ἐπιδήμιος	135
θριγκός	135
γλυκαίνω	135
ἡγός	135
οὐτιδανός	135
ἁλίζω	135
ἀβέβαιον	134
παραδίδομαι	134
ΜΕΘ	134
πλανουλας	134
ἑκα	134
ἄκρεα	134
ἀλλαχόθι	134
ἀναισθήτως	134
Σιδηρᾶς	134
Ἀσίης	134
κύπερον	134
σῆ	134
ναύω	134
ξις	134
κόλλησις	134
λεύκωμα	134
γένημα	134
κατήχησις	134
εὔζωμον	134
Ὄνειον	134
ἀείμνηστος	134
χάραγμα	134
Λαμία	134
μεταφωνέω	134
Μινώταυρος	134
διοράω	134
ἔλυτρον	134
ἀλεείνω	134
ἀβρότονον	134
ἐννόημα	134
Κυβέλη	134
σκάμμα	134
κράτιστος	134
Τήμενος	134
αἰσχρότης	134
Τάτιος	134
Ἵππασος	134
ὑφαντικός	134
περικάρπιον	134
Τυνδαρίδης	134
κολωνός	134
μαγικός	134
φλιά	134
ὑποκύπτω	134
λυτικός	134
παρακμάζω	134
λιτανεύω	134
στενόω	134
ἐπιπνέω	134
ὑποζεύγνυμι	134
εὐνομέομαι	134
μεθαρμόζω	134
ἐπικυρόω	134
φρο	133
Σι	133
ἐτησίαι	133
ἀθέμιτος	133
κολοκυνθίς	133
Κλειτοφῶν	133
προιτ	133
καθαπερεί	133
διόπτρα	133
ἀδάμαστος	133
Νεοκλῆς	133
κύρβεις	133
ἀοριστία	133
Σῆμος	133
νεκρότης	133
μονομερής	133
βελτίωσις	133
Κόμοδος	133
Κάριος	133
κυνίδιον	133
ἐμπύημα	133
Σαγγάριος	133
δεκατρεῖς	133
ἀδίδακτος	133
ἐννεάς	133
ὑπαγωγή	133
Σαλμωνεύς	133
κολυμβάω	133
χρόα	133
κεκρύφαλος	133
τοπάρχης	133
ἀσύμβατος	133
ἐπίτομος	133
δαιμονιώδης	133
πληθύω	133
καθημέριος	133
ἐπανατείνω	133
τουτονί	132
ἕκατι	132
περιπαθῶς	132
ἀνης	132
μεσότοιχον	132
ΔΥάς	132
κϚ	132
ἀδιαιρέτως	132
ἀκήν	132
Κῶος	132
ἀναράω	132
τημλ	132
ἐνθύμιος	132
Ναθαναήλ	132
κοίμησις	132
παραπληξία	132
γειτνίασις	132
λός	132
εγκόσμιος	132
Γύλιππος	132
Βρισηΐς	132
Δημόφιλος	132
Εὐρύλοχος	132
ἀπόβρεγμα	132
Ἀσά	132
σκίμπους	132
Λῷος	132
πυρεῖον	132
Οτ	132
κνῖσα	132
ὑποθυμιάω	132
τρύπανον	132
Πίνδος	132
ἀνοκωχή	132
Χάλυψ	132
περίφοβος	132
πένταθλον	132
λογιάζω	132
δάϊος	132
κόνυζα	132
Φιλῖνος	132
χλιαίνω	132
δούλιος	132
Ἰωλκός	132
ἀρθριτικός	132
ἀκαλήφη	132
ἐτάζω	132
ἀειδής	132
λοιβή	132
ὕφαλος	132
αἱρετίζω	132
πελάτης	132
παρατρίβω	132
ἀκυρόω	132
καταστερίζω	132
βουκολικός	132
δρομικός	132
πέκω	132
ἀντιπέραν	131
Πελώριον	131
ΕΖΗ	131
ΛΒ	131
Ἀλήθεια	131
πειστέος	131
στρ	131
θημι	131
Ἥρος	131
μῶ	131
εδασιλευσω	131
Λεν	131
Κόραξ	131
βάρδα	131
Ρες	131
έχω	131
ὑπογάστριον	131
ἑξάκις	131
Συχέμ	131
Ἀπολλοφάνης	131
δυσχείμερος	131
ἀκροθίνιον	131
φίλως	131
διάλληλος	131
ξάγι	131
ἀνυπόδητος	131
σύννοια	131
Ἰσχόμαχος	131
θεοφόρος	131
θυεία	131
Λάμια	131
Κάβειροι	131
περιπαθής	131
ἀροτριάω	131
κατάθεσις	131
προσκατηγορέω	131
Μασσανάσσης	131
ἐρωή	131
δέρρις	131
ἀτεχνία	131
διάφωνος	131
ὀστώδης	131
πρόεσις	131
ἀλύσκω	131
ἀμπεχόνη	131
εἰσρέω	131
ἀπειρόκαλος	131
Ἑβραΐς	131
ἐπιχράω	131
ναρκάω	131
σατανικός	131
εὔροια	131
ἀνορύσσω	131
νεάω	131
σίαλος	131
φλέω	131
ἀνάριθμος	131
ἀραιόω	131
μαγειρικός	131
ὡροσκοπέω	131
κατεύχομαι	131
συνοδεύω	131
μεταλλεύω	131
σαγηνεύω	131
νέωτα	130
σοντ	130
ὡφελεία	130
ὑπέρ-εἶδον	130
αὐτου	130
ὑποκάτωθεν	130
ὄντα	130
Ἔλληνες	130
οὐδόλως	130
ἄνοισις	130
ΕΙΡ	130
Πέντη	130
Σεβαστός	130
δρακόντιον	130
Καπερναούμ	130
ὑποκιστίς	130
ἄβαξ	130
Ἱμέρα	130
ἀθλιότης	130
θέτης	130
Λιβέριος	130
ἐξαιρετός	130
πλάτων	130
χλανίδιον	130
στίμμι	130
Μεσημβρία	130
ναυπηγός	130
Αἰκανός	130
ἐξαγωγή	130
Πασίων	130
εὐφρόνη	130
πραύνω	130
Σαμαρεύς	130
Κρίσπος	130
διαπόντιος	130
μεταστέλλομαι	130
Ἴασος	130
Ἀλυάττης	130
ὑποστάθμη	130
ἀωρία	130
δυσουρία	130
οὐρός	130
βραχίων	130
πῖδαξ	130
πηλώδης	130
Δωδωναῖος	130
γάνυμαι	130
δύη	130
δινεύω	130
παιών	130
ἐκρίπτω	130
ἀγρότερος	130
ἀνηλεῶς	129
τερ	129
ἐνε	129
Ἀτάραχον	129
Οὔριος	129
Κλ	129
Δημιουργός	129
μηδαμόθεν	129
ΧΙάς	129
τούτεος	129
οἴ	129
τοῦτα	129
ἐξορμέω	129
καβαλλάριος	129
Τιμοκλῆς	129
νωμι	129
Ἀφθόνιος	129
Σαρ	129
λαρός	129
σκέπαρνον	129
άρχω	129
φόρημα	129
Καισαρεύς	129
ὑποστολή	129
Ἄκτιον	129
προσποίησις	129
περίσσευμα	129
ἀναμανθάνω	129
Ἄβδηρα	129
ἀντιπάθεια	129
σολοικίζω	129
Κήρ	129
Ἀθάνα	129
κατάξηρος	129
ἀμεγέθης	129
λάταξ	129
ναυαγία	129
ἐξ	129
τι	129
Περγαμηνός	129
συνουσιάζω	129
ἄσπορος	129
Ἀράξης	129
πληθώρα	129
χειρουργέω	129
μισθοφορέω	129
Ἐριφύλη	129
ἐπιχορηγέω	129
στέγνωσις	129
χῆρος	129
Τρώϊος	129
κατολισθάνω	129
ὀλυμπιονίκης	129
ἄσοφος	129
Τισαμενός	129
κλῄζω	129
σκότιος	129
ὑπολογίζομαι	129
ὑλώδης	129
φωλεύω	129
εὔπεπτος	129
γλυφή	129
συγγνωστός	129
παραφαίνω	129
γῦρος	129
ἁμαρτάς	129
ἐκθερμαίνω	129
γρύψ	129
κέλλω	129
λεκτικός	129
παρακόπτω	129
προβουλεύω	129
νεικέω	129
παρανάλωμα	128
ἡμος	128
Μονογενής	128
διεξιών	128
ἄπαγε	128
ἀπυρεξία	128
ἀπόπειρα	128
Διοσκουρίδης	128
κάλλιστα	128
Εὐμενεύς	128
αθ	128
ὁμίς	128
μέση	128
ἰότης	128
ἀκήρυκτος	128
καθεκτικός	128
κωμῳδιοποιός	128
συλλήπτωρ	128
ἀμβλυγώνιος	128
δουλοσύνη	128
Πύδνα	128
Πης	128
Πεισιστρατίδης	128
Θεοδέκτης	128
αὐτοδίδακτος	128
στρατοπεδάρχης	128
κρήδεμνον	128
Διότιμος	128
στάμνος	128
εὐρύχορος	128
κυνός	128
ἀνακομιδή	128
Περσαῖος	128
τριακάς	128
βοεύς	128
ἐφέτης	128
παράφρων	128
οἰκογενής	128
ἐπίταξις	128
ὅτῳ	128
κολαστής	128
συνίστωρ	128
διαβήτης	128
κεφαλίς	128
ἀσύμβλητος	128
βηλός	128
ἀπροσδιόριστος	128
Φλῶρος	128
προοιμιάζομαι	128
ῥαίω	128
μάχος	128
Χαλδαικός	128
κληματίς	128
ἄναρθρος	128
ἶβις	128
Λευκάδιος	128
ἀνασκολοπίζω	128
ἐγχείη	128
κλαίω	128
κυνηγετικός	128
δρη	127
ΑΡ	127
δευτερεῖα	127
μητίετα	127
Παναθηναϊκός	127
ἀπονητί	127
ἀνάβλεψις	127
Ὧρ	127
παπαῖ	127
σύγε	127
γεωμετρέω	127
ἀνθρωπόμορφος	127
Ῥοδανός	127
ἐπινέμησις	127
δυσγένεια	127
ἄποπτος	127
διφρυγής	127
Πρόκνη	127
Κινύρης	127
πιτύϊνος	127
ἐπίνικος	127
Δολαβέλλας	127
ὤκιμον	127
ἀνδραποδώδης	127
χέρνιψ	127
Σαλούστιος	127
περισσεία	127
Δηριάδης	127
κερατοειδής	127
αἰγύπτιος	127
ὀμφάκινος	127
κλέμμα	127
παραδρομή	127
νεβρίς	127
βαρβαρίζω	127
ἀτεράμων	127
δέξις	127
ἱπποκένταυρος	127
ἐκθέω	127
κοπή	127
Ἐριννύς	127
μονότροπος	127
κραιπάλη	127
Ἐπιδαύριος	127
ἐπίχρυσος	127
στομαχικός	127
Εὔηνος	127
αἴσθημα	127
ἐξακολουθέω	127
τρώγλη	127
σύντασις	127
Γόρτυς	127
ἀργυρώνητος	127
ἄσκιος	127
κραναός	127
οἰνώδης	127
θεόω	127
προσρέω	127
παραποιέω	127
ἀριστοκρατικός	127
ἐρυγή	127
κτέω	127
ἀντεγκληματικός	127
ἐλεός	127
ἐπιστηρίζω	127
λάϊνος	127
ῥᾳθυμέω	127
ἐκληπτέον	126
ρπ	126
μέγιστος	126
Ἄρχας	126
Ἄξιος	126
Ῥαάβ	126
Βον	126
μήπου	126
Κόρρης	126
μεσόγεως	126
πρόστιμον	126
αρμόζων	126
ἔποικεν	126
ἀκρωμία	126
τριόδους	126
ένας	126
Μάλλιος	126
ἐσώτερος	126
γνησιότης	126
Λαζική	126
εὐστάθεια	126
ἐπισκευή	126
πανάριστος	126
ὑφέζομαι	126
ἀκροβολισμός	126
Ἀλθαία	126
γεῦμα	126
Ἄκαστος	126
σύνθρονος	126
ὅπλισις	126
ζωγρίας	126
φάρμακος	126
κτηνώδης	126
Βύβλος	126
ἑνοειδής	126
τιμιότης	126
θωπεία	126
σύζευξις	126
Πιστεύς	126
Ἀρεοπαγίτης	126
εἰδωλολατρέω	126
διαπαίζω	126
Μελάνιππος	126
ἠνορέη	126
νωμάω	126
παραπείθω	126
ἐχθραίνω	126
νησίς	126
βριαρός	126
κατοπτεύω	126
περισσωματικός	126
συμπατέω	126
παρεδρεύω	126
καταπραύνω	126
κραυγάζω	126
προπύλαια	125
ἁπανταχόθεν	125
Θε	125
Ξιν	125
ΜΚ	125
Πορφύριον	125
καρπαλίμως	125
Ῥωμαικός	125
ΜΛ	125
ΝΟ	125
Ἰεζάβελ	125
ὀνομά	125
Λύδιον	125
Ναβουχοδονοσόρ	125
ῥίμφα	125
ῥήξ	125
κατάκορος	125
προπερισπωμένως	125
χήρ	125
ἀπερίγραφος	125
ἀνυπεύθυνος	125
θέναρ	125
ἔκτεισις	125
ναῦλος	125
ατο	125
ΠΣ	125
πῶϋ	125
Βέλ	125
βαλαύστιον	125
ἡμίσιος	125
διάχυσις	125
Ἱστιαῖος	125
ἐπιφοίτησις	125
Καλυδώνιος	125
Δέξιππος	125
χερείων	125
Οὔαρος	125
ποιώ	125
ὁλοτελής	125
φθινοπωρινός	125
στεφανίτης	125
κάω	125
ἀνωφερής	125
Μεγακλῆς	125
ἐνωθέω	125
γυναικώδης	125
αὔλιος	125
κόχλος	125
προσωποποιία	125
χραισμέω	125
τεῦς	125
ἀναζωπυρέω	125
ὀρθρίζω	125
βρεττανικός	125
ἐπιδεής	125
καταμελέω	125
ἐντάσσω	125
κάμαξ	125
γαλεός	125
ἐπικηρυκεύομαι	125
συρρήγνυμι	125
καλινδέομαι	125
συνεστιάω	125
θρωπος	124
Δάρα	124
αἱρετέος	124
γεννάδας	124
μξ	124
Ἑσπερία	124
κατόπισθεν	124
γαίω	124
ἐγκατάλειμμα	124
ὀψοφάγος	124
ἀχάλινος	124
ἔκφρων	124
ἐφεξής	124
ταῦς	124
Μάνιος	124
Ἀρτάβανος	124
Ὡσηέ	124
Ἠετίων	124
Ἄζωτος	124
ἀπρακτέω	124
ἀνάκλισις	124
ἕρπυλλος	124
Μενοίτιος	124
ἄελπτος	124
Μωαβῖτις	124
ψόα	124
ὑποζώννυμι	124
Σόλυμοι	124
μετάμελος	124
Φοίβη	124
πηλεύς	124
ὑπερεύχομαι	124
εὐκταῖος	124
ἔναρθρος	124
μεγεθύνω	124
κωνικός	124
ἀμφίβιος	124
Ἁλικαρνασσεύς	124
ᾠοτοκέω	124
οἴνη	124
λιμναῖος	124
Λευΐτης	124
βοτόν	124
πέρσις	124
συνεγγίζω	124
συνακτικός	124
διαπεραίνω	124
τελεστικός	124
ἀνιμάω	124
εὐοδόω	124
εἰλύω	124
εἰχω	123
οἰητέον	123
ἐλ́ειμι	123
από	123
ΛΑ	123
ΜΘ	123
ἀλήθευσις	123
χόρ	123
συλληπτικός	123
σχοίνισμα	123
σ́ω	123
ἀνεξερεύνητος	123
γλάνος	123
εἰρωνικός	123
λειοτριβέω	123
οἰκοδόμησις	123
Μόρσιμος	123
ἀφώτιστος	123
στροφάλιγξ	123
Ξενοκλῆς	123
φρενοβλάβεια	123
Ἰσμαηλίτης	123
Γέθ	123
Ἀκοίτης	123
Χαλκηδόνιος	123
πολυπλασιασμός	123
Εὔνους	123
καθέψω	123
πορθμεῖον	123
ἀστήρικτος	123
σύμπνοια	123
ὑφάντης	123
ἀνέστιος	123
Αἴθρα	123
Νιρεύς	123
αὔλειος	123
δύσμαχος	123
ἐπιζήτησις	123
πολεμιστήριος	123
μάγγανον	123
δημαγωγέω	123
ἀντίστοιχος	123
Ρούσι	123
εὐζωΐα	123
κορύνη	123
Αἴθων	123
αὐταρχέω	123
ἀμφικαλύπτω	123
ἀποκωλύω	123
ἀφύσσω	123
ἐπικουφίζω	123
ἱεροπρεπής	123
ἀνασταυρόω	123
ζητητικός	123
ἀποξηραίνω	123
ἀντιφράσσω	123
φειδός	123
μετατρέπω	123
Θρᾷσσα	123
ργ	122
Δικαιοσύνη	122
ξθ	122
λγ΄	122
Κοπρίας	122
κράλης	122
Κωνστάντ	122
Θάμαρ	122
ρώμη	122
ΔΜΑ	122
ὁπωσδήποτε	122
Ναζαρά	122
ἀνταπόδομα	122
Νεστόρειος	122
τροφεῖον	122
Κρ	122
ἀναιμωτί	122
παγχάλεπος	122
θέωσις	122
ἰοχέαιρα	122
τοονδ́ς	122
ἀλθαία	122
Φωκυλίδης	122
νηρ	122
μετάπεμπτος	122
Ὦχος	122
ὑποκαταβαίνω	122
ζωρός	122
δαιταλεύς	122
μινύθω	122
εὐθετέω	122
συσκευή	122
ἀπόρθητος	122
σέρις	122
Πυθόδωρος	122
Ἄττις	122
κακόνοια	122
κουροτρόφος	122
φιλότεκνος	122
Αὐσόνιος	122
Νῖσος	122
χρησμολόγος	122
σχίσις	122
Ὑάκινθος	122
ὁμοιοσχήμων	122
εὔχροια	122
ἄβρωτος	122
ὀνοματοποιία	122
ὁμοιοπαθής	122
ἀρχέκακος	122
οἰκουρός	122
Ἐλάτεια	122
ἴκτινος	122
πνίξ	122
ἄροτος	122
πρόσχωρος	122
ἄσεμνος	122
ῥευματίζομαι	122
ταξιάρχης	122
φθορεύς	122
βομβέω	122
ὁπλότερος	122
ἔμπληκτος	122
παροδεύω	122
δημοκρατικός	122
διαζώννυμι	122
θῆμα	122
ἐκποιέω	122
γραμμικός	122
εὐκτήριον	121
σύνδυο	121
περιέργως	121
ὅπουπερ	121
τίας	121
Ὁμοία	121
Θεολόγου	121
ΣΧΟΛ	121
ψαῦσαι	121
τάχιστος	121
Μηδίς	121
Ἀστέριος	121
καταφρονητικός	121
ὕψι	121
Ούτου	121
ἀκαιρέω	121
ῥαγάς	121
Φιλιππίδης	121
παρθικός	121
ἀκαταγώνιστος	121
λευειος	121
ἀτέω	121
τοι	121
σκαραμάγγι	121
ἀκινάκης	121
φύλοπις	121
ἐντεριώνη	121
μόνωσις	121
κάρπωμα	121
μόσχειος	121
παρέζομαι	121
ἀνάπλασις	121
ἀμόργη	121
κύπειρον	121
πάνδεινος	121
Δημάρατος	121
ἀπερίεργος	121
ἐλεαίρω	121
παρυφίστημι	121
μισοπόνηρος	121
Ὄθων	121
θαυματουργός	121
Ἶρος	121
ἀλίμενος	121
σκιαγραφία	121
γαμψῶνυξ	121
πλήμμυρα	121
μονόκερως	121
στῆμα	121
κηπουρός	121
ἀβέλτερος	121
ἰδιωτεύω	121
φλεβώδης	121
ἐπαπορέω	121
ἄσπιλος	121
κολλητικός	121
συμπορεύομαι	121
πιδάω	121
διαδρομή	121
ἀπροσδεής	121
προσπέμπω	121
καταλογίζομαι	121
νίσσομαι	121
θερα	120
Βλαχερνῶν	120
καθέκαστα	120
ἐνρ	120
ὧ	120
τοιῶσδε	120
χγ	120
ἐξεταστέον	120
Θεοδώρητος	120
νίκον	120
βρυωνία	120
φορτίζω	120
οὐμενοῦν	120
Χερσών	120
ἐχέγγυος	120
ἄριστος	120
κοντάριον	120
ἀνοχλέω	120
Αὐγοῦστα	120
Εὐρύαλος	120
νεφεληγερέτα	120
ἀκολασταίνω	120
Γέλας	120
Ναυσικάα	120
ἐέργω	120
γραφεῖον	120
στεφάνωμα	120
Οὐίττιγις	120
Ἰλλυρία	120
πατραλοίας	120
ἀπάρχω	120
Ἀμέλιος	120
ἑλληνισμός	120
γύαλον	120
κήρ	120
ζυμόω	120
Ἀλανοί	120
νηπιότης	120
στρατήγιον	120
ὀλιγοστός	120
εὐρύτης	120
μίσθωσις	120
ἀπεχθής	120
Βούτης	120
δυσθεώρητος	120
προτείχισμα	120
ἀβλής	120
ἔκφανσις	120
τετράρχης	120
πτυχή	120
Τμῶλος	120
τίγρις	120
νημερτής	120
περινοέω	120
Τάναγρα	120
πριμ(μ)ικήριος	120
φωτοειδής	120
οἴφω	120
ἀμπελόεις	120
ἐναπομένω	120
διημερεύω	120
ἄσυλος	120
κατατοξεύω	120
λεγεών	120
ὑπαλλαγή	120
κίσσα	120
προβλέπω	120
φιλοκερδής	120
αἰπεινός	120
μεταβλητός	120
ἐρητύω	120
ἀνυψόω	120
εὐκρινής	120
παραβοηθέω	120
σκάζω	120
νυμφικός	120
προδιδάσκω	120
ἀνακοινόω	120
ἀφεγγής	120
λογιστής	120
ἀφαρπάζω	120
ἐατέος	119
συστάδην	119
Σάντος	119
φρ	119
ΚΟΡΙΝΘ	119
Αρίστος	119
σμ	119
Λεξ	119
Νινευῖται	119
Τούτα	119
ταπεινοφρονέω	119
ἀνεπίφθονος	119
άου	119
μεθοδεία	119
ἀδιάλυτος	119
Σαραπίων	119
ὑδρίς	119
βωμολοχία	119
κλιτικός	119
Δάμασος	119
πολυπειρία	119
πολυμήχανος	119
εὐκρίνεια	119
Ἀμισός	119
δυσώνυμος	119
Ἀντωνία	119
ἰσοδύναμος	119
νίκη	119
Δύμη	119
ὥριος	119
νυμφαῖος	119
ἔνορκος	119
κατακοντίζω	119
μεταποίησις	119
χορικός	119
σφαγιάζομαι	119
ὁμότεχνος	119
μετοχικός	119
ἄγραυλος	119
χολάς	119
ἐπικαμπής	119
ἀροτήρ	119
κατοικίδιος	119
ἀλαμπής	119
αἱρεσιάρχης	119
Μύρινα	119
έρχομαι	119
εὐρώς	119
παρακλητικός	119
συμπείθω	119
σαλπιγκτής	119
δικεῖν	119
ὑπεριδεῖν	118
δλως	118
χαρ	118
διακενῆς	118
στοιχηδόν	118
είς	118
κατάκαυσις	118
ἀπαράδεκτος	118
ἐπιτατικός	118
θεοσημεία	118
ἀτάρακτος	118
παράστημα	118
εἴσπλοος	118
καπηλεία	118
γλήνη	118
κατάλυμα	118
Σαρδική	118
δάνεισμα	118
Προκλῆς	118
χαίνω	118
σκηπτοῦχος	118
περίληψις	118
σύνευνος	118
ε	118
ἀσελγαίνω	118
σκυλάκιον	118
ἀνεμώνη	118
εὔθυνα	118
περιληπτός	118
πατρώιος	118
συμμαρτυρέω	118
Ἀλλάριχος	118
Κλέανδρος	118
Πανδώρα	118
ὠλένη	118
ἰδιοποιέω	118
ἐρέω	118
καταπαλαίω	118
πόστος	118
Θεσμοφόρια	118
κυανοχαίτης	118
τρισμακάριος	118
πολιοῦχος	118
ἰλλός	118
σωστικός	118
ἀνθρωποειδής	118
ὅμαδος	118
ἀνελλιπής	118
ἐποικέω	118
παραμονή	118
συνευδοκέω	118
ἀποκριτικός	118
ἀνερευνάω	118
μυκτηρίζω	118
περιχρίω	118
ὑπορρέω	118
λυκάβας	118
ἡμεδαπός	118
συνεμπίπτω	118
πρώϊμος	118
νυός	118
ναιάς	118
κεραμίς	118
ἀρνειός	118
κλειτός	118
συμφύρω	118
ἄμεινον	117
Διο	117
ἀνθρ	117
ἀμφο	117
στενότητα	117
δταν	117
ὔ	117
προσφυῶς	117
μιον	117
λευιημι	117
ἦξις	117
δαμασκηνός	117
μεσονύκτιος	117
λείω	117
προσυπακουστέον	117
γεντιανή	117
δέρος	117
τερέω	117
ἀντιλήπτωρ	117
Θέστιος	117
Ἀλός	117
Ἄκτωρ	117
Λήθη	117
Ἄμφις	117
Ἀσήρ	117
παρασύνθετος	117
Ἐλέα	117
λεύκανσις	117
Ἀπολινάριος	117
Ἀττήλας	117
ἐξόριστος	117
καλάσιρις	117
ἐχυρός	117
Κερ	117
ἀνυπαρξία	117
Σῶσος	117
εὐαρέστησις	117
ἀδιάρθρωτος	117
Αὖλος	117
ἄληκτος	117
Λύσιππος	117
μῆον	117
ἀνταῖος	117
Φλειάσιος	117
Ἰουδαϊσμός	117
ἀνεξίκακος	117
προβολεύς	117
κατάσκιος	117
περίπτωσις	117
Φάρσαλος	117
ὁμοφροσύνη	117
Αὐρηλιανός	117
τέχνασμα	117
ἀβοήθητος	117
ἀτροφία	117
σχεδία	117
ἀκατάπληκτος	117
περιαγωγή	117
ίππος	117
Ὀρτυγία	117
κερασφόρος	117
λογοποιέω	117
εἴεω	117
τίτλος	117
καταστέφω	117
ἔντονος	117
στεγανός	117
εὐχωλή	117
πνιγμός	117
ἐκπληκτικός	117
εἰσαγγέλλω	117
βιωφελής	117
μελῳδός	117
φορτηγός	117
χρυσοειδής	117
μοχλεία	117
ἐκλαλέω	117
θανατικός	117
ἐξευτελίζω	117
κατακορής	117
ἠΐθεος	117
παραθέω	117
Νοιᾶς	116
ἀριστίνδην	116
ἑκεῖνος	116
Σο	116
ἐπιπλεῖστον	116
Πόθος	116
κοίλη	116
Πυθίων	116
χορεῖον	116
Εξάς	116
Ἔλος	116
Στράττις	116
ἐτώσιος	116
ἔξαψις	116
παῦ	116
τεκνογονία	116
ἀποτομία	116
Πείσων	116
ἐλατός	116
οπ	116
Ἀγγαῖος	116
ἀτρύγετος	116
Κλεοφῶν	116
νῆσις	116
σαλώμη	116
τάμα	116
ἀποσμήχω	116
εὐθυδικία	116
ἀσύμπτωτος	116
χρήμη	116
πολυχειρία	116
θύος	116
ἀορασία	116
πρεσβυτέριον	116
στεγνός	116
κώθων	116
ἑτερώνυμος	116
Περτίναξ	116
μουσεῖον	116
ἑδράζω	116
Καία	116
ἀδιαφορέω	116
οἰνοφλυγία	116
βουληφόρος	116
ἀνάρσιος	116
ἁλουργός	116
μεταθέω	116
Καμπανοί	116
γευστικός	116
χολέρα	116
ῥύαξ	116
νήθω	116
ἀνάπηρος	116
θεοπρόπος	116
ἀναβλαστάνω	116
αρχίζω	116
πηκτίς	116
Χριστιανικός	116
ἐπιθέω	116
θρυαλλίς	116
ἐφετμή	116
ἀναποδίζω	116
συντετραίνω	116
ψωμίζω	116
προσοικειόω	116
Γενόμενος	115
ταπεινότητα	115
σκο	115
ἐμποδέω	115
Χρόνος	115
γιν	115
ἐρήω	115
τελευ	115
πζ	115
Κράλης	115
μαρχελλινοος	115
ἄνθρ	115
Φάιν	115
ἐγγυητός	115
κορμί	115
χιτώνιον	115
δηθά	115
σπεῖρον	115
κύδιστος	115
ἐπικράτησις	115
έγνοια	115
Κεραύνια	115
ὑπερόπτης	115
ἀσύγγνωστος	115
παραθήκη	115
ἀπλήρωτος	115
Σεβάστεια	115
σόλος	115
ἀδιόρθωτος	115
θέρειος	115
ἀείζωος	115
μέλις	115
προσαιτέω	115
ἐμβατεύω	115
ἀλλοιωτός	115
ἀνταποκρίνομαι	115
ὄρθριος	115
Βρέττιος	115
νεοσφαγής	115
Αἴσων	115
θεριστής	115
κλυστήρ	115
παλίρροια	115
Τατιανός	115
Ἐλεφαντίνη	115
ἀργέστης	115
ἱππομαχία	115
πάπυρος	115
ἐναγίζω	115
παραπικραίνω	115
κατοκνέω	115
τιθασός	115
ῥυπάω	115
ὁρκίζω	115
κροταφίτης	115
λωφάω	115
στοναχή	115
παροψίς	115
πρόσγειος	115
δάπτω	115
ἑταιρέω	115
ἀθλοφόρος	115
ὑπολύω	115
καταμερίζω	115
κατεγγυάω	115
παροτρύνω	115
ἀνασκευαστικός	115
ἀπερείδω	115
ἐπιδραμεῖν	114
παραληπτέον	114
Περ	114
Κορίσκος	114
Μέλας	114
ρβ	114
σμγ	114
Φεβρου	114
ἄθλα	114
χώρισις	114
ἐπανιτέον	114
σκοπητέον	114
ἐπιτείχισμα	114
Ἄγαθος	114
δισυλλάβως	114
Διοσκορίδης	114
Ἀπολλωνίδης	114
πρόποσις	114
περιούσιος	114
Κάτο	114
ἀνάθεσις	114
εἰκοσάεδρος	114
Ναυκρατίτης	114
μεγαλόνοια	114
ἀρχέγονος	114
νάρκισσος	114
ὑστερογενής	114
Πολύγνωτος	114
Κάσι	114
στέκω	114
Δεινίας	114
συνεφέλκω	114
βούλευσις	114
Καλαβρία	114
κωδύα	114
ἀμφίβληστρον	114
στρατηγίς	114
Φλεγύας	114
μηκάομαι	114
Ὄσσα	114
ἀδιάστροφος	114
μάθος	114
ἐξεναρίζω	114
ἀδηφάγος	114
πίλησις	114
αὐτοζωή	114
ἐτυμολογικός	114
Σαρδανάπαλος	114
φιλοκίνδυνος	114
παρασχηματισμός	114
ἀθεΐα	114
στασιώδης	114
Παιανιεύς	114
Θεσπρωτίς	114
διαπιστέω	114
ἐκνικάω	114
ἡμερίς	114
κωκυτός	114
Πριηνεύς	114
ἀνδρό-παις	114
ἀθυμόω	114
πρυμνός	114
ῥυμός	114
κελαδέω	114
ψαλίς	114
βῆσσα	114
εὔσημος	114
ἐξόλλυμι	114
χρυσόω	114
ᾄττω	114
ἐγκόπτω	114
ἑκασταχοῦ	113
μη΄	113
θαρσαλέως	113
Σωσίβιος	113
συντακτέον	113
λυχνίας	113
Ἄλες	113
Μακεδ ́νιος	113
Ναζαρέτ	113
Ἐλλάς	113
Θῆς	113
ἀνειπεῖν	113
δοκάζω	113
Σαοῦλος	113
στρατία	113
τάτ	113
ἐμφιλοχωρέω	113
κύντερος	113
ἁγιστεία	113
ὀντως	113
εὐάγωγος	113
ἀρνητικός	113
βεβαιότης	113
στέμφυλον	113
Στρεψιάδης	113
Κηφισός	113
θνητότης	113
νομέω	113
γλοιώδης	113
ἀνδραποδισμός	113
ἀφοβία	113
πρόγραμμα	113
λαικός	113
ἑλκώδης	113
διθυραμβοποιός	113
πετρόβολος	113
Ἐπίγονος	113
ἐπίφορος	113
ἀσπάσιος	113
μήρινθος	113
ἀσθμαίνω	113
ἐπαίω	113
ἠνεμόεις	113
Ἀστάρτη	113
ὁμορέω	113
σκιώδης	113
ὑποφήτης	113
ἐννεακαιδέκατος	113
ῥαβδοῦχος	113
Σπερχειός	113
λιμνάζω	113
τοποτηρητής	113
ἀπαναίνομαι	113
ὀρχηστικός	113
ὑπνώσσω	113
μίνθη	113
θωπεύω	113
ἀκαμπής	113
οἰκτειρέω	113
προκαταβάλλω	113
πρεσβυτικός	113
οὐραγός	113
ὑφάπτω	113
Εὐήθη	112
αἰσθος	112
προσφόρως	112
τακτέον	112
Σχ	112
βρ	112
Μάρκιον	112
ἀφεκτέον	112
Ίφη	112
ὑπόδρα	112
γλ	112
Γόντα	112
διάπειρα	112
δεία	112
δίκταμνον	112
Ἀρετῆς	112
Ἰηοῦς	112
Ἠλύσιος	112
δύσνους	112
μεσιτεία	112
ἀβελτερία	112
Μηνᾶς	112
ἔτερος	112
ἄσκεπτος	112
Σίγειον	112
καλλιουπολις	112
Ἀρχέδημος	112
τύπωσις	112
Εὐφροσύνη	112
Πούπλιος	112
Χριστόφορος	112
βασσαρίς	112
ἐμβρόντητος	112
Μενοικεύς	112
ἔμμονος	112
Στίλπων	112
Γράκχος	112
κώλυσις	112
παρολκή	112
πόρτις	112
ἐπείσειμι	112
ἀφάνεια	112
λίτρον	112
παρακέλευσις	112
καταφρονητής	112
Ζήτης	112
Τριφυλία	112
κροῦμα	112
ἀνάκρισις	112
Σάρος	112
ὑπόζωμα	112
κακοστόμαχος	112
Σταυράκιος	112
στεροπή	112
Φιλώτας	112
πῖος	112
Χάων	112
παραχαράσσω	112
μέμαα	112
ἀφέτης	112
ὑπνώδης	112
Μηθυμναῖος	112
ἀντιπολιτεύομαι	112
λιπαίνω	112
πτίσσω	112
παρήλιος	112
θητεύω	112
ὑπαλείφω	112
δαιδάλεος	112
Νεαπολίτης	112
λοχεύω	112
ἀποκρουστικός	112
θηρευτικός	112
κρύβδην	111
ἔνι	111
αὖθι	111
Εὐδοκία	111
διαφ	111
Ἄθ	111
πολλαχόθι	111
ἐλκή	111
Ἀπριλ	111
ἄνθετο	111
Κλέα	111
μήτοι	111
Λευ	111
Γίνος	111
πάθη	111
Λόγοι	111
Ἄσπερ	111
ἀνοσιότης	111
Ὀξοῦς	111
ἀδάπανος	111
κολοφών	111
ἐκνεφίας	111
Ἀρμενιακός	111
Κηφισόδωρος	111
παλινῳδία	111
Ποδαλείριος	111
λυγκεύς	111
σῆραγξ	111
συγκληρονόμος	111
ὅρμημα	111
αἰσχροκέρδεια	111
ἀπείρητος	111
ἐννοσίγαιος	111
ἀκατάπαυστος	111
Φόρβας	111
Κρηθεύς	111
ὀρώδης	111
Κάλπη	111
ἀποψηφίζομαι	111
Λέρνη	111
πολύχρηστος	111
ἀμείλιχος	111
συνέμπορος	111
ἀπαρκτίας	111
ὄρχαμος	111
παραυξάνω	111
ἀναρμοστία	111
τρύγητος	111
ὑποστιγμή	111
Βραχμάν	111
γαργαρεών	111
ἁρμόδιος	111
ἄφιλος	111
ταὐτολογία	111
συγκομιδή	111
Ἀμυμώνη	111
Κασταλία	111
Σίκων	111
ὄπις	111
μεγαλοφρονέω	111
γηθόσυνος	111
ἐνατενίζω	111
ἐκλογίζομαι	111
παράφρασις	111
Ὀπούντιος	111
παλάσσω	111
ἀθλητικός	111
ὀνομαίνω	111
ἐρῳδιός	111
ἀποτολμάω	111
κυνοκέφαλος	111
φασιανός	111
ὁπλοφόρος	111
ἔργμα	111
περικλείω	111
χαυνόω	111
ἐπιστάζω	111
απλοτητη	110
ζον	110
Βάρδα	110
δυσσεβῶς	110
πγ	110
ΑΒΔ	110
Μαριάμ	110
Ἡμιθέων	110
ἡβηδόν	110
παραυτά	110
ἀωρί	110
ἀμῶς	110
ῥοδοδάκτυλος	110
παράγωγο	110
ὄργια	110
πατά	110
μεγαλοεργία	110
ῥάκιον	110
φόσσατον	110
ΣΔ	110
ἀντιπαράκειμαι	110
λογεῖον	110
τριηραρχία	110
προσεπάγω	110
Ἆπις	110
θαυμασμός	110
ἀποπλήρωσις	110
Καΐς	110
εὐτροφία	110
κακηγορία	110
ἀπείριτος	110
ὁμοτονέω	110
ἐμφάνεια	110
δίυγρος	110
ΜΕΡ	110
Νομᾶς	110
ἅρπαγμα	110
λωίων	110
ἀπορρώξ	110
Λιπάρα	110
ἐνακόσιοι	110
Καδούσιοι	110
ἀλυπία	110
Εὐκράτης	110
προεῖδον	110
Ἀνθηδών	110
Γλαυκίας	110
Πέρινθος	110
οἰκουρέω	110
ἡμίνα	110
δειλινός	110
Ἀρεόβινδος	110
ἐμπυρίζω	110
Ζεύξιππος	110
Δαρδανία	110
παρηγορικός	110
σπαίρω	110
δοράτιον	110
πυγμαῖος	110
κατεξανίσταμαι	110
ὀρθογραφία	110
ὀστιάριος	110
κύκλιος	110
ὠκύμορος	110
διαταγή	110
τέλλω	110
ἱστάω	110
πρόσπολος	110
κιρσός	110
καταφάσκω	110
ἐξωνέομαι	110
Σάμη	110
καταπάσσω	110
εὔσαρκος	110
συμπολιτεύω	110
ἐφάλλομαι	110
ὑπερχέω	110
φιλοθεάμων	110
γεώλοφος	110
σφήν	110
ἀμύσσω	110
κόλλαβος	110
ἐπιμαίνομαι	110
φον	109
Ὀδυ	109
Κύων	109
Χειρᾶς	109
Λέιν	109
Χριστος	109
οικουμενιον	109
Ἄλων	109
Σεδέκιος	109
ύφαλα	109
ὀπηδέω	109
ἰκ	109
ἀχειροποίητος	109
ἔκτοσθεν	109
Ἀμβακούμ	109
λεπτομέρεια	109
Στάφυλος	109
μετεξέτεροι	109
ἀνυστός	109
πνῖγος	109
μετακάρπιον	109
ὁδοίπορος	109
ἀτηρός	109
προσδόκιμος	109
δυσάρεστος	109
ἀναγόρευσις	109
κυβεύω	109
κτίλος	109
Σόλοι	109
κέλαδος	109
ὡρολόγιον	109
ἀπονία	109
Δόλοψ	109
Ὀλυμπιόδωρος	109
δοξαστής	109
σιτοδεία	109
Θύμβρα	109
βραβεύς	109
εὔκυκλος	109
ἰσχιάς	109
ἀΐτας	109
συρφετός	109
ἐπικάθημαι	109
Πῖς	109
ἀστή	109
ῥοώδης	109
μωσαϊκός	109
κωλικός	109
πέλεια	109
συμμετέχω	109
εὐπαγής	109
ἱερομηνία	109
βᾶρις	109
ἐπικρεμάννυμι	109
ἑανός	109
ἀναρρίπτω	109
ἴυγξ	109
μεταφράζω	109
Σκίρων	109
εξορία	108
γοντ	108
ἀναπομπός	108
Γιάν	108
ντας	108
ἀντικειμένως	108
Σάντο	108
μεγ	108
προπαραξυνω	108
ΜΓ	108
ΔΔΔΟ	108
χορωνίς	108
παρακλάομαι	108
Ριβ	108
ἔρα	108
Ἅιδῃ	108
ἐπείδω	108
υπερούσιος	108
Δαίδαλα	108
Φέιν	108
αὐτοπρόσωπος	108
Φιλοστέφανος	108
ὑπέρβιος	108
ἀμυδρότης	108
σαγαπηνός	108
βιβλ	108
Φιλοκλῆς	108
αἴσιμος	108
Ἀχάζ	108
παλίμβολος	108
ὀρνίθιον	108
μακρολογέω	108
Χαρράν	108
ἀρκετός	108
Ὀρφικός	108
Σεύς	108
Ἰσσός	108
ἀναγωγός	108
προσωνυμία	108
Μονομάχος	108
καινοπρεπής	108
δαήρ	108
παρείας	108
ἀνάπτυξις	108
Μουνυχία	108
σύμμιξις	108
σκῦτος	108
κρόμυον	108
ἀνερωτάω	108
ὕψωσις	108
αἰτιολογία	108
ἐγγενής	108
γρυπός	108
ἐνόχλησις	108
ἀφέω	108
σοβέω	108
σμῆγμα	108
εὐχείρωτος	108
ἀποσκοπέω	108
θαυματοποιός	108
ἀγνωμονέω	108
Ἀχαιίς	108
ὑποχθόνιος	108
ἀποκρισιάριος	108
νεανιεύομαι	108
αὐγάζω	108
μοναρχέω	108
ἀντιφθέγγομαι	108
μετεωρισμός	108
ἀποκινέω	108
τυφλώττω	108
ἀποστίλβω	108
κράδη	108
ζειά	108
προσχέω	108
ἔλδομαι	108
ἀναπτύω	108
ΗΜ	107
Αἰδίων	107
πραγ	107
ΑΠΟ	107
Ὦστερ	107
πολός	107
ΟΑΡ	107
προσηνῶς	107
Φιλόπολις	107
χρεῖα	107
ἔκπαλαι	107
τηρητέον	107
συνάδει	107
γεόω	107
πῖσαι	107
ἀκόνιτον	107
Γρηγορά	107
ἀπνευστί	107
αἴφνης	107
ἀπερίγραπτος	107
ἔτνος	107
Νινευή	107
λοιγός	107
προτίμησις	107
ἀκόρητος	107
ἀνορούω	107
σεραφείμ	107
ἀλάβαστος	107
τετρασύλλαβος	107
ἶφι	107
Ζεῦξις	107
ἐπαοιδός	107
θειώδης	107
Εὐθύφρων	107
ἔνδος	107
ἀκαταληψία	107
χαλκίον	107
Φιλιππούπολις	107
Μαργίτης	107
μιλῶ	107
τρυφάλεια	107
αὐγοειδής	107
ζείδωρος	107
Δελφίς	107
λεηλασία	107
φιλοσώματος	107
τρισάθλιος	107
ὄρυζα	107
ἐπιθύμημα	107
Μάλχος	107
Ἅρπαλος	107
Μυγδονία	107
ὑπερβιβασμός	107
σχετλιαστικός	107
πηκτός	107
ὠνή	107
δοῖδυξ	107
ὁμότονος	107
ὁμοφωνία	107
κόθορνος	107
ἀρκτῷος	107
φρόνις	107
πρόπολος	107
μαινίς	107
ὁμοπάτριος	107
ψάρ	107
γοητεύω	107
ἀμυγδάλη	107
διάσημος	107
ἀλέομαι	107
ἑκτεύς	107
ἀναχέω	107
τοιχωρύχος	107
ἀναθυμιάω	107
νηπίαχος	107
ἀντερείδω	107
παρεκβαίνω	107
ἀσταφίς	107
ἐκφορέω	107
Ἀβυδηνός	107
ἀπαιωρέομαι	107
ἵστωρ	107
ὑπερείδω	107
λιλαίομαι	107
οἰνόω	107
σάττω	107
σταυρωθείς	106
ΑΒΕ	106
Ὀδυς	106
έτσι	106
Ἀλεξίων	106
εὐχρηστέω	106
σφίγξ	106
ἄλλυδις	106
ἄσαρον	106
δαΐφρονος	106
ἀγυιά	106
μῖος	106
τιμητέος	106
μήνιμα	106
ἕλη	106
ἁλμυρότης	106
καταρτισμός	106
Ἀρταβάνης	106
οὐραγία	106
θαρσούντως	106
γεννικός	106
σμόω	106
δυσπάθεια	106
μαχαίριον	106
ἐπιπίνω	106
ἀγαθοεργία	106
πυτία	106
οἴκτιστος	106
Σιλβανός	106
ἀνάψυξις	106
προσυλλογισμός	106
ἐρετμόν	106
Ἀμύκλαι	106
αἰχμαλωτίς	106
ἀμβλυωπία	106
Ἰᾶπυξ	106
Καμάρινα	106
Φιλιππικός	106
προσεδρία	106
σάρον	106
τέχνημα	106
ἄνετος	106
ἑκάεργος	106
τριηραρχέω	106
ὁμαίμων	106
Κύδνος	106
φρούραρχος	106
Ἑλλῆς	106
ὁδηγία	106
ἀσυμφανής	106
Στρατοκλῆς	106
ἰσηγορία	106
Ἀριστόμαχος	106
ἐπαλλάσσω	106
Μενέξενος	106
Ἐπιμηθεύς	106
κάλπις	106
ζηλότυπος	106
ἀλείπτης	106
ἀπόμαχος	106
διερωτάω	106
πτόρθος	106
ξυλώδης	106
θάρσυνος	106
βαρβαρισμός	106
ἐξέρυθρος	106
ἄμφοδον	106
θεατρικός	106
καΐτης	106
τουρμάρχης	106
ἥμιον	106
συναλλάσσω	106
κοπώδης	106
ἀμυχή	106
προπηδάω	106
Φυλεύς	106
Τυανεύς	106
Στύμφαλος	106
συλλαλέω	106
Φοίνικι	105
Μου	105
Πράξεις	105
πιπίσκειν	105
Ἐλαιῶν	105
Παλαμάς	105
ἐδητύς	105
Ἀμβρόσιος	105
Σαβά	105
ἵσμα	105
Πηλείων	105
ἄσχημος	105
ἀκέων	105
προβούλευμα	105
Ἡγοῦς	105
ἀμφι	105
περιώσιος	105
πευκέδανον	105
Σελ	105
βάκτρον	105
ἱερή	105
ἐκπέτομαι	105
πολυΐστωρ	105
Εὐρυνόμη	105
ἧμα	105
ἀμφήριστος	105
ἀλληλούϊα	105
θεομαχία	105
εὐρωστία	105
Ἐσθήρ	105
νεμεσητός	105
Θέουν	105
στήριον	105
διατρανόω	105
Ἐχινάς	105
προσκυνητός	105
Κάσος	105
Μασσαλιώτης	105
διορθωτικός	105
δρυτόμος	105
Πετρώνιος	105
Πιτάνη	105
Μαχ	105
Θούλη	105
Δημόδοκος	105
Βαλεντινιανός	105
ἀνορεξία	105
παρωθέω	105
συνεπινοέω	105
μικροπρεπής	105
σάπφειρος	105
Ἀρέτας	105
κεράστης	105
ἐναυλίζω	105
περιπέμπω	105
ἀλλαντοπώλης	105
θύτης	105
κλείω	105
βραχύνω	105
ὦνος	105
μυξώδης	105
φωκικός	105
χανδάνω	105
χαλαστικός	105
Χρόμιος	105
παραφορά	105
γεραρός	105
σάρισα	105
κατατιτρώσκω	105
ἐνιαυσιαῖος	105
κατευνάζω	105
Θάλασσα	104
ἐπισταμένως	104
κην	104
Μι	104
τ΄	104
ΗΔ	104
ΘΜ	104
λδ΄	104
δμοια	104
σίκερα	104
ὑπάτη	104
ἔγια	104
Μαχάρ	104
διφορέω	104
σκληροκαρδία	104
ἀναμφίβολος	104
ἀφρον	104
φιλέλλην	104
χαμᾶζε	104
ᾗ	104
ἀδιαφορία	104
ξύσμα	104
ἐπίθημα	104
ἐξομοίωσις	104
ἀνυπόδετος	104
κωλυτικός	104
μαστιγίας	104
πε	104
πρυτανεία	104
Θεσπρωτός	104
ανεπίγραφος	104
ἀπαίσιος	104
διάσκεψις	104
στηλογραφία	104
προαναφώνησις	104
ἔπαρμα	104
ἔλαιος	104
πρόβασις	104
εὐστοχία	104
βλίτον	104
κτίς	104
ὀψάριον	104
εὔκοπος	104
ἀντακολουθέω	104
ἀλεξητήριος	104
Ὑψιπύλη	104
Ἑρμότιμος	104
Ἀλόπη	104
θνησιμαῖος	104
τειχομαχέω	104
μείλιχος	104
ἄρτυμα	104
ομολογώ	104
Λικύμνιος	104
πρωτός	104
καταφερής	104
στερρότης	104
ἱππάζομαι	104
ἱστοριόγραφος	104
ἀρχιτεκτονικός	104
χρηστικός	104
βαπτισμός	104
πλατυσμός	104
Σύρα	104
συνεξεύχομαι	104
φλογμός	104
χαλόω	104
ἐξεταστής	104
τολμητής	104
ἠθάς	104
κλώθω	104
Θαλάμαι	104
ἀποσεμνύνω	104
θροέω	104
μεταλλαγή	104
ἐκπορνεύω	104
παρῳδία	104
δειπνοσοφιστής	104
διακαής	104
φαυλίζω	104
ἀφορμάω	104
οἰκος	103
ἦπαρ	103
ρλ	103
οἴκος	103
αποδίδομαι	103
Έχων	103
Εὐφρόνιος	103
σκέπας	103
Βασίλ	103
Θάνα	103
Δείνων	103
ἀμετανόητος	103
κηρύκειος	103
ἀβίωτος	103
σβέσις	103
ἁπλός	103
ἀγέραστος	103
ἔνδω	103
ερμηνευσος	103
Τάνις	103
Ἀγκαῖος	103
ἄυπνος	103
χρυσοκόλλα	103
νεόσσιον	103
ἀλλοτριότης	103
ἀπόδρασις	103
Καπετώλιον	103
δυσεύρετος	103
Ἱππόνικος	103
Οὐεργίνιος	103
μετρητής	103
Μωσαϊκός	103
χῆτος	103
Πιτθεύς	103
θέαινα	103
χίμαιρα	103
ᾠότοκος	103
ἀκατάστατος	103
Κινησίας	103
ἀρωματικός	103
γεγωνός	103
Σφῆκες	103
ποδαγρικός	103
Τυρταῖος	103
πρόσωθεν	103
αὔλημα	103
Ήλιος	103
Φήμιος	103
χρήστης	103
ἀκωκή	103
ἁγνεύω	103
ἀνάλγητος	103
ἄλκη	103
τραγῳδοποιός	103
ἐπεμβολή	103
Θρᾳκικός	103
μορία	103
προσκάθημαι	103
Σελινούντιος	103
ἀνεπαχθής	103
Διδός	103
ἐπελπίζω	103
ἀρτιγενής	103
βαθμίς	103
μελιχρός	103
ἀρθρῖτις	103
Ἐρατώ	103
Ἁλικαρνασσός	103
ῥαψῳδός	103
διπλόω	103
νοσφίζω	103
ἐπαναφέρω	103
ἐπικοσμέω	103
ἀλιεύς	102
ἵνιχα	102
Νουμηνίας	102
μᾶνθροσθω	102
προσαγορία	102
θεσμοφοριάζω	102
Ἄντων	102
ἑτός	102
Νέμεα	102
νοτάρι	102
κύκλωσις	102
Γαῖος	102
σημαινόμενο	102
Σάουλος	102
Ἵππων	102
Βαλάκ	102
Πήδασος	102
ἡγεμονέω	102
ἐκκεντέω	102
δεσπότις	102
τίη	102
Χειρίσοφος	102
ποίκιλμα	102
Μέσση	102
ἐναρίθμιος	102
διπλασίων	102
ΥΦ	102
ἐντάφιος	102
νεωκόρος	102
ἀναβίωσις	102
Λαερτιάδης	102
μαλακόστρακος	102
σιλεντιάριος	102
σίνος	102
πρόπους	102
συγκαθεύδω	102
ἡρωικός	102
Φαλερῖνος	102
Κυναίγειρος	102
Λυσιστράτη	102
Λίβυσσα	102
τρίμηνος	102
ἐμπίπλημι	102
ἀλοάω	102
κατεπαγγέλλομαι	102
ἀκέφαλος	102
θήρειος	102
ἐκκακέω	102
Φαρές	102
χρηματιστής	102
Φιλαδέλφεια	102
καταπάλτης	102
ἔμπτωσις	102
κενόδοξος	102
κένωμα	102
μυκηθμός	102
ὀδυνώδης	102
Ἁλίαρτος	102
Ἀντιγένης	102
κυρτότης	102
εὐνάω	102
χλούνης	102
κοιαίστωρ	102
ἁμιλλάω	102
ἐκμελής	102
διαμαρτυρία	102
Φθιώτης	102
κερόεις	102
ἀναισθητέω	102
ὑπηχέω	102
ἀποβρέχω	102
παφλάζω	102
κυνήγιον	102
μετασχηματισμός	102
διαβρέχω	102
φορτίς	102
παλτόν	102
ἐπαυρέω	102
οἰνοχοέω	102
σιγμός	102
φοινικικός	102
προαγγέλλω	102
ἀναγνωρίζω	102
κακωτικός	102
κύνειος	102
ἐμβολάς	101
ἰδρῶτος	101
δείδωμι	101
Ἠλία	101
Φίλος	101
Χώρα	101
Λευῖ	101
Θερίζων	101
δΚ	101
ΟΩΔ	101
Ἄναξ	101
ἀμαχητί	101
Ἀθηναίς	101
ἀψοφητί	101
Ἰωακείμ	101
ἐπειδήπερ	101
Καάθ	101
ζιγγίβερις	101
μυρίς	101
ἀπερίστατος	101
ἀφρόντιστος	101
εὔχροος	101
πολυθρύλλητος	101
διάκτορος	101
ἀπήχημα	101
ἀκόσμητος	101
σαγίον	101
συνασπισμός	101
ἁβροδίαιτος	101
ἀνέλεγκτος	101
ἀνοδία	101
Σίδη	101
κυνηγετέω	101
μειρακίσκος	101
ἐπάρατος	101
εφέ	101
πορνεῖον	101
χρυσοχόος	101
Οἰνώνη	101
ὑπεξίσταμαι	101
τύλη	101
βασανιστής	101
Ξοῦθος	101
Δεκέλεια	101
κακούργημα	101
γῦς	101
γοάω	101
μετανάστασις	101
εἰδωλικός	101
προήγησις	101
ξηρασία	101
μιγάς	101
Τριτωνίς	101
λυτρωτός	101
πολυτόκος	101
Ἀσκάνιος	101
συνθεωρέω	101
Φλειοῦς	101
τηλικοῦτος	101
ἀναγνωρισμός	101
παρεντίθημι	101
καυτήριον	101
μέδω	101
κατακληρονομέω	101
παρεξέρχομαι	101
ἐπιτειχίζω	101
Στειριεύς	101
ὀξυτονέω	101
ἐπιπλάσσω	101
κηρίων	100
ὁρῶν	100
Ἡδίστη	100
βι	100
Ἀπολλ	100
ξς	100
ΒΝ	100
Μεγάλα	100
Νένα	100
συμβόλαιον	100
Ἀθήναια	100
Οὐράνιος	100
χαμάδις	100
Πουλχερία	100
Ὀνείρατος	100
δικ	100
ὑπέκ	100
ἀποκάθαρσις	100
Λευκή	100
ἐνοίκησις	100
τωρ	100
Ἀμάσεια	100
πυρκαιά	100
Λέχαιον	100
ἀργεϊφόντης	100
βολ	100
Δικαιόπολις	100
κίκινος	100
Βενετικός	100
κουβικουλάριος	100
ἡμίτομος	100
ἀν	100
ἀναλγησία	100
χριστομάχος	100
Λίνδον	100
περίοπτος	100
ἐπαναζεύγνυμι	100
Ἄμαστρις	100
οὐρητήρ	100
ἀμεριμνία	100
παραφυλακή	100
βύσσινος	100
Κῷος	100
Κασσιέπεια	100
ἐντυχία	100
ἀξιοθέατος	100
ὑπόφορος	100
νησί	100
Θέσπις	100
Φάων	100
Σιδόνιος	100
Κρῖσα	100
ἀντικινέω	100
ἔξωρος	100
Οἰνόη	100
συνδιαιρέω	100
ὠθισμός	100
φαρμακίς	100
στράπτω	100
συνάγχη	100
διαβλέπω	100
ὀψίγονος	100
ἐκθρῴσκω	100
παρανόμημα	100
ἱκέσιος	100
μίσθιος	100
ἀνάτριψις	100
φθόη	100
ἐξερευνάω	100
Πνύξ	100
βουλέω	100
ἀποσκώπτω	100
ἀπορρύπτω	100
μυρεψικός	100
αἱμορραγέω	100
χρησμῳδέω	100
ἐπιμαρτύρομαι	100
προπολεμέω	100
συναπτικός	100
ἰάλεμος	100
ἀπαράσσω	100
διαρρίπτω	100
εἵνω	100
ἀγαθύνω	100
ρμ	99
δικαιο	99
Καβάδης	99
Όστιν	99
Ἁρθονίος	99
ρζ	99
Πέντες	99
Τίμα	99
Χρυσῆς	99
συνάμα	99
καθέκαστον	99
τάρβος	99
συμβούλιον	99
ταραντῖνος	99
Ἀκροκόρινθος	99
οἰνοχοεύω	99
σκίασμα	99
προσακούω	99
Θαβώρ	99
ἰσοστάσιος	99
εὕρεμα	99
Εὐφήμιος	99
ῥαββί	99
Σωσίπατρος	99
κλητώριον	99
εἰλικρίνεια	99
ἀνανταγώνιστος	99
λογ	99
Ἀντιοχίς	99
μύστρον	99
οἶμα	99
Τήιος	99
Λουν	99
ὅμαιμος	99
Αἴγιον	99
Φους	99
Ζέλεια	99
ἀντίχειρ	99
ἀκρόαμα	99
φειδωλία	99
φιλόπαις	99
ὀδάξ	99
ΧΥ	99
Λευκοθέα	99
ἄνα	99
κυνόδους	99
Τηλέγονος	99
Κύλων	99
κοῖτος	99
κάλλιππος	99
κεφάλιον	99
τηλύγετος	99
ἐφεστρίς	99
ἀνταρκτικός	99
ὀρθόπνοια	99
ἰκτερικός	99
τρήρων	99
Μήθυμνα	99
Κλάρος	99
Ἰάων	99
Ἀριαράθης	99
λοχεία	99
Περραιβός	99
βακχεία	99
βόμβος	99
Μίμας	99
ερμηνεύω	99
ἰσχναίνω	99
κυφός	99
Πάρνης	99
καταστοχάζομαι	99
διαμάχη	99
Σφακτηρία	99
σύμβιος	99
κυνάγχη	99
χρόος	99
ἀπολαυστικός	99
θεοστυγής	99
πυροφόρος	99
μονός	99
ὑπεισέρχομαι	99
ἀτόπημα	99
φοῖβος	99
ἀνείρομαι	99
κόλουρος	99
παραχειμάζω	99
φλεγμασία	99
τιμητής	99
ἐπιτερπής	99
φλογώδης	99
ἐνυπνιάζω	99
παρακλίνω	99
Φασηλίτης	99
σωπάω	99
ἑκταῖος	99
ἀλαός	99
καταστρατηγέω	99
διομολογέω	99
αἰτιατέον	98
ξαν	98
Θεο	98
ἀναμεταξύ	98
Ὀζίου	98
ἕλε	98
λζ΄	98
Δωρίων	98
ἐπάνωθεν	98
Πανύασις	98
ἀριστεῖος	98
σπαθίς	98
γνωστέον	98
γλωσσοκομεῖον	98
Δήμων	98
Ἀβεννήρ	98
ἀγεληδόν	98
Τάτα	98
γλωσσογράφος	98
Καπίτων	98
πρωτοτόκια	98
Δουλίχιον	98
ἐμπνευμάτωσις	98
ὀδύσσομαι	98
ἀντολίη	98
Μαρκελλῖνος	98
κάλλιστος	98
κατοπτρίζω	98
λαμπάδιος	98
Ἰσκαριώτης	98
ἀθόρυβος	98
σχῶ	98
κηδάρ	98
Περιέ	98
Μάντιος	98
ἐμβάς	98
ἀναδράω	98
ἀποσημαίνω	98
Ἱππολύτη	98
δωδεκάεδρον	98
Μερόπη	98
μάνης	98
Γαδάτας	98
ἀντίφραξις	98
Δροῦσος	98
εὐλόγιστος	98
ἴω	98
μετοικία	98
καθημερινός	98
σίμβλος	98
δυσδαίμων	98
κυνάριον	98
Οὐιτέλλιος	98
διατονικός	98
Νέσσος	98
Ἄχαβος	98
διακύπτω	98
Ἕβρος	98
Δαναΐς	98
ἀντονομάζω	98
σουδάριον	98
σεβασμός	98
ἰδιότροπος	98
ἀναθεματισμός	98
ουχοω	98
διαγνωστικός	98
εὐσταλής	98
ἐπιτέρπομαι	98
Ἄνανος	98
διαμνημονεύω	98
στία	98
πρεσβῦτις	98
ἀποθέω	98
Κρισαῖος	98
ναρκώδης	98
θηβαικός	98
φοινικίς	98
ἐκριζόω	98
ἀκερδής	98
σίζω	98
θολόω	98
προσκρίνω	98
χλευασμός	98
μνηστός	98
γυρός	98
βεβαιωτικός	98
ἰλιγγιάω	98
διχοτομέω	98
ἐπιβρίθω	98
δροσερός	98
ἐπαπειλέω	98
ἐγκαυχάομαι	98
περικάθημαι	98
μελίζω	98
καταστόρεννυμι	98
γεσθαι	97
ἀβασανίστως	97
Ἀχιλ	97
Παλαιά	97
συνηΐδιος	97
δρους	97
Νεφθαλείμ	97
μέναι	97
ἐξεναντιάω	97
κλητέος	97
ἀπρεπῶς	97
μηδεπώποτε	97
σνς	97
ευκαίρως	97
διαπρύσιον	97
μάρις	97
ξάω	97
Εἱστία	97
πεντίτης	97
ἀλληλούια	97
ἔμμεσος	97
Μνήσαρχος	97
Κλείταρχος	97
νεόφυτος	97
ἐνδοτάτω	97
Ζεφύριον	97
ὁστισδήποτε	97
φάλαρον	97
Νικήρατος	97
συνδιάγω	97
ἐγγράμματος	97
οἰσύπη	97
κυριολεκτέω	97
μελίφρων	97
Βακχυλίδης	97
ἀναπυνθάνομαι	97
εικονομάχος	97
πυρίκαυστος	97
ἐγκοπή	97
φιλομήτωρ	97
Σεραπίων	97
λαπάρα	97
ἀναφθέγγομαι	97
πέπανσις	97
Βρεττανός	97
Ἀρισταίνετος	97
παρεπίδημος	97
γεφυρόω	97
ἀπόπατος	97
καταπέτομαι	97
Κοσμᾶς	97
στίβος	97
ἐπείκεια	97
ἀναπολόγητος	97
Τισίας	97
κῶος	97
σαμεῖον	97
ἐριθεία	97
ἀθύρω	97
Ἡλιούπολις	97
δοκίς	97
Τυφωεύς	97
σύλη	97
ἀκατονόμαστος	97
εἱλέω	97
κωμῳδός	97
ἐγγυαλίζω	97
κέρκωψ	97
ἀργής	97
Ἀμφιπολίτης	97
πολιορκητής	97
μαντοσύνη	97
αἰάζω	97
μεταμελέω	97
Πλευρών	97
περιστοιχίζω	97
τραυλός	97
σπαραγμός	97
παιανίζω	97
κρυφαῖος	97
πενταετής	97
ἄσχολος	97
χέζω	97
ἐμπλαστικός	97
ἀχλυώδης	97
ὄλιξ	97
θαλασσοκρατέω	97
δυσκλεής	97
ἀντιγραφή	97
προβιβάζω	97
ἀνάσταμα	96
ἐπιμελητέον	96
ἰδιαζόντως	96
πλε	96
ὁριθς	96
τεῦ	96
δντες	96
ἀγμός	96
Ἄριστον	96
εὐμέθοδος	96
Συλλός	96
συκή	96
μαλάβαθρον	96
ἰόν	96
Δίη	96
ΜΑΤ	96
ταύτης	96
ἀμπελός	96
ἐπιτελής	96
Καφαρναούμ	96
φαέθων	96
μῶλος	96
Εἰρεσίαι	96
μειδίαμα	96
ἀμφίλογος	96
ἀέθλιος	96
Εὐρύκλεια	96
όχι	96
Πιερίδες	96
ὀμ	96
Άστι	96
ἐπεξηγέομαι	96
μύλλος	96
προπερισπαστέον	96
ὑφάω	96
γῆρυς	96
ἥρων	96
ἀθέσφατος	96
νείαιρα	96
ἀξιέραστος	96
Ἄτροπος	96
μολύβδαινα	96
ἄτεγκτος	96
Τύλλιος	96
πύξος	96
Γορδιανός	96
κράτησις	96
όσος	96
ἔνδοσις	96
αὐτουργία	96
παρακολούθησις	96
Βλάχος	96
Μεταποντῖνος	96
ἱππόκομος	96
διχάζω	96
Ἀμαληκίτης	96
κίθαρις	96
συνάχθομαι	96
ἐγχρονίζω	96
περίψυξις	96
θαλαμηπόλος	96
διψάς	96
Ποικίλη	96
δρύϊνος	96
ἀντεξετάζω	96
καρηβαρία	96
ἁλιευτικός	96
ποτνιάομαι	96
διαγραφή	96
ὀρνίθειος	96
ζεύγλη	96
ἱερουργός	96
βλῆμα	96
ὄρφνη	96
νηπιάζω	96
Πανοπεύς	96
κληρωτός	96
ἐπικαθίζω	96
ἀστακός	96
βάδος	96
κατοικτείρω	96
ὄντως	95
ΝΑ	95
ἀξ	95
ἀπαρ	95
τουνεστί	95
ψυχ	95
ΒΜ	95
Εὐδόξιος	95
πρυμνήσιος	95
κρυφῇ	95
πίστωσις	95
περιχάρεια	95
Σεμιράμις	95
δεκτέος	95
πανοικί	95
Ῥαγουήλ	95
ρητός	95
Γαβαών	95
Ἀγάπη	95
χορυφω	95
ἀπρόοπτος	95
ποιήτρια	95
καρόω	95
κλωνίον	95
ανόητος	95
σίραιον	95
τείχισμα	95
ΑΦΕ	95
ὑπόβασις	95
ἀργύρωμα	95
Ἰωάνης	95
Βασάν	95
ἀνακεφαλαιόομαι	95
Σαμόσατα	95
Ἐφραθά	95
ἀπειροκαλία	95
Ταλθύβιος	95
ὕδης	95
Ῥόδη	95
ἱπποκόμος	95
ἀκαριαῖος	95
εὐαισθησία	95
Θύαμις	95
Ἔρουλος	95
καβάδης	95
Δρύας	95
ξενοδόχος	95
καρύα	95
ἰσχνόφωνος	95
διαμαρτία	95
Ἀμμανῖται	95
σφάκελος	95
ἀκμής	95
λύκαινα	95
νησίδιον	95
Κίκονες	95
Πριήνη	95
κατάφημι	95
χαυνότης	95
Τέννης	95
σαμβύκη	95
ὑδρέλαιον	95
περίνεος	95
καταφθορά	95
σχίνινος	95
νεολαία	95
οὔκω	95
ἐπιζάω	95
Δεῖμος	95
Ἀστεροπαῖος	95
Ὦτος	95
τρυτάνη	95
ἄβροχος	95
ἀδηλία	95
Μάκρων	95
Ἡρωδιάς	95
ὁπλισμός	95
διευθύνω	95
ἀπόκρημνος	95
θρηνητικός	95
ἴασπις	95
σιτέομαι	95
ανθός	95
ἀρίζηλος	95
ἀναπάλλω	95
ἀπονοστέω	95
ἐξαίρεσις	95
μαίομαι	95
μαλερός	95
ἐπιστρεπτικός	95
ἕλειος	95
φορμός	95
χήμη	95
θεοφορέω	95
τηλόθι	94
Εὐδαίμων	94
ἀπογραφεύς	94
ΕΙΠ	94
ἀντιλύπησις	94
Άπελ	94
αὐτοβοεί	94
συντέλεσις	94
Ἰωσεδέκ	94
Φαίνων	94
περιστίζω	94
Παναγία	94
ἀγενεαλόγητος	94
βούλω	94
ἀφαρεύς	94
προσεῖδον	94
Σταγειρίτης	94
τετραπλασίων	94
Ἀλκιδάμας	94
ῥωμαϊστί	94
Σπόριος	94
περικάρδιος	94
ἀμίμητος	94
Τίρυνς	94
κρειτά	94
πρόδομος	94
ἀλλαχῆ	94
ἐπαύξησις	94
τρυγίας	94
καρχήσιον	94
Μοσχίων	94
ἀριθμητής	94
ἐπιδιαίρεσις	94
εὐανδρία	94
Θίσβη	94
ταυτολογέω	94
κλινίδιον	94
προαιρετός	94
Ἰλιεύς	94
ἐπίσχω	94
Ανό	94
αἰσχρολογία	94
συνίζησις	94
προσχράω	94
διέκ	94
κυίσκομαι	94
θητικός	94
ἐνίπτω	94
Δαμιανός	94
ἐπιθαλάμιος	94
διανόησις	94
Πέργη	94
διάλιθος	94
ἀδιάβλητος	94
ἐπερώτησις	94
ψαῦσις	94
πρόξ	94
διατήρησις	94
εὔκομος	94
φιλανθρωπεύομαι	94
ἀγχέμαχος	94
ἕρση	94
Ιλ	94
Κυθήριος	94
ἐκλείχω	94
Κωκυτός	94
Εὔανδρος	94
βαπτός	94
ἀντίπους	94
ἐξουσιαστής	94
αἰγλήεις	94
ἀριπρεπής	94
βράγχος	94
κατακαίνω	94
Καρδιανός	94
μεταπηδάω	94
ἐύς	94
συγκυρέω	94
ἐκστρέφω	94
δοξολογέω	94
τυρέω	94
βιάω	94
συνυφαίνω	94
ἀνασείω	94
μεταβιβάζω	94
ἐμπεριλαμβάνω	94
Ἀττι	93
δίχτυ	93
̄	93
Ἄμιν	93
ἀποδεκτέον	93
ἀρτιάκις	93
λη΄	93
Σύμβολον	93
ϟ	93
ἐπισφαλῶς	93
Πέρευς	93
Ἐπής	93
ΕΣ	93
τριήμερον	93
ἱεράτευμα	93
ἀριστεύς	93
Ὥμηρος	93
Μᾶγνος	93
Ναθάν	93
ἄκορον	93
ἀμεταστρεπτί	93
κόπριον	93
δύσοιστος	93
τειχήρης	93
μετάγνωσις	93
ἐπίκοινος	93
πυρίκαυτος	93
τριετία	93
μακρότης	93
ἀδούλωτος	93
ἀθεσία	93
ἀποσιώπησις	93
Ναβαταῖος	93
ἐπέοικα	93
αξαμαντις	93
νόμιος	93
ἀνακαινόω	93
διάζωμα	93
Ποπλικόλας	93
εὔπλοια	93
Τερέντιος	93
Ῥούθ	93
μέδων	93
ἐρυσίβη	93
σουλτάνος	93
φιλοπότης	93
κογχύλιον	93
ἐξάδελφος	93
δοκεύς	93
καθυφίημι	93
κατέπεφνον	93
Δημητριάς	93
θεωρητής	93
ἧμμαι	93
δινήεις	93
ἐπιλογή	93
Ἀκεσίνης	93
θέμεθλα	93
προσεταιρίζομαι	93
κώμυς	93
συνιζάνω	93
πολυαρχία	93
Ἰσμηνίας	93
χειραγωγία	93
Αἴσηπος	93
ἔγκαρπος	93
Φέρης	93
ἐπιγνώμων	93
ἔρσα	93
Κίμβρος	93
εὐοσμία	93
Ἀντίφιλος	93
ἀνθεμόεις	93
λικμάω	93
ἐφήδομαι	93
χεδροπά	93
δευτερολογία	93
ἡμέριος	93
δολιότης	93
λάζομαι	93
ὀνήσιμος	93
πυώδης	93
σκηνικός	93
Ἴακχος	93
φῆμις	93
αἱματικός	93
ψαμμώδης	93
παρασκευαστικός	93
συνεπιτίθημι	93
ἀντικαταλλάσσομαι	93
θεουργός	93
ὑπέρθυμος	93
κονίω	93
συνεφάπτομαι	93
θρακικός	93
διαθερμαίνω	93
ἐκμετρέω	93
ὑποτοπάζω	93
ἐπικαίω	93
ἀλλαχόσε	92
πτον	92
ὀρθοτονητέον	92
ἔραζε	92
ἀρήν	92
συγκεχυμένως	92
ἀποτομεύς	92
Ορθ	92
Ίτη	92
πύκα	92
Σερβία	92
τριτημόριον	92
τήριον	92
σκιάδειον	92
ὕφεξις	92
ἕλωρ	92
ἀνάχαρσις	92
ἐπιπρέπω	92
ἀνακεφαλαιόω	92
ἀκηδία	92
ἴονθος	92
πατζινακη	92
ἄθραυστος	92
Ἀσσούρ	92
Ἀνδρᾶς	92
ἀβελτηρία	92
Τύανα	92
μεσεντέριον	92
ναυπηγία	92
ἀρχιμάγειρος	92
Πανδιονίς	92
βάσσος	92
στάθμιον	92
ὠταλγία	92
συμφανής	92
κοπάζω	92
ἀποκύησις	92
ὑποστάτης	92
ὕφορμος	92
παιδοτροφία	92
Βέβρυκες	92
ἵδρυμα	92
ἔκτρωμα	92
ἐπίκεντρος	92
κορίαννον	92
ἐνθεωρέω	92
ἀργύρειος	92
ἐκδικία	92
ἐπίχυσις	92
καυστός	92
ἐνδιαιτάομαι	92
Παρύσατις	92
ἀνύποιστος	92
διαπέταμαι	92
ἑστιάτωρ	92
ἀγένειος	92
ἕλξις	92
Δάκτυλοι	92
ἔνθερμος	92
ἀχρειόω	92
ὀρικός	92
πυρίτης	92
ἀσέληνος	92
λιθιάω	92
ἄφθογγος	92
δικαιολογέομαι	92
ἀντίφωνος	92
σκωρία	92
παρακαθίζω	92
Κρεσφόντης	92
ἀντεξάγω	92
ὄπτησις	92
ἱμερτός	92
λῄτη	92
Αἰτωλικός	92
ἐκποίησις	92
φάκελος	92
ἔνθεσις	92
αἰτναῖος	92
Χετταῖος	92
πιμελώδης	92
ἀπαστράπτω	92
ἀποκνέω	92
περιοικίς	92
κωκύω	92
ἐπιτεχνάομαι	92
περιβαίνω	92
βεβιασμένος	92
ἐνάλλομαι	92
κνύω	92
παγκρατιαστής	92
ἐκρήγνυμι	92
ἐκδιηγέομαι	92
ἀνακεράννυμι	92
ὑποστόρεννυμι	92
συναναγκάζω	92
προσβοηθέω	92
συνοικειόω	92
Ἄπρος	92
συναλείφω	92
δρον	91
Ἰωνικόν	91
γουσι	91
θυγα	91
γμα	91
γίν	91
χρι	91
γους	91
Ἀνθείας	91
δΜ	91
ἡμίλιτρον	91
᾿᾿	91
Γρηγορᾶν	91
Ἄμερ	91
ενοια	91
τραπεζεύς	91
καβαλλαρία	91
ἐπισκύνιον	91
ἠλσχω	91
Εἰδώ	91
Ναϊάς	91
χύλισμα	91
Ἀμφιδάμας	91
Ἄρχη	91
ημ	91
ἀνεπίγραφος	91
ὑπάντησις	91
ἐπί-λέγω	91
μοσχάριον	91
ἀφαίρεμα	91
ἀκατασκεύαστος	91
Δακία	91
διαμιμνήσκομαι	91
Νίγρος	91
Μαριανδυνοί	91
Θάψακος	91
εὐτεχνία	91
βᾶρ	91
Τεῖς	91
πνικτός	91
λοίσθιος	91
αὐτοσχεδιάζω	91
ἀπήμαντος	91
Παρσώνδης	91
ἐξακριβόω	91
θεαρχία	91
ῥηγμίν	91
Δέσπο	91
ἀκριβολογία	91
Πελοπίδης	91
ἀμηχανέω	91
κερατοφόρος	91
δωδεκάς	91
μισανθρωπία	91
Λωτοφάγος	91
τυχαῖος	91
πυτίνη	91
λιτότης	91
ἀόργητος	91
δυσπόριστος	91
γλαύκιον	91
κρόταλον	91
δασύτης	91
ἔμπρακτος	91
κᾀκεῖνος	91
ναίω	91
ἀκατάλυτος	91
Ἀναστασία	91
κύτινος	91
ἔκκαυσις	91
ἀφέλκω	91
Πρᾶς	91
πηνίον	91
πανδαισία	91
Πολυπέρχων	91
Μέλης	91
κυνηγία	91
σύγκρουσις	91
Ἀμούλιος	91
Ἄδα	91
Ἅρπαγος	91
τιτθή	91
ελκόμενος	91
χοεύς	91
θετικός	91
Στράτιος	91
βλάξ	91
ἱπποσύνη	91
ὀνομαστικός	91
ἐξαναλίσκω	91
ἑτεροιόω	91
ἀναφώνησις	91
ἐμπεδόω	91
δυσκολαίνω	91
ἀνακύκλησις	91
γήλοφος	91
περιπλευμονία	91
μεσολαβέω	91
ἐπινέω	91
ἐμπρέπω	91
ὑπερκύπτω	91
σμῖλαξ	91
ἀνδραποδιστής	91
ἡλιαία	91
ὀλοφυρμός	91
φαρμακεύς	91
φλιάσιος	91
συγκεφαλαιόω	91
ἐπιμετρέω	91
διαστηματικός	91
ἀλεεινός	91
Ἐδόκης	90
ζοντ	90
ῥάιος	90
ὡσι	90
ΠΑ	90
Φιλίας	90
θρωπον	90
βγ	90
ἀφτνέομαι	90
τιθεῖς	90
ἀπελαύω	90
δημίζω	90
ΝΛ	90
ΛΟ	90
ΜΝΞ	90
πολυέλεος	90
σύναμα	90
παρεκτός	90
Κασσάνδρη	90
σάμψυχος	90
ἀμυντήριος	90
σ̄	90
σκιόεις	90
Βόηθος	90
Βοτανειάτης	90
τρίφυλλον	90
ἀντίπτωσις	90
καθαρμένος	90
φιλάλληλος	90
ὑψόσε	90
θεομαχέω	90
βοτρυδόν	90
δημαγωγία	90
ἐπορούω	90
Κρητικός	90
ἀγνόημα	90
θραῦσμα	90
ὑακίνθινος	90
ὑπόλευκος	90
αἱματίτης	90
Πολύζηλος	90
Αἰσονίδης	90
ἀπόδημος	90
τέταρος	90
ἀποτελευτάω	90
χωνευτήριον	90
Ζωροάστρης	90
δίω	90
τετραπλόος	90
πλατύφυλλος	90
ἐπίβλημα	90
ἄδος	90
ὑδρεία	90
ἀδελφικός	90
Παρθενόπη	90
ἐπικοινωνέω	90
σπιθαμιαῖος	90
Ἰθώμη	90
Οἰνοπίων	90
ἰσονομία	90
επ	90
μείης	90
λιχνεία	90
Αἰμιλιανός	90
τρίχωμα	90
χωρητικός	90
ἰσόμετρος	90
προκατάστασις	90
ζυγομαχέω	90
τῆξις	90
Μέλανθος	90
τετρακισμύριοι	90
ἀντιμάχομαι	90
Κανδαύλης	90
Αἰνιάν	90
ἀγαθοειδής	90
ἀντικατηγορέω	90
ὀλιγότροφος	90
ἀδολέσχης	90
ὀφθαλμικός	90
παρακοπή	90
Ὠρείτης	90
Ταναγραῖος	90
κοινωφελής	90
κολυμβητής	90
τεκνοποιέω	90
ἀπονεύρωσις	90
ἐπιδιαιρέω	90
φάγρος	90
συλλειτουργός	90
ὑστερικός	90
προσφερής	90
ἀπομαραίνομαι	90
ἐρίπνη	90
συνδοξάζω	90
φάλος	90
τίφη	90
ἀρτηριώδης	90
Ὠρεός	90
δεῦμα	90
κορμός	90
συμμετρέω	90
κεφαλικός	90
ἐξολισθάνω	90
ἐπιξενόομαι	90
ἀποτυφλόω	90
λεχώ	90
ποντοπόρος	90
περιελαύνω	90
εὐνάζω	90
προκομίζω	90
καταποθῆναι	89
ἐντάφιον	89
λεγ	89
Ἀγαθαρχίδης	89
ἀποδεῖ	89
δεκαδύο	89
τοδί	89
Κορωνίς	89
ἁ	89
διατοῦτο	89
μονοῦνχι	89
Ἄβραμ	89
Νουμήνιος	89
τοπάλαι	89
καταπάτημα	89
πρωτοστράτορας	89
ἀγαθόω	89
νικαῖος	89
ἐπικραίνω	89
ἀμάν	89
σαρκάω	89
λ	89
Βουκολίων	89
ἐπακολούθησις	89
ἐπαγ	89
εὐχρηστία	89
θύρετρα	89
ἰσόπεδον	89
πολεμητέος	89
πηνιάω	89
αρμόδιος	89
Εὐάγριος	89
Φείδων	89
ἐξεργασία	89
Ἰόλη	89
ὀφιοῦχος	89
συνοδία	89
ἀμέθοδος	89
ἐκδείκνυμι	89
ἑτοιμότης	89
γάλως	89
σκευάριον	89
ψευδομάρτυς	89
Λες	89
ἀνθαιρέομαι	89
Πολυίστωρ	89
ἀτμιδώδης	89
ἐξαγόρευσις	89
λισχινος	89
διατμήγω	89
ἀλεγεινός	89
Βοῦρα	89
Ἀγαύη	89
ἔκπυστος	89
Πάνορμος	89
κίτριον	89
Εὔνομος	89
γάγγραινα	89
εὐμάθεια	89
Ὕλη	89
ἔκπαγλος	89
νέρτερος	89
νυσταγμός	89
διανοητής	89
κάλαθος	89
σταδιαῖος	89
Διώνη	89
Φοίνισσα	89
πολυμάθεια	89
πρόσκλησις	89
φιλόδικος	89
χρήζω	89
προσθαφαίρεσις	89
προσθετόν	89
Καύκωνες	89
λεπτολογία	89
ἔκλαμψις	89
πότημα	89
περισφίγγω	89
Βενέτικος	89
Λαοδικεύς	89
καταλαλιά	89
χωνεύω	89
Βάκις	89
μυλών	89
κακκάβη	89
χαλκήρης	89
θυμέλη	89
μεταλλάω	89
αἰθαλόεις	89
ἀμενηνός	89
εἰδεχθής	89
φαντασιόω	89
συμπλάσσω	89
ἀποκρεμάννυμι	89
ἐπιμερής	89
κολεός	89
Τίκης	88
ἐπιτη	88
στρουθίας	88
ἡνωμένως	88
παραλ	88
ἡγ	88
Ἄμμα	88
Σαμωνάς	88
ἑοργή	88
παρεπόμενον	88
πατ	88
Ἰεφθάε	88
Ἀρτέμων	88
ἡμικοτύλιον	88
ἦπου	88
ἐντί	88
λεοντίς	88
Ὑπόμνημα	88
Αἷμος	88
Ἰοῦστος	88
δέχνυμαι	88
πρόσφασις	88
Χοιρίλος	88
τέιο	88
κάσις	88
Παρράσιος	88
ὅπω	88
σπλαγχνίζομαι	88
θάσιος	88
ὁμοιογενής	88
ἵππιος	88
ἔθιμος	88
Βηρσαβεέ	88
τέναγος	88
βοῦα	88
δύσκριτος	88
νηλής	88
ψέω	88
ἀπόληψις	88
ΘΣ	88
προπύλαιος	88
ὑπογραμμός	88
ἐπιτήρησις	88
Θέκλα	88
οἰκειακός	88
ἀπότεξις	88
πύσμα	88
πέλμα	88
ἀκρισία	88
φλόγωσις	88
ἀμετάβατος	88
στενότης	88
Καυ	88
κατανύσσω	88
ἀσχαλάω	88
ὁμοφρονέω	88
προσθέω	88
Λεωκράτης	88
πόρπαξ	88
κλύμενος	88
καταστολή	88
ἀρτεμισία	88
ταπεινόφρων	88
ἀναχάζομαι	88
κατακοιμάω	88
περιφύομαι	88
χρόω	88
Καυκάσιος	88
Ἄντιον	88
πόρπη	88
Εὐκλῆς	88
χερμάδιον	88
Δᾶτις	88
ἐξοστρακίζω	88
Κνωσσός	88
παραμετρέω	88
δωρειά	88
ἀπολογίζομαι	88
ἀνατυπόω	88
παμφάγος	88
ὑλακή	88
Μίθρας	88
χαμαιπετής	88
βαρυτονέω	88
νυμφεύω	88
πρόπαλαι	87
Φθόνος	87
Πόρτης	87
δημ	87
εἰκέναι	87
ἐψέω	87
ΛΞ	87
ΗΘΚ	87
Σωσικράτης	87
ἄρκιον	87
ἐμί	87
διαιλέγω	87
σίμαι	87
ἐφύπερθεν	87
ὥδε	87
τηλία	87
ὑφιστάω	87
γένεθλον	87
δικαιωτήριον	87
προσαίτης	87
συντροφία	87
Μανία	87
Ἀμασίας	87
θεομηνία	87
φερέσβιος	87
Κεφαλλήν	87
Ὀλυμπιονίκης	87
μύησις	87
μεγαλόδωρος	87
ὑφαίρεσις	87
εὐκτήμων	87
Νίσαια	87
αποκεί	87
χορυφημι	87
ἀσπαστός	87
εἰδοί	87
ἐνσημαίνομαι	87
Πηληϊάδης	87
διαδικασία	87
κηδεμονικός	87
πέμφιξ	87
χάλκωμα	87
ἀορτή	87
Ναύκρατις	87
ἀναλόω	87
συνυπακούω	87
πλήμνη	87
καλώδιον	87
ἐπικάλυμμα	87
ὀρεστιάς	87
ἀργυρός	87
ιεραρχικός	87
προαγωγή	87
ἀντεγκαλέω	87
χρώζω	87
συμπολίτης	87
Θέρμη	87
ὑποδιαιρέω	87
δυνάμενος	87
ἐνδίδομαι	87
σώτειρα	87
ἠθεῖος	87
αἱμύλος	87
ἀθάρη	87
φονάω	87
δότης	87
ἰκτεριάω	87
Κυρηναικός	87
σφωέ	87
ἀπεύχομαι	87
ἀμέρδω	87
βλύζω	87
βαλανεύς	87
καθορμίζω	87
παραφθείρω	87
προτυπόω	87
διανεύω	87
συνακμάζω	87
ἀστεμφής	87
ΕΜ	86
βλα	86
τῆσιν	86
Ἀμφικτύονες	86
ἐφάπαξ	86
Κεφαλᾶς	86
μϛ	86
μδ΄	86
δντος	86
Μαδιάμ	86
Δίδης	86
ταμεία	86
Ευδοξίου	86
τηνάλλως	86
μαλίς	86
κρά	86
παράβυστος	86
Σώτη	86
αρισοφαινω	86
Στρατόνικος	86
Σηών	86
χρυσόμαλλος	86
Νοήμων	86
Κόρ	86
φύζα	86
παλίνορσος	86
ἐξανάστασις	86
ἀναπολάζω	86
Μάλις	86
ἐδέ	86
περιδέξιος	86
λείριον	86
Σουλπίκιος	86
ἀποπεραίνω	86
ἔλασις	86
Γαλλίας	86
παγκόσμιος	86
ἔναρα	86
Παλαιστινός	86
Βακχίδης	86
σκυθικός	86
καρχαρόδους	86
μέρω	86
ῥᾳδιουργία	86
ἀνέπαφος	86
πεζομαχία	86
σύννευσις	86
ἐγκατάλειψις	86
πυρρίχη	86
Ἐλπίδιος	86
Σαπώρης	86
ἑτερόφθαλμος	86
Πρόκρις	86
διαράσσω	86
λεύκωσις	86
Παλαίμων	86
σύσκιος	86
ἀλγύνω	86
σωματώδης	86
πτίλον	86
Μενδήσιος	86
ἴκρια	86
Ὀχοζίας	86
Ἀργολίς	86
παραύξησις	86
συγκάμπτω	86
δοριάλωτος	86
διαλαλέω	86
ὑπόδεσις	86
πυροειδής	86
χειραγωγός	86
ὀκταπλάσιος	86
τονόω	86
μουσουργός	86
μαγειρική	86
συνέψω	86
ἀναΐσσω	86
προφυλακτικός	86
προμάχομαι	86
ὑποδιάκονος	86
ἑψάω	86
ἀποσυλάω	86
χοινικίς	86
κραιπνός	86
διαίνω	86
συναπάγω	86
πορθμεύς	86
ἐπαφάω	86
ἐξέργω	86
προβλής	86
συναναβαίνω	86
καταβλάπτω	86
ῥιγόω	86
συγκαίω	86
πή	85
ἀνεκφώνητον	85
καθημέρα	85
ἑπομένως	85
ἡλ	85
γοντες	85
κἀς	85
Βρομίος	85
ΟΠ	85
στουδιον	85
ὀίζω	85
εἶπος	85
πάλις	85
κοντάρι	85
Ουρ	85
όριο	85
ἀρίσταρχος	85
παρθενεύω	85
παλάτι	85
ἐπενδύνω	85
σάτον	85
Βακχεῖος	85
ἀλλοπρόσαλλος	85
Ἀμμοῦς	85
ἀνεπιτήδευτος	85
λατομία	85
ακρ	85
Νινευΐ	85
Πάνθεια	85
θαυμασιουργέω	85
ἀπροσεξία	85
Αητός	85
δύνασις	85
ὁπόθι	85
Ἡρόδικος	85
πολυποίκιλος	85
Εὐρυτίων	85
μαγειρεῖον	85
εὐδιάλυτος	85
ἀγοράομαι	85
Θεοδοσιούπολις	85
Οὐιεντανός	85
ὑψιμέδων	85
ῥάμμα	85
λακωνικός	85
Ἀψίμαρος	85
αἰλάμ	85
ἀνομολογέομαι	85
μάργος	85
ἀποβλάστημα	85
λέμμα	85
ἀλαλητός	85
συμμαχίς	85
αἰσχροκερδής	85
Φλαμίνιος	85
κάθισμα	85
Στρατονίκη	85
πρόσλημμα	85
Σιλανός	85
Ἔρυξ	85
Κοΐντιος	85
ψαθυρός	85
ἀποκεφαλίζω	85
ἀνανήφω	85
Γήπαιδες	85
παραμέση	85
Πλειός	85
ὑπερήμερος	85
κελάδω	85
Θαλάττη	85
παράτριψις	85
ἀνύσιμος	85
οἰκότριψ	85
διαφόρησις	85
τωθάζω	85
μυγαλέη	85
ἀμμώδης	85
ἐξαράσσω	85
πέρκη	85
συγκρύπτω	85
κλέω	85
ἀμφιβαίνω	85
Ἄξυλος	85
θαμύς	85
νύχιος	85
παραπλέκω	85
ἀθλοθέτης	85
συνθεσία	85
καταθρέω	85
περικλυτός	85
παραβλέπω	85
γεωγραφικός	85
ὑποχέω	85
πλαστικός	85
δεκαετής	85
ἐγκατατίθεμαι	85
κατακομίζω	85
ἀγρονόμος	85
κυδαίνω	85
ἁρμογή	85
λεπίζω	85
κακύνω	85
κατολιγωρέω	85
Ταῶν	84
κοινάν	84
ἀπίστως	84
τεῖ	84
Ἑρμεῖος	84
οσὁ	84
φυγι	84
κότα	84
Κάλλιππος	84
λεγο	84
ὁμολο	84
ὄνομ	84
ΒΓΔ	84
ΗΝ	84
Να	84
μβ΄	84
λέπας	84
εἰσαεί	84
ἐννῆμαρ	84
ἀνδρ	84
λέπος	84
κράτημα	84
ὑπόλειμμα	84
ἐπιχορηγία	84
εὐφημισμός	84
Έμα	84
ακόμα	84
ἀπίων	84
ἤρ	84
τρῖμμα	84
λαιμαργία	84
διαμέλλω	84
αὐτουργέω	84
Μακαρία	84
Θεσπιεύς	84
παναγία	84
χέρι	84
ἀπαρκέω	84
κύφων	84
Ἑκάλη	84
ἄρ	84
κία	84
Ἐπιγένης	84
οἶκόνδε	84
Ἕρμων	84
Κλυμένη	84
ῥάμφος	84
Τίκη	84
παραμήκης	84
ἀπαράβατος	84
διυλίζω	84
ἄθετος	84
ἀνάγυρος	84
ὑπάτιος	84
παλίουρος	84
πάμμεγας	84
ξυστόν	84
βάξις	84
τηλίκος	84
ἀφασία	84
φεραῖος	84
Οἴαγρος	84
δασύπους	84
φλόγινος	84
ἔβενος	84
Κρέουσα	84
ἀττικίζω	84
μεστόω	84
Ἰώαβος	84
ἑταιρειάρχης	84
Λεοντεύς	84
ἐναίσιμος	84
οἰνοχόη	84
Σιλουανός	84
Λεωσθένης	84
προαγωγός	84
ἀσυντελής	84
ὥριμος	84
Νάβις	84
κυπριανός	84
γαμίζω	84
ὀνειρώσσω	84
συναλλαγή	84
ἐπιγελάω	84
παρασπείρω	84
ὁδοποιέω	84
συνεργάζομαι	84
ἐκπομπεύω	84
ὑφηγητής	84
ὄγχνη	84
Σίφνιος	84
περιμήκης	84
ὀλέκω	84
κωμήτης	84
εὔστομος	84
φρόνος	84
μετρητικός	84
Βοιωτικός	84
ὑποκάθημαι	84
ἐφεκτικός	84
τρύω	84
νῆττα	84
νεωτερικός	84
λαρινός	84
ομνύω	84
τουνέστιν	83
Χωρίζοντες	83
ὥστερ	83
πέντην	83
λαγόνα	83
ὑπα	83
καθηκόντως	83
ἄγχιστος	83
ἐπιτρεπτέον	83
Κέρας	83
μηθενός	83
Φανόδημος	83
ἔσοπτρον	83
Σαλαθιήλ	83
προσοδιακός	83
εὐορκέω	83
Παρμένων	83
Ελές	83
σύννους	83
ἀνεπιβούλευτος	83
θύ	83
δοξολογώ	83
διανεμητικός	83
δύσερις	83
ψύχωσις	83
νέτωπον	83
Ἱσραήλ	83
ῥυτόν	83
Βεελφεγώρ	83
πανουργέω	83
φιλομάθεια	83
παλίντροπος	83
πολυδαίδαλος	83
Ῥείη	83
ὠκύπους	83
Βαγώας	83
Βονιφάτιος	83
μεγαίρω	83
αὐλίσκος	83
Λίνδιος	83
Πάχυνος	83
Ἀτλαντίς	83
συναναφέρω	83
ἐρυθρίας	83
ἐπαναθέω	83
συνεμφαίνω	83
Πετρωνᾶς	83
παρήγορος	83
γρύζω	83
συνδιατίθημι	83
ἀναψυχή	83
περιπόρφυρος	83
Ἔπαφος	83
ὄλυρα	83
ἀναμάχομαι	83
σπέρχω	83
ἀπήχησις	83
ἀνάγωγος	83
Μηλιεύς	83
Ὀππιανός	83
ὁμοτράπεζος	83
λέχομαι	83
ἀνόμημα	83
ἴσθμιον	83
αποκαυκος	83
θλάσμα	83
κατάγελως	83
καταιτιάομαι	83
μεταπρέπω	83
πότης	83
ὄρυξ	83
ἀμπλακία	83
μενοινή	83
ὁρμαίνω	83
χλοερός	83
δεκαπλάσιος	83
περιελίσσω	83
πρόβουλος	83
ὕθλος	83
βληχρός	83
συναρμογή	83
άνθρωπος	83
ἐξισχύω	83
φλήναφος	83
ἀποδράω	83
γαλακτώδης	83
ἀποδέρω	83
πολύπονος	83
προθεωρία	83
αἰκισμός	83
παραθήγω	83
ἀλαπάζω	83
ἐμβοάω	83
πειθός	83
βόαξ	83
εκάιγ	83
αἱμασιά	83
ἐνόδιος	83
Ἑρμιονεύς	83
βλέ	82
ἐνθυμητέον	82
τίποτα	82
ΝΗ	82
κς΄	82
ἡμιολία	82
ἀντίλυτρον	82
χζ	82
προῖων	82
κορυθαίολος	82
φθ	82
Θέλων	82
Σε	82
Φιλοχρίστου	82
ΑΔΓ	82
ῥήγας	82
πᾶρος	82
Νήτης	82
ἀνθίημι	82
ἐρωτητέον	82
φυλαχη	82
μετασχημάτισις	82
Σώζουσα	82
σωρηδόν	82
Πᾶσιν	82
καίμι	82
ἀντίσπαστος	82
έμμεσος	82
εδί	82
Φιλύλλιος	82
ἄφενος	82
προτέλειος	82
πτοία	82
Θώθ	82
ΑΕΛ	82
ἕκαθεν	82
διαβατάρης	82
ἀγαρικόν	82
Μενεκλῆς	82
Τῖτος	82
δίαρμα	82
Πλακεντία	82
Σαλαμινία	82
κυμβίον	82
λέπυρον	82
Ἀγριᾶνες	82
Μόλος	82
διαιώνιος	82
διασάφησις	82
Καλλικρατίδας	82
λάτος	82
τοῦλδον	82
συμφώνησις	82
δύσχρηστος	82
δίδραχμος	82
ποδός	82
πιάνω	82
σμύρνιον	82
ἱππήλατος	82
στερέμνιος	82
ψευδομαρτυρέω	82
ᾤα	82
ἀγρέω	82
Ευάγ	82
Ἀλκέτας	82
Μῖς	82
κολλούριον	82
στόνος	82
ὑποκάτειμι	82
Ναυσικλῆς	82
κατεῖπον	82
ἀμνήμων	82
ἄτρομος	82
εύκολος	82
Κάρπαθος	82
χάλασις	82
Κάρυστος	82
ὀλιγόψυχος	82
προπομπή	82
φατός	82
Σμέρδις	82
ἀκρέμων	82
ἰδιωτεία	82
φορυτός	82
σκαπάνη	82
ἁδινός	82
διαζάω	82
πτύσσω	82
ἐριβῶλαξ	82
ὀλολυγή	82
κήρινος	82
ἐντομή	82
πάγουρος	82
ἐρίγδουπος	82
ἐμπορέω	82
ἀφροντιστέω	82
φέρνω	82
φιλάγαθος	82
τελεσφορέω	82
καθοσιόομαι	82
κατευοδόω	82
διαγελάω	82
διευκρινέω	82
χαμεύνη	82
στρόμβος	82
ἀγχώμαλος	82
κλώψ	82
δυσαρεστέω	82
Πλ	81
ἄλκαρ	81
νοόω	81
λαγῶ	81
ἰδιάζον	81
ών	81
ἰστάμενος	81
παρακάτειμι	81
Θυσία	81
ταυτομάτου	81
λιομηδος	81
Θάσιον	81
Ἡμων	81
Λώτ	81
βεβαιότητα	81
Ἀνόμ	81
Ὠσηέ	81
Φάνης	81
δνομα	81
ΑΓΑΘΙΟΥ	81
Απόκαυκος	81
κάθε	81
Γάργαρον	81
ῥῷον	81
Λίου	81
Ἰχθυοφάγοι	81
Αθηναῖος	81
ἀδιάσπαστος	81
ἰλιάς	81
χειρονοος	81
Ἀστυδάμας	81
σύσσημον	81
Πάταρα	81
ἀπροφάσιστος	81
Σεκοῦνδος	81
λίγα	81
σισύμβριον	81
εὔχρους	81
ἀσυλία	81
Ἀγαθίας	81
ἐφήκω	81
Ἡσιόνη	81
στρέμμα	81
ψύλλιον	81
ἁγνισμός	81
κοπρίας	81
Σαρμάτης	81
λαβίς	81
δαήμων	81
παρένθεσις	81
Ὑάς	81
ὄψιμος	81
συμφω	81
μηνίζω	81
ἀπείρατος	81
Ἀστυάναξ	81
πλέως	81
ξενών	81
προετοιμάζω	81
ἀσυμπαθής	81
τερέβινθος	81
ἀντιστατέω	81
πιττάκιον	81
ὀλετήρ	81
Τωβίας	81
Βόστρα	81
στήμη	81
πολυετής	81
συσταυρόομαι	81
μελιτώδης	81
Μαρώνεια	81
ἰνδάλλομαι	81
μόλιβος	81
ἀφραίνω	81
ἀπερινόητος	81
τευτάζω	81
δύσπνοος	81
νοτάριος	81
ἐμπολιτεύω	81
Μεμφίτης	81
χρυσοφορέω	81
ἀσσάριον	81
Ἔλατος	81
νιφόεις	81
εὐτεκνία	81
ἐκπύησις	81
ἀντίσπασις	81
ἰσοσθενής	81
ᾠδός	81
μόρφωμα	81
καταπήγνυμι	81
φθισικός	81
δαΐφρων	81
διολισθάνω	81
ὦχρος	81
στρατολογέω	81
πλαδαρός	81
φλάω	81
συζητέω	81
κλιμακτήρ	81
προπηλακισμός	81
λιάζομαι	81
ἀναρρώννυμι	81
δοκιμαστής	81
παρανοέω	81
ἐπαιτιάομαι	81
κεφαλαλγής	81
ἄγγαρος	81
προσαπόλλυμι	81
κακοπραγέω	81
ὁμόγλωσσος	81
συνεπιλαμβάνομαι	81
ἐμπτύω	81
ἐπιθαλάσσιος	81
τιθασεύω	81
κατασοφίζομαι	81
ἐκτίκτω	81
μεταρρυθμίζω	81
κά̓κες	80
ρεται	80
ἐμέ	80
́	80
ποτ	80
γινώ	80
ΒΡ	80
ζῳοτοκέω	80
ντο	80
μϚ	80
ομπρός	80
Ιωάσαφ	80
διατηρῶ	80
εὔσχημος	80
Νυμφόδωρος	80
ἤκιστος	80
πῆ	80
μητρόθεν	80
υποχοριστιπως	80
στέω	80
τολ	80
αὐτος	80
Θέλουν	80
ΓΓ	80
μοῖος	80
Γερήνιος	80
ἄνιπτος	80
χαλκοχίτων	80
βάνδα	80
ἐλαβω	80
Νικοφῶν	80
βαχυλιδηω	80
Γέλα	80
βρυεννιος	80
σταφυλῖνος	80
ἐρύσιμον	80
Νία	80
Μάρ α	80
συντήρησις	80
Χρυσοστόμου	80
ἀπειροδύναμος	80
συχοφαντος	80
τελῶ	80
ἐπεισοδιώδης	80
διαειδικός	80
λάμπων	80
θεοπρόπιον	80
Μύσων	80
περιπνευμονικός	80
Τερψιχόρη	80
ἐνάμιλλος	80
ἀπήνεια	80
στόμωμα	80
κομόων	80
χώνη	80
ἑλικοειδής	80
φλόμος	80
προβοσκίς	80
ἀμφιδέξιος	80
ἑπτάμηνος	80
ὑπόξανθος	80
οἰκισμός	80
ἄφθορος	80
χλέος	80
Κηφισσός	80
Ἀριοβαρζάνης	80
ἀτέκμαρτος	80
βλεφαρίς	80
Ἀλάριχος	80
νυμφαγωγός	80
υποστατικός	80
Ἀβασγοί	80
ὑπόπικρος	80
ῥευματικός	80
μεγαληγορία	80
κιθαρῳδία	80
τερθρεία	80
φίλανδρος	80
τετράπολις	80
ἐπιπρόσθησις	80
παρακατέχω	80
πεθαίνω	80
λυσσόδηκτος	80
γαυρόω	80
λιθοκόλλητος	80
τριακονταέτης	80
καταβιόω	80
Γελῷος	80
ἐκφύσησις	80
λόγιμος	80
δακρυόεις	80
εἰκασμός	80
ἰθαγενής	80
ἐκτιτρώσκω	80
λίβελλος	80
Ἀρίσβη	80
μυθολόγος	80
ἡμιθνής	80
ἀναδενδράς	80
κριτός	80
αὐχμώδης	80
ἀρημένος	80
ἄναγνος	80
εἰσπέμπω	80
ἄρκος	80
χαρτός	80
πελιός	80
ἐπουλωτικός	80
ἐμφωλεύω	80
παραδέω	80
καχλάζω	80
ὀξυδερκής	80
λειεντερία	80
καῖρος	80
εὔνομος	80
ἐγκαταμίγνυμι	80
γουνός	80
κύανος	80
προσφθέγγομαι	80
Παλαίων	79
προηγμένα	79
ἀφ́ερχομαι	79
χρέα	79
ΠΙ	79
ἀγχοτάτω	79
λιονυσυς	79
φε	79
δελ	79
ἀπροφασίστως	79
Παρηγορίας	79
γινόͅσκω	79
Καταθύμιον	79
ΣΙ	79
ΣΕ	79
ἐνώς	79
Στυλιανῷ	79
κατηγο	79
Ἰωάθαμ	79
ἀδιεξίτητος	79
ἐπίμετρον	79
Ἀναξίλας	79
Ἰουδαϊκῶς	79
ἀπηχής	79
φρά	79
σιγαλόεις	79
εἰκοσαετής	79
Τεν	79
σπαθίας	79
δεκάγωνος	79
τετραχῇ	79
ὑπερθύριον	79
εὔδιον	79
μάγαδις	79
Μητροφάνης	79
ἐντελέω	79
παράμεσος	79
Ἀπατούρια	79
ἴτης	79
εἰσαγώγιμος	79
βέλτιστος	79
ἀναμφίλεκτος	79
Χωρήβ	79
ἀστάθμητος	79
δημαρχία	79
ἠερόεις	79
Γενέσιος	79
λέντιον	79
Σοφονίας	79
δυσεπούλωτος	79
Δηιάνειρα	79
πεντήρης	79
Σηλώμ	79
ἀκίχητος	79
βιώσιμος	79
ὑπέρμαχος	79
Μισαήλ	79
σωρεία	79
ἀποπατέω	79
ἐραστός	79
ἡνιοχεύς	79
ἱπποτροφία	79
ἐπικαρπία	79
κητώδης	79
χαρτίον	79
ψευδοδοξία	79
χριστιανίζω	79
Ἀσπίς	79
μεταμανθάνω	79
συμφυία	79
Ἱππομέδων	79
γενειάω	79
ἀντιμαρτυρέω	79
δευτεραῖος	79
ἀκτήμων	79
ἀρότης	79
δημαρχέω	79
οἰσοφάγος	79
ἐναβρύνομαι	79
Δέκιμος	79
ἐλελίσφακος	79
ἄτρυτος	79
Θεοδότη	79
ἀνάχυσις	79
κελλίον	79
ἰλυώδης	79
στοιχείωσις	79
βουπλήξ	79
πέτηλος	79
ὑποβολιμαῖος	79
μαζάω	79
παλύνω	79
Θρᾳκίας	79
ἀσήμαντος	79
δακρύω	79
ῥήν	79
δα	79
ἐντόπιος	79
κατακοιμίζω	79
Σάος	79
νεφρῖτις	79
ῥεύω	79
ἰσοσυλλαβέω	79
πρόσθετος	79
δρομάς	79
τεχνολογέω	79
φιμόω	79
ἐκπετάννυμι	79
ἐρέφω	79
εὑρετικός	79
σπουδαστής	79
παραπλήξ	79
φαρμάσσω	79
μηδίζω	79
ἐγγραφή	79
ὁμογνωμονέω	79
λίζω	79
μόσσυν	79
καταρρίπτω	79
συρράπτω	79
λόν	78
ὥτε	78
γῆθεν	78
ὀξυτονητέον	78
φροντιστέον	78
θεραπευτέον	78
ἔκτοθι	78
νοτέω	78
ἐξη	78
ἀφαιρετέον	78
τοιαύτ	78
Κιάν	78
Βρυεννίου	78
ὁλοτελῶς	78
ΖΗΘ	78
πατρ	78
Ἐχρεύς	78
ρδ	78
αἴνυμα	78
παιδών	78
ἀφο	78
Βασιλίς	78
Ἔλπις	78
ἐπιούσιος	78
ΕΚΤ	78
ἀπέσω	78
ἐνευλογέομαι	78
Ἰοθόρ	78
Κυρηναϊκός	78
οῦς	78
δίδαξις	78
ἀκηλίδωτος	78
ὀχθέω	78
προσωποληψία	78
ἄραδος	78
λιβανωτίς	78
Γώγ	78
ἄτ	78
Ραΐς	78
εὐριπίδης	78
ἀπανέω	78
ὑστάτιος	78
ἀμφαδόν	78
αὐταρχία	78
Μέντης	78
Ηλειού	78
Ἡγήσιππος	78
αὐτοέν	78
σπερμολόγος	78
εὐχετάομαι	78
κλεισούρα	78
ἀνδροφονία	78
μύκημα	78
Τραιανός	78
κουρεῖον	78
ἰχθυόεις	78
Αίρ	78
μακροκατάληκτος	78
τόπαζος	78
Γόργος	78
παρακαίω	78
τρισάγιον	78
Μελίβοια	78
Εὐρωπαῖος	78
δημηγόρος	78
ἀΐδηλος	78
Απρίλιος	78
νέπους	78
παραδυναστεύω	78
ἀτεκνία	78
πληρότης	78
Ἀβραδάτας	78
αἰγίλωψ	78
ἀμφίδοξος	78
Ἰσσικός	78
μνημοσύνη	78
ἀνακαινισμός	78
εἰλίπους	78
ὁμοδίαιτος	78
δωροδόκος	78
Ἅβραμος	78
πάνοπτος	78
Καλλ	78
Άστιν	78
Πελ	78
ἐπουλόω	78
ἐξάρθρημα	78
θράσσω	78
κόσσυφος	78
σκευωρία	78
ἀνταναιρέω	78
δεινοπαθέω	78
ονομασμένος	78
μεταστατικός	78
Κόρος	78
πνευματοφόρος	78
συνδετικός	78
ἀντίτεχνος	78
προτομή	78
ὀλοθρεύω	78
Λαοδάμας	78
κιγκλίς	78
φανταστής	78
ἐπιβιβάζω	78
ἀπορούω	78
διακυβερνάω	78
θεματικός	78
Οἰλεύς	78
Ὕπιος	78
Άνυ	78
ἐξέδρα	78
σηρικός	78
αὔλησις	78
ξύλοχος	78
ἁρπακτικός	78
ἀπολογισμός	78
πενέστης	78
Κυνικός	78
πτώσσω	78
ῥάσσω	78
παραινετικός	78
στρωματεύς	78
διακινέω	78
ὅδιος	78
Μεσσηνιακός	78
ἁλί-ευμα	78
πνευματόω	78
τερηδών	78
θηλύνω	78
ἄβω	77
Πλαταιαί	77
πεφεισμένως	77
πτλ	77
Μο	77
ἐλάχιστος	77
ὐπέρτατος	77
χανδόν	77
ΣΧ	77
Λιογένης	77
Μέλα	77
βορειοδυτικός	77
Δημ	77
ρχ	77
πάλε	77
Σουίδα	77
κός	77
ὑδατος	77
προσληπτέον	77
Στέ	77
Ἆλι	77
οδιναω	77
ἀμῃγέπος	77
Βλάδος	77
Μητρῷον	77
ἀναρτέομαι	77
ἐνικνέομαι	77
ενιαίως	77
Όνο	77
ἄκρα	77
τριπόθητος	77
Θῦς	77
σκουτάρι	77
ἔρεβος	77
φιλοσαρκία	77
ἀντίξοος	77
κύπρος	77
αγαρηνός	77
θεικός	77
ἀκατέργαστος	77
πρόπας	77
Ἀρτεμισία	77
ψιμύθιον	77
πολυσπερής	77
ἀσυνάρτητος	77
πάνθηρ	77
ῥάπισμα	77
δικατάληκτος	77
Ὀζόλαι	77
ἐνοίκιος	77
Τιμοσθένης	77
ἀπόμοιρα	77
ἠθοποιΐα	77
φάλλαινα	77
παρήμενος	77
καμμύω	77
ἕλλα	77
ἀρτί-παις	77
δρίς	77
ἀμυντήριον	77
Ἐπικράτης	77
πολυκέφαλος	77
ἀδελφιδῆ	77
λάχνη	77
σκωπτικός	77
παιπάλη	77
Μελησίας	77
Μίκκαλος	77
Μουσεῖον	77
Τηλεβόας	77
Εὐήμερος	77
αὐτήκοος	77
Φωσφόρος	77
Λίχας	77
κακότροπος	77
οὐπώποτε	77
ἐπίβλεψις	77
ἵππαρχος	77
Ὀνομάκριτος	77
εὐαρμοστία	77
σκαίρω	77
διοσημία	77
Βαλεριανός	77
καθιέρωσις	77
σπληνίον	77
συμπολεμέω	77
ἐπευφημέω	77
κακουχία	77
Ἀριδαῖος	77
ἐπιμερισμός	77
βρυχάομαι	77
καλλι	77
Κεγχρεαί	77
ψιθυρίζω	77
θυμιατός	77
σκιρρέω	77
ῥῖψις	77
πολίζω	77
καινουργέω	77
Κλεωναί	77
συνηρεφής	77
ζηλήμων	77
πλῆξις	77
νάβλα	77
κυνηγέω	77
διαπορητικός	77
ἐγκεράννυμι	77
ἀποκναίω	77
κεῖνος	77
διαμορφόω	77
ἐκπλύνω	77
κρυερός	77
Πατρεύς	77
κατακερματίζω	77
ἀπαρέσκω	77
διατρέπω	77
ἀφηνιάζω	77
ἀμπέλινος	77
παρασπάω	77
Νέστος	77
ὑποκρύπτω	77
ταχινός	77
καταξηραίνω	77
φοράδην	76
Ἐπίδοξον	76
ἀμείλει	76
Συ	76
ζητ	76
Παντιάς	76
γαμητέον	76
σφῶρα	76
προλεγόμενα	76
Γεωμέτρης	76
σθη	76
Πέτρα	76
ριζ	76
ΞΝ	76
ΒΖΓ	76
Κάστρης	76
᾿ς	76
οἱονείπως	76
ποτάμιον	76
ἀπόρως	76
Βασιλίσκος	76
ἐλευ	76
ταγηνισταί	76
Τάφος	76
ἀκράδαντος	76
γρήγορος	76
ἐξούλης	76
παῖος	76
παραδίδω	76
Βαραββᾶς	76
γερόντιον	76
τοιαδίͅς	76
ΓΕΛ	76
Ματά	76
προστάζω	76
μελίκρητον	76
γλαύξ	76
ἀνθρώπιον	76
ἀποζῶ	76
ἀντιστρατεύομαι	76
πῆγμα	76
μοναστής	76
Παρνασσός	76
συνοίκησις	76
γλυκύρριζα	76
ΧΝ	76
ἐπισπέρχω	76
εὐμάρεια	76
ὁμόχρους	76
κακηγορέω	76
εὔπνους	76
χωράω	76
Σαρματία	76
Ἀμύντωρ	76
αλλού	76
εκκλ	76
κυδάλιμος	76
Ἁγίας	76
ὑπερσυντέλικος	76
πολυσαρκία	76
μελίνη	76
ἀσιτέω	76
ἀμύγδαλος	76
ἀναθερμαίνω	76
Βερόη	76
μισθοφορά	76
ἀφετήριος	76
ἰσομοιρία	76
ἔκφυλος	76
γλωσσαλγία	76
Πανταλέων	76
τηλεβόλος	76
Ἰτύκη	76
ἀσπάλαθος	76
πολυπαιδία	76
Μεγάβυζος	76
ἀπαρέγκλιτος	76
φρόντισμα	76
φιλόδωρος	76
θαυμαστόω	76
ἀντεξέτασις	76
ἐπήβολος	76
κατάφυσις	76
ἐρεσχελία	76
ἀπαμεύς	76
δέσμα	76
συμβίβασις	76
ὑποκορίζομαι	76
ἀμελέτητος	76
ἀντιπαράθεσις	76
ἀγέλαστος	76
Πελάγιος	76
σαββατισμός	76
μητροπάτωρ	76
Ἀρτάβασδος	76
Ἀτλαντικόν	76
Ἰασίων	76
Μοντανός	76
Ἀσκανίη	76
ἐκλειπτικός	76
Διοπείθης	76
σφαδᾴζω	76
πεντηκόνταρχος	76
ἀνεννόητος	76
εὐμοιρία	76
χοροστασία	76
ἀπρόσκεπτος	76
ἐμπίνω	76
ξιφίας	76
ἐπικλώθω	76
ἀφίδρυμα	76
ἀναμέτρησις	76
αἴθυια	76
Δήμη	76
Κώρυκος	76
Δέκμος	76
ἀποκαταλλάσσω	76
κοσμοποιός	76
φονή	76
οἴζω	76
ἀπαντή	76
σιδηρῖτις	76
ἐξωτερικός	76
ῥαγδαῖος	76
κυνηγεσία	76
λύζω	76
ἐπινήχομαι	76
ἀναφεύγω	76
κομμωτικός	76
συνεπισπάω	76
παρασημαίνομαι	76
τριαδικός	76
ἐννύχιος	76
σύνδενδρος	76
ὀρχηστρίς	76
ἔριθος	76
ἅρπυια	76
ἐπασσύτερος	76
παρεμφερής	76
ἐπικάμπτω	76
εὔτροχος	76
χρηματικός	76
προστήκομαι	76
συνέλκω	76
δάω	76
π̄	75
ἀπόπροθεν	75
νάμι	75
κεχωρισμένως	75
δίγαμμον	75
ἐμπαθῶς	75
ῶστε	75
σομαι	75
ΑΣ	75
φιλαλήθως	75
Βίον	75
Ἀμουράτεω	75
Κρος	75
Γοβρύας	75
στος	75
ενδ	75
παραχειμασία	75
παλινάγρετος	75
ὀμφάκιον	75
ἀνδρί	75
ἀνθρωπία	75
Ἑλλάδιος	75
καβαλλάρος	75
χαμαίπιτυς	75
κίδαρις	75
νεανιεχω	75
ἀνεξάλειπτος	75
Χορ	75
ἐνθαδί	75
δεκαοκτώ	75
Μόδεστος	75
σμιλίον	75
ἄννησον	75
Λήμνιος	75
βάπτης	75
ἀσυνεσία	75
γραμμάτιον	75
ἀβίαστος	75
ἄμισθος	75
εὔκοσμος	75
Τέρι	75
Κορνηλία	75
ἐξῃρημένως	75
δουλαγωγέω	75
Εὐνάπιος	75
ναέτης	75
μέσφα	75
χερός	75
Ἀδριατικός	75
Σαμαῖος	75
ῥαφίς	75
κηρύλος	75
Κουρίων	75
Σέσωστρις	75
Σουσάννα	75
κυρά	75
καθοσίωσις	75
ἐπαίτης	75
φαγέδαινα	75
οἰκετικός	75
θίξις	75
ἐπισιτισμός	75
τετραρχία	75
μάχλος	75
Βαρθολομαῖος	75
ἀχθοφορέω	75
καθαρτήριος	75
παραλιμπάνω	75
μαντεῖον	75
τιτύσκομαι	75
ἄλεκτος	75
εἰδήμων	75
Πανέλληνες	75
ἐλλύχνιον	75
ἀτριβής	75
προσάρκτιος	75
Σερίφιος	75
λιτανεία	75
Γλυκέρα	75
φέβομαι	75
παντευχία	75
Κώκαλος	75
ίδιος	75
τέκνωσις	75
καθαριότης	75
οἰκοδομητός	75
ἔκθεσμος	75
Θευδάτος	75
Ἀερόπη	75
χρεμετίζω	75
Σῶσις	75
ἀλεαίνω	75
ἀρειή	75
ἀλεγίζω	75
Τάφιος	75
ἕκηλος	75
σχίζα	75
ἐλεγμός	75
ἁμαρτή	75
Καμαριναῖος	75
Ἐδεσσηνός	75
Σελινοῦς	75
λιαρός	75
φορεύς	75
όνειρο	75
μεταφυτεύω	75
κυκλίσκος	75
ἱμάσσω	75
τουτῶ	75
μήτρως	75
προπορεύομαι	75
σταύρωμα	75
ἀμολγός	75
ἀποκλαίω	75
λιγνυώδης	75
ἐθνάρχης	75
ἀντιπεριίστημι	75
αχροατη	75
βορός	75
μοτός	75
ἐπαληθεύω	75
δισταγμός	75
ὁμαρτέω	75
ἀφαυρός	75
Ἔνδιος	75
ἀγαλματοποιός	75
ἐκδαπανάω	75
πολύτροφος	75
μεταβλητικός	75
ἀνασειράζω	75
χύνω	75
κερτομέω	75
διαστασιάζω	75
κωβιός	75
ἐντύνω	75
ἄνηβος	75
μολοσσός	75
περιποιητικός	75
ἀνόρεκτος	75
παθαίνω	75
γάστρα	75
ἀπονοέομαι	75
γειτονέω	75
τίζω	75
Κῦνος	75
ἀμαλδύνω	75
καθομιλέω	75
συμποτικός	75
περιπείρω	75
λάφυρον	74
Χαίροις	74
ἑκατέρωθι	74
Ἑρμ	74
ἐπιδείδω	74
ἀναίδην	74
Χῆμα	74
ἀπαξαπλῶς	74
ἀγχόθι	74
τῆσι	74
Παλάτια	74
παντ	74
πολλαχού	74
ὄτα	74
Ντι	74
ριγ	74
ΑΓΕ	74
Γα	74
ἀγιωτάτῳ	74
ρν΄	74
Σαλώμη	74
εὐχολῶς	74
Ρήγας	74
Ῥῆγα	74
ὕθεν	74
Ῥώς	74
ἔτερα	74
ὄρειον	74
ἄμοτον	74
εἰδή	74
γεωγραφέω	74
ἐκζήτησις	74
ἐρξ	74
Χαῖρις	74
Ἄνη	74
ἐλινύω	74
Αἰλία	74
Κελτίβηρες	74
Ἐρέσιος	74
χαμαίδρυς	74
Τέλης	74
ἄαπτος	74
ἀκαταμάχητος	74
ἀπεικόνισμα	74
Παλλάντιον	74
ἀπαρτισμός	74
Νινευίτης	74
Νεεμίας	74
Αἰπύ	74
λυτήριος	74
μοιρίδιος	74
ψήχω	74
καικίας	74
ἄνθεμον	74
συναπέρχομαι	74
Ἀφροδισιεύς	74
παραλληλεπίπεδος	74
Ἔξος	74
ἡλιος	74
ἀξούγγιον	74
Φούριος	74
Ῥίνθων	74
χάλασμα	74
Βοώτης	74
Παραλή	74
μῆρα	74
ἀνομογενής	74
ἄψοφος	74
ἐπιλήσμων	74
ἰδιόξενος	74
ἀγαστός	74
ὑπεροπτικός	74
ὑλήεις	74
οἶσος	74
διασαφητικός	74
δούρειος	74
Δείνα	74
ληθαργικός	74
δείχνω	74
πόριμος	74
κύτταρος	74
ὀρόβινος	74
ἄρεσις	74
Αἰγιαλεύς	74
ἐγκάθισμα	74
ὑπεξαίρεσις	74
Βηρύτιος	74
Ζακύνθιος	74
κακοβουλία	74
δαπανηρός	74
ὑπερτείνω	74
χαριεντίζομαι	74
Κάρβων	74
προσαναγκάζω	74
Ἑλλανοδίκαι	74
συνεγείρω	74
πρόπαππος	74
ἔλλειμμα	74
στερεότης	74
σιτίζω	74
ἄποσος	74
πολιορκητικός	74
Σῖρις	74
δορίκτητος	74
τύρβη	74
ἰχθυοφάγος	74
μεταδοτικός	74
ἠρεμαῖος	74
αὐτοτριάς	74
δεκάζω	74
ὑποπίμπλημι	74
Ἱμέριος	74
ἀνοιμώζω	74
ἀνάνευσις	74
μαστροπός	74
ἀλιτρός	74
συναυλία	74
χαῖος	74
ἀποθαυμάζω	74
συμπέσσω	74
κερδίζω	74
περιστέριον	74
στοιχειόω	74
κατασκεδάννυμι	74
ὁρμαθός	74
ἀπεμπολάω	74
ἐκδειματόω	74
ἀπολιθόω	74
ἐκτοπίζω	74
ἐπιρρεπής	74
τιμητικός	74
ἐξακοντίζω	74
προσπολεμέω	74
ὑποσύρω	74
οἷόνπερ	73
Ὕπαγος	73
Ἐτησίας	73
ἄλειφα	73
αὐτόσε	73
κεκρυμμένως	73
συχνάκις	73
Χαλέ	73
ΝΜ	73
ὑμ	73
ἐξαυτῆς	73
ΑΞ	73
ΖΝ	73
πρώταρχος	73
λθ΄	73
Κων	73
ΒΑΔ	73
ρξθ	73
φΩΔ	73
Γνησία	73
μῶλυς	73
θετικῶς	73
ἀντεπίρρημα	73
Εἶς	73
πολυάνδριον	73
ἀδακρυτί	73
ξομαι	73
οἰκίδιος	73
σύγχρισις	73
κάμ	73
Ἠλεί	73
γομαι	73
Ἀριστάρχειος	73
ἀμάραντος	73
ὁμαιχμία	73
Πρόβος	73
στάβλον	73
Ἀνίων	73
μετεπιμελέομαι	73
ἔννατος	73
ἄχρεος	73
ἐπιτέχνησις	73
μοιχάω	73
Μυρλεανός	73
εκφράζω	73
δυσέφικτος	73
Φηγεύς	73
γομφίος	73
πάννυχος	73
νιν	73
βρώσιμος	73
καλαῦροψ	73
Οἰνοπίδης	73
πολυύμνητος	73
φρενήρης	73
ἀγαθίς	73
σύνδειπνον	73
διάκος	73
νυκτομαχία	73
πήληξ	73
θέσκελος	73
διάνος	73
ἐπιμαίομαι	73
Ἄσπαρ	73
Λακύδης	73
ἀνακαίνωσις	73
Τηρίας	73
ἀδουλία	73
τονιαῖος	73
ὀσμάομαι	73
μαθητεία	73
λάγανον	73
Κλειτόμαχος	73
ἀνακαίνισις	73
παραφθορά	73
Ταπροβάνη	73
αὐδήεις	73
ῥαθάμιγξ	73
εὐαγγελισμός	73
Ἀρβάκης	73
κατάπτυστος	73
ἄλαστος	73
σεκρέτος	73
ἐέ	73
κομεντιολος	73
ἡμιθανής	73
πολύεδρος	73
ζωογονία	73
ἄψαυστος	73
μυθογράφος	73
ἀπευκτός	73
προεπινοέω	73
οἰνόφλυξ	73
αὐαίνω	73
βροτολοιγός	73
καταβρέχω	73
ἄμαθος	73
ἱππεία	73
ἀτολμία	73
Σηλυμβρία	73
συναποδείκνυμι	73
ἑτεροίωσις	73
άγχος	73
ἐξαλαπάζω	73
ἀμαύρωσις	73
ἄρρυθμος	73
κατάχυσις	73
Ἰεβουσαῖος	73
Καλχηδόνιος	73
ὑπογραφεύς	73
δίθυρος	73
ἐκτραγῳδέω	73
Φενεός	73
Κομμαγηνή	73
ψίαθος	73
θαμίζω	73
παλάθη	73
Φαρσάλιος	73
συσφίγγω	73
μέλη	73
ἴτριον	73
πικραίνω	73
διαμασάομαι	73
εὐκληρία	73
κνίψ	73
ἐπικύπτω	73
ἐνδιαβάλλω	73
ῥευματισμός	73
Περίνθιος	73
δράσσω	73
ὅκκα	72
Καρποφόρα	72
σέο	72
πάμι	72
Ἀρίστως	72
ἐμαντοῦ	72
ὁσ́τσιοῦν	72
κατενώπιον	72
λϚ΄	72
τικός	72
ἀνο	72
ΕΑΖ	72
διφθόγ	72
Αμμανίτης	72
νϚ	72
ἀφέντης	72
Βίγλας	72
Βουλγαρίαν	72
γεύστης	72
Ἀρίμενον	72
διαατος	72
Στρατή	72
μυρμηκίας	72
ἤϊος	72
Πόλλα	72
Ἀριστόνικος	72
ἦστο	72
Τόδε	72
Ἀμειψίας	72
γρῦ	72
ἀκίβδηλος	72
πανεύφημος	72
κυθέρεια	72
Λυκαῖος	72
βασανιστήριον	72
Νεφθαλίμ	72
Σῖναι	72
Κολ	72
Κιλίκιος	72
πεῖραρ	72
Μορ	72
έλκωση	72
ἐκκεντρότης	72
λυσιτέλεια	72
ΓΣ	72
προστάτις	72
φιλόπολις	72
θήρατρον	72
μεσόφρυον	72
Δικαιογένης	72
ἀτρεμής	72
Ἐχίων	72
βοῶπις	72
Ἐπαφρόδιτον	72
βριθύς	72
Ἀρισταγόρης	72
ἀρχιδιάκονος	72
ἀνεξέλεγκτος	72
ἐπαφρόδιτος	72
ἄμπυξ	72
κατάρρυτος	72
περιαθρέω	72
νεῦσις	72
σεβάζομαι	72
ἐπίμικτος	72
συμπρεσβευτής	72
οὖθαρ	72
κερδώ	72
σύμπηξις	72
συνέστιος	72
ἰχνεύμων	72
νιτρώδης	72
Τυφώς	72
Ἔρεβος	72
δεκάπηχυς	72
πανσπερμία	72
μελοποιία	72
φάγος	72
κώδεια	72
κάτοικος	72
Ἐρυθεία	72
πεντηκόντορος	72
Πακτωλός	72
πανσυδί	72
Δαναΐδης	72
αἴνυμαι	72
τυχηρός	72
ὁμαλεύς	72
Νίς	72
ἐξερεύγομαι	72
Λέντλος	72
Πίσων	72
Λεωτυχίδης	72
εύνους	72
Στάτειρα	72
κατασφραγίζω	72
ἐκπετάζω	72
ἀκήριος	72
λῆσις	72
Ἐργῖνος	72
Ἀριστίων	72
χρείω	72
περιπόθητος	72
νεογενής	72
ἄλος	72
ὑπερθέω	72
Ἠλεκτρύων	72
προσοχθίζω	72
αἰπός	72
ψευδολόγος	72
ἀδίκη	72
ἁρμάμαξα	72
καλώ	72
ἀκηδής	72
τρισάγιος	72
Ὤλενος	72
ναυπηγικός	72
ἴσιον	72
ἀνοηταίνω	72
εὐνουχίζω	72
προνοητής	72
μωυσος	72
Πλεισθένης	72
ἱπποτρόφος	72
περίθεσις	72
διαβιβρώσκω	72
δυσπειθής	72
φιλοτεχνία	72
προπαρασκευή	72
ἄχολος	72
ἁγνότης	72
μορμολυκεῖον	72
φιλητής	72
Καλλίπολις	72
λαγαρός	72
αἰγανέη	72
διοίγνυμι	72
νομαδικός	72
ὁλάω	72
ἐννέω	72
συνεκπέμπω	72
μαγίς	72
νοατός	72
Κλαζομεναί	72
ἀναφλέγω	72
ἠέριος	72
μέσατος	72
ἀγρευτήρ	72
μυσάττομαι	72
τυχαίνω	72
κεραός	72
περιυβρίζω	72
Βάκχειος	72
περιρρήγνυμι	72
περιτειχίζω	72
ἐνάπτω	72
ἐπίφθεγμα	71
πανταχῶ	71
ρξ	71
γύναιος	71
γειαν	71
Τίκου	71
ἀνελλιπῶς	71
δμοῦ	71
Στράτις	71
δοκίμιον	71
ὑπεράγαν	71
αφεντίαν	71
λογής	71
άπο	71
ΚΤΕ	71
εὐλαβητέος	71
εὗρος	71
λίπα	71
νύμφαιον	71
αὐτοκρατορία	71
φίλησις	71
δώς	71
μεθιστάω	71
ὀμόω	71
ἀνενδοίαστος	71
πάκτον	71
ἄδω	71
λέκτης	71
εὐθύβολος	71
ὑπερικόν	71
ἐξάνθησις	71
ρωκριος	71
ἀνακλητικός	71
αὐτόκλητος	71
Κινέας	71
Φιλίσκος	71
θελητός	71
διάφυσις	71
Δείας	71
έγγραφος	71
Δαμάσκιος	71
ἔμψυξις	71
Σωσιγένης	71
Φερσέφασσα	71
ὀνοματοποιέω	71
ὅπη	71
Στησίμβροτος	71
Νάβαλ	71
νάκη	71
Ταυρική	71
δυσπρόσοδος	71
Ἀμαζονίς	71
Κῶπαι	71
ἀβάκιον	71
ὄσχη	71
Ἀρεύς	71
Σωφρόνιος	71
ἄρκευθος	71
γηπόνος	71
Δημοκράτης	71
ὁμηρεία	71
Τοῦσι	71
ἔγχυμος	71
δηκτικός	71
δική	71
ἐνδοξότης	71
Βιταλιανός	71
μεγαλοφωνία	71
Θεμίσων	71
Βλαχία	71
κυβείας	71
σύνδετος	71
Θάλης	71
παρεπιγραφή	71
ἁφάω	71
λέσι	71
πένταθλος	71
παιδία	71
πυριφλεγέθων	71
λακωνίζω	71
ἱππάς	71
σύσσωμος	71
χερσωνιος	71
ὀλιγόπιστος	71
λοῖσθος	71
ἔμβολος	71
ἔπειξις	71
Μεγάρα	71
ξενιτεία	71
Διόγνητος	71
δμωή	71
αὐθιγενής	71
Ἀλκυόνη	71
φιλήκοος	71
αὐτοκέλευστος	71
ῥιψοκίνδυνος	71
κορέω	71
προσπαλαίω	71
ἀδιήγητος	71
ἄϋλος	71
σάνδαλον	71
πηγός	71
λογιότης	71
ξηλώνω	71
διαμηνύω	71
διαφορότης	71
θεηγόρος	71
ἀγκυλοχείλης	71
ἐνενηκοστός	71
Μηνόδωρος	71
γέλιο	71
δίμηνος	71
παροͅχέω	71
ἐξίσχω	71
φώτισμα	71
Καισάριος	71
κατακαλέω	71
Ποτιδαιάτης	71
κορυφόω	71
ὀφέλλω	71
εἰδωλεῖον	71
μερμηρίζω	71
μυρεψός	71
ἐπαναιρέω	71
κήλη	71
ἐνιπή	71
εὔγνωστος	71
ἐκκλείω	71
Ἀράδιος	71
ἀκροβολίζομαι	71
μελαγχολάω	71
μεταίρω	71
εὐναῖος	71
ὑπορύσσω	71
φατικός	71
περιοδεύω	71
Λαρισαῖος	71
προθεωρέω	71
ὑποκλίνω	71
φιλομαθέω	71
ἀγή	71
προκαταγγέλλω	71
ἀντιπνέω	71
στολίζω	71
μεγαλειότητα	70
ἀπήγξατο	70
πέπειρα	70
ἐκδεκτέον	70
ἀπαρακαλύπτως	70
Ἀνατόλιος	70
ριθ	70
λυτέος	70
ἡμίαλφα	70
βολός	70
Πέννης	70
Ἔλεος	70
Βρυέννιος	70
περιχαρῶς	70
Ρόγας	70
ΡΛ	70
ΝΠ	70
ΝΒ	70
Σίκιμα	70
Οἷσιν	70
Διδυμότειχο	70
Ἁβροκόμης	70
ᾠοτοκεύς	70
πολύχοος	70
μις	70
Ρίστου	70
ἄτταλος	70
ἐξεῖ	70
καρώ	70
Ἀβδεναγώ	70
σεῖν	70
Αὖλ	70
τιό	70
ὀδονταλγία	70
χρυσορρήμων	70
Κορώνη	70
δυσβουλία	70
ληκύθιον	70
ἀποκρυφή	70
ἱστορίη	70
ἀμφινέμομαι	70
Φλεγέθων	70
ἀλώβητος	70
μετοίκιον	70
Σικανός	70
νοσσιά	70
ἱμάσθλη	70
ἀπαραμύθητος	70
Ταύς	70
ἀντίχθων	70
σεύς	70
ὁμοτιμία	70
ἀθροισμός	70
ἀδινός	70
μαρμάρεος	70
καλλώπισμα	70
συναναφαίνω	70
Ἡδίστα	70
Κράτερος	70
ἀνεπίπληκτος	70
θεουργία	70
οἰνοπότης	70
ἀκύμαντος	70
ἀφομοίωσις	70
Πύραμος	70
εὔχειρ	70
ὅριος	70
ὡσαννά	70
Σηείρ	70
ἑγώ	70
Ὀλοφέρνης	70
μονόξυλος	70
ἁδρέω	70
ἀνεμώλιος	70
στοιβή	70
ἀγριέλαιος	70
ἐπανέρομαι	70
ἡλόω	70
ἔμφοβος	70
Λεβάδεια	70
Ἀνδροκλῆς	70
ἰάσιμος	70
φιλομμειδής	70
πλοιάριον	70
μακρολογία	70
δυσωπία	70
Τορώνη	70
παρακινδυνεύω	70
μέσπιλον	70
ἀναστόμωσις	70
παμφύλιος	70
ἰόω	70
ἀνεπιστημοσύνη	70
ὀξύθυμος	70
τροχίλος	70
τρισμέγιστος	70
κατειλέω	70
εὔπνοια	70
ῥεῦσις	70
ὑπέρβασις	70
ναυσίπορος	70
ἀλλοεθνής	70
λαίμαργος	70
διαλλακτής	70
πιφαύσκω	70
κατειρωνεύομαι	70
ὑπνωτικός	70
ἀμουσία	70
ἀριστοποιέω	70
ὀχή	70
ἄβιος	70
σταθμάω	70
Πυρηναῖος	70
συναγελάζομαι	70
ἁλιεύω	70
μενοινάω	70
κουρίς	70
φῆμα	70
ἀλουσία	70
τετράμηνος	70
μύουρος	70
φρουρητικός	70
αἰτιολογέω	70
ὀλοθρευτής	70
ναυτιάω	70
βρενθύομαι	70
κῷος	70
απατός	70
ἀελλόπος	70
ὀπωρινός	70
περίπολος	70
ἀγνέω	70
ἐνίσχω	70
ἐκβράζω	70
ἐκστατικός	70
διάπηγμα	70
ἀνιάομαι	70
σύνδειπνος	70
διακριβόω	70
προρέω	70
βρασμός	70
χειροπληθής	70
ἀναγκαστικός	70
ἀμφιάζω	70
πορσύνω	70
συγκαταλέγω	70
ἄφρακτος	70
προσερείδω	70
ἀπομερίζω	70
στατικός	70
λαπάσσω	70
ὑπεῖναι	69
ψηφίζομαι	69
Πτολεμαΐδα	69
ἀσμενής	69
ὑποκει	69
λς΄	69
γοι	69
φίας	69
ἀκλινῶς	69
κυριακόν	69
ΘΡ	69
κληρονομιά	69
ΡΣ	69
ρνδ	69
συχνιά	69
Σεναχηρείμ	69
Μγ	69
ἀμοιβηδόν	69
εἴδε	69
αὖχος	69
χία	69
Τυδείδης	69
ομολογητής	69
Σέα	69
θοιμάτιον	69
Κανᾶ	69
ἀκρόνυκτος	69
Λέπρεον	69
ομόφρων	69
ἱερά	69
Μουράτ	69
ὑπό-στόρεννυμι	69
Κυνόσαργες	69
πλός	69
μελέδημα	69
ΝΚ	69
κάτεργος	69
Γοδολίας	69
δυσαπόσπαστος	69
διερέω	69
Φιλέταιρος	69
συναΐδιος	69
πάθησις	69
ἀντέρεισις	69
αὐτάγγελος	69
Κριτόλαος	69
νομομαθής	69
περίφραγμα	69
κληροδοσία	69
δυσάντητος	69
Γαλατά	69
ἀπερός	69
ὁμόζυξ	69
κομμάτιον	69
πλασματώδης	69
ἀσκαρίς	69
Νεβρώδ	69
δωροφορία	69
σκοπιάζω	69
ἀβασάνιστος	69
Δοσίθεος	69
Βαλ	69
Θεόφοβος	69
δρι	69
Εὐτέρπη	69
κακόφωνος	69
Αὐρήλιος	69
ἐπίπλασμα	69
ὑπερνικάω	69
ἐπίκλοπος	69
μνῆστις	69
Δαγών	69
ἀραίωσις	69
ὑπέροπλος	69
Θύμβρις	69
πολύστονος	69
ἀνέραστος	69
ἐποψία	69
Ἀμφιλόχιος	69
παρακοίτης	69
Ἀριστοφάνειος	69
γαστροκνημία	69
ἄκαυστος	69
οἰκουρία	69
αὐτεπάγγελτος	69
διακοσιοστός	69
προσωποποιέω	69
νερό	69
ὁποιοσοῦν	69
Λαιστρυγών	69
καλῴδιον	69
πτολίπορθος	69
κατάστικτος	69
εὐκτός	69
Γραικός	69
Ἄραδος	69
ἡλιόω	69
Ἰζάτης	69
κάπη	69
ἀνέλιξις	69
ἀποδεκτός	69
τεναγώδης	69
ἐπιγλωσσίς	69
κρίμνον	69
ἔφηλις	69
μετατάσσω	69
τερατολογία	69
ὑποστίζω	69
ὀφιώδης	69
Τέσσα	69
θεοείκελος	69
Πυθοκλῆς	69
μειονεκτέω	69
ὀξύφωνος	69
πρόπτωσις	69
νεώκορος	69
συνέμπτωσις	69
ἀδωροδόκητος	69
ἐπαΐσσω	69
ἐντίκτω	69
Σαβάζιος	69
πάγκακος	69
ἐξυπηρετέω	69
κακομήχανος	69
θυηλή	69
Ἀκαδημαϊκός	69
τρίχινος	69
ἀρχοειδής	69
παραδειγματίζω	69
ἐξημερόω	69
κατανύσσομαι	69
θυραῖος	69
χρωματίζω	69
Πελληνεύς	69
ἀποκυλίνδω	69
ἐρόεις	69
σφηνόω	69
ἁγέομαι	69
εἰρεσιώνη	69
ὑπαναχωρέω	69
στοματικός	69
προεκνέω	69
ἀνθυποφέρω	69
μυώδης	69
χηλός	69
ἀποξέω	69
χωλαίνω	69
Διδώ	69
ἐξαντλέω	69
σιτοποιός	69
πρωϊνός	69
Ἡρακλείτειος	69
εἰσκαλέω	69
προαποστέλλω	69
ὑπερπηδάω	69
καθικετεύω	69
κατατήκω	69
πηός	69
ἀγριόω	69
Δαίμων	68
τἀκείνων	68
ἀέκητι	68
τονή	68
ρ̄	68
εἰν	68
προτοῦ	68
χλ	68
Λέτο	68
Ἀνθρωπίων	68
συμβου	68
ΘΙ	68
ἀφή	68
κομάς	68
Θεωρία	68
κάδης	68
κρῆμα	68
Φαρμοῦθι	68
θαύμας	68
ΝΖ	68
ΟΡ	68
ΡΑ	68
ΒΕΓ	68
δυέναμαι	68
Τεῖτη	68
Ἐπιφανώ	68
ὀπωροφυλάκιον	68
Μάνα	68
Ωρ	68
ἀμος	68
πολύτλας	68
ἐξότε	68
πισεύς	68
Κατάλ	68
Καῖκος	68
ἴτω	68
Ριέ	68
Παραβάτου	68
Ἀρατος	68
ἀνταρσία	68
ὄπτω	68
ἀνδίδωμι	68
εὐόριστος	68
εὐφημίζω	68
ἐπεῖ	68
Ἀππιανός	68
μακροχρόνιος	68
βάνδον	68
συναναμείγνυμι	68
Ῥαμά	68
κατάπλοος	68
ΠΡΙ	68
εκδίδω	68
Νίκων	68
οὔπως	68
περιαλγέω	68
δηιοτής	68
ἀκία	68
φιλοκαλία	68
Ἄϊδι	68
δύστροπος	68
χρύσινος	68
παράπτω	68
Παντικάπαιον	68
πάροχος	68
μονόφθαλμος	68
δίκροτος	68
ὀργάς	68
Χρεμύλος	68
ἀπαρτί	68
θρύψις	68
πιῦω	68
Δερκυλίδας	68
χρεμετιστικός	68
παροιμιακός	68
ἄλσις	68
ὄρχημα	68
Σαμουῆλος	68
ἄτλητος	68
κάχρυς	68
απτός	68
ἐρεείνω	68
Ἀλκιμέδων	68
παραλείφω	68
ξάνθωσις	68
ὑποδιαστολή	68
πανάγαθος	68
ὀρυμαγδός	68
ἰσόμοιρος	68
Πορσίνας	68
πολυανθρωπία	68
νωθρότης	68
καιρικός	68
εστέρας	68
Γουβάζης	68
Λαίλιος	68
Ἀλβανία	68
διακράζω	68
φυτουργός	68
εὔυδρος	68
λαιψηρός	68
τρισαριστεύς	68
Κήρινθος	68
Κύδων	68
ἐφορμάω	68
αὐτοαγαθός	68
Πέις	68
ἐξιλεόω	68
φιλαίτιος	68
ἀνεπίκριτος	68
ἐφιδρόω	68
Ἀνταλκίδας	68
διασπαράσσω	68
γεωμόρος	68
ἀρτάβη	68
Μινούκιος	68
ἀνθρωπάρεσκος	68
τόρνος	68
χάλιξ	68
γάζα	68
ἀρουραῖος	68
ἐμβροχή	68
κενωτικός	68
ἀνασκάπτω	68
ἐκμιμέομαι	68
ἔγγειος	68
συγγνώμων	68
ἐπίκλυσις	68
πέτρινος	68
καταδείδω	68
καταφορικός	68
ἱπποκράτειος	68
συμπεριάγω	68
βοτήρ	68
Ἀκαδημαικός	68
λιγαίνω	68
θεμιστεύω	68
Πειρίθοος	68
παιδαριώδης	68
πόνημα	68
παρέμπτωσις	68
πειραστικός	68
πρόχοος	68
πιθανολογία	68
δυοειδής	68
βορβορώδης	68
Ἐρασιστράτειος	68
σημάντωρ	68
πευστικός	68
κατερείπω	68
παρακτικός	68
διαιωνίζω	68
ἀποτυπόω	68
ὑδροποσία	68
ἔργνυμι	68
ἁλής	68
συνανίστημι	68
διαθρύπτω	68
Μέσον	67
διά-χράω	67
πέλωρ	67
αὑ	67
γοις	67
ὀλί	67
θρώποις	67
γματα	67
Μετέ	67
ἀμερῶς	67
ῥίος	67
Καρ	67
πεπλανημένως	67
ρθ	67
Πολύκαρπος	67
Ἀίδης	67
ἀπόπροθι	67
ΜΔ	67
Σκορπίος	67
λύκιον	67
Σιμμία	67
Σάρκα	67
δρεως	67
ΝΘ	67
δυντα	67
Ἀπόχ	67
ολόρθος	67
Βίγλης	67
ἀπομαρτυρέω	67
αὔθαδες	67
Ἄλκιμος	67
προφρονέως	67
ᾨδή	67
ότερον	67
θεόφοβος	67
ἤνπερ	67
Κύνων	67
ἀσιος	67
πολιάς	67
Σαμωνά	67
κοινολεκτέω	67
τάραξις	67
μέθυσμα	67
ὑποκοριστικόν	67
πολυήρατος	67
ἐπίλαμψις	67
ἀμισθί	67
ὁρκωμοσία	67
Ὤγυγος	67
Ναοῦμ	67
Ταυρομένιον	67
ἀμφικτύων	67
ἀριστόνικος	67
ἐξιόω	67
ῥαγοειδής	67
παναρμόνιος	67
ἡλιοτρόπιον	67
εὐπόρησις	67
οἰνόχοος	67
ἔκτη	67
σιναρός	67
Πινδαρικός	67
παρακατιών	67
ἐπιτηδές	67
παντέλειος	67
νεώσοικος	67
Γόνθαρις	67
ἐντρεπτικός	67
Ἀμαθοῦς	67
ὑποβάθρα	67
ἐπιδέκατος	67
Μαριανός	67
κλίτος	67
ἀλέα	67
βιβάς	67
ὠκύτης	67
Βρέννος	67
λοχεῖος	67
ζέφυρος	67
σύγκλυς	67
Ἀβιά	67
τερπικέραυνος	67
περιδέραιον	67
παρακείμενος	67
Κελεός	67
ἀμαράκινος	67
κακοτροπία	67
ἐπίμαχος	67
υπέρτατος	67
σκάλα	67
πειρατήριον	67
ἀσύμβολος	67
Ταΰγετον	67
κακότεχνος	67
αὐθεντικός	67
ἐπισκοπικός	67
ὀνίας	67
μοιόν	67
Ἁγνή	67
μέλανσις	67
οὐρανομήκης	67
Ἀγαπήνωρ	67
εκείνος	67
ὁμόγνιος	67
διηχής	67
ἄϋπνος	67
Νέπως	67
ἐπῳάζω	67
συνοχος	67
κωπηλάτης	67
παροιμιάζω	67
ἰθύνω	67
Κυρῖνος	67
ἠλιθιότης	67
εὐεργής	67
ἐκδικητής	67
ενιαία	67
βράσσω	67
μοιράω	67
παραμυθητικός	67
Ἀχερούσιος	67
ἀστυνόμος	67
προσήγορος	67
εἰρηνοποιός	67
ἄξενος	67
φαντός	67
ῥιπίς	67
γυρόω	67
ἀνευφημέω	67
ἀστρονομικός	67
δύτης	67
συγγενεύς	67
συμφοιτητής	67
φέρβω	67
ἐφευρετής	67
κυβικός	67
χρυσοφόρος	67
ἐρυσιπελατώδης	67
ἐκτανύω	67
ἐκπέσσω	67
καταγηράσκω	67
θεωρίς	67
παραφύω	67
ἑπτάπυλος	67
ἀποστατικός	67
παραμελέω	67
ἱερογραμματεύς	67
μηχανοποιός	67
ὑποπτήσσω	67
Παρθενών	67
κολαστικός	67
ἔμφλοξ	67
ὑπεκφεύγω	67
ὑπεραναβαίνω	67
ἐπιταχύνω	67
πηγαίνω	67
τρύφος	66
καταγωγεύς	66
γωνον	66
ΟΣ	66
τυγ	66
ΙΝ	66
Απάλ	66
ΠΗ	66
γοντος	66
Μέτε	66
νϛ	66
σωφρο	66
χῆ	66
λογιστέον	66
ΓΑΔ	66
ριδ	66
πολιτισμικός	66
επιστημονικός	66
ΝΓ	66
Νε	66
ὁλοτρόπως	66
Μαντάτα	66
Ντζεφρές	66
ἐνδυκέως	66
ἁμαρτέω	66
διατό	66
ἀνανεόω	66
δολιχόσκιος	66
χειροπέδη	66
ἔκτοθεν	66
αυτός	66
λευκή	66
ἐπείτοι	66
κρατερῶς	66
ϡ	66
Ξέναρχος	66
ὑπόταξις	66
Ὀλυνθιακός	66
Σκλαβηνός	66
βιβλίδιον	66
ἑτερούσιος	66
ἔνος	66
σκόρδιον	66
Βρύσων	66
ὑδρεύς	66
φώνημα	66
διάπλοος	66
Γνάθαινα	66
δίπλαξ	66
κενοφωνία	66
θητεία	66
παμφανόων	66
Θαιμάν	66
Λάσκαρι	66
Ἀριστώνυμος	66
ἀπεριόριστος	66
πρωΐα	66
ἄτροπος	66
πολιόω	66
Χαίρων	66
φίλιππος	66
Μανεθών	66
Φραγκία	66
Κατιλίνας	66
θάλψις	66
ἀψίς	66
Ἀρήνη	66
προσσημαίνω	66
πολυπῖδαξ	66
φίλιστος	66
Μασσαλιωτικός	66
ἀμμωνιακός	66
κύρτωμα	66
Βάρκη	66
ναύμαχος	66
διχοτόμημα	66
διυπνίζω	66
ἀφιλότιμος	66
Ὀδρύσης	66
Σκλάβος	66
μέταξα	66
Ψᾶ	66
κολαφίζω	66
Λύστρα	66
φυσιολογικός	66
κελαινεφής	66
εὔωνος	66
εὔδιος	66
τερατοσκόπος	66
περισσότης	66
ἐπισπένδω	66
ἐκφράσσω	66
λάγυνος	66
ἧσις	66
τέλεσμα	66
Φουλβία	66
ἀποκληρωτικός	66
σιτικός	66
βεβήλωσις	66
σέλμα	66
ἀποσφάλλω	66
Ἕσπερος	66
ἀτταγᾶς	66
μολύβδινος	66
δαμάλης	66
λύται	66
Γαϊνᾶς	66
περιορισμός	66
λεπτυντικός	66
αρμός	66
ἀμφιπολεύω	66
ἀτιμάω	66
παραπόλλυμι	66
προξενία	66
ἐπιβήτωρ	66
δύναμη	66
συζήτησις	66
πρόκριτος	66
τρύζω	66
πλύσις	66
μήθω	66
κατακάμπτω	66
Χθονίη	66
Λάδη	66
μεγαλοφυής	66
Ὠγυγία	66
συγκομίζω	66
ἀναυξής	66
λύδιος	66
Οὐρανίωνες	66
ἐρωέω	66
Σχερία	66
ἀναθάλλω	66
ζεστός	66
ἐπιταράσσω	66
μάρσιππος	66
ἀποθλίβω	66
ἀμφιφορεύς	66
ἰπνός	66
ἐμφυτεύω	66
ἀρατός	66
φύλαξις	65
ὀφ	65
συνεῖδον	65
Παν	65
αὐτῆμαρ	65
προενεκτέον	65
κάς	65
ἀνυπερθέτως	65
λέομαι	65
ἀπλανῶς	65
ξδ΄	65
Ρέσιν	65
Πεύσεις	65
Φιλόκαλον	65
ΟΩ	65
διαδρημί	65
κατάλοιπον	65
κλί	65
ἀνόπιν	65
Καξ	65
ναβουχοδονόσορ	65
τρίκλινον	65
ἔναυλον	65
λιονυσος	65
περίκυκλος	65
Βίς	65
διχρονέω	65
πτύελος	65
Γεγές	65
ἀποπροάγω	65
ἄκτα	65
Βερροίας	65
ἀνάκτησις	65
Χαλέβ	65
ἐντυχάνω	65
παρασυμβάλλω	65
ἐμπύρευμα	65
Ἄντυλλος	65
ἀμυγδαλῆ	65
Μορρεύς	65
ἰλαδόν	65
ἔνοτος	65
ορθός	65
ἀντικνήμιον	65
βύσταξ	65
αριστολογιος	65
δήλως	65
ὕτος	65
Ἠχώ	65
Ζακχαῖος	65
ὀρχάνη	65
βέ	65
χελιδόνιον	65
Ψαμμήτιχος	65
φόβητρον	65
Ἀμόριον	65
ἀγκυλομήτης	65
ἐκδιδράσκω	65
χειρισμός	65
Ὄξυλος	65
ἐπίκρυψις	65
πόρτα	65
ἀφιλόσοφος	65
ἀνθοσμίας	65
Κάιτα	65
ἀσθματικός	65
εὐποίητος	65
Κρᾶθις	65
ἀφάνισις	65
δομή	65
Μαγνῆτις	65
κύκλωθεν	65
Κόττας	65
ἀριστάρχειος	65
χαυλιόδους	65
Βαλεντῖνος	65
θεῦ	65
κατάκαυμα	65
ὄγμος	65
εὐπαθέω	65
Ζωΐλος	65
Ἀεῖ	65
θεοποιός	65
σά	65
ἀντιμετρέω	65
ὠχρότης	65
αὐτομολία	65
ἐπενθύμημα	65
κοκκύμηλον	65
ἄρωστος	65
ἔκταξις	65
Αἰσώπειος	65
Πειρήνη	65
υπομένω	65
λόξωσις	65
ἀρχίς	65
Αὐτονόη	65
ἀναδίπλωσις	65
νοήμων	65
απέρχομαι	65
παμμίαρος	65
κατάταξις	65
ἀνάδοχος	65
Ἀλκαμένης	65
πλάνησις	65
Ἄτυς	65
θύσανος	65
ἐξαρίθμησις	65
προασπίζω	65
πεμπάς	65
ἔμφυσις	65
ἀπαγορευτικός	65
καταπηδάω	65
προβάτιον	65
καρκῖνος	65
ὑπερμενής	65
ἐίσκω	65
μετάκειμαι	65
εὐθυπορέω	65
εὐτελίζω	65
σιτευτός	65
πεπασμός	65
διοχλέω	65
παιώνιος	65
διασπασμός	65
προοδοποιέω	65
ἀναψάω	65
δικαιοπραγία	65
συμπαρομαρτέω	65
ὑπεραλγέω	65
ἀγινέω	65
πτύσις	65
φολιδωτός	65
καυσόω	65
πολυμαθία	65
ἀμερμουμνῆς	65
καλλύνω	65
γορεω	65
Ἶφις	65
προσεμφερής	65
ἀναταράσσω	65
χρυσόπαστος	65
ἔμβασις	65
μελάνουρος	65
ἐπικλάω	65
παρασχηματίζω	65
σπατάλη	65
συμποδίζω	65
προσεικάζω	65
πανός	65
συμπαίζω	65
γενεός	65
ἄξος	65
ῥιπίζω	65
μαιμάω	65
διαπετάννυμι	65
γυναιμανής	65
ζωογονικός	65
κλισμός	65
ὑποκινέω	65
εὔτροφος	65
ἐκπεράω	65
τρομερός	65
αἱματόω	65
κατατρύχω	65
ἀντεραστής	65
ψαφαρός	65
ἀπαντικρύ	64
Αἰγ	64
Γηρυτάδης	64
Παιδίας	64
εἰπείν	64
ΑΔΒ	64
φιλοσοφητέον	64
Βασιλεύς	64
Μον	64
ἐγεί	64
ΑΗΒ	64
Εὐτυχοῦς	64
ΚΞ	64
Ἁγία	64
οψικιος	64
Σεραφείμ	64
γεννους	64
Αμουράτης	64
ἐδάφη	64
τετρώβολον	64
πολυκοιρανία	64
χειράς	64
εὔτεχνος	64
Βασίλιος	64
αὐθωρός	64
Θασίων	64
ὀκτάεδρον	64
παραφυλακτέον	64
ταπος	64
Δράται	64
Ιουδαῖος	64
βροῦκος	64
περίπυστος	64
Νεχαώ	64
Πορφυρίων	64
Ἐνετός	64
ἰος	64
παραλλάξ	64
διωλύγιος	64
συγχράω	64
λινόζωστις	64
ἐπιδιόρθωσις	64
μούσι	64
ἑπταπλάσιος	64
Νάναρος	64
δρεπανηφόρος	64
Λεωνᾶς	64
ἀνάλωσις	64
κλονώδης	64
ἄθωος	64
Εὖς	64
Ὀνόμαρχος	64
ψελλός	64
πρόμαντις	64
σωτήριον	64
Λυκιακός	64
ἀββα	64
πλαίσιον	64
ἔκφορος	64
χαμαίμηλον	64
ἀπερίσκεπτος	64
ὁλόχρυσος	64
φιλέταιρος	64
Γωβρύας	64
φάνης	64
ασκητήριο	64
στωμύλος	64
Φραάτης	64
γλεύκινος	64
μαχλοσύνη	64
ῥῆγος	64
εὐαίσθητος	64
Φέρο	64
νουμήνιος	64
κοσμήτωρ	64
Ἀσκάλαφος	64
ἄπτωτος	64
Σόσσιος	64
σφυρήλατος	64
Κερκυών	64
Φασάηλος	64
ἀδήριτος	64
σμινύη	64
Ἀντίκλεια	64
σιτοφόρος	64
γηπονέω	64
ταριχηρός	64
τρωγλοδυτικός	64
χῶσις	64
βραχύβιος	64
μετενσωμάτωσις	64
κοσμοποιέω	64
αἰτιώδης	64
συνεπιφέρω	64
ἀρβύλη	64
πατροκτόνος	64
σημειωτός	64
ἑτεροφυής	64
Κελαιναί	64
φιληδέω	64
ῥομβοειδής	64
ἀλλεπάλληλος	64
ἐννακόσιος	64
ἀρητήρ	64
φόβη	64
εὔορκος	64
εὔληπτος	64
ἁλωτός	64
ὑφαρπάζω	64
πλεονεκτικός	64
καγχαλάω	64
γαυλός	64
σίλλος	64
δαρεικός	64
ἰσόδρομος	64
κάκτος	64
φαρμακοπώλης	64
ῥέγκω	64
ἀνδροκτασία	64
δηγμός	64
τηκεδών	64
ἀντιπαρατίθημι	64
διαμαρτυρέω	64
Ἑλλησπόντιος	64
ἀστεφάνωτος	64
ἐκκλέπτω	64
ἐκπέρθω	64
καυτήρ	64
Γεραιστός	64
διηγούμαι	64
διασυρμός	64
σκύτινος	64
πομπίλος	64
φλογερός	64
τετράκυκλος	64
ὑπόπυος	64
κατάγειος	64
ἀχθοφόρος	64
ὑποκριτικός	64
λυσσώδης	64
ἀποκαταστατικός	64
ἀτιτάλλω	64
ἀπόκλιμα	64
εὐστέφανος	64
συνδιαφθείρομαι	64
ἱερεύω	64
ἐπιτρέφω	64
θρώπους	63
ὑφειμένως	63
μεταμέλει	63
Ἀραβίων	63
επεξεργάζομαι	63
Πόλεμος	63
ἀδυνατόω	63
ἀθεεί	63
λοντα	63
ἐκλεκτέος	63
ἡμίδελτα	63
δπερ	63
πανταχόθι	63
Σίως	63
Ἀνδρῶν	63
δΛ	63
ΘΚΛ	63
ἑκατονταπλασίων	63
δίδραχμα	63
Ἄνα	63
ΒΑΕ	63
Κάσιον	63
ἀποσπασμάτιον	63
κατευθύ	63
Ταλαός	63
οδοιπορία	63
Τίθη	63
ἐράομαι	63
Νήριτος	63
βάδιος	63
σψμφ	63
σφῶι	63
μαρτυ	63
Θεῖος	63
Δαθάν	63
ββ	63
Άγγελος	63
Σαδώκ	63
παρείσδυσις	63
Σουσαρίων	63
παρασιτέω	63
εὔφημος	63
Ἄπιος	63
Νῆσοι	63
βαφεύς	63
εὐήκοος	63
ΔΕΔ	63
σένζον	63
ἐφερμηνευτικός	63
Κατᾶς	63
Σεμεεί	63
λήρημα	63
τίθος	63
μαγνήτης	63
ἴκταρ	63
ἐγκάρδιος	63
πούρι	63
ίσος	63
καθαρ́νω	63
ἀνύβριστος	63
Μέλισσα	63
περις	63
μῆνος	63
Ὅστιος	63
λογογραφία	63
γρύλλος	63
ἔγχρονος	63
Ὠρείθυια	63
καταπάτησις	63
Τίνος	63
φιλόζωος	63
τριχάς	63
ἀναγαλλίς	63
παρατέλευτος	63
κακουχέω	63
Μελανιππίδης	63
κύδιμος	63
ὀπιπεύω	63
βαθυεις	63
δύσελπις	63
ἔσω	63
Συμπληγάς	63
ἀνεπίστροφος	63
φίλοινος	63
ἀνεκδιήγητος	63
εὐπραγέω	63
ὀξυβελής	63
ἔκρυσις	63
Θίβρων	63
Μίκων	63
Κούσι	63
Λέανδρος	63
μανδάτωρ	63
νώθεια	63
Ἄρβηλα	63
χοάνη	63
ἀθήρα	63
ἔνικμος	63
χατίζω	63
Φρόντων	63
ἔγγυος	63
Νάρβων	63
ἀναδέμω	63
ὀπισθότονος	63
Ὀροονδάτης	63
χαρμονή	63
χρυσόβουλλος	63
ὀψοφαγία	63
ἄλειφαρ	63
ψυχογονία	63
Ἐπιπολαί	63
Κοῖος	63
Δηλιάς	63
ἀπερύκω	63
ἄμμορος	63
Μύνδος	63
παλίντονος	63
πολύφρων	63
ἄρξ	63
Χείλων	63
ῥαβδίον	63
ἐκπειράζω	63
ῥέθος	63
ὑπερήδομαι	63
Τεύθρας	63
θεατός	63
Σεβαστή	63
ἀντλία	63
τορύνη	63
πτώξ	63
ἐπαρήγω	63
σκῶλος	63
ἰσάγγελος	63
Λαοδάμεια	63
τροπολογία	63
λοχρως	63
προμαντεύομαι	63
ἀπαθανατίζω	63
ἄτοκος	63
ἰσορροπέω	63
καλάμινος	63
ἄδωρος	63
ἀλίβας	63
σκόμβρος	63
ὑπεράλλομαι	63
παγετός	63
συνασπίζω	63
θελητικός	63
συνεισφορά	63
πνιγώδης	63
Τῖφυς	63
ἀπαμβλύνω	63
ἀστατέω	63
χηραμός	63
κυβευτής	63
χαριεντισμός	63
διόμνυμι	63
Ἴδμων	63
λεῖψις	63
ἐπιπείθομαι	63
ἀποδεκατόω	63
ἐξιάομαι	63
πάτρως	63
ἐκθειάζω	63
ἀπολάμπω	63
ἐνίζω	63
μανιάκης	63
ἐπικαταλαμβάνω	63
ὑποτυπόω	63
ἀμία	63
ἄζυξ	63
συστηματικός	63
σαρκοειδής	63
ἐξοικίζω	63
ἐπαναγκάζω	63
Νηρῇς	63
περιέλκω	63
συνεξετάζω	63
σφακελίζω	63
ἐξελίσσω	63
συμπνέω	63
χατέω	63
καταφωράω	63
διακληρόω	63
ἀποτελεστικός	63
ὠνητός	63
καθομολογέω	63
ἶπος	63
δειπνίζω	63
μέχριπερ	62
Θείων	62
ἐξεῖλον	62
οἶσθα	62
λιονυσιον	62
κίναδος	62
μεγαλοφώνως	62
Χοντάι	62
ἀπηλαύω	62
Φιλία	62
τῆτες	62
ὕστερον	62
ὄμοιος	62
Χαίρειν	62
νῦντα	62
οὗπερ	62
Ἥραιστος	62
ΟΑ	62
ΒΕΖ	62
Σαν	62
Βελίαρ	62
Τύλλος	62
Ορμίσδας	62
φθάζω	62
ἐπινέφελος	62
ΠΗΡ	62
ῥοῦς	62
μηλόβοτος	62
ἄλεισον	62
ἀργυρόπεζα	62
κατάχυσμα	62
Σεδράχ	62
πεντάπολις	62
πτόα	62
Φροσύνη	62
σαγμάριον	62
Εὐλόγιος	62
ἐπείλησις	62
φώσσω	62
εὐχυμία	62
ὑδατίς	62
πολυλογέω	62
κῆνσος	62
εἰκονικός	62
Τελέσιλλα	62
Πάντο	62
ματαιόω	62
Ἀζαήλ	62
ὀκτάγωνος	62
ξηρεύγω	62
Τεῦχρος	62
ὀξύρροπος	62
ἀφικάνω	62
εἰδύλλιον	62
Πολυποίτης	62
γεῖσον	62
ἀπότασις	62
εὐερ	62
ἄζυγος	62
οφφικιηλιος	62
ὁδέω	62
ΠΑΜ	62
Γλαύκη	62
ἀμφίκυρτος	62
Ἑνώχ	62
προκινέω	62
βούπαις	62
ἀχρηστία	62
Χῆρα	62
Κωρύκιος	62
δύσεργος	62
ῥοδανός	62
ἀπότμημα	62
πῦς	62
αχροπολις	62
Πηνέλεως	62
ἐγγίων	62
ανακαινίζω	62
Λυσανίας	62
δορύξενος	62
Νικαγόρας	62
Μύλας	62
ἀκράτητος	62
ἀνάπλασμα	62
τῦ	62
ἠβαιός	62
τομίας	62
πλῆσις	62
ὀξός	62
σύμφυλος	62
καταδηλόω	62
Ἄμιδα	62
ομολογημένος	62
θεοφύλακτος	62
δύσληπτος	62
λοίγιος	62
διμερής	62
συνετίζω	62
Καταναῖος	62
περιρραντήριον	62
ἅβρα	62
Γάβιοι	62
ἐγκαλλωπίζομαι	62
ἐριούνιος	62
ἀκρόβυστος	62
τάζω	62
κοινοποιέω	62
ὑπόχυσις	62
παρασημειόομαι	62
νομία	62
ἐπίφοβος	62
εἰρηνοποιέω	62
Ἱεροβοαμος	62
ἀλκυόνιον	62
σκαφοειδής	62
Κλείτωρ	62
Σκαμάνδριος	62
γα	62
μιξ	62
φυγαδεία	62
ἄπλατος	62
νύγμα	62
χυλίζω	62
Ἐρύμανθος	62
ἄκαινα	62
Εὐρύβατος	62
κράντωρ	62
ακούω	62
τεῦχρος	62
σταύρωσις	62
ὄρπηξ	62
παιδευτήριον	62
ἔνεμα	62
ὀφθαλμιάω	62
περιτέλλομαι	62
πόσθη	62
λᾶς	62
Δηϊάνειρα	62
Κέστιος	62
Μεσσάπιος	62
μισοπονηρία	62
λιπόπατρις	62
τεφρώδης	62
Φρόντις	62
Ἑλικώνιος	62
σάλπη	62
ἄχροια	62
κωλῆ	62
Πόλλις	62
δικασπόλος	62
συμπαρεκτείνω	62
διαπέρθω	62
γραμματοφόρος	62
ἀναγαργαρίζω	62
Θράκιος	62
δείνωσις	62
Πολύϊδος	62
ὑπερβασία	62
γαλεώτης	62
Σίνις	62
ἀπολοφύρομαι	62
ἴλιγγος	62
συγκληρόω	62
ἀθερίζω	62
παλέω	62
μυκτηρισμός	62
πολυθεΐα	62
ἐπαντλέω	62
Χρυσηΐς	62
ὑπανίσταμαι	62
ἀστράτευτος	62
ὕσπληξ	62
κάθεσις	62
Ἁδριανός	62
καμπτός	62
λυμαίνω	62
ψιττακός	62
ἔλεγος	62
φενακισμός	62
τριχόω	62
ἔκκλητος	62
ἀπαγής	62
παροχή	62
σκοτώδης	62
κολοβόω	62
ἐπιχωρέω	62
μάκελλα	62
αὐτομαθής	62
διαμιλλάομαι	62
στρόφιγξ	62
σύσσιτος	62
ἐκβοηθέω	62
δρύφακτος	62
φορολόγος	62
γαλαθηνός	62
σκύλλω	62
ἀπεράω	62
Ἐτυχάνω	61
Θρᾴκιον	61
αὐθημερόν	61
τέττα	61
παροιμιωδῶς	61
ψαι	61
Κο	61
κατήκους	61
ξατο	61
ἐναπέθω	61
διχόω	61
συνάμφω	61
στοτελεω	61
Αγιωτάτου	61
Πολύευκτος	61
ἡδο	61
ἀχριδείας	61
Κρονίου	61
ὁποιοῦν	61
ΧΧ	61
ἵνικα	61
μηδέμιος	61
ρνγ	61
ΔΔ	61
Φιλοπάτωρ	61
ὑψός	61
τξε	61
κανείς	61
χδ	61
ναρδόσταχυς	61
εἰσέπειτα	61
ἀπολελυμένως	61
Θάρρας	61
Ἀγήρων	61
ἀλάλητος	61
άπαις	61
Ρήτου	61
ἔγγος	61
Γούσα	61
τρικλίνιον	61
ἀλλοίως	61
ἀλφή	61
ἀστερισμός	61
ΚΕΣ	61
Ἀβοριγῖνες	61
Μαμβρῆ	61
τώρα	61
Κάσιος	61
ἀργεῖος	61
ἀθά	61
λίων	61
ἀντέκτισις	61
δέσμιον	61
Λευϊτικός	61
ἱνατί	61
κύμβαχος	61
Ἕρνιξ	61
ἀπόλογος	61
ἀροτριῶ	61
ἔσθι	61
ἀμέτρητος	61
ἀδιάδοχος	61
ἡμιώριον	61
λογομαχία	61
ἐφερμηνεύω	61
ἑτεροκίνητος	61
συμπονέω	61
ἐνδοιασμός	61
ἐποπτεία	61
Φλάβιος	61
ἐπισύνθεσις	61
εὐθεῖα	61
δυσκατόρθωτος	61
κατάρρησις	61
Τέτος	61
κλειδίον	61
Νύμφαι	61
ἀποπάτημα	61
Βέσσας	61
θεωρίη	61
Πάτμος	61
αργοναυτικός	61
Περικλύμενος	61
πελός	61
τεῦξις	61
Στότζας	61
σκύλος	61
ὑπόδειξις	61
φιλότεχνος	61
Φία	61
πήρωμα	61
πίεσις	61
Λάμπις	61
Βιζύη	61
πολύπειρος	61
ἀχαριστέω	61
ἠμαθόεις	61
Δεινοκράτης	61
ἐξορθόω	61
θηρατήρ	61
μυρ	61
εὐδιαίρετος	61
ὑπέρφρων	61
ἐπιρρίπτω	61
ὁμόχρονος	61
Ἀγέλαος	61
μάκτρα	61
απορρέων	61
προσοράω	61
παραπομπή	61
παριστάω	61
συνέριθος	61
μνίον	61
περίδειπνον	61
ἀπεκδύομαι	61
ποιμαντικός	61
καλλιερέω	61
ἔγκρυμμα	61
περικαθαίρω	61
δόχμιος	61
Οὗννος	61
ἰταμότης	61
ἀνομβρία	61
ὁμοκλέω	61
τελεσιουργέω	61
ὑπόχλωρος	61
πληθυσμός	61
Ἄκανθος	61
χρυσίζω	61
Προκόννησος	61
Χάροψ	61
νήϊος	61
χειρόκμητος	61
επουσιώδης	61
μεγάλαυχος	61
Μενέσθιος	61
Αἴπυτος	61
ἤνυστρον	61
ὀνηλάτης	61
ποθητός	61
διανέμησις	61
καλλίσφυρος	61
ἐμβόλιμος	61
κόβαλος	61
Πάκορος	61
οἰκόπεδον	61
παραπλήρωμα	61
ἰσόχρονος	61
ἐπίρρητος	61
ἀρχιμανδρίτης	61
ιουδαϊκός	61
γαστρίζω	61
χωνευτός	61
ἄστιος	61
ἐξελεύθερος	61
ὠχριῶ	61
χωμένος	61
ἐξέλασις	61
ἐμφύτευσις	61
ῥαχίτης	61
ἀνηλεής	61
ἴλαος	61
προαρπάζω	61
εὐεκτικός	61
ἐμπαροινέω	61
πόρις	61
κρεοφαγία	61
πρότονοι	61
ὁρκόω	61
ἔμμοτος	61
συνεξορμάω	61
διαχωρητικός	61
δυσφορία	61
καταπλουτέω	61
διαρθρέω	61
ἐκσῴζω	61
ἀμηχανάω	61
πειστικός	61
Ὀϊζύς	61
ψυκτήρ	61
συνδιώκω	61
λοφιά	61
κυναγχικός	61
ὁμηρεύω	61
ἐξογκόω	61
ἡλς	60
Θετταλία	60
Λάμπων	60
ἀναξία	60
ὀρθοστάδην	60
σφος	60
ἀντεστραμμένως	60
Ἐμνάω	60
ἀθ	60
χέρδος	60
συμβ	60
εὐρ	60
ΠΟ	60
ΑΕΖ	60
ΦΧ	60
ΜΟ	60
πίλσκω	60
κονή	60
φι	60
Εὐεργέτης	60
Ἄσπαρος	60
Τνα	60
ΓΔΕ	60
φθογγέω	60
διτρόχαιος	60
Εὐκτήμων	60
κεινόω	60
ἐμβαδός	60
γλυκυσίδη	60
δευτερεῖος	60
ἀργυρότοξος	60
μετιτέον	60
Βάσσος	60
ἐφημερία	60
γαληνότης	60
ψιχίον	60
ἀπερίτρεπτος	60
ἐπιχειρητέον	60
κεκλήγων	60
μίνυνθα	60
χορεῖος	60
ἀλωεύς	60
ἀλίαστος	60
Παννονία	60
θύρωμα	60
μαυια	60
δικανίκιον	60
Πελασγία	60
περιφράζομαι	60
προστι	60
Νυκτεύς	60
ἀναποιέω	60
Ἀρφαξάδ	60
κυάμινος	60
Λασθένης	60
οἰόω	60
πρόσβασις	60
τεκνοποιΐα	60
ταριχεία	60
σκῖρος	60
πύστις	60
Εὐαίων	60
ιός	60
σχετλιασμός	60
διειδής	60
Θεσβίτης	60
Μόλων	60
Βήλ	60
κυνόμυια	60
Βήσσος	60
Βαράκ	60
Βενιαμίτης	60
διατείχισμα	60
Ἐλεύθερος	60
κατευφραίνω	60
Περσέπολις	60
προσαγγελία	60
προσκοπή	60
ἀφῆλιξ	60
νῆτος	60
βόσις	60
σπαταλάω	60
ψηλός	60
ἄδεκτος	60
φιλύρα	60
Μεγαπένθης	60
εἶρος	60
Μεσσάλας	60
ἀχείρωτος	60
τετραλογία	60
ἱρός	60
ῥοδάνη	60
θεοπροπία	60
Ἀκοῦς	60
Γέραρα	60
αἰσχρουργία	60
ἀγορητής	60
ὑπόψυχρος	60
ἄκαμπτος	60
ἀλαζονίας	60
Κηφισοφῶν	60
ἐπιμίσγω	60
ἀριστοτέχνης	60
ἕσις	60
ἐπιγουνίς	60
πληρωτής	60
ἀντιδιαίρεσις	60
ἄνικμος	60
Μένδη	60
ἐμπύριος	60
Εὐρυβιάδης	60
τολύπη	60
ὀγκώδης	60
περιδινέω	60
κομψεία	60
γλωχίς	60
Ὀκταούιος	60
Φαβρίκιος	60
Κιανός	60
Τρίκκη	60
ὀψικεύω	60
Κτίστης	60
Μάλιχος	60
δίωσις	60
ἀστεροπή	60
πέφτω	60
πολυπλήθεια	60
εὐοδέω	60
γναθμός	60
ἄνθινος	60
ἀδελφοκτόνος	60
ἀμετάστατος	60
Ἄντανδρος	60
ἰάπτω	60
οἰνοβαρής	60
παλαίφατος	60
μακραίων	60
συστράτηγος	60
ἐκτένεια	60
Ἀντηνορίδης	60
ἀβάπτιστος	60
Λαγγοβάρδας	60
ὄλισθος	60
μιμηλός	60
φυλλίς	60
θυιάς	60
χύω	60
πτάρνυμαι	60
Ἀσίνη	60
καυτός	60
φυσίωσις	60
γεροντικός	60
κακόφρων	60
Ἀταρνεύς	60
Τήϊος	60
Ἠριγόνη	60
θωρακίζω	60
Τιτανίς	60
στομόω	60
ἐθελοκακέω	60
δυσθεράπευτος	60
παριππεύω	60
ἄστοργος	60
προυφίστημι	60
Πυρρώνειος	60
λυγίζω	60
πολυπλανής	60
χρεωφειλέτης	60
τρητός	60
διηχέω	60
προσπλέκω	60
θαρσύνω	60
βακχικός	60
Δᾶος	60
δυναμικός	60
ἄδδιξ	60
σκαιότητα	59
Πῶλος	59
κατασχάω	59
Αἰτίων	59
φύρδην	59
λαῖτμα	59
γέη	59
κἠν	59
τολοιπος	59
Ἀλαμανῶν	59
Φαινόμενον	59
οἰονδήποτε	59
αζ	59
μθ΄	59
σπανιάκις	59
ἄνταῦθα	59
επομένως	59
Κλησίας	59
αλέ	59
ροῦς	59
τολμητέον	59
ΤΥ	59
Κρομμύων	59
τοῦργον	59
Ἄμω	59
γιδ́σνω	59
Κλείδημος	59
Ποιητής	59
κυτιλλω	59
τουνέστι	59
ἐσλι	59
μέλημα	59
νεια	59
τραχηλίζω	59
Κυρῆν	59
μόνη	59
παράγωγον	59
Νικήτης	59
Μύνδιος	59
χάλκανθον	59
σπάλαξ	59
ἀστρατεία	59
παραπολύ	59
ιαμβικός	59
δενός	59
κλήρουχος	59
ἄντλος	59
θηριόδηκτος	59
Ποστόμιος	59
Βρισηΐ ̈ς	59
ἑλώριον	59
κάθομαι	59
αὖλις	59
ἐπιζέω	59
ἐκλέπω	59
ἔπομβρος	59
Κέρδων	59
ἐπενδύτης	59
Ἡδονή	59
ὁλοκληρία	59
ζῳύφιον	59
Παρμενίσκος	59
ἀντιπαράταξις	59
θελκτήριον	59
Ἡσιόδειος	59
συγκινδυνεύω	59
σαρδόνιον	59
ἐρείκη	59
λαυσιακεω	59
ρυπλικω	59
Εἰδοθέα	59
Ποῦσι	59
Πετεώς	59
Στάγειρος	59
Κάτλος	59
πριγκιπάτο	59
Σθενέβοια	59
ἰπόω	59
Ἆλιν	59
φανταστός	59
ἔλασμα	59
Μαριάμμη	59
ψάλτρια	59
Ἑρμαῖος	59
Σωπή	59
Δαύνιος	59
λεβηρίς	59
Βοηδρομιών	59
Μαύσωλος	59
ἄνθησις	59
στικτός	59
ἀδιάλλακτος	59
Κοίρανος	59
πρόσφυξ	59
ἐρεσχελέω	59
Ἰνδῷος	59
δωριστί	59
γραμματείδιον	59
αὐτοψία	59
πολύαινος	59
ἀποφώλιος	59
οἶδος	59
ἀρδεία	59
Ἱπποκόων	59
προαύλιον	59
Ἐννοσίγαιος	59
διποδία	59
δύσνοια	59
ξυνωρίς	59
κάσσυμα	59
ἀφρίζω	59
ἐνώμοτος	59
ὑπέροχος	59
ποτής	59
Μανεθώς	59
χνοώδης	59
ἀνάθρεψις	59
ἀήθεια	59
Ὑρία	59
γογγύλος	59
ἅλαδε	59
Αχρίδα	59
Φιμβρίας	59
προσποιητός	59
σεληνιάζομαι	59
ἐπίτευγμα	59
μηδαμός	59
Φθιῶτις	59
πέλλα	59
ἁπαξάπας	59
ἀνάκρασις	59
ἐξυφαίνω	59
μονῳδία	59
αἱματηρός	59
εὔηχος	59
Ἀπρίλιος	59
Μαυριτανία	59
Ἰηού	59
κερατίζω	59
ἐπισκότησις	59
ἠμύω	59
σκώψ	59
ἐπιτωθάζω	59
τίμησις	59
ἵππουρις	59
Λεωδάμας	59
φαῦστος	59
ἀφραδίη	59
Τίτιος	59
Νομαντῖνος	59
λογέω	59
ἀπειλητικός	59
τέτοιος	59
διαπόρησις	59
τερπωλή	59
Θαμύρας	59
πνιγεύς	59
ἔνεσις	59
ἐκπίμπλημι	59
παραγυμνόω	59
οἴη	59
θρίψ	59
τροχάζω	59
τριέτης	59
λύνω	59
συμμύω	59
ὀξάλμη	59
πελεμίζω	59
σόω	59
κονιάω	59
κυκλοφορικός	59
δημηγορικός	59
προσκορής	59
θολός	59
παραδύομαι	59
πεύκινος	59
κρεμαστός	59
ἀρία	59
λευκόϊον	59
Σμινθεύς	59
συγκατακλίνω	59
ἐκφαυλίζω	59
γαργαλισμός	59
ὑδραγωγός	59
Θυνός	59
καταπαίζω	59
κίνυμαι	59
ἐκνεύω	59
εἰσαναβαίνω	59
συγκοιμάομαι	59
ἐκφυσάω	59
φιμός	59
ὀφλεῖν	58
Ἰσθμοῖ	58
μεμερισμένως	58
πόμι	58
ὑπερθετικόν	58
αξ	58
εὐήθως	58
Πόντιος	58
Συντρόφων	58
παιδ	58
μνάς	58
ἀποκριτέον	58
δρου	58
ὕσα	58
Ἄλλων	58
δση	58
ὀφφικίων	58
νδ΄	58
ἀσφα	58
ἀνακτέον	58
εἰπερ	58
λωνος	58
ΘΔ	58
ΑΖΓ	58
ὀκτάεδρος	58
στερεῶς	58
Ἁγίων	58
εὐτροπία	58
Κόντος	58
Αὐγουστέως	58
Λβ	58
παιδίος	58
αδιάθετος	58
Ἀμνών	58
Ἀπώ	58
Δούνα	58
καταπύγων	58
κῆλον	58
λάμψις	58
Θεόμνηστος	58
τριχθά	58
μείλιγμα	58
ὑπόχρεως	58
ονοματοποιώ	58
λαοσσόος	58
Ἀγησίπολις	58
Εὐρυβάτης	58
νασμός	58
πυξίον	58
ἀγκάς	58
Μενόν	58
ξενοδόκος	58
σιτηρός	58
τελώνιον	58
διείς	58
ἀνασχετός	58
πόδιον	58
Πάφιος	58
δάσκιος	58
ὠφέλημα	58
ἄσχιστος	58
χρυσόθρονος	58
πλάγος	58
πενιος	58
Κηφισόδοτος	58
Ἄσιας	58
πενθάς	58
ἄκανθος	58
Μαίναλον	58
ἐκβιβάζω	58
Ἑλληνιστής	58
σιμώνω	58
Κεκροπίς	58
Ἔμεσα	58
νεκτάριος	58
Φιλιστίων	58
ἀνθέρικος	58
ταρφύς	58
Λαμπρίας	58
ἔνεδρον	58
ἀζαλέος	58
μύσις	58
διδασκάλιον	58
ἀμφιέλισσα	58
ἐγγώνιος	58
Τεβέριος	58
Ἀκυληΐα	58
ἀπροσπέλαστος	58
ἐφεδρεία	58
Τιβεριεύς	58
τύρσις	58
μαθήτρια	58
Ἀμεινίας	58
σκίπων	58
Δανούβιος	58
εἴλη	58
Οἰνηΐς	58
ευρώ	58
ῥημάτιον	58
Ὁράτιος	58
Ὀκταουία	58
ἀτυφία	58
ἐμψυχία	58
περιπορεύομαι	58
Θαδδαῖος	58
κρώβυλος	58
πατζινακιος	58
Βουπράσιον	58
ἠγάθεος	58
διαλυμαίνομαι	58
πεδήτης	58
κάστωρ	58
θηρίδιον	58
Ἀστύφιλος	58
προκαθίζω	58
Ἱππόλοχος	58
ἔμπνοος	58
Φιλαινίς	58
Τιμόμαχος	58
κινύρα	58
ὑπεραγαπάω	58
Σκιώνη	58
Μίμνερμος	58
Τριάριος	58
ἐπαγείρω	58
Ὠρώπιος	58
ἀνθρακιά	58
δολόεις	58
ἀτμίζω	58
ἀδάκρυτος	58
Ἄντιφος	58
ἀμφίστομος	58
Κάμειρος	58
ἷμα	58
Λυρνησσός	58
εὐπαίδευτος	58
Ἀρταῖος	58
μαλθάσσω	58
τηθίς	58
Λευκτρικός	58
Ξάνθιος	58
αντιστρέφω	58
πίνος	58
σομφός	58
ἀνδραγαθέω	58
δευσοποιός	58
εὐκαμπής	58
ἄσβολος	58
παρισόω	58
εἰσαγωγικός	58
θελητής	58
σμικρύνω	58
λειποψυχία	58
στρωφάω	58
δυσπνοέω	58
ἐπαισχύνω	58
εἰδωλοποιία	58
σύνδικος	58
δυαδικός	58
πατριώτης	58
ἰσχυροποιέω	58
ὁρία	58
ἐμπελάζω	58
ὑπεράγω	58
θυννίς	58
ὑποχρίω	58
ἐφημέριος	58
φλογίζω	58
διαλυτικός	58
περιπέτομαι	58
καταπιστεύω	58
ἀποξύνω	58
γήρους	57
Μῶμος	57
θρωποι	57
ἀδιστάκτως	57
ὑδαρός	57
πανδαμάτωρ	57
Ἱστορία	57
Τέχνη	57
ἀνδρά	57
Μίων	57
Δαμάσκου	57
Έρχος	57
ἄνδιχα	57
δάκτυλα	57
Λευκόλλος	57
λλον	57
δουλικῶς	57
ΕΠ	57
ΗΣ	57
ρκη	57
ἑκατέρωσε	57
Μέγιστος	57
ΣΘ	57
ουσιώδης	57
οὐδαμόθι	57
Κεφαλάς	57
Λείπ	57
κατάκτηση	57
μυριαχοῦ	57
Δηριαδῆος	57
διίαμβος	57
Ἐλεαζάρ	57
Ξυλίνη	57
Μόσχος	57
Ἰωδαέ	57
Θεοφανώ	57
Δωήκ	57
ἐθελοντί	57
Ναδάβ	57
οὐλός	57
πρωτομάρτυρας	57
Γαμαλιήλ	57
χρέμω	57
ἡμιστίχιον	57
Συριανός	57
Διόθεν	57
ποδάρκης	57
αἰτίζω	57
κακοφωνία	57
ἀκατάσκευος	57
Στερόπης	57
ἐύρρους	57
Διοτίμα	57
βουγενής	57
εὐλίμενος	57
μεμπτέος	57
ἐνάγισμα	57
ευήθης	57
δεκαέξ	57
παροργισμός	57
ἐπανάκλησις	57
αὐθεντέω	57
περιφρόνησις	57
ὑπόλογος	57
Μέτο	57
ἀδύναμος	57
ενδότερος	57
Ἀμφίμαχος	57
Μάρδος	57
Αγέννητου	57
κολωνεία	57
Σύλλαιος	57
ὁμήγυρις	57
βασιλείδης	57
φιλομήλη	57
μελίπηκτον	57
προρρηθείς	57
περίρρυτος	57
δόξασμα	57
διάβρωσις	57
ἀποκαθιστάω	57
κάρδοπος	57
στροφεύς	57
ἄχυμος	57
ἀνήροτος	57
Μελπομένη	57
ἱπποτοξότης	57
τρικέφαλος	57
ἀδελφοκτονία	57
Ἱππομένης	57
νευρότρωτος	57
δυσπραξία	57
κόρυδος	57
περιγραπτός	57
Πάνθοος	57
ἐπαγάλλομαι	57
βυρσοδέψης	57
αὐ	57
ἐγκεντρισμός	57
διαδέω	57
ἐπιφυλλίς	57
Ἀχίλλειος	57
Κολοσσαεύς	57
παρέξειμι	57
ὑπουράνιος	57
ἐπιθανάτιος	57
ἀνεπινόητος	57
Ἀλαμούνδαρος	57
ἀποπεράτωσις	57
ἐπίουρος	57
πάροινος	57
συμμέτοχος	57
δίζυξ	57
μάσταξ	57
συγγυμνάζω	57
ῥόπτρον	57
Τυρ	57
ἐναντιολογία	57
ὠλέκρανον	57
αἰγίλιψ	57
βράχος	57
διάζομαι	57
Νισαῖος	57
ἐξάγιστος	57
ἀπορητικός	57
κυζικηνός	57
Ἀγησίας	57
Στέφα	57
ἔκφημι	57
ἐντριβής	57
Νουμᾶς	57
Χαλκιδική	57
εὐστομία	57
ὀπάων	57
Κῦρι	57
ἐπινόημα	57
ἱεροσυλέω	57
σιτώδης	57
χειμάδιον	57
αὐστηρία	57
Σαρωνικός	57
σύαγρος	57
ἀνθυποφορά	57
Ὕπανις	57
πτέρις	57
ὄον	57
κίσηρις	57
ἄχρως	57
πιστέω	57
χορώνη	57
πλοκαμίς	57
εἰσκρίνω	57
Εὐθύνους	57
ἀντιπέμπω	57
μελικηρίς	57
ῥύμμα	57
βαθύκολπος	57
ἐγκύπτω	57
φλοῖσβος	57
ψελλίζω	57
προαναιρέω	57
συνοχικός	57
κατατρυφάω	57
ἀγχίστροφος	57
ἀμφιχέω	57
τμητός	57
ἐμβρέχω	57
ἐπικροτέω	57
ἐξικμάζω	57
ἀσπάλαξ	57
κἀκείνης	56
τέω	56
βαρυτονητέος	56
Κύρη	56
Νέα	56
ἀτενῶς	56
Νᾶς	56
μεγαλομάρτυρας	56
ἔντρομος	56
σματα	56
Σαντᾶς	56
Μάθωμεν	56
Ψᾶς	56
Μέλανος	56
ΣΗ	56
Ἀβροκόμης	56
εύς	56
σπλαγχνή	56
κατανοητέον	56
ΟΔ	56
λιομιδιδωμι	56
Πρόβου	56
Ἀππίων	56
Τρ	56
ὀρθίαξ	56
ἐργάομαι	56
διάνδιχα	56
περικάρδιον	56
διερῶ	56
βακχεῖον	56
ΑΟΣ	56
ἰήιος	56
Κατάρ	56
ἀνιδρωτί	56
παι	56
ἤλιθα	56
κοκ	56
Ἐπιφανεύς	56
Ἄριστος	56
Εὐφράνωρ	56
Φωτεινός	56
γνώω	56
Λαζός	56
Πίγρης	56
Φράι	56
Φίλισκος	56
Ναβουθαί	56
ἀξιέπαινος	56
τεχμήριον	56
ἐφίμικτος	56
κατώτατος	56
παραλαλέω	56
Δαμοκράτης	56
Ναυατιανός	56
ἐξουσιαστικός	56
λογογραφέω	56
δισυλλαβία	56
Πολυδέκτης	56
Χάλεπ	56
προσαγόρευσις	56
Βαναίας	56
ἀκλόνητος	56
γεῖος	56
Λίβιος	56
γραμματεία	56
Ἰσώ	56
δικαία	56
νύς	56
τριπλός	56
προθύω	56
διιπετής	56
περικτίονες	56
ἀϋτμή	56
Τράλλεις	56
παιδισκάριον	56
Ῥαφαήλ	56
ἀνοσιουργία	56
χειροθεσία	56
τράγειος	56
λιθοτομία	56
κωλιάς	56
ἀνεκλάλητος	56
Μακάρτατος	56
σόλοικος	56
Δημώ	56
ἐξάλειψις	56
Σκυθόπολις	56
Κάλλαισχρος	56
Φαράν	56
Ἀγλαοφῶν	56
εθαρ	56
τύν	56
ὁσία	56
Τάντα	56
εὔπαις	56
Πλάγκος	56
τρίβραχυς	56
Μυρτάλη	56
Στρόφιος	56
περιτείχισμα	56
κυματώδης	56
ἄπυστος	56
σποδή	56
πορθμίς	56
βρίζω	56
άξιος	56
ἀτέραμνος	56
βραδυεις	56
εὐπάτωρ	56
Διογενιανός	56
Ῥιπαῖος	56
ψάλιον	56
κατασπάζομαι	56
Κάραμβις	56
συνδιαιτάομαι	56
τερατολογέω	56
νεαλής	56
κροῦσις	56
συνενόω	56
ἀρτηριακός	56
βεβαιωτής	56
πυθιάς	56
πολύξενος	56
ὑπερανέχω	56
σπαργανόω	56
εὐεργέτις	56
Σφήττιος	56
προδιήγησις	56
ταναός	56
Λυσίστρατος	56
αὐτόπιστος	56
ἐπικάρσιος	56
προστέλλω	56
Λούγδουνον	56
ἐπιβεβαιόω	56
καταναυμαχέω	56
Μαριανδυνός	56
ἐπαναστροφή	56
ἐφίπταμαι	56
νοσηλεύω	56
ἐγκολάπτω	56
στείβω	56
ἀδημονία	56
πολυήμερος	56
οὐλαμός	56
διεργάζομαι	56
ἐξανατέλλω	56
Καύνιος	56
Λεοννάτος	56
ἐγκλύζω	56
ἀντιγραφεύς	56
συνόμνυμι	56
ἐπικηρύσσω	56
ὑπέρμετρος	56
χαραδριός	56
μόγος	56
ἐπιβατεύω	56
σκληροκάρδιος	56
μυρσίνινος	56
εἰνάλιος	56
ἀνεμώδης	56
γλωσσίς	56
καινόω	56
σηραγγώδης	56
ψολόεις	56
προαποδίδωμι	56
σύναιμος	56
προκαθέζομαι	56
ὑποδείδω	56
χοληδόχος	56
ἐκπράσσω	56
κέρχνη	56
πυρεταίνω	56
καματηρός	56
ἀρχηγικός	56
ἰατήρ	56
νέκυια	56
κατασκλῆναι	56
ἐπαναλέγω	56
συνδύω	56
ἐφαιρέω	56
ξουθός	56
γαργαλίζω	56
λιποψυχέω	56
ἐγκαταλέγω	56
εὐωδιάζω	56
ἄνατος	56
ἀποθεόω	56
ἐγχύνω	56
Κλυμένης	55
πολλοστημόριον	55
Άλους	55
λαίσθη	55
ζ̄	55
ὀψιαίτερον	55
Σύριον	55
κάθες	55
ἄπας	55
Στιβάς	55
σάρχα	55
Θάρσος	55
πάνταῦθα	55
εἰκοσιπέντε	55
ἥσσον	55
νηντίος	55
Ζάλευκος	55
δόω	55
οἷόντε	55
Νύμφη	55
Περίτ	55
Βοιαος	55
περισπόρια	55
θρ	55
ρκε	55
βλά	55
δυσηχής	55
ΑΒΓΔΕ	55
δεῖος	55
Καττάν	55
Θεοφύλακτος	55
Στελίχων	55
ΤΠΔ	55
κονδύλωμα	55
προνοητέον	55
Νηρηίς	55
φώτισις	55
ὑπεράνωθεν	55
βρύτηρ	55
Μακά	55
ζς	55
τεθαρρηκότως	55
Μῦς	55
Σίλλος	55
θηλυμανής	55
ὄχα	55
ἡμιτάλαντον	55
Χόρης	55
Λῦσις	55
Ἠλίς	55
Εὔσημον	55
ἀλος	55
ἔφιππος	55
Πολίτης	55
ἀγοστός	55
Θρία	55
παραλέχομαι	55
περαίωσις	55
Τάχως	55
Βάτων	55
Λόντος	55
ἐκτεταμένως	55
ἐπιζεφύριος	55
Όμο	55
αρνούμενος	55
φώριον	55
ἀνεπιτηδειότης	55
ἠλέκτωρ	55
Ἐλιακίμ	55
ἀμείωτος	55
ἠέλιος	55
γῦρις	55
ὀνειδιστικός	55
Πρωτογένης	55
κείω	55
ἔποχος	55
ἄπεφθος	55
νικάτωρ	55
Θέωρος	55
Πόντες	55
ὁμοιοτέλευτος	55
ἁρμονίη	55
Δημόστρατος	55
Φύλλος	55
ἐπίγονος	55
τζ	55
Ἱππ	55
Ίμ	55
χριστουπολις	55
ἀλληλουχία	55
σύφαξ	55
παροδίτης	55
ἀχίλλειος	55
φιλεργία	55
φράγμα	55
ἀραίωμα	55
Ὀκτάβιος	55
οὐρανίσκος	55
κᾀκείνος	55
κιβώριον	55
λειτούργημα	55
ξαντός	55
γνῶμα	55
Χρυσάντας	55
Οἰνιάδαι	55
δένω	55
Πέντα	55
περσεύς	55
Ἀχιλλᾶς	55
Αἰών	55
μυθοποιΐα	55
ἰσότονος	55
πυλαία	55
Κόων	55
λάθριος	55
ἐρυθραίνω	55
Βύβλιος	55
ἐπίθυμον	55
γέλω	55
φιλοθεΐα	55
στείρωσις	55
Βερνίκη	55
γνωμολογέω	55
παρήορος	55
πεντακισμύριοι	55
Συλοσῶν	55
εὐσαρκία	55
κοσμογονία	55
μαχουμετα	55
καλλίχορος	55
πλῆγμα	55
πατρότης	55
ἐκπιέζω	55
σπόδιον	55
Τόχαρος	55
ἀπροόρατος	55
Ἀγχιάλη	55
εὐοδία	55
Θυώνη	55
ἀντιμεθίστημι	55
σπεῖρα	55
ῥυπαρία	55
Μελχισεδέχ	55
Ἀμένωφις	55
πολεμάω	55
ἄνοιξις	55
ἀχίτων	55
παρατήρημα	55
Κίρρα	55
σκίρος	55
ἀπαραπόδιστος	55
χιονώδης	55
Σιληνός	55
περαία	55
βάι	55
Γαλέριος	55
πυλαῖος	55
κέλωρ	55
Νύσιος	55
ἁλμυρίς	55
πυρακτόω	55
αὐτοσοφία	55
καθένας	55
Ποστούμιος	55
ἀλεία	55
Πανδοσία	55
φιλόχορος	55
Αχάζ	55
αἴρινος	55
σαρδάνιος	55
ἀνέω	55
ἐπίνευσις	55
Θάλα	55
φιτρός	55
φιλόμουσος	55
ἀναδεύω	55
ζωόφυτο	55
Κολλατῖνος	55
σαρκωτικός	55
λημάω	55
κατάκλειστος	55
σκόλιον	55
ἀποδέκτης	55
κεράμεος	55
κέστρα	55
Δομέτιος	55
ὁμόκεντρος	55
μεγαληγορέω	55
ἐξυμνέω	55
προθέλυμνος	55
μυδάω	55
Μάλεια	55
ἄλιμος	55
λομενω	55
φιλόνικος	55
εὔσπλαγχνος	55
Θυρέα	55
καταφθίνω	55
σερός	55
Αὔγη	55
καταβιβρώσκω	55
σπάρος	55
ὀξώδης	55
ἐξαπορέω	55
πιτυρώδης	55
Νουμιδία	55
αὐχμέω	55
σημειώνω	55
ἐλύω	55
Ἀλκμαιωνίδης	55
ἰσομεγέθης	55
παρενθήκη	55
κατηρεφής	55
ῥοδωνιά	55
προφεύγω	55
ἐφιζάνω	55
ἀντέπειμι	55
σωφρονικός	55
ἐπεξεργάζομαι	55
ἐνακισχίλιοι	55
σῦρ	55
ἀναλογισμός	55
σιωπηλός	55
κτητός	55
ἐπισωρεύω	55
ἀναμορφόω	55
εὐθυμετρικός	55
ἐπισπαστικός	55
ὑπερπέτομαι	55
γωρυτός	55
ἀΐσθω	55
θρυλλέω	55
ἀναρριπίζω	55
ἀπεπτέω	55
Κότες	54
Νύμφης	54
Ἐντέλεια	54
βραδιά	54
ἐθέειμι	54
μγ΄	54
διαλ	54
ἔνθαπερ	54
αποδεικτός	54
ὁπουδήποτε	54
συνημμένως	54
ΑΖΒ	54
ἀκτέον	54
ἐνᾴδω	54
ροντες	54
τεχν	54
Δάδας	54
Ἄρχων	54
Θέρος	54
ἀσυνήθως	54
ΤΡ	54
Φίλον	54
Ἄδερ	54
χτιστός	54
Γάλγαλα	54
Τίμιος	54
Μανασσής	54
ἄλων	54
Ῥομέλιος	54
Μαθουσάλα	54
ἀράμ	54
Μιλέι	54
Εὐτρόπιος	54
θυντικως	54
ἐπαντηχέω	54
ΒΘΕΖ	54
ἐπιμειξία	54
ἐπιμύθιον	54
Φαμενώθ	54
ἐμφερῶς	54
συγκαταδύνω	54
ἐπιτροχάδη	54
καρυταιναω	54
Αἰσίων	54
Ότος	54
ἀντιφάρμακον	54
σχισμή	54
κανίκλειον	54
Πυθιάς	54
κῆμος	54
μονομάχιον	54
ἠρεμίζω	54
μισθοφορικός	54
Φάϋλλος	54
συγκατατίθεμαι	54
Κρατερός	54
ἀνίσχυρος	54
Ἀρειανικός	54
Θεογένης	54
Ἀρχῖνος	54
θυτήριον	54
μισθαποδοσία	54
Γοθολία	54
μετοικεσία	54
Μυρωνίδης	54
ἐφόλκιον	54
ἀτίμητος	54
ὀργιλότης	54
κάθημι	54
περιαλγής	54
διάτριτος	54
Γάδαρα	54
τροπ	54
ἀποπίνω	54
δυσφύλακτος	54
Ματταθίας	54
κατεπαίρω	54
Δίκτη	54
περιπλόμενος	54
ἐπουσία	54
Μαρικέας	54
δυσκινησία	54
εὐπρόσιτος	54
ματεύω	54
πετρήεις	54
Σίνων	54
Ἰοφῶν	54
Σερούχ	54
Πενθεσιλεία	54
Φιδηναῖος	54
κυδώνιος	54
Προκοννήσιος	54
βράθυ	54
Περόζης	54
θεόπεμπτος	54
τείρεα	54
πωμάζω	54
Πελαγονία	54
γαί	54
Γολγοθᾶ	54
προαμαρτάνω	54
χάσμη	54
συχοφημι	54
μενεπτόλεμος	54
Κτέατος	54
σκῆμα	54
πολύδακρυς	54
τετράπηχυς	54
ἐντρέχεια	54
Λουκρήτιος	54
εὔροος	54
Ἑρκούλιος	54
αἱμοπτυικός	54
Ἀδικία	54
ἀνώμοτος	54
μομφή	54
χωνεία	54
εὔγειος	54
Κυδωνία	54
αλλεπάλληλος	54
πορεύς	54
φύτλη	54
προσαιρέομαι	54
Σουσιανή	54
φοινίκη	54
ἔμφρουρος	54
ἐπιστρατεία	54
Ἡρακλεωτικός	54
αἱμορροέω	54
εδικός	54
ζύγωμα	54
ἀνασκοπέω	54
Ψύλλοι	54
μαρίλη	54
Δορύλαιον	54
σάγμα	54
λυχνοῦχος	54
ἐκκυλίνδω	54
εὐέπεια	54
ἰγνύς	54
οὐσίωσις	54
Ἰσραηλιτικός	54
ἀσάμινθος	54
δυσκατέργαστος	54
ἀναπολέω	54
Πολύστρατος	54
Ἐρεμβοί	54
ἐϋκτίμενος	54
ὁπηλίκος	54
ἰχνεύω	54
ζωόω	54
Ἀμαλασοῦνθα	54
Σίφνος	54
θυώδης	54
μητίομαι	54
ὀνίσκος	54
μεσόμφαλος	54
ἐλλαμβάνω	54
ἀνεύρετος	54
ἥλω	54
Ἀψάλωμος	54
ὄρχατος	54
ζηλέω	54
καδίσκος	54
κόμαρος	54
Κάνναι	54
Σαναχάριβος	54
τεῦτος	54
ετεροκίνητος	54
Μαγναύρα	54
ἑρμηνευτικός	54
ἀστρολογικός	54
ἀνακήρυξις	54
παρεγκεφαλίς	54
ἱππαγωγός	54
νύκτερος	54
ἄτριπτος	54
βαρβαρόφωνος	54
ὑπολάμπω	54
ἑλίκη	54
τυρόω	54
ἄρνειος	54
νῶναι	54
κιχόριον	54
ὀρική	54
κρατιστεύω	54
Ἔλυμος	54
παραποδίζω	54
ὄφλω	54
τρυφηλός	54
προακούω	54
εὔχυλος	54
διορθωτής	54
καυματώδης	54
ἐγκαταλαμβάνω	54
διοικίζω	54
μογερός	54
διχθάδιος	54
ἀντιπαθής	54
Παγασαί	54
Πισαῖος	54
Κνώσιος	54
διατετραίνω	54
ἀνερείπομαι	53
ἐκπάγλως	53
δίχυτος	53
καμπανός	53
Πέμπτη	53
Λατοῦς	53
προα	53
Πετραίων	53
Ἀρχόμενος	53
λᾶσσα	53
ὁμολογητέον	53
νοντος	53
συμφυῶς	53
τρισσάκις	53
ἀναληπτέον	53
τρίγωνον	53
κατένειμι	53
γχ	53
Διπλή	53
ἐκάστης	53
Ἵμεῖς	53
ΠΑΡ	53
ἀσεδῶν	53
ἀπόδοτος	53
ακρίβεια	53
ἐμπλάζω	53
ἴκτηρ	53
Κάλλιστος	53
ἡμιπήχιον	53
Ποταμοί	53
Μύλων	53
Παλαίφατος	53
μεληδόν	53
πενταχῶς	53
κυριόω	53
ἀρτό-μελι	53
σφῶιν	53
μονοθελήτης	53
μανιῶδες	53
χροια	53
παρθένη	53
ετερότητα	53
ἀναμίγνυμι	53
ἐνδελεχισμός	53
Σισίννιος	53
ἀπεργασία	53
Αἴων	53
σατάν	53
βαρύμηνις	53
δυσαλθής	53
μυροβάλανος	53
προσφάζω	53
ἀγερωχία	53
τετραήμερος	53
ὁμοψυχία	53
σπαθαροκανδιδάτος	53
Πάριος	53
ξύστρα	53
Ναβουχοδονόσορος	53
μυριοστός	53
στοιχειωτής	53
επικρατέστερος	53
Λαίου	53
πεντάμετρος	53
ἔχμα	53
δυσκαταγώνιστος	53
ἀναξυρίδες	53
πρώων	53
νομεύω	53
δήλωμα	53
τύμμα	53
ἐνθυμηματικός	53
Τραπεζούντιος	53
συνοικέσιον	53
Ἀμυθάων	53
ἀκροβόλισις	53
πελεκάν	53
ὀβριμόθυμος	53
πανία	53
κλίσιον	53
ἀρκευθίς	53
ὑπέρμορον	53
Κλυτίος	53
Σερούϊος	53
Ζακανθαῖος	53
Αὔσονες	53
ἀτημέλητος	53
Ἀμφίνομος	53
συλλειτουργέω	53
ἐφορεύω	53
Ἀγάπης	53
γιγνο	53
σύμπλους	53
ενυπόστατος	53
Ἀστυπάλαια	53
περικαθίζω	53
χρύσωμα	53
Εὐρυκλῆς	53
ἐξωμίς	53
ὄψος	53
νιπτήρ	53
ἀτίθασος	53
ἀμέρεια	53
ἀδαής	53
Βάρβα	53
λιογενος	53
φιλανδρία	53
πα	53
καταβοή	53
Ἰώραμος	53
χαρίσιος	53
ἐπαναδίπλωσις	53
δάπις	53
Λύκτος	53
Κίλλα	53
ἀντικάθημαι	53
Μάχων	53
ἀδελφίζω	53
ὁμοκλή	53
κυβιστάω	53
ἄφθεγκτος	53
Ἀχαιμένης	53
πολύμηλος	53
διδακτικός	53
χαμευνία	53
Ἀμυκλαῖος	53
ἕδρανον	53
δύσμορφος	53
ὀρτυγομήτρα	53
Διόσπολις	53
Ἀρχιάδης	53
Μαλιεύς	53
ἀποστέγω	53
πομπεία	53
ζῆσις	53
κελαρύζω	53
ἀνιάζω	53
Ἀστερίη	53
πάμπρωτος	53
ἐξυπνίζω	53
Κέρνη	53
ὀλολυγμός	53
χωρίτης	53
Καλαυρία	53
αὑτός	53
ὠνητής	53
κεφαλωτός	53
ὁμόχροος	53
ῥυτή	53
ταχυδρόμος	53
ἔγκλησις	53
ασύστατος	53
καθαιρετικός	53
ἀφαμαρτάνω	53
ζυγία	53
γινόμενο	53
χλωρότης	53
μεταφοιτάω	53
βίωσις	53
κατάρροπος	53
ὑποφύω	53
κυδρός	53
μονοτόκος	53
γεννημένος	53
Ὁμηρίδης	53
ἡδύτης	53
ὕπανδρος	53
Ἀργαῖος	53
Ἀγαθάγγελος	53
ἀποτινάσσω	53
ἐπαγωνίζομαι	53
ενιαίος	53
Πῖος	53
ὄμπνιος	53
στυππεῖον	53
μόνιος	53
συμπρεσβύτερος	53
σκιαγραφέω	53
κοσμητικός	53
καταρροφέω	53
εὐχαίτης	53
παμφαίνω	53
πέρδομαι	53
ἱκανόω	53
ἐλευθερωτής	53
Ἔννα	53
τμῆσις	53
θημών	53
συννεφής	53
ἀγχάζω	53
προκατέχω	53
μπαίνω	53
Φερεζαῖος	53
ὑπερπίπτω	53
σεμνολογέω	53
πολύγονος	53
δμῳή	53
συνεπάγω	53
μιτρόω	53
ἀπολισθάνω	53
ὀρφώς	53
βουω	53
ἐκμελετάω	53
ἀπόμνυμι	53
κεραμικός	53
ἀνακτίζω	53
περιψύχω	53
διανέω	53
ἤτω	53
μετακοσμέω	53
ἐμβαλλόμενα	52
ἥτις	52
Ἀπις	52
Ἀθή	52
Ἐλαία	52
Θανά	52
Τιμαχίδας	52
ἄμμιγα	52
ΑΝΕΛ	52
ἀδύνα	52
ὑποθετέον	52
Πλῶς	52
ὑφεστώς	52
ἀνεπαχθῶς	52
χειρόνως	52
Ἀτάραχος	52
Φ΄	52
Ἐγκώμιον	52
ΠΕ	52
εἶίπω	52
Ζε	52
Νόννα	52
ΟΒ	52
ΕΔΖ	52
ἐννεακαίδεκα	52
ἐξοπίσω	52
ΣΓ	52
ΝΤ	52
ἡγω	52
ρλβ	52
Αρ	52
ρλζ	52
μαλακίων	52
ρκα	52
Ἀχιτόφελ	52
θλεθρον	52
Ἀβιάθαρ	52
μίζας	52
ὅσπις	52
τωνος	52
προρρητικός	52
Τεμήρεω	52
Παιαζήτεω	52
ἐπισείων	52
Κόροιβος	52
Πολύμνια	52
ἔπερος	52
ὑπερπερισσεύομαι	52
κύρμα	52
συναποθνήσκω	52
τος	52
Γάμος	52
ἰσοπερίμετρος	52
συνόσιος	52
ἀνταύγεια	52
Κούκ	52
Συμεωνης	52
ἐνδέξιος	52
Νάτος	52
κίθαρος	52
Λωτ	52
διακριδόν	52
Ξεναγόρας	52
Μαντώ	52
διετία	52
πύριος	52
στρόφιον	52
Έυλο	52
κίκι	52
Ἄπις	52
ἀνάμεσος	52
Μακ	52
Μεταγένης	52
μηκώνειον	52
Μαρτ	52
πανώλεθρος	52
σῦφαρ	52
σπῖλος	52
ἀποίητος	52
ἀντίπαις	52
θεόσδοτος	52
κανδιδάτης	52
οἰκοδεσποτεία	52
Ταλάι	52
βινέω	52
παλαίωσις	52
σακελλάριος	52
Σμον	52
ἀχαλίνωτος	52
ἐρυθρόδανον	52
Μέγιλλος	52
Σίντιες	52
οἰώνισμα	52
σκύριος	52
Σαρδιανός	52
χώρημα	52
ἔκδημος	52
ἀριήλ	52
ἀδηλότης	52
κίσσηρις	52
Τελέας	52
Τάλως	52
σπαθάω	52
δίοσμος	52
διπλάζω	52
σύμβαμα	52
εὔβοτος	52
Ὕσσος	52
Φιντίας	52
ἐπισυναγωγή	52
βασίλειον	52
Εὐμολπίδης	52
πωγωνίας	52
ψιάς	52
ἀποθεραπεία	52
Αἰγιάλεια	52
θαλάμη	52
Σέρβος	52
ἀμάρακον	52
ἀφήκω	52
Ἐρευθαλίων	52
ἀγώνιος	52
ἐπιδιορθόω	52
Περπέννας	52
ερμηνευειμι	52
ἐπιδακρύω	52
Ἀρταφέρνης	52
εὐμετάβλητος	52
κωμόπολις	52
λίγω	52
Ἀλκίππη	52
Ἀλύβη	52
σκάνδιξ	52
Ἰσαυρικός	52
ἐφούδ	52
χαμαιεύνης	52
εὔθρυπτος	52
Ναυσιφάνης	52
Ἀνταγόρας	52
ἐρίηρος	52
Φιλάμμων	52
ἀποστέρησις	52
ἀποξύω	52
μαργαίνω	52
Λάμων	52
περάτης	52
ἀϊδής	52
Ἐλαμίτης	52
συμπεριφορά	52
ὑφαντός	52
Πρύτανις	52
Φλέγρα	52
ἐπανατρέχω	52
στλεγγίς	52
ἀποπάλλω	52
Βαῖτις	52
Μαυρουσία	52
κλιμάκιον	52
καθυπέρτερος	52
οἰσυπηρός	52
Μυρίανδρος	52
αἴθρη	52
φιλαπεχθήμων	52
ὧρος	52
θρηνώδης	52
αμιγής	52
καταφθίω	52
μειλίσσω	52
ἱζάνω	52
φλυκτίς	52
θηρίκλειος	52
μέτρος	52
πολυφάγος	52
ειδοποιώ	52
Πλῆς	52
ζύγιον	52
Τῆλος	52
ματαιοπονία	52
εὐπλόκαμος	52
πολύφιλος	52
ἰσομήκης	52
υψώνω	52
ἀπρόθυμος	52
Πάνδροσος	52
ἐπίσωτρον	52
ἀμβλυώσσω	52
Χαλκιόπη	52
ψῆττα	52
γεηρός	52
Ἐχεκράτης	52
ῥήτρα	52
τριβοῦνος	52
ἐμβάπτω	52
ἀμφίεσμα	52
ἐνδάκνω	52
ὄναγρος	52
τετραμερής	52
ὑπερθαυμάζω	52
ἐπικόπτω	52
τοξοφόρος	52
ναύλοχος	52
ἀπευθής	52
ἐπιφροσύνη	52
διαμερισμός	52
ὑπερισχύω	52
παναγής	52
Δαμάγητος	52
δεκαταῖος	52
Φειά	52
χόλιξ	52
σφήνωσις	52
διαφοιτάω	52
ἐπιδικάζω	52
κοιτάζω	52
πλαταμών	52
ὑπέργειος	52
συνδίδωμι	52
κακοδαιμονέω	52
ἀυτμή	52
ὑπέρα	52
καινίζω	52
παρεισπίπτω	52
βῖκος	52
κατεξουσιάζω	52
συναποστέλλω	52
προσεξευρίσκω	52
παρεγγράφω	52
πρίζω	52
νεοχμόω	52
καταδαπανάω	52
βᾶρος	52
ὑπακουστέον	51
Χαμαιλέων	51
Θεναί	51
λαγωός	51
μεταχειρίζομαι	51
Ναΐκα	51
Φαβωρίνος	51
αὐτοτελῶς	51
εὐχ	51
Σθένης	51
θεοφιλῶς	51
ἑάτερος	51
εἴκτως	51
Φιλοσοφία	51
Τιμαῖος	51
αὐτώιν	51
Τίσι	51
σουτός	51
ἀπορρ	51
ὀργίλως	51
Κύκλος	51
νβ΄	51
ψεως	51
τείως	51
ΞΕ	51
βυ	51
τιμιότητα	51
Ἑζεκίου	51
ἀδιδάκτως	51
Δεσπότη	51
Μάμαντος	51
εγκόσμια	51
νεώ	51
Σίλβεστρος	51
διάπλους	51
εικονίζω	51
μακρηγορέω	51
στοφαινω	51
Ῥουβίμ	51
πανευφημέω	51
πανσυδίῃ	51
ελευθεροπολις	51
συνεσταλμένως	51
Μηνᾶ	51
χοοῦς	51
βοτάνιον	51
διϊκνέομαι	51
ναίχι	51
ὀρθοποδέω	51
αλλάγιο	51
καρπογονία	51
οντ	51
μανδάτον	51
Σαλμανασάρ	51
Ἴδηθεν	51
δούλωσις	51
προαίρω	51
πενταετία	51
κισσύβιον	51
τριαδικόν	51
ἐξκούβιτον	51
Τοπ	51
πλάθω	51
Δώριος	51
ὑπότριμμα	51
Παμφίλη	51
Ἀλέξ	51
ἀνάπνευσις	51
σκοτομήνη	51
ἀνέφελος	51
δυσερμήνευτος	51
ζά	51
διαβατός	51
ἄνεῳ	51
σκότωσις	51
Χοιροβοσκός	51
ὀλοόφρων	51
νάφθα	51
διαιτάριος	51
ἱστόω	51
Γάβαλα	51
χελώνιον	51
ὀσφραντικός	51
στιχάομαι	51
σφηνοειδής	51
Ἀρτοξέρξης	51
προπότισμα	51
ἀφροδισιάς	51
ΑΝΟΝ	51
Ἀρίμηνος	51
Σωτάδης	51
τειχισμός	51
Δεινομένης	51
παίρνω	51
ἀνήλιος	51
κουφισμός	51
φίον	51
ΕΦΑ	51
λεύσω	51
κυνόδηκτος	51
ἄδμητος	51
αρμ	51
τουειμι	51
χῖδρον	51
σιτοπομπία	51
ἀμφιθαλής	51
Θυάτειρα	51
Διοφάνης	51
κραῦρος	51
θυλάκιον	51
ψαιστός	51
Φάυ	51
ἀνθέλιξ	51
ἐνταφιασμός	51
τυχικός	51
ἀποβάθρα	51
μάψ	51
κουρίας	51
ψυχός	51
πυγμαχία	51
κανά	51
μισογύνης	51
καλλίθριξ	51
ἀπηθέω	51
Ἀπολλωνιάς	51
Φολόη	51
τάρας	51
κιονίς	51
ἐνσπείρω	51
Νόμας	51
φιλοπλουτία	51
ἀρχιερατεύω	51
τετραφάρμακος	51
βληχή	51
καρικός	51
παρήχησις	51
ὀρείχαλκος	51
ἀναπτερόω	51
φατίζω	51
ἀρετάω	51
γαιήοχος	51
αρχηγός	51
ἐποπτικός	51
γαμή	51
σώος	51
Ἐλαιοῦς	51
ψευδάδελφος	51
ἀκύμων	51
διακονικός	51
ἐκμυκτηρίζω	51
ἀρχιευνοῦχος	51
ὑπόχυμα	51
έγχρονος	51
παρακρουστικός	51
ὠμηστής	51
ἐκκρεμής	51
Μορμώ	51
τοκάς	51
ἀντιπολεμέω	51
παρεξετάζω	51
ῥῶπος	51
οἰταῖος	51
φέγγω	51
σωφρονιστής	51
Καιπίων	51
παραβιάζομαι	51
τονικός	51
Κόσι	51
φιλοπαίγμων	51
χρυσῖτις	51
ἰουδαΐζω	51
ιδρυμένος	51
Μεραρεί	51
Ἑλλοί	51
δίφορος	51
κοινολογία	51
ἀληθευτικός	51
φοξός	51
συνεφίστημι	51
Ἀμάντιος	51
πημαίνω	51
σέρφος	51
μικός	51
ἀγαπητικός	51
ἀπασχολέω	51
πενταετηρίς	51
φορβειά	51
Δαρδανίδης	51
ἰνώδης	51
ἐναγκαλίζομαι	51
μύστις	51
οἰωνοσκόπος	51
Δυμαῖος	51
ἐφίζω	51
Ὀγχηστός	51
ἐκπεριέρχομαι	51
ἀναφοιτάω	51
ἐντρίβω	51
πανικός	51
συγκοινωνέω	51
σκελετός	51
Τραλλιανός	51
καταδίδωμι	51
κυπαρίσσινος	51
καταράσσω	51
θηρατικός	51
σῶστρα	50
παντοδαπῇ	50
Κυάνεος	50
ὠμοφόριον	50
ἐρωτηματικόν	50
Λη	50
Τάχου	50
ἐναρ	50
Βρόμιος	50
Κάνθαρος	50
λεπτομερῶς	50
παραλειπτέον	50
Ὀνησιφόρον	50
Πόδων	50
δεδεῖσθαι	50
ἄχομην	50
Ρεν	50
μάλι	50
Νάτου	50
Ναῖος	50
Κράντωρ	50
ζδ	50
Εὐδαίμον	50
Ἐλευθερίων	50
πανταχῶς	50
ετησίως	50
ἀναζήτησις	50
πτειν	50
Ὑπέρτατος	50
φοκλεις	50
Κωμικόν	50
ἀποτε	50
Δολοβέλλας	50
ΟΠΡ	50
ΓΡ	50
ἐβ	50
ἐσπουδασμένως	50
ὁτιή	50
κλαυθμών	50
ρξ΄	50
Ὁρμίσδου	50
πέμπτη	50
μαντάτο	50
Κερά	50
συγχοπῇ	50
καθύπερθε	50
ζωάγρια	50
ἐπανόρθωμα	50
στων	50
Ἄρχος	50
Ῥόδων	50
Λαβ	50
σύντηγμα	50
Τάτων	50
Ὀνησίκριτος	50
Κοινή	50
ἀπόκριμα	50
ἀπώτερος	50
λαβδοειδής	50
θεοπτία	50
συγκέλλω	50
Τιμασίων	50
Χριστομάχος	50
θεοσημία	50
Μίκυλλος	50
ἐγκρυφίας	50
επιθυμία	50
οδυσος	50
Βηρίνη	50
απολογούμενος	50
ἀναγνώρισις	50
τροχιά	50
Νικομαχεῖον	50
θέρμανσις	50
Μολόχ	50
ὄλπις	50
Ἁμόι	50
ΓΕΣ	50
ῥοιάς	50
σάρδιον	50
πλήσιος	50
χουω	50
μεταλλεία	50
γυρίζω	50
Καύκων	50
Σεμπρώνιος	50
ἀμφώδων	50
αὐτολεξεί	50
άπαυτος	50
Χρωβάτος	50
σῶρυ	50
σαρκοφαγέω	50
εμφυχοω	50
διωκτός	50
πρόξενος	50
πρωτόλειον	50
Πηλεΐων	50
ἀντιφάσκω	50
ἡμιωβόλιον	50
Νεφ	50
ὁμόπιστος	50
κατάκομος	50
ἐπιτροπεία	50
ἀράω	50
θαμνώδης	50
προσάσσω	50
Νίε	50
ἐπαπόρησις	50
μωρολογία	50
Μαγώγ	50
ἐπί-τροπεύω	50
ἀμβλύτης	50
Παρθία	50
Κεῖος	50
ἑβδόματος	50
Μίδεια	50
Ἀνδρόγεως	50
Ἀφίδναι	50
Σογδιανός	50
ἀνυπαίτιος	50
ἐναλίσκω	50
μητατώριον	50
ἐϋκνήμις	50
μανδύας	50
Κῖνυψ	50
τρωτός	50
Κανωβικός	50
ἀμεμφής	50
κοιρανέω	50
συνάθροισις	50
ἐπεγγελάω	50
Φύλας	50
καινοφωνία	50
ῥώομαι	50
κροκωτός	50
μεσουράνησις	50
περίστυλον	50
θεριό	50
κακολογία	50
ἐξώλεια	50
Εὐήνωρ	50
βρόω	50
εὔοδος	50
ἡλιάς	50
ὀδυσσεύς	50
κατερύκω	50
εὐκοίλιος	50
χελάνδιον	50
Βίκτωρ	50
ἀνάβρωσις	50
Ἄλτις	50
μυρμηκία	50
πνευμάτωσις	50
μοδισμός	50
χαλέπτω	50
Κλεόδημος	50
Ἡδώ	50
ἐπιβάθρα	50
γῆμα	50
στιλπνός	50
Φιδήνη	50
Νίκαρχος	50
ἀποπίμπλημι	50
Ἅγνων	50
λίκνον	50
ἐγκοτέω	50
ἀμαιμάκετος	50
ὁρμιά	50
ἀνευθύνω	50
ἀδηφαγία	50
ἀταμίευτος	50
Στυλό	50
συγκαταλύω	50
συνέκδημος	50
Ἀστύοχος	50
σικάριος	50
δηϊόω	50
ἀνήκουστος	50
ἀποτρεπτικός	50
συρία	50
Ἔρεσος	50
ἔμμισθος	50
Ἄμυρος	50
ἱερομνήμων	50
Τρεβώνιος	50
νηπιώδης	50
τριακοντάς	50
σκιλλητικός	50
Νεστορίδης	50
Φούλβιος	50
περιλείπω	50
πύλος	50
βδέω	50
σαπρία	50
τροφαλίς	50
ἄπλυτος	50
ἐλαφρίζω	50
ἠπειρωτικός	50
ὑδατόεις	50
πηλαμύς	50
παιωνίζω	50
ανυμνώ	50
ὑπερορίζω	50
βγαίνω	50
συγκει	50
προφυλάσσω	50
εὐνοικός	50
καθυπισχνέομαι	50
νεωτεροποιός	50
ἀγροικικός	50
ὀξυθυμία	50
ἀποκλύζω	50
ὄχανον	50
σαυρωτήρ	50
ὁρτή	50
ἀκρασία	50
ξανθίζω	50
σκληρόσαρκος	50
κρηναῖος	50
αἴθαλος	50
ἐννοηματικός	50
Πευκέστης	50
αὔω	50
ἐξαγριόω	50
λύγη	50
ἀλφάνω	50
Χρυσίς	50
δοκή	50
κρώζω	50
κομψεύω	50
συστρατεύομαι	49
πόδ	49
Ξενίων	49
καθεκάστην	49
κόνδυ	49
ππ	49
δοιώ	49
Ζέτος	49
Σωκρά	49
Εὐκράτων	49
διωρισμένως	49
κται	49
προσα	49
Ὀμβρίων	49
ἐπειτ	49
Αἰτ	49
Νύμφις	49
Λογγιβαρδίας	49
ληστής	49
ακαίρως	49
ΕΒΓ	49
ΒΞ	49
ἀχ	49
Κυδαίνων	49
Μαντοῦς	49
ὁπ	49
Ἀργις	49
Ἐφοδίων	49
προφήτις	49
δουλοπρεπῶς	49
Σικίμος	49
Χ΄	49
στελιγουνος	49
Λευκός	49
Σεκρέτος	49
Μδ	49
μέσον	49
Ἰωδᾶε	49
εκόχυμος	49
μενοεικής	49
ειμή	49
θεοσεβέω	49
παλαιολογέω	49
Πυγμαῖοι	49
ἀνίκανος	49
Κυάνεα	49
ἐξόδιος	49
ἔλδωρ	49
Ἄτος	49
ἐντεῦ	49
ἀρχι	49
Βασιλίου	49
μελίτιον	49
Ἀπολλώς	49
Μνησίθεος	49
Κάτορ	49
βιωτός	49
τήνελλα	49
κάρνον	49
αδελφικός	49
Μεχείρ	49
κροκόμαγμα	49
ὀράω	49
ἐργάτις	49
Βεσελεήλ	49
ἀρσενοκοίτης	49
σώνω	49
μετωπιαῖος	49
τριά	49
προβασιλεύω	49
γηραλέος	49
λινός	49
σιλαας	49
Θεοκλύμενος	49
τρίκογχος	49
Βυζάκιον	49
βάρβιτος	49
πειθόμενος	49
Ηλιού	49
ὑποκλύζω	49
Βαθουήλ	49
Σωτήριχος	49
νομένη	49
περιστέρα	49
ἠύτε	49
Ἕλος	49
Ἀθηνίων	49
Ἦδυν	49
ἐπανορθωτικός	49
Τιμόλαος	49
χαλία	49
φύτευμα	49
Γαβαά	49
Θρόνιον	49
μεταλήγω	49
δρίος	49
Ναζιανζός	49
Μουσταφά	49
ἀκρώμιον	49
ΑΘΕ	49
απεικονίζω	49
ἐκκλάω	49
εὐμνημόνευτος	49
συγκύρημα	49
προχείρισις	49
ὡριαῖος	49
χωρητός	49
δαπανόω	49
Ἑνετός	49
αναίμακτος	49
ουδετος	49
νομοδιδάσκαλος	49
τυμβωρυχία	49
Καλλίστη	49
ἰουδαϊσμός	49
Περραιβία	49
διαρτάω	49
ἀοργησία	49
ὑπείδομαι	49
διασκεδάζω	49
τυραννοκτονία	49
ἀίδηλος	49
Νεκῶς	49
Λιβ	49
Στρογγύλη	49
κωπηλατέω	49
Φυλιστιείμ	49
ἐναέριος	49
ΔΧ	49
ὕπωχρος	49
μετωνυμία	49
εὐκινησία	49
Μηκιστεύς	49
ἐριδαίνω	49
μετεκίαθον	49
φιλαλληλία	49
Εσέν	49
κεδρέα	49
Φλος	49
πρώτος	49
κολακευτικός	49
μυττωτός	49
ασυμπαθής	49
παντότης	49
Θεοκρίνης	49
Δίκτυννα	49
κυνώπης	49
ἀμέγαρτος	49
ἐμπάθεια	49
ἐπαιτέω	49
Σῶκος	49
Γράνικος	49
πωλητήριον	49
Συμφώ	49
Περίβοια	49
σοφιστεία	49
προβάτειος	49
ἐξαρθρέω	49
Φοιβίδας	49
Ἰσμήνη	49
διψυχία	49
Χαλδαία	49
προγυμνάζω	49
καπυρός	49
τυ	49
κάθισις	49
δόξις	49
Γαβαωνίτης	49
κάρχαρος	49
ἠπειρώτης	49
λάτρον	49
δίκροος	49
αἰθίοψ	49
ὑποκαθαίρω	49
ὑγεῖα	49
βραγχώδης	49
ἄνοσμος	49
τυμπάνιον	49
ἄσπαρτος	49
χορυφαιος	49
μίνω	49
ῥωγμή	49
πημονή	49
ὠμοφάγος	49
πυργόω	49
ὑλοτόμος	49
ἐγχαλάω	49
εμετός	49
ἐπιδορατίς	49
μεμψίμοιρος	49
κοπιώδης	49
κοέω	49
ἔκσπονδος	49
Τριόπας	49
δειπνοποιέω	49
Σαμιακός	49
ἄδατος	49
χωρογραφία	49
ὑποστηρίζω	49
κεφαλαλγέω	49
αἱρεσιώτης	49
διεκβάλλω	49
αὐτοκρατορικός	49
κενότης	49
ἀριδείκετος	49
Τιρύνθιος	49
θυμίασις	49
ναυλοχέω	49
σφαιρίζω	49
πάντολμος	49
τετίημαι	49
σῖμος	49
στείνω	49
ομόψυχος	49
ἐπίψογος	49
πλήμη	49
σφονδύλιον	49
Σόφαξ	49
δυστοκία	49
χύτρος	49
νεκτάρεος	49
ὁμό-στιξ	49
σκεπαστήριος	49
ὕμνησις	49
Ἐραί	49
κρυόεις	49
ζύγιος	49
αἰχμάζω	49
θλαστός	49
ἀλσώδης	49
διαυγάζω	49
Σκαιαί	49
χειρίς	49
ὁμοιοειδής	49
ἀντιτυπέω	49
ἀντιδικέω	49
παρεισδύνω	49
ἐπισφίγγω	49
δαίζω	49
στυγητός	49
ἐνείρω	49
ὑμνοπόλος	49
ἐνηχέω	49
χθεσινός	49
ἰαχέω	49
περιηγέομαι	49
ὑπερβλύζω	49
Μελίας	48
ἀμωσγέπως	48
ἀενάων	48
χαμόθεν	48
ὑπέσχον	48
ἐστία	48
Ἀμερίας	48
διαλελυμένως	48
Βία	48
αῖ	48
ἀλλοτε	48
ἔστασαν	48
Πρόνοια	48
Ἡραρός	48
ἀμιγῶς	48
μεμ	48
διαρ	48
ἀκρότητος	48
θ͂ας	48
σπάρτη	48
Φραγγιάς	48
βουλο	48
συῖν	48
τουνεστίν	48
ΚΛΜ	48
ΠΖ	48
ζο	48
Βε	48
Παπίας	48
κεφάλαιο	48
ΣΠ	48
Σφαῖρος	48
Βασιλείδης	48
Ἱησοῦ	48
καμηλών	48
ανθύπας	48
Βαάλ	48
Ντζεφρέ	48
βεστιάριο	48
Ἀρτέμιος	48
πεντάφυλλος	48
Λιομίδην	48
ὀμφάκιος	48
Συργιάννης	48
ΑΗΓΔ	48
δίγαμμα	48
πρόωρος	48
ἐνταῦ	48
Ἀλήτης	48
Βαραχίας	48
Ἥρακλες	48
εἰστίνω	48
ἀντιλυπέω	48
ἐπικήδειος	48
Κλῖτος	48
Βάρων	48
ΚΜΕ	48
νωλεμέως	48
ὠμιαία	48
Μάκρις	48
λατρευτός	48
Δώτιον	48
Ζηνόβιος	48
λογεύς	48
ἑως	48
Νικοχάρης	48
λοπίς	48
Ἰάρδανος	48
Ἀλεξίς	48
Ἐνώς	48
Ἀβροκόμας	48
σαλπάρω	48
Ἰσσαχάρ	48
χειρώνειος	48
ἀμφιλύκη	48
Κρόνια	48
ἐφθόν	48
οὐά	48
ευχραω	48
ἰθυφαλλικός	48
βαβυλώνιος	48
βαθύρροος	48
ὑπέρλαμπρος	48
ἰδιοτροπία	48
ἄβαρις	48
ἐρέπτομαι	48
διπλόν	48
αὐτοαλήθεια	48
παγγενεί	48
Γεδρωσία	48
ἐξέλευσις	48
ἀπατήλιος	48
χλιερός	48
κνυμι	48
ἀδιάγνωστος	48
κυδιδωμι	48
χρυς	48
Χάλεϊ	48
ὄσχεον	48
ὑέτιος	48
Θαλήτας	48
μέλδομαι	48
Κατάν	48
ἐπιφώσκω	48
άλλος	48
συνάντομαι	48
ἰσος	48
Τωβίτ	48
Ἀρδαβούριος	48
πόρτος	48
παλικάρι	48
ματαιολογία	48
Ἄγρα	48
μηκώνιον	48
Ἰανός	48
Τέκμησσα	48
ὀπισθόδομος	48
οἰνάριον	48
ἀτίνακτος	48
ἀκουω	48
κίσσινος	48
ἰσῆλιξ	48
Ἱπποθωντίς	48
ἐκπομπή	48
Τιμαγένης	48
ἀποφλεγματισμός	48
Ἀντωνίνα	48
οἰστός	48
πολυωνυμία	48
ἀδελφιδοῦς	48
σύριγμα	48
εὐνέτις	48
δεκαετία	48
λογάριον	48
απεικάζω	48
διεξαγωγή	48
ἅψις	48
Συργιάννη	48
ἰσόψυχος	48
συναπαίρω	48
φιλόχρυσος	48
βαρύφωνος	48
νουθέτησις	48
δυσάγωγος	48
Κωνσταντία	48
γενεσιουργέω	48
Δικταῖος	48
σκολόπενδρα	48
χόνος	48
Ἐλιούς	48
Ἰάρχας	48
Πτελεός	48
Ἀρσάμης	48
εἱμαρμένη	48
Λυκόρτας	48
Πασαργάδαι	48
ἰσοφαρίζω	48
μύσταξ	48
μελέτημα	48
σκιοειδής	48
Έσα	48
σωσίβιος	48
σύμφρασις	48
ἄφρα	48
κοῦρος	48
Ἀλφεός	48
ἀπόρρησις	48
Περκώτη	48
δράκαινα	48
Μελάνωπος	48
Παρθενοπαῖος	48
Διόδοτος	48
συναράσσω	48
ὁμόστολος	48
ὕλος	48
σφενδονάω	48
Κλεόπας	48
καθορίζω	48
θεάρεστος	48
Λέρος	48
ἐλαιών	48
καθῆλιξ	48
ἐπικουρικός	48
ἐξευμενίζω	48
ἔνυγρος	48
Ἀνάφη	48
Μύσιος	48
μονοχίτων	48
περίπτωμα	48
ἄνυσις	48
κνημός	48
λεξείδιον	48
ἀποθεραπεύω	48
Ῥήβας	48
τάρφος	48
ἀπαλάομαι	48
πρόπυλον	48
δάιος	48
ἀκινητίζω	48
περιαίρεσις	48
οἰνέλαιον	48
νοειδής	48
ανοήμων	48
ἐξαπόλλυμι	48
Ἀρέθας	48
σίνων	48
Ἀφράνιος	48
προστατεύω	48
παιδοκτόνος	48
ἀναθεωρέω	48
κρωβύλος	48
ἀστράβη	48
ἐπίμεστος	48
ἀντωμοσία	48
ἀποξενόω	48
δαφοινός	48
σκαφίς	48
ἀργυρολογέω	48
ὑποθημοσύνη	48
ὁμαλίζω	48
Χαιρωνεύς	48
κυκλοειδής	48
οὐσιοποιός	48
καταγματικός	48
χυτρόπους	48
κιχράω	48
Σπυρίδων	48
ψοφοδεής	48
Τείχιον	48
ἐμβραδύνω	48
χρηστηριάζω	48
Λαουΐνιον	48
μετακίνησις	48
προσπτύω	48
μωμάομαι	48
αὐτοκρατής	48
ἀπόσκημμα	48
τιθηνός	48
ἀρτίτοκος	48
μηρυκάζω	48
Ψωφίς	48
σκῶρ	48
Δηλιακός	48
κεδάννυμι	48
λεκανίς	48
κυριοκτόνος	48
καρδιακός	48
πραγματευτής	48
μεθημερινός	48
προστιμάω	48
Σκῶλος	48
Μαμερτῖνος	48
κρεω	48
συγκαταριθμέω	48
ἀνευρύνω	48
σθεναρός	48
νεόγαμος	48
συνθλίβω	48
διακλάω	48
καταψάω	48
ὑποτρέφω	48
μονοστροφικός	48
καταγοητεύω	48
Ἀχαῖος	47
Χαίρις	47
ἀμφικύπελλος	47
χωρ	47
ταμία	47
διχθά	47
ἔθην	47
῏ἆπις	47
Ἄμπελος	47
ἐξο	47
Έπικ	47
γάο	47
ἀφετέον	47
δζ	47
ΠΜ	47
ρέσις	47
φυχή	47
Πολέμαρχος	47
λιγέως	47
κοῦχ	47
διόριζω	47
σπουδαστέος	47
δικιων	47
ἐνυώ	47
τοσούς	47
στρατ	47
ἐπιτ	47
ΚΑΤ	47
γλυ	47
όρκα	47
ητ	47
αχ	47
πολύφλοισβος	47
ἀφι	47
Φιλομήτωρ	47
ἄγημα	47
Ὑδροχόος	47
Υ΄	47
ἀναλ	47
ὁποσοῦν	47
ἀκρός	47
ἐκβολάς	47
δοτ	47
Μαξίμινος	47
Φλωρεντίνου	47
῞Οπως	47
Μέγις	47
ὧτε	47
προσωποποιΐα	47
αἶπος	47
οὐλοχύται	47
θεατέον	47
ὅλοξ	47
Κουαδρᾶτος	47
Ἄμεμπτος	47
Ὀϊλεύς	47
περίψημα	47
ἀνεμέσητος	47
πρωτονοτάριος	47
ἔσοδος	47
χειμός	47
πανηγύριν	47
Ναβάτ	47
τριγένεια	47
χαλκοῦς	47
μελιχραω	47
κερί	47
Παρασκευή	47
Εμπέ	47
ἀπόσβεσις	47
κοινοπραγία	47
Δύμας	47
εὐρυάγυια	47
τερέτισμα	47
βραδύγλωσσος	47
Ῥαψάκης	47
Βααλείμ	47
Ἄντεια	47
ἀπόγειος	47
ΣΞ	47
Μακαρεύς	47
Μοῖρις	47
δυνάτης	47
Μερμερόης	47
νικοποιέω	47
Ἀργινοῦσαι	47
Τιμοκρέων	47
Ὀκτάουιος	47
βούτομον	47
Γῆρος	47
ῥέομαι	47
ανάλατος	47
Γόρδιον	47
Μυοῦς	47
Ἅδης	47
κροκόπεπλος	47
λέπαδνον	47
ὕδνον	47
κάτοξυς	47
Ἱέραξ	47
ἀκυβέρνητος	47
πλινθεία	47
Εὔδωρος	47
συμφορεύς	47
ὀκτάμηνος	47
ῥαντισμός	47
ὑπεραπολογέομαι	47
κουκουω	47
Ἀμάλθεια	47
κίνα	47
εὔφθαρτος	47
Άμυ	47
Νομήτωρ	47
σκευαστός	47
συνενδείκνυμι	47
Φίλα	47
θρασκίας	47
θεάνθρωπος	47
πλάδος	47
Ἐπαίνετος	47
ναυαρχία	47
ατελεύτητος	47
Γυλλίς	47
Δημοκρίτειος	47
ανέκφραστος	47
Καϊνάν	47
χνη	47
ἀντίτασις	47
οὖρος	47
δηϊοτής	47
συνάσκησις	47
Φαῦνος	47
ἑξάμηνος	47
Αὐξέντιος	47
σούσινος	47
ἐφυβρίζω	47
μαγεύω	47
ἀπρόσωπος	47
βρότος	47
Γεργίθιος	47
ἄοσμος	47
σκινδαψός	47
Τελαμωνιάδης	47
ἀνεθέλητος	47
Κύννα	47
κοάξ	47
ἰξευτής	47
ἀνδρομήκης	47
διαφάνεια	47
πίεσμα	47
Τυρσηνία	47
πολύμοχθος	47
ὑπόστη	47
ἀκατάκριτος	47
ὑδρεῖον	47
εὐπαιδία	47
ἀκάλυπτος	47
μονώτης	47
διχηλέω	47
ὑπότροπος	47
μεθύσης	47
Μουρήνας	47
ματαιόφρων	47
Τούσιν	47
ἀπόθετος	47
ταρακτικός	47
σμαραγέω	47
Ἄδαδος	47
προκλητικός	47
απειλημένος	47
Φθῖος	47
διοπτεύω	47
εὔκηλος	47
ἀποτρέφω	47
ἑταιρίς	47
μετουσιαστικόν	47
κράνεια	47
δέξιμον	47
βραδυπόρος	47
Βυβλίς	47
φιλοπράγμων	47
πλαγιασμός	47
Στράτος	47
Πισάτης	47
φιλάδελφος	47
ἀσκηθής	47
κυλινδρικός	47
ἐξόπλισις	47
Σκιωναῖος	47
διοπετής	47
Λύς	47
ὑπερανίσταμαι	47
ἄβουλος	47
εἴκασμα	47
λιπαρότης	47
κάθειρξις	47
ἀρηγών	47
καταφοιτάω	47
φόντο	47
λογοειδής	47
ἀντικόπτω	47
ὀδύσσω	47
δεσπόσυνος	47
Ἰοβάτης	47
ἐνδοξάζομαι	47
Ἀττίλας	47
ὑποκλίνομαι	47
κλειστός	47
ἀντανάκλασις	47
Φυλάκη	47
φρυάσσομαι	47
τηλεθάω	47
ἰξίας	47
ναυκραρία	47
ἀβασίλευτος	47
διαφθάνω	47
ἄκαπνος	47
πλαγιάζω	47
ὀργιάζω	47
κατῆγμα	47
Ὑμηττός	47
αύξων	47
παναληθής	47
τόρμος	47
ἀνατρεπτικός	47
Βραυρών	47
Βάθυλλος	47
τυχάνω	47
ἰσοτελής	47
ἐκτίλλω	47
ἐξορχέομαι	47
καταθεάομαι	47
βαθύνω	47
διαστείχω	47
ποτήρ	47
καταθάπτω	47
βαθύτης	47
στεναχίζω	47
ζωπυρέω	47
ψιθυρισμός	47
πάραλος	47
Φιλομήλα	46
πρότριτα	46
ἐθελοντήν	46
στέρεσις	46
στέναγμα	46
τέτρωρον	46
Βίτων	46
οξ	46
ττ	46
ρρ	46
Νικάτωρ	46
ὕπα	46
ὁμόθεν	46
Λητῶ	46
βοῖ	46
προσακτέον	46
Θαργηλιών	46
ἰαμβεῖον	46
χάϊος	46
προῖω	46
βαδιστέος	46
ἀδια	46
Λακεδαι	46
Ἀντίδοτος	46
ὥσπεροῦν	46
ὄφ	46
συγχ	46
Τύραννος	46
ὀλι	46
Κόρακος	46
βαστά	46
ἀρχής	46
ἵνινα	46
ξοικω	46
ὕναρ	46
διαληπτέον	46
Γρ	46
Βονωνία	46
σβ	46
γένι	46
ΑΗΓ	46
Κριός	46
γεγωνότερον	46
ΚΡ	46
ΡΙ	46
ΘΑΚ	46
τοῦμπροσθεν	46
Φιλάνθρωπος	46
Ἀββᾶ	46
ΝΔ	46
ψαύων	46
μεγαλοφυῶς	46
Επιφανίου	46
εὐχολος	46
Φακεέ	46
Κομεντίολος	46
ἰθυωρίη	46
αὐθυπότακτος	46
φλεβοτομητέον	46
ππαρχία	46
Ἀβειμέλεχ	46
Ἄλλιος	46
σμι	46
εὐρώεις	46
ευδυο	46
προσενεκτέον	46
ευχρινειος	46
ἐστώ	46
κατάκαρπος	46
Θείη	46
ἀμελλητί	46
Μάκαρος	46
θήν	46
αγνός	46
Ὄασις	46
Μοψουεστία	46
διϊσχυρίζομαι	46
μόρυχος	46
ῥύστης	46
άλογος	46
πιχρω	46
Ἄνθος	46
Ἱκέσιος	46
ἐμπληξία	46
ὠσπερ	46
αμφότεροι	46
ὑποκρίνω	46
Ούμε	46
προγνώστης	46
Θρασυμήδης	46
ἀδάρκη	46
Γᾶ	46
λαφός	46
ἀναπεπταμένος	46
Ἐζεκιήλ	46
τεχνι	46
αδρανής	46
ὑπόστημα	46
Σιδωνία	46
ἑβραιστί	46
πεδίονδε	46
ὁμωνυμέω	46
Φαυστῖνος	46
Θήβησιν	46
καθιστός	46
ἀκροατήριον	46
Λέντουλος	46
Πηλουσιώτης	46
περίαπτος	46
ἀνταποδοτικός	46
ἀλογιστία	46
Λιγυστική	46
Σωσίας	46
θύριον	46
συνάντημα	46
ΜΡ	46
Απέρ	46
κόρτη	46
Ἄνθην	46
μισθαρνέω	46
μετάφρασις	46
φιλώ	46
ἄσειστος	46
ἄφροντις	46
προγάστωρ	46
ἀγάζω	46
Νάσοι	46
προστείχω	46
βουθυτέω	46
ὀλιγόω	46
τυραννία	46
δικαιοδοσία	46
ώριμος	46
ἀνυπόθετος	46
ἐνθύω	46
Λέαρχος	46
προστρόπαιος	46
δακρυχέων	46
Ἡγησίας	46
ἐπέρεισις	46
σύστρεμμα	46
ΕΒΑ	46
σπορεύς	46
Πλαταιᾶσι	46
δείκηλον	46
πραΰς	46
Κρεώφυλος	46
χάκα	46
κυνόσβατος	46
θηλυδρίας	46
ῥαίκτωρ	46
ὀμφακῖτις	46
περδίκιον	46
μαρτυρικόν	46
ἠΐ	46
ἠρέμησις	46
Φθα	46
Ἅρπυιαι	46
ἐρεθιστικός	46
ξάντης	46
μεθέω	46
τρυμαλιά	46
Περιήρης	46
ἐναύω	46
κοράλλιον	46
χωλότης	46
ἀπροσωπόληπτος	46
ὑπόπτωσις	46
Θάψος	46
βίζα	46
δύσθυμος	46
Οὐεντίδιος	46
Μενήνιος	46
συνάρτησις	46
δυσωπητικός	46
δολομήτης	46
ἑξαήμερος	46
πολύπτυχος	46
ἀκατακάλυπτος	46
ἄβροτος	46
ἡθμός	46
ἄτηκτος	46
νῆξις	46
μηκάς	46
Παγκράτιος	46
Εὐνομιανός	46
ἀκοντιστήρ	46
Αἰνεσίδημος	46
θαυμασιότης	46
πολύστιχος	46
ιερός	46
Λυσικλῆς	46
ἰθύφαλλος	46
λυχνίς	46
μνήστωρ	46
ἀπευχαριστέω	46
ἐγκαθίζω	46
κόσμημα	46
ἁβρῶς	46
προεδρεύω	46
Καλλιμέδων	46
χρεμετισμός	46
Σαΐτης	46
ξεινήιον	46
ἀσυμφωνία	46
Κυπάρισσος	46
περίλοιπος	46
βούλλα	46
Δανίηλος	46
ἑλξίνη	46
κνήθω	46
ἁλιάς	46
διαχειμάζω	46
εὐεπιχείρητος	46
ἀγάλαξ	46
κύτισος	46
επίσημος	46
λάζω	46
ἀπύρηνος	46
ἀνεπαίσχυντος	46
Σίλων	46
ἐρίτιμος	46
ἀνακρεμάννυμι	46
πολυδάπανος	46
ἱερογλυφικός	46
ἐπίχαρτος	46
Γύθειον	46
ἀμφήκης	46
ἀταρβής	46
παραστρατοπεδεύω	46
κάνθων	46
λεπιδωτός	46
καταπυκνόω	46
κινάρα	46
Ἀσπένδιος	46
Κλεοβουλίνη	46
ὑδροφόρος	46
διάλευκος	46
ἡγεμονεύς	46
δαίδαλος	46
Πελάγων	46
ψευδόμαντις	46
ἀχάτης	46
περιστολή	46
ἐπιμαρτύρησις	46
ἀγελάρχης	46
ἐμετικός	46
ἀναστηλόω	46
σταυρικός	46
πολυπλάσιος	46
εἰσαφικνέομαι	46
πανάκεια	46
σύντρησις	46
βύας	46
προσστέλλω	46
ναρκόω	46
ἀγχιστεύς	46
κραιπαλάω	46
ἐπικλείω	46
διακηρύσσω	46
τευτλίον	46
χερμάς	46
παρευδοκιμέω	46
Ἴσμαρος	46
Ἕρμαρχος	46
υἱοθετέω	46
Οὐδεμία	45
Νικῆς	45
ζοντο	45
Σκύλαξ	45
καταλήγοντα	45
Ἄλφα	45
ἦδον	45
ἀψευδέω	45
ὑπερεῖδον	45
ξον	45
Συρίης	45
διηρθρωμένως	45
ἀμφό	45
ΓΑΒ	45
δυνάμ	45
Αἶς	45
ὐχ	45
Πούτο	45
ἀτάζω	45
δυντες	45
Πολί	45
ἐπιγεγραμμένοι	45
χάρ	45
τετράκοντα	45
φλ	45
μεσσόθεν	45
φυλ	45
λαδεῖν	45
ΑΒΖ	45
ΑΒΗ	45
ΒΣ	45
ΗΕΖ	45
Κοπρίων	45
ρλα	45
θαλ	45
ΟΤ	45
ἐντόσθια	45
Πολ	45
Ἔργων	45
Σγ	45
γάρι	45
Διδασκάλου	45
Ἀττήλα	45
οἴνωτρος	45
Κατελάνων	45
Λιάντος	45
Νεκτάριος	45
δομικός	45
Πελαγωνίου	45
ἐκπόρευσις	45
Ἀλῆς	45
τίως	45
πλεῦσις	45
αλλομενω	45
Ὀνήσιμος	45
συκάμινον	45
Σουΐδας	45
ἀλίσκομαι	45
Δημᾶς	45
στιχηδόν	45
ἄα	45
ἀκατάσειστος	45
ἄλτο	45
Πρίσκιλλα	45
γειτόνημα	45
Ούντα	45
τοπέω	45
κρόνιος	45
Απόστολος	45
Τάρα	45
ποιήμα	45
φαλακρόομαι	45
ὁμοουσιότης	45
μηρυκισμός	45
ἐπίδειγμα	45
ἑώϊος	45
ἐπαινετέον	45
χειρόμακτρον	45
χόρτασμα	45
φατρία	45
Ἄμανος	45
Δαμάστης	45
Ἀβειρών	45
ξο	45
Εὐσεβίας	45
πατροπαράδοτος	45
μεσαιπόλιος	45
σχοινεύς	45
ἐξάντης	45
Φλαύιος	45
Ἐμμώρ	45
καροιαλλω	45
ἀνάρπαστος	45
τά	45
κωμωδός	45
δίπαις	45
πολύπαις	45
εὐόλισθος	45
αὐτοσχεδόν	45
ἀνεπίμικτος	45
ἀφί	45
μαρδαιος	45
Ἑκάτων	45
Ὀστάνης	45
ἔκροος	45
ἐμμενής	45
φάτνωμα	45
ἀπουλόω	45
τοιοσδί	45
Πρόμαχος	45
παγκρατής	45
ἁπαλότης	45
Αἰγαίων	45
Ἑρμόδωρος	45
Μεσσίας	45
ἰρών	45
Ὀξυάρτης	45
δεσμόω	45
φιλοκέρδεια	45
εἰσποιητός	45
κεδρίς	45
Πράξιλλα	45
ἐρεμνός	45
Σατορνῖνος	45
Ἀσκληπιόδοτος	45
διάκλασις	45
ταλασία	45
Ὠκεανίς	45
ὀνειροπόλος	45
ὀνητός	45
ἀπάτερθε	45
λαφυραγωγία	45
κέρασμα	45
Ρέματα	45
Σιναῖον	45
περιτραχήλιον	45
ἀπότροπος	45
ἀντίφημι	45
σαλαμάνδρα	45
περίλαος	45
ἀμύντωρ	45
πέτευρον	45
πλήκτης	45
γάδαρος	45
ἄκομψος	45
Λευκόσυρος	45
Πῖα	45
μυθοποιία	45
σεμνολόγημα	45
συνοικισμός	45
ἀνοησία	45
νουω	45
θεοποιώ	45
ἐπέμβασις	45
φιλόψυχος	45
βυρσεύς	45
ἐπωβελία	45
ἐξαιφνίδιος	45
ἐξάλλαξις	45
Θυμοίτης	45
ἐπεικής	45
τοποθεσία	45
οἰνηρός	45
θθ	45
Μενοιτιάδης	45
Αὔγαρος	45
ξενηλασία	45
πνεῦσις	45
Σαβαῖος	45
πολύλογος	45
στράγξ	45
οὐρανόω	45
Δελματία	45
Βαρύγαζα	45
ηνίοχος	45
χρυσόκερως	45
ῥῦμα	45
ἐμπολή	45
συναπολαύω	45
μάρη	45
πίθων	45
μελεία	45
ἐνάτηρ	45
μικροπρέπεια	45
καταπροδίδωμι	45
πρηών	45
ἐπωπεύς	45
κνῆκος	45
ἀπέλασις	45
δεκάλογος	45
ὀρνιθίας	45
χλάδω	45
ἀρωματίζω	45
μύζω	45
Τριπολίτης	45
Πελιάς	45
ἐμβάτη	45
Δαυλίς	45
ταυρικός	45
Ἀνᾶς	45
Ἀρίστανδρος	45
Νέμειος	45
ὀρχηθμός	45
Λαμπροκλῆς	45
ευζωον	45
παναλκής	45
τιθηνέω	45
Ἀλείσιον	45
Φάσηλις	45
ξυστίς	45
Ἀστραῖος	45
Θειοδάμας	45
ἀπολάπτω	45
διάλλαξις	45
εὐφορέω	45
ξυράω	45
ἀφρέω	45
ΤΘ	45
ἐπίμοχθος	45
Εὔρωπος	45
ἐπάλλαξις	45
ὅτις	45
ἐπιβαρέω	45
σελλίον	45
ἐπίσκηψις	45
φραστικός	45
σπάδων	45
λαίω	45
στρέβλωσις	45
Ἀνθεύς	45
θεουδής	45
Δικαιάρχεια	45
ἀεικίζω	45
ἐμπάζομαι	45
φονόω	45
Κάϋστρος	45
πελεκᾶς	45
Ἀστυόχη	45
κουρίζω	45
πανδοκεύς	45
σύσκηνος	45
ἐξαρνέομαι	45
Πλευρώνιος	45
θυμελικός	45
θεοδίδακτος	45
συμφράζω	45
αετός	45
χλίω	45
Κεβριόνης	45
καβαλλαρικός	45
λισσός	45
προπάσχω	45
δηριάομαι	45
κατορχέομαι	45
ἐπεργάζομαι	45
ὀδόνιον	45
καλλιστεύω	45
παιδεραστής	45
προλάμπω	45
συνεισπίπτω	45
ἐπεισφέρω	45
ἐρεύθω	45
κατασιγάζω	45
εὐαφής	45
ἀντίπρῳρος	45
στυφελίζω	45
νηρός	45
ἄντη	45
κλητήρ	45
ἐπηχέω	45
ἰθύω	45
ἄθεμις	44
Κόρδαξ	44
ὁριστέον	44
δεξιάζω	44
Κράνιος	44
ἀναδεξάμενον	44
τάρταρον	44
πέντηα	44
βειαν	44
εἰδάω	44
αἰδ	44
Σοῦς	44
πτε	44
ἀχρον	44
οὐγγ	44
Ἀσπάσιος	44
ἐξότου	44
διαφο	44
Εὐτύχιος	44
Σφαιρίων	44
Εἰθ	44
Θυμίας	44
βοτανειαατος	44
κατεπάνω	44
Χα	44
ρπ΄	44
ἐπιτεταμένως	44
Ἀρειος	44
Ἄρχης	44
χαρης	44
λλα	44
ἰχ	44
Καλλίων	44
δστις	44
τρε	44
ὑψίζυγος	44
πιπί	44
μέσφι	44
χἄν	44
Φθόγγος	44
γαστέρα	44
Ὡστερ	44
Τοιαύτη	44
παρατετηρημένως	44
τιμοκράτης	44
τετάρτη	44
μζ΄	44
ΚΕΖ	44
ΖΞ	44
χερσώνω	44
Ερωτόκριτος	44
κοπρωνυμέω	44
Ἀσάνης	44
αρρώστιμι	44
τεχ	44
γπλ	44
Μουσταφάς	44
κριναγοροος	44
Παρθών	44
ἄμμις	44
Τεμήρης	44
ἐπίκλημα	44
ἐξαῦτις	44
ἀνδρίς	44
Λαΐος	44
Δάδων	44
βοώτης	44
Ἀνδρομέδης	44
άκαιρος	44
Καλοῦς	44
Χάλαιον	44
ἄναμμα	44
Θρύον	44
γλύκιος	44
Ἐπικάστη	44
Δημόνικος	44
σχέδη	44
Χριστοφόρος	44
πουλυβότειρα	44
καθόπερ	44
προσόδιος	44
μονάζων	44
ἀπαράλειπτος	44
ἐμπεδέω	44
Θευδᾶς	44
φιλόγελως	44
Βηρωσσός	44
διαύγιον	44
ἀποκινδυνεύω	44
διαπρό	44
συναίνεσις	44
ἀσθίω	44
προσκοπέω	44
αὐτοόν	44
ἄκρων	44
ἰατός	44
περίπλοος	44
μοιρικός	44
γάργαρα	44
Τρύγη	44
περισταδόν	44
Γιον	44
Θρήϊξ	44
ἁρμάτειος	44
ἐξά	44
Φάληρον	44
χέρηα	44
πάνουργος	44
νομάζω	44
Ξένι	44
λελίημαι	44
ἀρτέμων	44
ἱπποσέλινον	44
πίλημα	44
φύλαγμα	44
πικρίς	44
Βοίδιον	44
γλαύκη	44
εὔκρατον	44
Διοσκουριάς	44
αἴσυλος	44
στυγνότης	44
σκωληκίζω	44
παράληρος	44
Ραούλ	44
γλαυκότης	44
ἄναλος	44
κόμι	44
δίκτυς	44
ἑτεροειδής	44
εὐρίπιστος	44
Δάτον	44
ἀσφαλτώδης	44
σύρροος	44
ἀποβιβάζω	44
ἀντίταξις	44
καταπειθής	44
Στρατήγιος	44
αὐθέκαστος	44
Ζοάρα	44
σχολάριος	44
ἀπρόϊτος	44
βραχύπνοος	44
ἁλιπόρφυρος	44
ἐνστρατοπεδεύω	44
Αρός	44
ἠχήεις	44
μεσάζω	44
πολλαπλόος	44
ὑπόρχημα	44
εὐπροσήγορος	44
ἄσπρος	44
Κωνσταντίνα	44
ἐκχύμωμα	44
Ῥαμνούσιος	44
μεγαλοεργός	44
Θαύμας	44
λυδός	44
Ἱππόστρατος	44
Καφηρεύς	44
ἀνθίας	44
Ναίς	44
οπτασία	44
δυσκατάληπτος	44
Δημέας	44
σκόλυμος	44
Τιμαγόρας	44
Βοίβη	44
κνυζόω	44
Ἀλκμέων	44
ἀδιάκοπος	44
ἀναιρέτης	44
Πόρκιος	44
παιπαλόεις	44
Εὐθυμένης	44
ἐφύβριστος	44
ἀκάρδιος	44
Βάραγγος	44
μυθολόγημα	44
Ἄλτης	44
κεραμεία	44
ξενισμός	44
παραίφασις	44
Κυδίας	44
ὄαρ	44
ῥοδόεις	44
αναίσθητος	44
πειθαρχία	44
Πλαγκταί	44
πατροκτονία	44
ῥίζωμα	44
πάομαι	44
τέραμνον	44
ἰσχουρία	44
μετριοφροσύνη	44
Ἀντάλας	44
Θεοδοσία	44
ἀμεταβλησία	44
εἰκαστής	44
ἀλιταίνω	44
τριβώνιον	44
ἀνέρπω	44
ὁλίζω	44
ὑπαγαίνω	44
κενεαγγεία	44
Σάλων	44
προσποίητος	44
ἐπέλασις	44
νηέω	44
αυθυπόστατος	44
ὁριστής	44
γιγαντομαχία	44
φωλέω	44
παραποτάμιος	44
συμπαραμένω	44
πεντάπηχυς	44
Ἄσπενδος	44
μελεδαίνω	44
εὐεκτέω	44
πολυτάλαντος	44
σύναρθρος	44
προσρίπτω	44
πατράδελφος	44
ὀλιγοπιστία	44
δίσωμος	44
συσκοτάζω	44
δοχμή	44
κάτοιδα	44
αὐτοπροαίρετος	44
ἀντιμέτωπος	44
μουντός	44
ἐνοικίζω	44
ανάπαλιν	44
ἐπιτέταρτος	44
θεόσοφος	44
φρενοβλαβής	44
Φιγαλεύς	44
περιπετής	44
παρεισφέρω	44
ἐνδιδύσκω	44
ὀνειροκρίτης	44
ἀκράτωρ	44
μαρμάρινος	44
ἀλήμων	44
ἀϊκή	44
ἐνειλέω	44
μέδομαι	44
ῥαντίζω	44
ἐπιθρῴσκω	44
σφαδάζω	44
εὔορμος	44
ἀντιστρατοπεδεύω	44
λιθόβολος	44
ξέσις	44
καταθραύω	44
ἠρινός	44
διαριθμέω	44
περικυκλέω	44
ὠτίς	44
ὀγκηρός	44
φιλαμαρτήμων	44
Σαλμυδησσός	44
κυίσκω	44
εἰσέχω	44
κλυδωνίζω	44
φυκίς	44
ἀναπλέκω	44
περιειστήκω	43
ἀμελητέον	43
ἐννενήκοντα	43
αἴλινον	43
ἀπάρτι	43
διαπυρος	43
Σαβώρης	43
Ανθεμίου	43
γεωρ	43
Σαντί	43
ἑξαχῶς	43
διακεκριμένως	43
αυτή	43
συναριθμώ	43
ἐκούσιος	43
παχυμερῶς	43
απανταχόθεν	43
κοινῆ	43
Τίτ	43
λῖνος	43
Ἀθην	43
μεθιστάνω	43
Εὐδοξία	43
ἐπιμε	43
Ἰώσηππος	43
ΡΟ	43
μεταυδάω	43
μᾶ	43
Ρομ	43
ΕΡ	43
ΒΤ	43
ΣΖ	43
παραπίμπλημι	43
Τάνδρος	43
ΒΓΑ	43
κξ	43
Παῦτα	43
λυκόφως	43
Ἡραίστου	43
Λέμον	43
Χάλεβ	43
σήμαντρον	43
μακροθύμως	43
φίαν	43
εἰδωλόθυτον	43
λαβά	43
ΑΔΔΟ	43
Πελάγος	43
αὐδέ	43
ἀναθετέον	43
ὁριστική	43
_	43
Ἱμίλκων	43
ὕπαιθα	43
οἰνοχοεύς	43
ΠΚ	43
πλατυώνυχος	43
Σαννυρίων	43
καῦτα	43
Κέρκωπες	43
ἀνάλαμψις	43
πελίωμα	43
πισί	43
κρεμάω	43
ἐγκαλλώπισμα	43
ΕΚΠΕ	43
τελειωτής	43
φαλάκρωμα	43
ἐπαλληλία	43
δαίτη	43
ξυλοβάλσαμον	43
ὑπέρτιμος	43
Ἐπίλυκος	43
Σοφί	43
ὑπεροχικός	43
κρησφύγετον	43
Ἀνταῖος	43
ἐπιφόρημα	43
σκευοφορέω	43
μέλινος	43
φαεσίμβροτος	43
στοιχάς	43
μακροκαταληκτέω	43
ζάλευκος	43
ἀγαμία	43
Ναασσών	43
τροπαιοφόρος	43
λαχανώδης	43
Μίνδαρος	43
σκαλεύω	43
Ἀθύρ	43
ζεῦξις	43
Ἀργοναυτικά	43
ἀειφυγία	43
σπίτι	43
Μαραθώνιος	43
Πυθιονίκη	43
λάτρης	43
ὑπειδόμην	43
ὑπεριδρύω	43
ἄμβλωσις	43
τουλάχιστον	43
κόροιβος	43
εὐόφθαλμος	43
οἰνοποσία	43
πολυδύναμος	43
Θεοφυλάκτου	43
καρδιώσσω	43
Κόρωνος	43
Ἀγύρριος	43
ἀντιφιλέω	43
γλύμμα	43
Αχριδών	43
Οὐρίατθος	43
κερχνώδης	43
ἤρα	43
βουνιάς	43
όνομα	43
γλυφίς	43
διάτορος	43
Κύιντος	43
εἰλεός	43
ὀκταήμερος	43
ίωση	43
ἱππάρχης	43
φόρεμα	43
πάρημαι	43
ξερόν	43
Κρῶ	43
λιθόλευστος	43
ἦρος	43
Θεστορίδης	43
Βοσπόριος	43
Ῥουτίλιος	43
πολυσύλλαβος	43
Ἱππαρῖνος	43
μίσχος	43
εὐερκής	43
ΟΥΘ	43
ἀνάριστος	43
δημογέρων	43
ἀνυδρία	43
αὐτεξουσιότης	43
ἀντιπρότασις	43
Ἔχεμος	43
εὐμεταχείριστος	43
ἀπαρηγόρητος	43
αγαθός	43
ἐπίκλητος	43
ἀνιστόρητος	43
διακατέχω	43
εὐτεχνής	43
ἐκκράζω	43
ἀειφανής	43
χιλιοστός	43
λίμνος	43
Κυλλοποδίων	43
τροπαῖος	43
παλίωξις	43
ὑποληπτός	43
ευρισκομενω	43
πολυποσία	43
Μαρωνείτης	43
Θεσπρωτοί	43
κορακῖνος	43
ἐσώτατος	43
Λιπαραῖος	43
συγκολλάω	43
ἐγκαινισμός	43
υἰός	43
σχεδιασμός	43
νεοπαγής	43
λογχοφόρος	43
ὁτέ	43
ὀξίς	43
χερόνησος	43
προθεραπεύω	43
σύγκοιτος	43
Ὕη	43
νέμησις	43
Νέδη	43
Βασανῖτις	43
κατεπᾴδω	43
κορυφαία	43
ὠρέω	43
Ἀριστίας	43
χρυσήλατος	43
Ἄμυκος	43
συλλυπέω	43
θλάσις	43
Σωσίθεος	43
κάλλιμος	43
Μετώπη	43
γναμπτός	43
τοουτον́ς	43
γιός	43
ματτύη	43
συμμερίζω	43
ῥίζωσις	43
ἀκροστόλιον	43
Ὀπικοί	43
Ἐπιδάμνιος	43
Κορκυραῖος	43
Λευκανία	43
εἰσωθέω	43
συντακτήριος	43
διαφθορεύς	43
οὐρήθρα	43
ἀκατάλλακτος	43
φορβάς	43
Κοῖνος	43
παρώρεια	43
προσταγή	43
μυάω	43
σφηκόω	43
ὄνθος	43
Ἀηνόβαρβος	43
Τελμισσεύς	43
μαθαίνω	43
ἄφυλλος	43
ἀνεμέω	43
χρυσόλιθος	43
ἐπακτικός	43
συνεκδοχή	43
αἰτίασις	43
θηλυγόνος	43
ἰσομοιρέω	43
καρπόφορος	43
γυναικίας	43
καταστρατεύω	43
ἁμαξιτός	43
ἐρεγμός	43
παδάω	43
δέλος	43
διαλογικός	43
ὀστρακισμός	43
σωματοποιέω	43
θεοκτόνος	43
δηθύνω	43
ἀχθηδών	43
παμποίκιλος	43
Κωπαΐς	43
εξωθώ	43
μαίνη	43
παραληρέω	43
ἀμέργω	43
Ἀντικύρα	43
Ἐλευθεραί	43
ἀρίγνωτος	43
ἄσκημα	43
κεφαλαλγικός	43
ῥαδινός	43
Πείραιος	43
Ὠλήν	43
ἐξομαλίζω	43
ἀριφραδής	43
ἠεροειδής	43
διαμφισβητέω	43
γλυκάζω	43
δίδημι	43
πτερνίζω	43
ὑπαρκτός	43
ἐπιπάρειμι	43
συφορβός	43
ἐξερύω	43
καλλίας	43
νευρόω	43
διαφθονέω	43
ἐνθουσιάζω	43
γνωματεύω	43
προσφοιτάω	43
ἀμάρα	43
ὀιστεύω	43
κατοπτρικός	43
Δρες	42
κακόνους	42
κανονίας	42
ὀρελος	42
ρμζ	42
τήλη	42
ἐγκλιτέον	42
ζώπυρον	42
μίους	42
εὐπειθῶς	42
ἐπιτε	42
ὑπονοητέον	42
αιτιατός	42
μοσθένης	42
έψηση	42
ίους	42
ετεροος	42
Κατή	42
Παθ	42
Μεγάλων	42
πρίνη	42
σκόπιμος	42
ἐͅντεῦθα	42
Χαῖτος	42
φρα	42
βραχῦς	42
ἐπεκός	42
ἱεροπρεπῶς	42
ραί	42
ΕΒΖ	42
εὐδ	42
φοντ	42
σγ	42
ὤκιστα	42
Ἀρίσαρχος	42
ΚΟ	42
ΙΣ	42
ΡΘ	42
ΣΒ	42
ΕΟ	42
Δυνάμιος	42
Ἀπίστος	42
οὐδεῖς	42
ΟΜ	42
δέποτε	42
Παντών	42
Σου	42
ἀλουργίς	42
Λουκούλλος	42
Κότας	42
κϚ΄	42
αλλήλως	42
Κοχλιού	42
Αυγούστη	42
ετεροτητη	42
ἔνας	42
Παιαζήτης	42
Μεχμέτεω	42
Ῥοίτειον	42
δήνεα	42
Πολύαινος	42
Κωλώτης	42
δέρτρον	42
σπάραγμα	42
πόπος	42
Πλατωνικός	42
ἰνδικτιών	42
Δεξία	42
δαΐφρονι	42
Τρώϊλος	42
Ἀφῶν	42
χλίασμα	42
γλαμυρός	42
φωταγωγία	42
πῖαρ	42
κάρρον	42
Πλάτω	42
σπερμαίνω	42
μαχουμουος	42
τυφώς	42
τᾶλις	42
δίστιχος	42
ἀναφορέω	42
δε	42
ταλασίφρων	42
Πηλιάς	42
Ἕλλος	42
ἀρχαιρέσια	42
ἀσίδηρος	42
ἐφήβαιον	42
διαμπάξ	42
ἀμόρφωτος	42
συσταλτέον	42
κάρνος	42
οσημέραι	42
δικαιολογικός	42
πτεροφόρος	42
Φύλακος	42
Χρυσόθεμις	42
μυριοπλάσιος	42
καταμέτρησις	42
πρωτογέννημα	42
γονοειδής	42
κλινήρης	42
σταμνίον	42
προδιόρθωσις	42
πανείκελος	42
Ἀλκάθους	42
πεντασύλλαβος	42
Πλαγγών	42
θηριότης	42
φροντιστήριο	42
ἐρυθαίνομαι	42
ὀλιγοψυχία	42
σύγκαυσις	42
ἀσύγχυτον	42
βατήρ	42
μοιχία	42
Ἑστιαῖος	42
άψυχος	42
Ταξίλης	42
φρόντισις	42
σκορπιόπληκτος	42
Ἀτραμύττιον	42
ἀποθύμιος	42
ὑψαύχην	42
ἀνενόχλητος	42
Αἰμάν	42
ἡκ	42
Βάλλα	42
ἀπέοικα	42
Δαλμάτης	42
ἀμνημόνευτος	42
ἐπήρατος	42
Εὔιον	42
Σελλήεις	42
γνύξ	42
επικειμαι	42
Θέστωρ	42
ἄπαρσις	42
προάγγελος	42
ἀμάθεια	42
ἱερόδουλος	42
ψηφίδα	42
λῶμα	42
ἀπαραλόγιστος	42
ανομοιοσχημοναω	42
ἔισος	42
Έννο	42
Λυδή	42
Λεωχάρης	42
προσανατίθεμαι	42
Μηνόδοτος	42
τετράποδος	42
ναετήρ	42
Λίε	42
ἰούγερον	42
συνωνυμία	42
στένωσις	42
κρατερόφρων	42
Ἐπίστροφος	42
ξενολογέω	42
Νικ	42
ἀγαθοεργέω	42
οἰκοδεσποτέω	42
τριβουνάλιον	42
Σάββας	42
Λάρκιος	42
Γάγγρα	42
φυγαδευτήριον	42
σκληραγωγία	42
ἀνθρωποφάγος	42
Ὡρᾶς	42
ἴσκε	42
Ἀσίνιος	42
προσχαίρω	42
συνοπτικός	42
τιμαλφής	42
πέμψις	42
ἐξαστράπτω	42
Τιρίβαζος	42
Σιτάλκης	42
κριμνώδης	42
δυσπέμφελος	42
δακτυλιαῖος	42
γραικός	42
ἐπιβόητος	42
Ἑκατομβαιών	42
ἐννέωρος	42
ἀνέκπληκτος	42
ὀμφαλόεις	42
Ἑρμαίας	42
ψηφοφορία	42
νύμφιος	42
Νικομηδεύς	42
ἁβρότης	42
τέρμων	42
οἰακίζω	42
πτέρωμα	42
ψίθυρος	42
ἀκριτόμυθος	42
σύναψις	42
ἀθλεύω	42
τρώω	42
συνάναρχος	42
σκεπαστής	42
Εὔεργος	42
περισκελής	42
τετραετής	42
έρημος	42
μυρμηκίζω	42
γλυκασμός	42
Δολίχη	42
παλαιγενής	42
σπίζω	42
πηδαλιωτός	42
φιλοπραγμοσύνη	42
παλαισμοσύνη	42
ἀτύζομαι	42
ἀρίθμησις	42
φρυγανώδης	42
αἰδέω	42
λείωσις	42
μολγός	42
κόσμησις	42
ὠκύπορος	42
χειρῶναξ	42
Ἴκος	42
ποδαλγία	42
κρεάγρα	42
Τύχων	42
κάζω	42
εὐπάρυφος	42
χρυσίς	42
εὐεξαπάτητος	42
ἀπειλητήρ	42
οὐραγέω	42
ἐπιχαιρεκακία	42
ταχυναυτέω	42
ζάκορος	42
ἑωλοκρασία	42
ὀξέλαιον	42
εἴσκρισις	42
πρωτοσεβαστός	42
οἰζυρός	42
ἐργάνη	42
Μαντινέη	42
ἀρηΐφιλος	42
τίνυμαι	42
πανύστατος	42
Στυμφαλίς	42
εἰκοσταῖος	42
χῆμα	42
λαφύσσω	42
προσλογίζομαι	42
συνορίζω	42
ἐπιδράσσομαι	42
ὑπερφαίνω	42
ἀκέστρια	42
ῥέος	42
πρᾶγος	42
διαπείρω	42
κώρυκος	42
ποιπνύω	42
μελεδωνός	42
Σαμ	42
ὑποκαίω	42
ἀνύμφευτος	42
Ἀπέννινον	42
νεόνυμφος	42
δύς	42
παραχράομαι	42
τραφερός	42
νωδός	42
Μένδαῖος	42
συμπαρατείνω	42
χοανεύω	42
Αἴνιος	42
διδυμάων	42
εὐήλιος	42
μαχαιρίς	42
κλιτύς	42
ὑποδρομή	42
ὀψιμαθής	42
ἁμικύκλιον	42
ἁμαρτητικός	42
πολάζω	42
τιτανικός	42
μετεράω	42
ἀπορραίνω	42
προσοφείλω	42
Πρασιαί	42
δυσμικός	42
καταστασιάζω	42
οἰωνιστής	42
τελεστής	42
σηπτικός	42
ἀρχοντικός	42
τυρεύω	42
συνίζω	42
καινόν	41
Χαρίσιος	41
φοβητέον	41
υξ	41
τηνίκα	41
πλατυτέρα	41
Ἀριστ	41
Μάτε	41
Ος	41
μέμ	41
Κυπρίας	41
Κυψελίδαι	41
ἔμεν	41
ἐξόπιθεν	41
ῦτα	41
ξανδρος	41
ὑπομνηστέον	41
Λύδιος	41
γυναικ	41
βλίτυρι	41
εεὐρνυμι	41
δέδιθι	41
κλν	41
κάκα	41
ἀπαρχαί	41
Ταύτ	41
γματος	41
ἀμφοτέ	41
πέντητες	41
πολιτ	41
ποιμαντορικός	41
Τίρυνθα	41
ΑΧ	41
ὁπόιως	41
Πάρρη	41
ὑψ	41
Φόγγων	41
Κιλλικῶν	41
φρυάσσω	41
Ἀκούετωσαν	41
Αἰγυ	41
δρελος	41
εὐχλῶς	41
Χαλ	41
νγ΄	41
ϝ	41
Ναβονασσάρου	41
ακρωνυκτω	41
φωτιά	41
κυρίλλιον	41
οὖρον	41
ΔΕΖΘ	41
λστ΄	41
Κτι	41
Σειών	41
ΚΘΕΖ	41
κοπρία	41
καθάρισις	41
ἐκτατέον	41
εὐρύστερνος	41
Ἱμείρων	41
πενίη	41
στεῖνος	41
Κρούμος	41
ὑπομνηματίζω	41
λώπιον	41
κατάτρησις	41
λόχευμα	41
ἤια	41
Βίβλιος	41
ἀναπόβλητος	41
σχολιά	41
Ψάν	41
ἄημα	41
Άκτις	41
αμοιβαίος	41
νομοθέτησις	41
Ϟ	41
ἀκαθαίρετος	41
κεκτη	41
ἀφόδευμα	41
ἔνεροι	41
Ζάν	41
Ἐλευθέρια	41
αὐτοχειρί	41
ἡμίσεια	41
Βοσποριανός	41
ατονώ	41
περιμήκετος	41
ταλαύρινος	41
καρφαλέος	41
ἀνθρωποθυσία	41
ἀξιόληπτος	41
γιατ	41
ἄψορρος	41
οδεύω	41
Ἀλφαῖος	41
ἀντοφθαλμέω	41
Δικᾶς	41
δεκάχορδος	41
ὀξυωπίας	41
Λευΐς	41
Ἀσκληπιεῖον	41
εὐτονέω	41
Σίλλων	41
πατριαρχία	41
ψευδόχριστος	41
Λατ	41
ποιώδης	41
ἑτεραλκής	41
Ἀνδραίμων	41
ἄζηλος	41
βάσκω	41
φρίττω	41
Καίσων	41
Ἀζανία	41
Φιλῆς	41
ἄλλαγμα	41
Οὐαλεριανός	41
περίσκεψις	41
δεκαεπτά	41
ὠμογέρων	41
ἁλιρρόθιος	41
ἔδω	41
δάος	41
ἐπανεπαύω	41
ἰσορροπία	41
βάιον	41
χάχας	41
Βοόζ	41
γήθυον	41
πλατύτης	41
ἐπιθειάζω	41
Ἀρχεπτόλεμος	41
κατάντησις	41
Σίκκιος	41
ὁμολόγημα	41
καστόριος	41
Ἄγριος	41
πρυλέες	41
Ἰφιδάμας	41
ορός	41
Πραξιφάνης	41
εὐσθένεια	41
ἀξιοθαύμαστος	41
ἀλλάξιμα	41
λιθόστρωτος	41
συνεπιλαμβάνω	41
Οὐαλλέριος	41
Ἐλωείμ	41
Δάρας	41
ἐπαύλιον	41
καλλιπάρῃος	41
βραβευτής	41
δείχνυμι	41
Τυρηηνός	41
θησαύρισμα	41
δυσπρόσιτος	41
Άντο	41
νεκρωμένος	41
ἀκαλλώπιστος	41
ἀποκαρτερέω	41
ἐννεακαιδεκαετηρίς	41
σινωπίς	41
ἦνις	41
συνοδοιπόρος	41
ἀντιστασιώτης	41
κύμινδις	41
ψόρος	41
Φιλοσόφ	41
Παρᾶς	41
μειδιάω	41
καταγνοέω	41
Λυσιτανοί	41
Ταλ	41
ἐκλιμπάνω	41
τραγούδι	41
ἀπονοσφίζω	41
υπερκόσμιος	41
απόι	41
Λίλαια	41
Ὑπέρεια	41
Διακρίς	41
χρυσάμπυξ	41
πληϊάδες	41
κασσιτέρινος	41
Ταυρομενίτης	41
μαστιγοφόρος	41
αὐστηρότης	41
Μαδιηναῖος	41
ἀνάργυρος	41
νεφέλιον	41
παροίνιος	41
ἀτρεμίζω	41
ἐπίκτησις	41
συνεξομοιόω	41
Εὐβοϊκός	41
πάνσεπτος	41
προσήνεια	41
παιδογόνος	41
Φαίνιππος	41
ἐκχώρησις	41
παραδοξολογία	41
ἀφάσσω	41
φιλολογία	41
Πεπάρηθος	41
ἀναμάσσω	41
νᾶνος	41
κρόκινος	41
ἀμφιθέατρον	41
αποφοιτώ	41
μεταβολικός	41
ευγενικός	41
ἀλίγκιος	41
ἀνωδυνία	41
κληροῦχος	41
κυψέλη	41
Ἄβδηρος	41
ἄμοχθος	41
κυπτάζω	41
Δάρης	41
εὔδενδρος	41
κῶρος	41
γνώστης	41
τήλινος	41
προσδιατρίβω	41
κυδιάνειρα	41
ἐξεικονίζω	41
αναθεματισμός	41
προσέλευσις	41
ἀπείραστος	41
μύνη	41
μοναρχικός	41
ἐπίρροια	41
Ἑρμίας	41
ἐπίτευξις	41
κρηνίς	41
Μαιάνδριος	41
ἑταιρίζω	41
πυθαγόρειος	41
Μελιτεύς	41
διπρόσωπος	41
ἐφαπλόω	41
μαρτυρικός	41
ἔνθεσμος	41
ἰσάτις	41
ἀποσκήπτω	41
Μύνης	41
ἀνθεμίς	41
νεότρωτος	41
δαβείρ	41
οίνος	41
ἀντιπαραβάλλω	41
ἐπαίτιος	41
ὁμόστοιχος	41
ἀποποιέω	41
καταξαίνω	41
διερεθίζω	41
Θεοφάνια	41
λιπαρής	41
Ὦξος	41
αἰθαλώδης	41
δώριος	41
δραίνω	41
πυράγρα	41
καταθνήσκω	41
τυλόω	41
Γουνεύς	41
Μυρτώ	41
συνανάκειμαι	41
προσορμίζομαι	41
ἀποσκιρτάω	41
παντουργός	41
ἐπιστατικός	41
καταστηρίζω	41
οἰωνιστικός	41
Σύμη	41
ἀποτυμπανίζω	41
συγκαταφέρω	41
γαληναῖος	41
ἀγεωμέτρητος	41
Ἰλισός	41
περιχορεύω	41
Φαιστός	41
ἀφάλλομαι	41
ανώτερος	41
αὐτοπαθής	41
παρωχημένος	41
τεινεσμός	41
χιάζω	41
ἐμπηδάω	41
βάταλος	41
ἐυμμελίης	41
τελματώδης	41
νυμφίδιος	41
σκοταῖος	41
ἐκπολεμέω	41
Ταρτησσός	41
Ἑλλησποντίας	41
πρατήρ	41
Τοῦσκος	41
σφαγιάζω	41
ἀνοιδέω	41
ὀρθρινός	41
σφακελισμός	41
Ῥύνδακος	41
πελωρίς	41
ἐγκύρω	41
Ζηνᾶς	41
τριττύς	41
Ἀρδιαῖοι	41
Αἰγιεύς	41
ὑφιζάνω	41
γινώσκω	41
δροσίζω	41
ἄβα	41
ὁρμίσκος	41
πολύφορος	41
περικλύζω	41
προευτρεπίζω	41
ὑνή	41
ἐγχυματισμός	41
νοσφίζομαι	41
πήσσω	41
ἀποθησαυρίζω	41
Ναβουχοδονόσωρ	40
πεφυλαγμένως	40
δήλος	40
Φέρων	40
Ἀβ	40
Λύκαιον	40
Ἀλωπεκῆθεν	40
τύπης	40
κατασκευαστέος	40
πραγματᾶς	40
Παιδείας	40
Ἑρμᾶς	40
σκύτη	40
ἐσαεί	40
καλλιγύναιξ	40
Τρας	40
Καθεῖς	40
νερόν	40
Γείας	40
Σελής	40
Καν	40
ζβ	40
ἐσύστερον	40
προαγωγεύς	40
Ἀχ	40
σχεδόθεν	40
Ὀλυμ	40
Κισσεύς	40
ὑπόγυος	40
ΠΓ	40
Φαῦστος	40
Βόων	40
πορδάλιον	40
τηλέμαχος	40
Βίβας	40
ΓΞ	40
ΒΗΓ	40
παζῶν	40
ἐμαός	40
εκπόρευση	40
Σῶν	40
ἐαντοῦ	40
Ἰωάλλου	40
πρέσβις	40
λαμβ	40
ἰνδ	40
Πουλχερίας	40
ΒΗΘ	40
Οὐανδήλων	40
ἀποκόμβιον	40
Αρτεμίου	40
παθός	40
Ἐπιστόλιον	40
Λίτης	40
ΔΔΗΛΟΝ	40
ἴημι	40
ΑΒΓΗ	40
σταυροειδῶς	40
πατριαρχείο	40
ΦΤ	40
Γνάιος	40
θίγω	40
νειόθεν	40
Μυρσίλος	40
παγκρατιάζω	40
ἐπιπόθησις	40
Ἐσεβών	40
ὁλοκάρπωσις	40
Όλες	40
Ες	40
Λάιος	40
ἀποβίωσις	40
μαλλ	40
σπείραμα	40
Βάλα	40
Ἄμυκλος	40
πρωτολογία	40
ἀπονέμησις	40
χάκι	40
λαί	40
εὐδείελος	40
οὐτός	40
σκάφιον	40
σκωλήκιον	40
Τετράκις	40
Γώς	40
λιθοξόος	40
ἀπηλεγέως	40
πρόδοτος	40
Διδᾶς	40
άκρος	40
Ἡρακλέης	40
ἐρι	40
Ἰσῶς	40
κάγχρυς	40
ἐπιμέλεσθαι	40
Λυδιακά	40
Ἄνων	40
ἐπισημαντέον	40
ἀδιός	40
ἀρνός	40
γεωδαισία	40
φαῦσις	40
Παναχαιοί	40
σιά	40
σημάδι	40
νινί	40
Ρόντος	40
Κύνουλκος	40
βασσαρικός	40
ᾳδίς	40
ὀκτάγωνον	40
Καλίν	40
κάνδυς	40
καταπολύ	40
τομάριον	40
αὐτοκύλιστος	40
ἀκούσιος	40
βουλευτός	40
Σαμνίτης	40
ἱπποτροφέω	40
γυναικάριον	40
ἐμβροντησία	40
ὠμοτριβής	40
δανός	40
δᾴσκω	40
ἐζ	40
Λέσε	40
ψέλνω	40
Μουν	40
κίγκαθαρμαι	40
ῥάχη	40
μωλάριον	40
γυμνής	40
ὑγίανσις	40
ἀκιδνός	40
λημμάτιον	40
Πολλοῦς	40
ἄπληκτος	40
εἰκόνισμα	40
Σχεδίος	40
παρακλιδόν	40
πτόησις	40
ἐγκαταλιμπάνω	40
διαπρίω	40
δουλειά	40
Πασχώρ	40
Λύδη	40
τούτός	40
κακόνοος	40
Αἰγηίς	40
ἀντερῶ	40
ὑπεράγαθος	40
μαίω	40
ἐπιμελία	40
ὀρθωσία	40
Ἀρειομανίτης	40
ἐξιλασμός	40
σπερμάτιον	40
Σεπφώρα	40
σύμπνους	40
ποσείδιον	40
Νέδων	40
Ἡγήμων	40
Λοπάδιον	40
Γενῆς	40
Ἀκάνθιος	40
Ῥηξήνωρ	40
χαλκοτύπος	40
Μετανείρα	40
κεχρέω	40
Φρε	40
Πομπίλιος	40
ξενία	40
δύσοσμος	40
ἶλιγξ	40
τοπαρχία	40
ἀσκητήριον	40
Κύτωρος	40
Ἀμβρακικός	40
κόννος	40
λιθίδιον	40
Πορθμός	40
ἄνοντος	40
Ναυπάκτιος	40
Σχοῖνος	40
στρομβώδης	40
άπλαστος	40
καρδιογνώστης	40
πτύαλον	40
ῥοδίζω	40
Εὐάνθης	40
μαίνω	40
αυξητικός	40
ἐπεξεργασία	40
Άνδρος	40
σκυθρωπότης	40
κυριολεξία	40
Δωρίμαχος	40
Φραώτης	40
προποτίζω	40
Κλεόνικος	40
Παπίριος	40
κραταίωμα	40
μεταλλεύς	40
Μύγδων	40
έξαφνος	40
ἀνυπομόνητος	40
γισμοω	40
ευχολη	40
ἴλλος	40
κουρητος	40
πελαγίζω	40
οἰμάω	40
Οκτώβριος	40
διεσθίω	40
Φυλομάχη	40
Βιάνωρ	40
διακορής	40
ἀλθαίνω	40
Οὖτις	40
λάλαξ	40
συναγανακτέω	40
πελάω	40
Βακχίς	40
ἐλευθέρωσις	40
λιβάδιον	40
συνεκτρέχω	40
Λατινικός	40
ἐπιπληκτικός	40
σποδέω	40
ἐκφαντορικός	40
χρονογραφία	40
παραφύομαι	40
Μόσυνος	40
ναυτιώδης	40
συνοδός	40
εἰσνοέω	40
Θερμαῖος	40
Ἀμαντία	40
Βούζης	40
Κάρπος	40
δραματουργία	40
Εὐλάλιος	40
Τίβιος	40
δυσαής	40
Ἄλβη	40
ἐπίδημος	40
εὔπνοος	40
ἀσμενίζω	40
ἱππαρχία	40
ἐποιάω	40
εὖα	40
Ἴσχυς	40
ἀνασφάλλω	40
ἀνακοπή	40
μῆδος	40
ὑδερικός	40
Μηνύκιος	40
σφαγῖτις	40
ἀλγινόεις	40
θηραῖος	40
σακκίον	40
ἐξεράω	40
Ὀδόακρος	40
τραπεζοποιός	40
ἐπασκέω	40
δαφνήεις	40
συνέπεια	40
προαναφαίνω	40
χαλκήλατος	40
αποστέλλω	40
οἰστικός	40
παρόω	40
χαλκιδικός	40
διφάω	40
Ἄμφισσα	40
δάνος	40
εἰκαστικός	40
πατριαρχεύω	40
περιηγής	40
καλλίκομος	40
στεγάζω	40
πράμνειος	40
ἔναλος	40
ἀνάδυσις	40
Αἰγείδης	40
σκληροτράχηλος	40
εὐκαιρέω	40
δεκανός	40
ἀπαφρίζω	40
Ἄρδυς	40
Πυλαιμένης	40
θλιβερός	40
τροχοειδής	40
ἀρτιοπέρισσος	40
λεπαστή	40
ἀνέτοιμος	40
παροξυντικός	40
ἄοινος	40
ἀκράχολος	40
σκαμβός	40
ταχυγράφος	40
ἐγκατασπείρω	40
ζητάω	40
γάμιος	40
οἰστράω	40
καταχωρίζω	40
ἀντεπάγω	40
ἀπότευξις	40
Ψαῦμις	40
νητός	40
περιδίνησις	40
συνεχίζω	40
εὐρής	40
ἀργεννός	40
χωρικός	40
κοπόω	40
προστρέπω	40
νέφω	40
σκοτοδινιάω	40
ἀνθίζω	40
ἀντακούω	40
μεγακήτης	40
βάκκαρις	40
χλοάζω	40
ἐποποιία	40
αἱμωδία	40
ἀπαμύνω	40
κάσα	40
προθερμαίνω	40
περιειλέω	40
εὐδιεινός	40
ἀντιλογικός	40
απελαύνω	40
ἀναφυσάω	40
Παίδων	39
ὀκνητέον	39
πλευστέον	39
ἀπώμοτος	39
Λίδνμος	39
Παρθενία	39
ἐπίηρα	39
παραδεκτέον	39
εὐοῖ	39
ἀντεῖπον	39
φυκία	39
κατάβρωμα	39
ὁν͂ομα	39
πλεῖστα	39
λεύειν	39
περίορθρον	39
διχ	39
̔	39
ἴθι	39
ἐμφαγεῖν	39
χαλκάνθη	39
ἀναιρετέον	39
τξ΄	39
ΗΠ	39
Χρήστας	39
Μεγαρόθεν	39
Λόγων	39
Βι	39
δμοιος	39
μαντείο	39
Καυᾶ	39
Σουλτάνου	39
λοντ	39
πορευτέος	39
ἄκμη	39
γνωμικόν	39
βραχ	39
λιβάνιον	39
Κᾶρος	39
ΓΒΔ	39
Δορκάς	39
σάν	39
ὁρῆν	39
καταντίον	39
Πάρμα	39
ἀπαξία	39
Πολύιδος	39
ἀπηλ	39
Ὀνίας	39
δΑΓ	39
θυμ	39
στηθύνιον	39
τουντέστιν	39
μνηστήριον	39
Στάρχος	39
ὅδωρ	39
προσευρίσκω	39
παραπικρασμός	39
Σατᾶν	39
Έδδα	39
τήσας	39
Ἐλιέζερ	39
ρλγ	39
Πολύχαρμος	39
Νεσίν	39
ΑΔΕ	39
Ίκην	39
διαβατικός	39
άμφιο	39
Λιάντα	39
απλοιπως	39
Ἀμουράτην	39
Παιαζήτην	39
ιηλυπως	39
Σπον	39
ἔγχυμα	39
ζζ	39
Λίνδος	39
ἀποδύνω	39
ἀντίψυχος	39
γιά	39
περίσσιος	39
δίζησις	39
συνεστίασις	39
Ναϊκός	39
μνημονευτέον	39
ρς	39
ἄγμα	39
τόθεν	39
Έλεϋ	39
Πατῆρ	39
Ἄβαντες	39
Τρυφᾶς	39
Ἥλις	39
κή	39
φιλάω	39
ὠχρίασις	39
αρεστός	39
Οἴδας	39
Γαριζείν	39
Φίλιπποι	39
ἀλίτω	39
εὐγνωμονέω	39
θυμαλγής	39
Σαρκοῦς	39
αλώσιμος	39
Καραμάν	39
Τριόπιον	39
Ἀνακτόριος	39
Ἀβρότονον	39
φύγαδε	39
Λεωγόρας	39
Καλπούρνιος	39
ὑπνώττω	39
σχιζόπτερος	39
μορέω	39
έμμετρος	39
ῥύσιον	39
κίδναμαι	39
Φαίη	39
Αἰσχρίων	39
Σάμων	39
Νέμειον	39
φαέσφορος	39
ἀκάνθινος	39
λεπτολογέω	39
πολύευκτος	39
ικετευτικός	39
πάξ	39
δρόμωνας	39
φοινικοβάλανος	39
ἀλέξημα	39
πυθίων	39
ἄτριχος	39
ᾠδεῖον	39
αἴτης	39
λεξίδιον	39
Κίτιον	39
τροπαιοῦχος	39
Ἡροφίλειος	39
ἀγροῖκος	39
προμαχών	39
ΧΣ	39
μενοῦνγε	39
Ἀμώριον	39
μεσάραιον	39
ῥοφάνω	39
Σεγεσταῖος	39
βρώμη	39
Ζεῦγμα	39
ποιήεις	39
λωποδυτέω	39
συνόμιλος	39
νεοσσεύω	39
ῥάζω	39
Φίλιπ	39
Μελίτων	39
Ἕλιος	39
μεταμώνιος	39
ἀβώ	39
παιδογονία	39
επιχουρια	39
εὔστροφος	39
δυσάμμορος	39
Ἐλεφήνωρ	39
Οσάρ	39
ὀψαρτυτικός	39
Ἐλύμας	39
καλλιέλαιος	39
ἐπίνοσος	39
γοργόνη	39
δυσχρηστία	39
πρότροπος	39
Χαλκομέδη	39
Πολλίων	39
ὁμοιοκατάληκτος	39
βατάνιον	39
ἐκπέταλος	39
συμφιλοσοφέω	39
βωμόλοχος	39
ὑπηρέτις	39
Κρισπῖνος	39
πεῖσα	39
ἀρτίπους	39
Λιγυστικός	39
ἐκφαντορία	39
ἐνσώματος	39
Ἀβεσαλώμ	39
θρέω	39
ανδρείος	39
Σαδυάττης	39
ἐνδόμυχος	39
βιβλιογράφος	39
κατείβω	39
Πολυσπέρχων	39
Κούρητες	39
ἐπίρρυσις	39
ἐπιστατέον	39
κατωμαδόν	39
σαλ	39
Ἀνώ	39
δοθιήν	39
ἐμπλαστρώδης	39
Θεότιμος	39
ἀνεπιχείρητος	39
Περός	39
νομοθέτημα	39
κελευστής	39
λωβητήρ	39
παρορμέω	39
λογή	39
ταινιόω	39
Δημάρητος	39
Ἰόπη	39
πύργωμα	39
παρθενών	39
ὕνις	39
Ἀμυνίας	39
ὑπωπιάζω	39
καταβιάζω	39
Βουκεφάλας	39
τοῦρμα	39
προσκαθέζομαι	39
ποσόω	39
ὠτικός	39
δωτίνη	39
ψεδνός	39
Ῥήνη	39
ἀδής	39
ἄθυτος	39
Λυν	39
λειποτάκτης	39
ἀνόρθωσις	39
βαθύγειος	39
Σκείρων	39
παράδειξις	39
ἀμνησίκακος	39
Θάλλος	39
σκαμνίον	39
ευαγής	39
ἀμυγδάλινος	39
ἐκκριτικός	39
κακομηχανία	39
ἐμποδιστικός	39
τῖμος	39
ἐαυτός	39
φαρμακοποσία	39
κερασός	39
κοιλό	39
χόανος	39
ἀγλαόκαρπος	39
ἄνδρας	39
κατακαυχάομαι	39
μεγαλοσύνη	39
Χαρά	39
πρεσβευτικός	39
Μαρτυρόπολις	39
ὀά	39
στάλιξ	39
τέρετρον	39
θυμοφθόρος	39
ἐπιμίξ	39
λίσπος	39
κολυμβίς	39
ἀλαπαδνός	39
σπύραθος	39
θρῆνυς	39
πληρωτικός	39
ὤχρα	39
περιχώρησις	39
γνωσιμαχέω	39
ἀποσυνάγωγος	39
μίνα	39
ἄστομος	39
δίψυχος	39
μυστηριώδης	39
φοινίκινος	39
ἡμίπεπτος	39
ὑπομνηματιστής	39
ὑπάω	39
Ἀχαιικός	39
ἐρημικός	39
καταπνέω	39
Μυκαλησσός	39
συνεισβάλλω	39
ὀχθώδης	39
κατάντλησις	39
ὑπερηφανέω	39
ὡραίζω	39
Ναυπλία	39
ἀντωνυμικός	39
πρευμενής	39
χρώννυμι	39
μικρομερής	39
πρόσεσις	39
κνώσσω	39
κιχλήσκω	39
ἀλιπής	39
σκυταλίς	39
κατευρύνω	39
βοσκός	39
παρόρασις	39
ἁπαλύνω	39
ἐσία	39
ἐπιγαμέω	39
ἱπποφορβός	39
ἐξεταστικός	39
Ἱππόνοος	39
σιρός	39
πολύσαρκος	39
ἀμυντικός	39
ὑποσπάω	39
σίλουρος	39
εἰσοχή	39
πρώιος	39
ἀποσκεδάννυμι	39
ἀπορηματικός	39
καθάλλομαι	39
παράληξις	39
γνωμολογία	39
θεσμοφόρος	39
τεσσαρεσκαιδεκαταῖος	39
ἐμπλήσσω	39
ὑδρηλός	39
εὐδαιμονικός	39
μεταναστεύω	39
πήνη	39
βιαστικός	39
θρίσσα	39
ἐξοράω	39
διασαλεύω	39
ὀμβρέω	39
ἰάζω	39
προσλιπαρέω	39
προπομπός	39
Τιριδάτης	39
προσαναπληρόω	39
τονέω	39
λατομέω	39
πλέος	38
χνην	38
ἀβούλως	38
κατάκρας	38
ψιλ	38
παραπροσβείας	38
Κατέρω	38
τιθέμεναι	38
Νέων	38
τρόφις	38
Μακάρων	38
Ἥραιον	38
Ἰλιόθεν	38
παροξυτονητέον	38
τοὔνεκ	38
ἐξέτι	38
ἀποφ	38
εὐξίαν	38
πλειόνως	38
Συμμαχίδας	38
ΙΚ	38
Δείσας	38
ἑνοι	38
ῥόα	38
τλ	38
βό	38
ἐμαυ	38
απαλότητα	38
γιννάω	38
ῥαστώνη	38
γώνον	38
δντι	38
τέλεος	38
ἐγνω	38
παῦς	38
Φιλόμηλος	38
Πύθα	38
δγ	38
Βαλδουΐνος	38
χοντες	38
Πίσσης	38
χετο	38
ΝΑΤΟ	38
πίθη	38
συρακουθεος	38
λισχινεος	38
ὕπλα	38
Λόντο	38
ἀδίως	38
κτος	38
μόλυνση	38
ἐπίταδε	38
Θεογονία	38
θαρ	38
Ἀρχέμαχος	38
ρκδ	38
ΜΣ	38
Χάρτος	38
ἐπίρ	38
πιάν	38
Παλαίας	38
αὔγουστος	38
σλ	38
Ἰχθύας	38
Χελκιος	38
υδατώδης	38
ρλδ	38
Ἰδιθούμ	38
χῆρυγμα	38
ἀνθρώπ	38
Ἰωαθάμ	38
Μισάχ	38
Λαιστρύγων	38
νζ΄	38
δΖΕ	38
ἀπορητέον	38
Γυλιάμος	38
κιανένα	38
ἀκροχορδόνη	38
Ῥουβείμ	38
ἵτω	38
δδεσποος	38
μικτέον	38
γονυπετής	38
ψό	38
Νῖνος	38
συμφυλέτης	38
Σκύμνος	38
ἀγχίμολος	38
λίπας	38
ἐντόσθιος	38
Ἰωναδάβ	38
Πέπλη	38
παιδεραστέω	38
φήνη	38
λίβα	38
Σκύλλαιον	38
εἰνοσίφυλλος	38
ἀγάομαι	38
Δένα	38
βιαστής	38
Σηλυβρία	38
κολοφώνιο	38
Λουκίλλιος	38
χίμετλον	38
στησίχορος	38
οφφικιων	38
ἄναρ	38
νέωμα	38
Δόμνος	38
λιομηδομαι	38
ἀναπόδραστος	38
ἑῶος	38
πρῶρα	38
χῆμαι	38
Χόντος	38
δόκος	38
Ἀδωνίας	38
Χρυσό	38
ἐρίφιον	38
Μελχόλ	38
φιλεταίρειος	38
καμηλοπάρδαλις	38
ἁμόθεν	38
σίνηπι	38
μαλελεήλ	38
μοιάζω	38
Σουλεϊμάν	38
ἐπίπλοος	38
Χάις	38
εγγραφή	38
Βήρωσσος	38
μιμέω	38
γῄδιον	38
Δημοκλῆς	38
πλατάνιστος	38
κίγκλος	38
Ἀραράτ	38
πρόσκλισις	38
ἑρκεῖος	38
ἀποσιτία	38
ἰσοπολιτεία	38
Χρύσιν	38
Ὀδίος	38
ἀγορασία	38
νοθεία	38
Σῆμε	38
γυλιός	38
Δέρβη	38
οὖας	38
γενέσια	38
Στῶς	38
Ἀγαθῖνος	38
τοπάζω	38
τετράδραχμος	38
φυσιολόγος	38
καμπυλότης	38
ἀμοιβαδίς	38
παναίολος	38
Πεισίας	38
κνίδιον	38
ἀνέμβατος	38
ἐκμαρτυρία	38
Καρπάθιος	38
μάργαρος	38
προπαρα	38
ΚΑΠ	38
τρίχωσις	38
μονάς	38
Γεννήτωρ	38
ἀναζυγή	38
κήρυξ	38
Γεδσών	38
ἐπίδικος	38
ἑπτάγωνος	38
ἐξετασμός	38
χέρνιβον	38
κρυφιότης	38
σῆσις	38
Μάρπησσα	38
ἀποφράζω	38
αἰσχ	38
εξού	38
βρία	38
Κεφαληνία	38
Άχρα	38
ἀκρότομος	38
φάλανθος	38
σαπέρδης	38
ὀλή	38
πιστάκιον	38
αὐθεντεία	38
καμίσιον	38
Ἀλέκτωρ	38
τυκτός	38
ἔφημαι	38
μεταχώρησις	38
ἐπήτριμος	38
ὀνησιφόρος	38
αυτάδελφος	38
Αἰολίδης	38
ἰσόσταθμος	38
ἄφυσος	38
καρδιωγμός	38
Τολμίδης	38
σεληναῖος	38
εὐδοκιμία	38
ὑπερηφανεύω	38
ΑΔΣ	38
ἀποστάσιον	38
σύνοπτος	38
ὠμόλινον	38
Κυχρεύς	38
βαδιστικός	38
μαιόομαι	38
Σικανία	38
Καλύδναι	38
ἰάτρευσις	38
ἐνθρονίζω	38
επανέρχομαι	38
φίλαρχος	38
Πάχης	38
Στεφ	38
πανδεχής	38
Ἄνουβις	38
στενόπορος	38
ἔκλευκος	38
ἀντήρης	38
νεκρικός	38
ἐξέρομαι	38
Ἀριαῖος	38
ἔκθαμβος	38
χοηφόρος	38
Ἱππων	38
Τράμβηλος	38
ἀστρονομέω	38
ὑπομονητικός	38
Πόλα	38
ἐκθεραπεύω	38
ἀλεωρή	38
τρίδυμος	38
ἐκτροφή	38
κωπηλασία	38
τυμπανιστής	38
Αἰμιλία	38
κάνναβις	38
Ὀδυσεύς	38
ἐντήκω	38
κυβευτικός	38
πυρρίχιος	38
συζέω	38
τροχιλεία	38
ἑξαπλάσιος	38
μελάμπυγος	38
Φάρας	38
ἀπακριβόω	38
πλινθίς	38
Κάρραι	38
Παγγαῖος	38
προκατάρχομαι	38
πεντάμηνος	38
δημήγορος	38
μειονεξία	38
ἀγοραστής	38
γέρος	38
δνοφερός	38
Ἀλκυονεύς	38
εὐπάλαμος	38
προσεκβάλλω	38
Ἵρτιος	38
Πρόβα	38
ὁπλομαχία	38
Παλληνεύς	38
μεταβουλεύω	38
ἐνθουσιαστικός	38
στρατάρχης	38
ἀσπαλιεύς	38
δυσαισθησία	38
χρυσάφιον	38
λαπαρός	38
δικαιότης	38
ἄκλυστος	38
λογικότης	38
Ἀξίοχος	38
θεράπευμα	38
μητροκτόνος	38
πολύκλαυστος	38
κατακύπτω	38
ἀνανέομαι	38
ἐπισχερώ	38
κολίας	38
Ἀδιαβηνή	38
ἐμπαιγμός	38
ἐπιθαρσέω	38
ἐπισιτίζομαι	38
Ἀβιμέλεχος	38
συμμάχομαι	38
ἐναρίζω	38
Ἰσσηδόνες	38
σίσαρον	38
ἰτός	38
ἁψιμαχία	38
ἔνδημος	38
ἄριοι	38
διαφράζω	38
διαθρυλέω	38
ὤστης	38
Λυσιτανία	38
φύσκη	38
Λύδδα	38
ἀνεξικακέω	38
Ἑρκύνιος	38
ἀφρίς	38
συναλίζω	38
τηλέπορος	38
διείρω	38
καταπτύω	38
κιθαριστικός	38
ἴδμων	38
ζητητής	38
πλυνός	38
τρῦπα	38
χασμός	38
βουθυσία	38
ἱεροποιός	38
παρεκτροπή	38
πολυπληθής	38
ΕΣΠΕ	38
Μεσήνιος	38
ἄγνωτος	38
φιλοπονέω	38
δικολόγος	38
ῥοδιακός	38
Ἀσπληδών	38
Κερασοῦς	38
ἀνερεθίζω	38
συγκαθέζομαι	38
βοηλάτης	38
κεραμεῖον	38
ὁπλομάχος	38
ἐπισυνίστημι	38
ἐπισπείρω	38
προσμάχομαι	38
ἐκθηλύνω	38
καταμαντεύομαι	38
ἀντικρούω	38
καθυπερτερέω	38
μνημο	37
λοντες	37
Θίας	37
παραβλήδην	37
ὑγ	37
πολλής	37
κρήγυος	37
ἅψος	37
ἥγε	37
ἀφορ	37
δφ	37
λλο	37
Ἐπίων	37
καθηγούμενος	37
ὀξυ	37
ρ́ων	37
εὐκαιρίᾳ	37
ἠνώχλουν	37
ἰσχ	37
χρ	37
ὁτς	37
ἡμέρ	37
σματος	37
συλλογιστέος	37
Νενάι	37
Σωμάς	37
αἰσθός	37
ἀσυμφανῶς	37
θεωρητικῶς	37
νεοθηλής	37
στιπως	37
Ἥρων	37
παραθετέον	37
τούμπαλιν	37
ενέργεια	37
Σπαθάριον	37
ἐοκρος	37
ὡσερ	37
Κίων	37
ἀποτάδην	37
σύκο	37
χρ́ομαω	37
κομ	37
Φω	37
πέντητος	37
τοιτέστι	37
Χαλός	37
Θαβωρίῳ	37
ἐπλ	37
πανύστατον	37
ποκ	37
Μέθη	37
Ἄσσιος	37
εἰλ	37
Βασίλι	37
νειόθι	37
Θώραξ	37
ἐμβ	37
ΛΧ	37
ΞΓ	37
ΒΟ	37
Βιβλία	37
δεῖλος	37
κυριεία	37
Ῥωμαῖκός	37
ὑπερέκεινα	37
ρλη	37
Σήθος	37
θεοτόκος	37
θε	37
ΤΣ	37
ἑδραίωμα	37
Ἄχαρ	37
εὐαγγελϊκός	37
ουσιωδώς	37
ΒΕΔ	37
Ἐπείφ	37
ξϚ	37
παρῳνχόνω	37
διφθ	37
φωνον	37
Φράζε	37
Ιουβενάλιος	37
ὑποχώρημα	37
καλένδες	37
Συργιάννην	37
φΔ	37
καλλίπαις	37
ἔμβραχυ	37
Μέσπιλα	37
ΓΕΝΕ	37
δηιόω	37
κακόζηλος	37
ἐνστατικός	37
Καρά	37
υπερά	37
Πέρδιξ	37
χρονογράφος	37
γελωτοποιέω	37
οὐργυία	37
σκαράνικον	37
φιλοικτίρμων	37
ἀπρίατος	37
Κέρκωψ	37
θεώτερος	37
προσφάγιον	37
Φιλόπατρις	37
φυσίζοος	37
ἡδύχροος	37
καρχινοος	37
ἀμαθύνω	37
Νειλεύς	37
ἐκπλαγής	37
προληπτικός	37
οὐροπύγιον	37
ακανθώδης	37
τύπωμα	37
ἀναδίδω	37
ΕΚΚ	37
Ἀβασγία	37
αιγύπτιος	37
ἄναλτος	37
παιδίσκος	37
μονήρες	37
Πρίσκα	37
Καιρός	37
ἔκτριψις	37
λέμφος	37
μιζεω	37
νήνεμος	37
νευστάζω	37
πινακίδιον	37
Ποντία	37
Βόρειον	37
Ἀτίλιος	37
Νασικᾶς	37
στιχάριον	37
πυργοποιία	37
ἐπούλωσις	37
θέρμουθις	37
βακχείος	37
Καλλιάδης	37
Καυλωνία	37
ἄβαλε	37
ἔπειδη	37
Σαπφικός	37
ἐφίμερος	37
ΧΡΕ	37
ὀξίνης	37
ἑρμῆς	37
κακώδης	37
ἐργαστής	37
δυσήνιος	37
κολλυβιστής	37
σύναρσις	37
ἐμμέθοδος	37
μεταφορέω	37
ἐπίφρων	37
παρακάλυμμα	37
Τυνδαρίς	37
Μανδάνη	37
ἀνέψω	37
μαίρω	37
κύκλησις	37
Πάνιον	37
Φιλέας	37
ενδεχόμενος	37
ὀχλεύς	37
ἐκψύχω	37
Φάλαικος	37
συνιέω	37
εὐπαράγωγος	37
Κώνων	37
αἰθύσσω	37
ἐπιρρώομαι	37
ἐμπλοκή	37
διαστράπτω	37
ποδόω	37
Ὀμβρικός	37
ἀποτροφή	37
ἱπποδρόμος	37
πατριαρχεῖον	37
Ἐρεχθηΐς	37
περιστρατοπεδεύω	37
διάκλυσμα	37
ῥῆον	37
ὑπό-τυγχάνω	37
Ἀνθεμίων	37
κράγος	37
ἀνομοιογενής	37
μόλυνσις	37
σεμέλη	37
Βακχιάδαι	37
Καλλίξενος	37
ἀσκάλαβος	37
ἔφυδρος	37
τελεσιουργία	37
ὑπεράρχιος	37
Σενναάρ	37
δυσκάθεκτος	37
Μόμμιος	37
Μαρέη	37
μετανάστιος	37
ἕκπους	37
ἀνεπηρέαστος	37
Θουρίη	37
θρύον	37
Μακρός	37
ὀνάριον	37
ἀνάκαμψις	37
ἀπαράμιλλος	37
κάμμορος	37
Κτησίβιος	37
μελάνυδρος	37
Περυσία	37
ὑπαλύσκω	37
Ἑρέννιος	37
ἀρτιότης	37
συνωνυμέω	37
πανηγεμών	37
δυσβάστακτος	37
λεπτυσμός	37
Κελαινώ	37
Ὑπερήνωρ	37
καλλωπιστής	37
ἀμφίδυμος	37
Μελιτίδης	37
ἀπέχθομαι	37
ἱκανότης	37
ἐκσκούβιτος	37
σφεδανός	37
ἐπιδερμίς	37
ἐθήμων	37
ἰκτῖνος	37
μῶμαι	37
σωματότης	37
μόντος	37
απατημένος	37
κατρεύς	37
ἐπικομίζω	37
ἐπλώ	37
περιδρομή	37
Ὑσιαί	37
μηλωτίς	37
πρόσκρουσμα	37
Πύλης	37
πολύολβος	37
μαθητός	37
διάπτω	37
ῥυσός	37
Αἰγίμιος	37
Εὐάδνη	37
ἀκαταπόνητος	37
εὐαυξής	37
ὄσσομαι	37
Μοῦρκος	37
Λάκριτος	37
Χαρώνδης	37
κοπρών	37
πόρω	37
ἀπόκλισις	37
Τούλλιος	37
ἐμφατικός	37
μόλυσμα	37
ἀκάτας	37
ἐλαφρία	37
Ἴδως	37
συναγχικός	37
ἀρτίσκος	37
Ὄρθος	37
ἐντέλεια	37
λιάζω	37
Αἰάντειος	37
ὑπηνήτης	37
εκάτερος	37
γυμνασίαρχος	37
καταμιαίνω	37
πλασματικός	37
εὐμετάδοτος	37
Κυδίππη	37
κεμάς	37
φορίνη	37
πλησιφαής	37
ὀρρωδία	37
πεσσεύω	37
Αὐτοφραδάτης	37
Ἴτων	37
ὀτρηρός	37
φυλία	37
μετεμψύχωσις	37
Μήτρος	37
μενεχάρμης	37
ἐπιδευής	37
Ὁρτήσιος	37
κυλικεῖον	37
πτητικός	37
εὐμουσία	37
νεφελώδης	37
άσχετος	37
παρεγγύη	37
προαποθνῄσκω	37
συναποκαθίστημι	37
κάνδιδος	37
ἐξοίχομαι	37
ἀφρούρητος	37
ἐναταῖος	37
θυοσκόος	37
Κομάτας	37
Μουτίνας	37
Ζελείτης	37
ἑλιγμός	37
κολεόν	37
ἀμαρύσσω	37
ὄσιρις	37
ἑτεροδιδασκαλέω	37
δωροφορέω	37
ὁμοδοξέω	37
λεύκασπις	37
ἐγγελάω	37
Ὕδη	37
ῥυτιδόω	37
οἰδαλέος	37
καταμύω	37
σμαρίς	37
προσθέτω	37
Ἀρεθούσιος	37
καρηβαρέω	37
χελιδόνιος	37
ἀνακαθίζω	37
συζυγέω	37
θώψ	37
παρατίλλω	37
ἄρτυσις	37
σφαλός	37
κανίσκιον	37
πεύχη	37
διακάθαρσις	37
ἐγκατακλείω	37
πολυφάρμακος	37
ἐμπείρω	37
ἀπαρασκεύαστος	37
Ἀλίας	37
προσεννέπω	37
αφορισμένος	37
προσαναβαίνω	37
ἐπικερδής	37
ἀνθινός	37
ἑβδομαδικός	37
ἐπιφράζω	37
προσπήγνυμι	37
ἐρινόν	37
ἀργυραμοιβός	37
προαπαντάω	37
ἐπικωμάζω	37
στρωτήρ	37
συβαριτικός	37
στεγνόω	37
ἆλλος	36
ἐκδραμεῖν	36
Ὄρνις	36
καμμ	36
κατά-χράω	36
ἀπό-ἐρῶ	36
μεγαλωστί	36
ἄναντα	36
ξενοροος	36
ἀργυρίδιον	36
εἶθαρ	36
Ἀσίς	36
Διογενοῦς	36
Χοιρίδιον	36
ἔοιχα	36
ἐμβριθῶς	36
πυκινῶς	36
Ἔρος	36
Καλλιόπα	36
Γαληνός	36
προσφ	36
σῖνος	36
ἰχθῦς	36
τἀλλ	36
προαι	36
Σέσι	36
ἤθω	36
ἐγκα	36
ἀσέμνως	36
κρόν	36
Σύγκα	36
ἐυτς	36
γοντας	36
σούσι	36
ἐσχηματισμένως	36
Σιλβέστρου	36
ἀπαγ	36
ξγ΄	36
συνδρομάς	36
ΚΑΘ	36
ἐμαντῷ	36
ευχρινεια	36
Ἅπλα	36
ἰζ	36
οὐδαμόσε	36
ῥυ	36
σίδηρον	36
Νίκα	36
ἑλικών	36
παιδόθεν	36
ἱππηλάτα	36
περιφραδέως	36
Γε	36
ικῶς	36
Ῥωξάνης	36
ἠλός	36
ξαρ	36
ΥΝ	36
ΡΝ	36
ΩΤ	36
ἐπίξηρος	36
φιλαθρωπίαν	36
κακοδαιμονάω	36
Ἔβερ	36
Ἰσσάχαρ	36
ροέω	36
ρμβ	36
χάκεινος	36
προσθάω	36
ἀμαρτωλός	36
συναίδιος	36
μηδαμόθι	36
χρησμῴδημα	36
Ὀφιοῦχος	36
Λάσκαρις	36
χειρότερον	36
συναλ	36
ῥύδην	36
Σαμοθράκη	36
αγαθουργία	36
εὐαγῶς	36
σώρεως	36
ΛΥ	36
ανκοφρεω	36
Δώνος	36
σωζόμενος	36
Σλ	36
ἀμνίον	36
Πολλῶς	36
ἀπερεύγομαι	36
Φάις	36
Πατέ	36
ἀθαύμαστος	36
γουω	36
Πυλαία	36
λεπ	36
γλῆνος	36
ρίγος	36
θεοφιλία	36
Ἄνθιμος	36
Χεττούρα	36
μεσόγειος	36
Ἄστρα	36
γάλαξ	36
προσδοχιος	36
οἰδα	36
Πάνη	36
Ἀμφιλοχικός	36
Έτυ	36
Δωριάζω	36
διάτρησις	36
ἀνεπίσκεπτος	36
Χες	36
ἀφετηρία	36
εἴλημα	36
Στοῖς	36
βασά	36
Ἄνιος	36
ἀγά	36
Γοθονιήλ	36
ἀθυροστομία	36
ἀργυρόηλος	36
Λίτα	36
Αἴλων	36
Πᾶνες	36
δωτήρ	36
μουσουλμάνος	36
δύσ-ερως	36
νῆις	36
Ἀρκαδίων	36
σαρουιος	36
απόσπασμα	36
ἐπαναιρέομαι	36
Σάγρα	36
ἀπόπεμψις	36
λεπίδιον	36
Τελέστης	36
Κώων	36
αδιόρθωτος	36
φόρον	36
ἀκκούβιτον	36
ἐπινυκτίς	36
Κλυταιμήστρα	36
Ἐρυξίμαχος	36
δυσθήρατος	36
περιχλεω	36
ἔνδυσις	36
εἰσαίω	36
Ποδάργη	36
Ἀστυδαμεία	36
δεός	36
χαλκότυπος	36
ζωοποίησις	36
Μάρεια	36
ἀνίδρυτος	36
απλανής	36
εὐπέτεια	36
πολύρριζος	36
τόρος	36
Πυγμαλίων	36
κνέωρον	36
αντίκα	36
ἐπεξεύχομαι	36
καλαθίσκος	36
ἐμ	36
ἀνυπέρθετος	36
ροπή	36
συναναστροφή	36
ἀσπιδιώτης	36
ἀποκάθαρμα	36
ἀμπελόφυτος	36
κύκλωμα	36
ἀναφύσημα	36
δηλήμων	36
συντάραξις	36
ἡφαιστότευκτος	36
μέζω	36
δαιτρός	36
ἀγονία	36
αγίασμα	36
Κανδάκη	36
συμπροσκυνέω	36
ἀποσχάζω	36
ἀλκυονίς	36
Χρά	36
πλόκος	36
ὑπομνηστικός	36
θεόπτης	36
προκέλευθος	36
Μνός	36
κάκοδμος	36
εὐφήμιος	36
μονόχροος	36
Βοσόρ	36
αφιερώνω	36
κουστωδία	36
οἰκήσιμος	36
ἔκκαυμα	36
εὔσκοπος	36
Κέρκαφος	36
Φρύνων	36
δυσοσμία	36
ὀκτάς	36
παράχρησις	36
Ἀριστέας	36
Μινύειος	36
ὁμιλαδόν	36
ποτιπτύσσω	36
σιβύλλειος	36
χείνω	36
κοκκύζω	36
διχόμηνος	36
ἀνελεήμων	36
κατασπουδάζομαι	36
Μούνδος	36
ψυχρολουσία	36
ἀφοσίωσις	36
Δίαιος	36
συνεκτείνω	36
ῥητήρ	36
θεμός	36
καταπέσσω	36
ἄμενος	36
λεπταλέος	36
Γέσσιος	36
Φορωνίς	36
ἄδουλος	36
πολύσπερμος	36
διαιτητικός	36
ἐκβάω	36
ἔγγραπτος	36
γομενω	36
ἄσπλαγχνος	36
Εὐρυφῶν	36
κροκύς	36
Ἀττάλεια	36
Ὡρῖς	36
Κορνοῦτος	36
σκαλίας	36
ἀρήϊος	36
ἐπιδιαμένω	36
δυσνόητος	36
κυανός	36
σκηνοποιός	36
πολυτεκνία	36
ὀαριστής	36
σκοτωματικός	36
κοσμογένεια	36
μισθοφορία	36
Πύθης	36
βασιλεοπάτωρ	36
Ἰαμίδης	36
ψυκτήριον	36
μελεαγρίς	36
πρόφυλαξ	36
ἀποστυγέω	36
λάθυρος	36
Πατρός	36
ἐμμεμαώς	36
Αἰαῖος	36
Μάρσος	36
Σογδιανή	36
ἀμετάβολον	36
νεοχμός	36
σελαχώδης	36
ἡπατῖτις	36
ψευδεπίγραφος	36
καταπνίγω	36
ἐσσήν	36
παιδοκτονία	36
ἀπόρνυμι	36
Παρίσι	36
Ῥοδῶπις	36
Ἴαμος	36
ἐνωπή	36
γεωπόνος	36
δᾳδουχέω	36
Ἄνδων	36
Ζηνοβία	36
Εὐμήδης	36
δωρίζω	36
ἱππημολγοί	36
κολακικός	36
Γαλλίων	36
συναναπαύομαι	36
σκοπεύω	36
τιμός	36
διαθρέω	36
χέρα	36
ἑνωτικός	36
μάστις	36
ἀκουτίζω	36
σποδοειδής	36
ἄσκη	36
ἑτερότροπος	36
μετεωρολόγος	36
διεκπλέω	36
καρώδης	36
θειλόπεδον	36
κεάζω	36
βέμβιξ	36
φλύω	36
προσᾴδω	36
καταπείθω	36
Λιβία	36
ἥδυμος	36
Ἀλκμεωνίδης	36
χλευασία	36
παντεπόπτης	36
πανάρετος	36
Ἀρμένη	36
ἑκατόγχειρος	36
πλήξιππος	36
μυρτίτης	36
κράστις	36
ἀναπίνω	36
ναζιραῖος	36
μεσόδμη	36
ὠχριάω	36
εὐέκκριτος	36
ζήλη	36
ὀριγνάομαι	36
τεχνόω	36
τλάω	36
διαμέτρησις	36
δρομώνιον	36
παραλυπέω	36
κατορρωδέω	36
ἀποσχοινίζω	36
ἀκαλός	36
σίκη	36
παρεγκλίνω	36
δύσποτμος	36
τεχνήεις	36
Πάνσας	36
μινυρίζω	36
Ἀκρότατος	36
οὐδαμινός	36
νεφελοειδής	36
ἔλλοψ	36
τοξότις	36
πολυπότης	36
ἀποψάω	36
ἐντέμνω	36
ὀξυρεγμία	36
πταρμικός	36
οὐδενία	36
τρισμός	36
δινωτός	36
κατακερτομέω	36
προσαράσσω	36
ἐπικαθίημι	35
ἁπανταχῆ	35
ὁσονοῦν	35
ἀποδεικτέον	35
Ὄλορος	35
ἄρκιος	35
Ξανθίων	35
πώμαλα	35
νάμεως	35
φιλανθρω	35
ΟΥΚ	35
Νεβρίδας	35
ὑποφαίνομαι	35
γεθος	35
Χοῶν	35
ὁμοειδῶς	35
πλημ	35
πολυσχιδής	35
παρελ	35
ῥήσις	35
Φήτης	35
Νικήν	35
πολλοχῶ	35
ἀντεῦθεν	35
ἐπιστροφάδην	35
θῆσαι	35
συγκληρόνομος	35
θημιστοκλεις	35
Φρόνη	35
ἀντίμιμος	35
διορθώσεις	35
προσάω	35
προφ	35
κάπι	35
ἐργ	35
μεμετρημένως	35
ἐμπροστίθημι	35
ΞΖ	35
μεσσόθι	35
Νόννης	35
ῥίγιον	35
Ἡμέραι	35
αἰθ	35
προπαραξυτονη	35
φοῖς	35
Κορ	35
ΓΒΑ	35
ΓΦ	35
ὁκσώς	35
ΛΙ	35
ΖΕΗ	35
ΕΤ	35
ΛΜΝ	35
ῥινόν	35
ν́ς	35
διφ	35
Ποιῆσις	35
νυμ	35
περιαγωγεύς	35
φηςίν	35
Ἱλάριος	35
σκληραίνω	35
ΟΖ	35
ἐπερώτημα	35
Φιλότης	35
Ἰωάχαζ	35
ΒΔΓ	35
ῥόγαν	35
Κόντου	35
ιγονικόν	35
Περατικού	35
ὀψικευόμενος	35
γίγνε	35
Σίκιμοι	35
Ἀσάνην	35
κάλυψ	35
ΜΑΚΗΔΟΝΙΟΥ	35
ΕΒΖΔ	35
Ὀδυσσία	35
Δημοσθέους	35
εξετάζω	35
Ἀπία	35
φθόϊς	35
γύννις	35
ἀργυροκόπος	35
ἐσύ	35
ἀφόρισμα	35
προκαλίζομαι	35
Σοφοκλή	35
ανάρρηση	35
Χειράμ	35
Βουλευτική	35
εὐπο	35
ἑξαδάκτυλος	35
ρῳ	35
τανύπεπλος	35
κάτι	35
συνηθέω	35
ποδήνεμος	35
ἀνάζευξις	35
Χεῶς	35
συναιδιος	35
υμνολόγηση	35
προπύλαιον	35
ἐνό	35
κεραύνιον	35
χρύσοφρυς	35
διαβατήρια	35
Χαμώς	35
πάνακες	35
Πανιώνιον	35
λαμπετάω	35
Σατάν	35
ὑψηλοφρονέω	35
ἐπιτοπολύ	35
προσέληνος	35
Ἀρχίβιος	35
σύλλαβος	35
μέταλ	35
Μηδισμός	35
Θεόλογος	35
Δημῶναξ	35
κευθμός	35
Ἀντιάτης	35
μάσθλης	35
προτιμότερος	35
Τήρος	35
Πουλιά	35
προικιό	35
Πάνακτον	35
ἀείφυλλος	35
Ζωίλος	35
Πυθώδε	35
δίνησις	35
ἄχι	35
εὐρύπρωκτος	35
σαββατίζω	35
θεοχριος	35
Φρόνα	35
Μολιονίδης	35
ἀπεμπολέω	35
Σασίν	35
ῥητέον	35
Σαυ	35
γήλοφον	35
βυρσοδεψικός	35
Ιεβουσαῖος	35
Φεραύλας	35
στεφανηφόρος	35
πανώλης	35
ἐπίδρομος	35
πόλτος	35
τεταγών	35
παραλείβω	35
Λαχάρης	35
ἐκκομιδή	35
σημαίνων	35
γραώδης	35
ἀσκελής	35
σκουτάριος	35
ὤα	35
δυσμεταχείριστος	35
προλογίζω	35
δροσώδης	35
πανστρατί	35
πεζέταιροι	35
σελαγίζω	35
Ὁμονοία	35
Παλμυρηνός	35
Κύθνος	35
προανατέλλω	35
βάδιον	35
χείμαρρος	35
ΥΓ	35
βροῦχος	35
δίρρυθμος	35
πέμπελος	35
πλύμα	35
κῆχος	35
εὐπατέρεια	35
μάγμα	35
Σιράχ	35
ἐρυθρότης	35
Ἀρύσης	35
Ῥοδίος	35
Ὁρμίσδας	35
ἀντῳδή	35
εὐτείχεος	35
Θέσπιος	35
κίστος	35
ὁποτέσρις	35
προσεπινοέω	35
ἀδόξαστος	35
λαχνήεις	35
φιλοπτωχία	35
γαμοστόλος	35
βοτρύδιον	35
ἀοσσητήρ	35
ὀλιγοσιτία	35
Ἄλης	35
Σούρ	35
Βορεάδης	35
ὀψίκιον	35
Θεοφιλέστατος	35
μηνιάω	35
παρονομασία	35
Μάγης	35
κνέφαλλον	35
προσφεις	35
ορισμένος	35
ἄθλημα	35
Γούμενος	35
ἀνεπιτίμητος	35
ἀναστατόω	35
βρύχημα	35
αὐτοματισμός	35
δοκάω	35
Τάγος	35
Θοβέλ	35
ἀπαράκλητος	35
κωφόω	35
οἰκητός	35
ἀναλθής	35
τροχαντήρ	35
περιφοιτάω	35
Κύφος	35
ἀμφιίσχω	35
Μενέστρατος	35
νηπενθής	35
νότα	35
εὔθυνος	35
μογοστόκος	35
μαρξια	35
κολλητός	35
ἄγγελμα	35
Μαλιακός	35
Ἀμφισσεύς	35
μετάτροπος	35
ταφρεία	35
ὁμόγονος	35
πρόχυσις	35
ψευδοδιδάσκαλος	35
μονόλιθος	35
Νερούα	35
Ἵστιν	35
ἴσχυσις	35
Χωνιάτης	35
Σφοδρίας	35
κυβιστητήρ	35
ἄπρατος	35
προσιστορέω	35
πομπεῖον	35
σαρκοβόρος	35
ὑπνάω	35
ἐχέτλη	35
νοῦθος	35
λαφυραγωγέω	35
ὀαρίζω	35
ἀπροβούλευτος	35
Κέθηγος	35
σεμνολογία	35
ἑρμαῖος	35
Ἰασώ	35
ῥίψ	35
ἐργάσιμος	35
ἐπίγαμος	35
Ὕψας	35
ἐπιδύω	35
ἀπαλγέω	35
Ὀδολλάμ	35
αριστοτελικός	35
νικητικός	35
σύγχρισμα	35
Ἐμπεδόκλειος	35
Αἰαία	35
κνίκος	35
εἰσχέω	35
ἄγρευμα	35
Χαλής	35
ἐκλεκτικός	35
Πίερος	35
ὑπανοίγω	35
ἠπίαλος	35
ἐπιφορέω	35
σκατοφάγος	35
ἐναποθνῄσκω	35
Ἄσκρη	35
συγκλεισμός	35
πανευδαίμων	35
ἀναλογίζω	35
περικόσμιος	35
ἡβάσκω	35
καρδιαλγία	35
Ελής	35
κλυτότοξος	35
προαδικέω	35
ἐφοδιάζω	35
ὑπεξούσιος	35
Βαιτική	35
λευκόω	35
Θεμιστώ	35
Πηρώ	35
ἀγρεύς	35
ἐργατικός	35
ἐμποδισμός	35
κριβανίτης	35
ταλαντιαῖος	35
πολύχροος	35
ὀξυωπής	35
ἀσπλαγχνία	35
βούγλωσσον	35
τριγόλας	35
κουράτωρ	35
φαλαγγίτης	35
ψευδοεπέω	35
Εὐφρήτης	35
κάπετος	35
ἐπικαθέζομαι	35
ὀκέλλω	35
κωλυτής	35
εὐάγγελος	35
συγκεφαλαίωσις	35
συνοπαδός	35
Σελευκεύς	35
Δαρδάνιος	35
ἐκνήφω	35
ταινίδιον	35
Ἀριανός	35
εἰδοποιία	35
Παταρεύς	35
κνισώδης	35
εύχυμος	35
Μιθριδατικός	35
μελανόφθαλμος	35
Κρῶμνα	35
ἐρέχθω	35
σπογγιά	35
εὖνις	35
Ἀρσακίδης	35
ἐπιστολικός	35
ἀμοιβός	35
Ἐνιπεύς	35
εδραίος	35
ἀποδιοπομπέομαι	35
ἄλουτος	35
Ἔμπουσα	35
Λύγδαμις	35
μνησίκακος	35
Παριανός	35
αἴθρα	35
Δεββώρα	35
Φάραξ	35
μετακόσμησις	35
διακηρυκεύομαι	35
διασκάπτω	35
ρίχνω	35
προσστάζω	35
εἰσφοιτάω	35
μηλοπέπων	35
πρόσκρισις	35
συρφετώδης	35
φλογόεις	35
νεώνητος	35
παραδοκέω	35
Βοιωτιακός	35
διαχλευάζω	35
προοικονομέω	35
περσικός	35
Παισός	35
ἐγκαθιδρύω	35
ὑπερζέω	35
ὑσσός	35
χασμάομαι	35
ἐπιθολόω	35
νεόπλουτος	35
διασκίδνημι	35
ἐναποκλείω	35
κούρητες	35
ἴσσα	35
ἀφυπνίζω	35
δυσπραγέω	35
Ρόντα	34
μεσημ	34
βλασφη	34
λῶπος	34
Σάχος	34
Δόρκων	34
Ἀρά	34
Μέλαινα	34
ὕφα	34
Δρέπανον	34
ἀκάκητα	34
μελάνω	34
ἕρχομαι	34
ἀλκί	34
μμ	34
πῖθι	34
ἐπιφ	34
Σαρδόνιος	34
μεταληπτέον	34
Ἀριστοφά	34
ἐμμέσως	34
θρώπῳ	34
συνανα	34
τετος	34
Λεμού	34
Ὅσιος	34
κατάβα	34
τικῷ	34
Φίλους	34
αίσχιστα	34
μεζόνως	34
Σιμίας	34
ἀντιθέτως	34
ῥάβια	34
ἀχριδῶς	34
λῆν	34
ζωαρκής	34
εὐρυόδεια	34
νυμον	34
φθο	34
προομίοις	34
Κωμάζων	34
λόντες	34
Αρα	34
ῦται	34
συνακτέον	34
τοσαύ	34
δυστυ	34
Ἴρις	34
φιλολογέω	34
ΑΕΔ	34
ΞΗ	34
ἀμφιγυήεις	34
Ἄρναι	34
τριον	34
ὁποσοσοῦν	34
ΦΩ	34
ΒΘΓ	34
ΟΘ	34
Ἀρετάν	34
ιχ	34
ἀπλ	34
φιλαθρωπίας	34
ρκς	34
γῶραν	34
ἧς	34
ἐξάρχων	34
Βάκχιος	34
διειδέναι	34
ἀνενδεῶς	34
Αυξεντίου	34
πολυμερῶς	34
ρμα	34
ρλθ	34
βίζαν	34
Τιμῆς	34
Νινευί	34
ἐπιφαύσκω	34
υπόψιν	34
ἰάτρια	34
ἔνδειγμα	34
προκριτέος	34
Ἀχιμέλεχ	34
Πρασίνου	34
ἀπάνω	34
Ωκεανός	34
Συμβάτιος	34
Φώτων	34
ακουβιος	34
θεοπίας	34
Βασίλων	34
ἐνοειδῶς	34
τκδ	34
Σκυθοπόλις	34
Κρα	34
Διάσιος	34
παραλληλεπίπεδον	34
πράτωρ	34
ἰαμβέλεγος	34
Ηλ	34
βουλευτέον	34
πήθω	34
ὑφέν	34
πονέομαι	34
θέριστρον	34
χώνω	34
ἀπύλωτος	34
κυδιάω	34
Πόντα	34
ἄδεσμος	34
ἐξεπέτασα	34
Ἠλά	34
ὑδροποτέω	34
θεόμιμος	34
Ἀζαρία	34
επιρροή	34
δικτυοειδής	34
Ἀναγυράσιος	34
ἰδιωτισμός	34
κασσία	34
Ἀφέλεια	34
Ἀπεννῖνος	34
ἀρρενωπός	34
ευρυθμος	34
Σηλυβρίη	34
στράτα	34
ὅρα	34
κόλ	34
θεωνύμιο	34
ἔμβα	34
Θαργήλια	34
ἰμάτιον	34
Κέστρος	34
ερρωμένως	34
συκάς	34
ἀλκτήρ	34
ἀπρέπεια	34
ἀνιπτόπους	34
Θεολογία	34
Πίκου	34
αρμενιακός	34
φρουράρχης	34
ἀείζως	34
Ἰσδιγέρδης	34
ἑρπύζω	34
μοχλεύω	34
Σαχαρίας	34
γυναῖκα	34
Ταριχέαι	34
θλάσπις	34
εὐφώρατος	34
τώ	34
Ἐπιστολή	34
Φαυστύλος	34
ἁγιαστήριον	34
Αἰγοκέρως	34
ἀποφορτίζομαι	34
κατατυγχάνω	34
Κιναίθων	34
καναχή	34
γρυπότης	34
συνεπάγομαι	34
Ἄφη	34
Φράιν	34
πολύφωνος	34
πολυγονία	34
ομορφιά	34
ἀμνησία	34
ψωρώδης	34
Λειώδης	34
ληξιαρχικός	34
Ἀνθηδόνιος	34
γριπεύς	34
Ἀσταρώθ	34
μόσχευμα	34
Μίδων	34
παρόρμησις	34
κωμαστής	34
Ἱρή	34
ἀρχιοινοχόος	34
κατούνα	34
Στερ	34
γαγάτης	34
ἀναδασμός	34
πανούργημα	34
ξιφοειδής	34
Ἀνδρίων	34
ἀεργός	34
Τιτανομαχία	34
ἐπιπωλέομαι	34
φιλελεύθερος	34
Βηθσαϊδά	34
μιλέω	34
ὑψικάρηνος	34
κλινοπετής	34
ώμος	34
σύμμεικτος	34
Βέβρυξ	34
ληκτικός	34
ἀκταῖος	34
φάψ	34
κοκκοβαφής	34
ἑνοποιός	34
Ἀλανία	34
ρώγα	34
Λαρισσαῖος	34
κράτωρ	34
ἀμφιτίθημι	34
ὕβρισμα	34
Εφίμ	34
παράκουσμα	34
Πακτύη	34
αἶμος	34
παροιδέω	34
ἡμικρανία	34
Γόμφοι	34
φλώ	34
ἀμάρυγμα	34
Βορυσθενίτης	34
ἀμφίρυτος	34
μετριοπάθεια	34
μονονουχί	34
ἐνούσιος	34
ἀνέζω	34
Ἀμανός	34
κιβυρραιους	34
ἐπίσιον	34
ἐξό	34
φρυκτωρία	34
δείκτης	34
ξιφηφόρος	34
εὐφρονέων	34
ολοκαύτωμα	34
Σπίνθαρος	34
πτωτός	34
Ῥουβῖν	34
ὑπομειδιάω	34
Καλλῖνος	34
υιός	34
διαφθω	34
Μάλιν	34
στέγασμα	34
εὐφρασία	34
Τήρης	34
μοσχοποιέω	34
απορροή	34
ἀφαντόω	34
λάριξ	34
τωυος	34
χάλις	34
ἀδόλεσχος	34
Φιλομήλιον	34
ὀχλοκρατία	34
ὑπεραποθνῄσκω	34
Γέσκων	34
ἐντρέχω	34
ποτιδέγμενος	34
ΜΤ	34
εὐεπίφορος	34
Αἴθη	34
σαργάνη	34
διαφύομαι	34
βαθυδίνης	34
λατινικός	34
μελανότης	34
φρῦνος	34
πορθμεύω	34
ποώδης	34
λῆθος	34
Ἀλεξῖνος	34
θεοφόρητος	34
ζώς	34
ἀποζέω	34
ἀβέβηλος	34
ἀνενεργησία	34
ὑποδύτης	34
Τηλαύγης	34
αὐγουστάλιον	34
ζωαρχικός	34
Λέσχης	34
ναυπηγήσιμος	34
Ἰλδέριχος	34
θέσμιος	34
ληστρικός	34
μολοβρός	34
Λίξος	34
εἴβω	34
παμφαής	34
συναπαρτίζω	34
μιλιάριον	34
Μαικήνας	34
ναυαρχέω	34
ἀνταλλαγή	34
κόρνοψ	34
ἀκρατοποσία	34
ἐξορκίζω	34
μετοίκησις	34
Γορτύνιος	34
Ἀβεννῆρος	34
Αὐράσιον	34
μεταμφιάζω	34
Νασαμῶνες	34
Λέβεδος	34
συναφίστημι	34
Πολυκλῆς	34
Λάβδακος	34
στεφανήφορος	34
ὑποτύφομαι	34
ἀπολογητικός	34
προέκθεσις	34
εὐορκία	34
κανθήλιος	34
Χοάσπης	34
ἀντιμετάστασις	34
ἀφανιστικός	34
ἀλετρίς	34
ἀντανίστημι	34
Κλειτόριος	34
ὑπεκτίθεμαι	34
Ἄτοσσα	34
Τένης	34
σπῆλυγξ	34
ἀντιδράω	34
σκαρδαμύσσω	34
Θηριππίδης	34
ἀποχρίω	34
τάνη	34
ὀρφεύς	34
ἀτάλλω	34
κατόπτης	34
ἀπτόητος	34
ἄκεντρος	34
Ἀρχέμορος	34
συνευφραίνω	34
ἴνη	34
Ὀροίτης	34
ἁρματηλάτης	34
Βρισεύς	34
εισάγω	34
διαλυτός	34
ἴσχαιμος	34
μελίτινος	34
Ἀγόρατος	34
νήριτος	34
στρουθοκάμηλος	34
Κάπυς	34
ἀνᾴδω	34
δύπτω	34
Ἀμαρυλλίς	34
παρηΐς	34
ἀγρώσσω	34
φιλόκοσμος	34
Ἀφείδας	34
σφαιρόω	34
εὐφρονέω	34
ῥάπτης	34
ἐφοδεύω	34
συνήκω	34
ἀμόω	34
ἐξερημόω	34
σικανός	34
ἐξονειδίζω	34
τομέω	34
ἀερτάζω	34
σκαλμός	34
πρόσχωσις	34
ἄμειψις	34
πομπικός	34
Κορνιφίκιος	34
Λεπρεάτης	34
ὑποπέμπω	34
ἐπιτολμάω	34
μεταγωγή	34
σκυλμός	34
άπολις	34
τελετάρχης	34
Παμπρέπιος	34
δεκατεύω	34
ῥυπόω	34
τυραννοκτονέω	34
δίπλωσις	34
φιλοστέφανος	34
ἐντρεχής	34
ἐνδομυχέω	34
χρησμῳδός	34
διαπορθέω	34
ἀρρεπής	34
διασφάλλω	34
παλαμάομαι	34
ἀνάζω	34
ἐπαναχωρέω	34
ἐφαρμογή	34
ἐναπομάσσω	34
ῥαντός	34
μεγαλόφρον	33
Αἰγεία	33
λιονυσειω	33
Πάγγαιον	33
θ̄	33
δυσχε	33
Περίν	33
οὐδοτιοῦν	33
κατακράτος	33
ὀφθαλμοφανῶς	33
Χόντο	33
ψκ	33
ψν	33
Πόθου	33
φανίος	33
συγκατα	33
ἄτι	33
οὐνεκεν	33
σλαμαι	33
λύχον	33
δοκι	33
ἐπιρ	33
ποταμ	33
ἰσαχῶς	33
δεκαχῶς	33
δόναμιν	33
ἀπαντητέον	33
Ξενικόν	33
ἐναντάω	33
ὄλη	33
εμμελής	33
Βο	33
Μανιάκης	33
ναυάτης	33
σιλαος	33
Μόνα	33
ὁμι	33
δημιορ	33
ῥητ	33
σμνοτητη	33
ἑαυτός	33
χεία	33
ὁλ	33
κεφός	33
ἱερῶ	33
Ἐρωτᾶς	33
παρακ	33
υμ	33
δυναμ	33
Πολυείδης	33
ἤπου	33
Τῦβι	33
καλεῖμαι	33
Νόστων	33
Χαλού	33
Περίλαος	33
τρυγητής	33
ΛΡ	33
ΕΓΖ	33
ΓΟ	33
ΘΞ	33
λαῖον	33
Μολ	33
Κεφαλίδας	33
ἀχεύων	33
Θραῖξ	33
Κύνα	33
πινυτή	33
ΗΞ	33
Θαλάσσιος	33
προῦ	33
συσσιτίον	33
φιλοτέχνως	33
Σάλα	33
λογομαχέω	33
ριη	33
ρμε	33
ρμη	33
Σισάρα	33
προεπαγγέλλω	33
βράζω	33
Μέσα	33
Μωῦσευς	33
δυνάμωσις	33
ότητα	33
σιγ	33
Σίγμα	33
Ἐπίσκοπος	33
εἴπως	33
Λγ	33
Προστ	33
νς΄	33
ξβ΄	33
ΕΡΜ	33
Ἰαννουάριος	33
γόμορ	33
Βατάτζης	33
Ανδραβίδα	33
καρυταινοος	33
ρεως	33
Ευθυμίου	33
Δο	33
ἐκφῦναι	33
Ξένων	33
ΔΘ	33
ἐδωδίων	33
διανατείνω	33
διδακτέον	33
Σς	33
ΔΑΒ	33
Κωνσταντιάν	33
χλῆος	33
φλωρ	33
μόδι	33
χίασμα	33
εχξ	33
χερουβίμ	33
φιλοτέχνημα	33
σύν-καταλέγω	33
παρακαθίημι	33
ἀνόθευτος	33
τρόχος	33
Ορφ	33
ὑπομέλας	33
Σαμαρεῖτις	33
παραδιδέω	33
ἀρματος	33
ἡμίεκτον	33
Βάρρων	33
ὑπολάπαρος	33
ἀκατάγνωστος	33
λειποταξίας	33
καρτέρησις	33
τετραδάκτυλος	33
Θηλ	33
ἀμφίαλος	33
Ἑλένιον	33
Ἀσκραῖος	33
κάττος	33
πύκνωμα	33
σκαφεῖον	33
Λαρεντία	33
ἐπιβουκόλος	33
ἀναβάδην	33
πτερνισμός	33
φιλομαθία	33
πέρασμα	33
λάσανα	33
ἀναλεῖ	33
Μανωέ	33
ἐπιστάτη	33
εξῆς	33
Δάινα	33
ἄδακρυς	33
ἐπιτίθέω	33
σκληρόφθαλμος	33
Σαφός	33
φῶς	33
ἠλάκατα	33
Ἁρποκρατίων	33
Φιλύρη	33
Ἔννυχος	33
πυργηδόν	33
γεωπονία	33
ἀργυράσπιδες	33
ἐλλόβιον	33
ἐγό	33
κάρνειος	33
φιλόμηλος	33
Ἀναθώθ	33
Ἰουδήθ	33
κατά-σκέπτομαι	33
θύσθλα	33
δεκαδαρχία	33
παλιγκάπηλος	33
ένυλος	33
Άσπα	33
ἀνεκπύητος	33
θαύ	33
πολυφόρος	33
Χερμέλ	33
ἐκλιπαρέω	33
σκιρρώδης	33
Κορύδων	33
Εὐρώπεια	33
Τυρσηνίς	33
συνευνάζω	33
εἴλησις	33
συναδικέω	33
νεωτεροποιία	33
εσπερινός	33
ηνωμένος	33
Σουρήνας	33
συγκοινωνός	33
τερατουργία	33
σκιάδιον	33
ἀνθρωποπαθής	33
ὀγ	33
Ἀναξίβιος	33
Αἴγλη	33
Θριάσιον	33
Ποτάμων	33
Τορωναῖος	33
πτέρωσις	33
αἰνιγμός	33
οὐράνη	33
ὀχεῖον	33
ἀμετάπειστος	33
προνόμιον	33
Φιλοστόργιος	33
ὑδάτιον	33
πύρφορος	33
μονιός	33
Ἐλιφάζ	33
Γηών	33
Ἀμυδών	33
Τριαδική	33
σίττας	33
ἀξιομνημόνευτος	33
Ἀργανθώνιος	33
σανίδιον	33
Μελανίων	33
Ἄγραυλος	33
ἱππάριον	33
Ἀνθεστηριών	33
ὑβρίς	33
ἀνελευθεριότης	33
συμφωνώ	33
Δηΐμαχος	33
ἀντιφράζω	33
τετρήρης	33
Μελχί	33
Βαστάρναι	33
ἐμπρός	33
ἀναγκαστός	33
πιγκέρνης	33
ἀπλήθυντος	33
αἱμάτωσις	33
λιποθυμία	33
κήλων	33
πολύμυθος	33
ὀχετηγός	33
καρυκεία	33
ἀντωπέω	33
Κελτίβηρ	33
Λίβων	33
Χάρπος	33
τριετίζω	33
Βετρανίων	33
ἔσσα	33
ἄφλαστον	33
Αὐτοκλῆς	33
εὐέφοδος	33
φασκώλιον	33
αυτοπρόσωπος	33
ἐπίπολος	33
Κόττος	33
λυμαντικός	33
Βόκχος	33
ὀκτάπους	33
καταδυναστεία	33
ἀναγίγνομαι	33
ἀποστραφήω	33
εναγόμενος	33
λυχνιαῖος	33
ἄχειρος	33
ἔποψις	33
ἐκκαλυπτικός	33
αἰθερώδης	33
ἀδυσώπητος	33
ψυχωφελής	33
ἀδελφιδῆς	33
σολοικοφανής	33
ἐκπυέω	33
Πετόσιρις	33
κύρβις	33
Εὐθίας	33
ἀνεξαπάτητος	33
τελειουργός	33
ἐκδηλόω	33
Ψαμάθη	33
θεόφρων	33
ἀτέμβω	33
πιτύα	33
οἰοπόλος	33
μαλθακτήριον	33
ἀναρρέω	33
Ἰσμήνιος	33
θεσμοθετέω	33
κομπώδης	33
διέρπω	33
ρηγάτο	33
αφεντιά	33
Θρασυδαῖος	33
γώνιος	33
Μασάδα	33
ἔνθεμα	33
Κύψελα	33
Ταυλάντιοι	33
ἐρυγγάνω	33
ἔκπληκτος	33
ἐγχάραξις	33
απαλός	33
συναθροισμός	33
ἀνάρρυσις	33
τριστάτης	33
ἐπιγονή	33
Ἀϊδωνεύς	33
παιγνία	33
δαμάσιππος	33
Σεξτίλιος	33
παρθένιος	33
ἡνιοχεύω	33
ὁμονοητικός	33
Θεόδουλος	33
κενοδοξέω	33
αόρατος	33
ἄστεγος	33
πενθικός	33
ταξείδιον	33
ζάγανος	33
θεοδόχος	33
Ἀσιναῖος	33
Οδυσέα	33
φορολογία	33
ἀναστενάζω	33
εὐθενέω	33
Ἐγκέλαδος	33
λευρός	33
πολυπληθία	33
παρρησιαστικός	33
δίλημμα	33
ἀπόκληρος	33
ἐπιστέφω	33
χρηστομάθεια	33
ἀγελείη	33
δύσριγος	33
ψόφησις	33
Ἄκις	33
ἐρευνητής	33
ἀπραγμάτευτος	33
δυνεος	33
οἰκιακός	33
ὁμωρόφιος	33
εὐτοκία	33
ἐξηχέω	33
Τυρσηνός	33
καρκίνωμα	33
Κούριον	33
Χάλκη	33
ὀργεών	33
αὐθαδία	33
αὐτόϊππος	33
δρύοχοι	33
ἀσκητός	33
Πολυκάστη	33
ἀβαθής	33
ὑπομενετέον	33
κοινόβιος	33
δύσφθαρτος	33
ἰωά	33
διατρώγω	33
πειρατικός	33
ὑπολήνιον	33
πολυάρατος	33
ἀποτελεύτησις	33
ἀτροφέω	33
κορδύλη	33
βρέντιον	33
διαφυή	33
Θεάγης	33
ἀντινομοθετέω	33
κυβερνητήρ	33
ὁλοκληρέω	33
διαψήφισις	33
ἀφίζω	33
φαλάκρωσις	33
Ἀριστομάχη	33
καρχαρόδων	33
ἀπόκοπος	33
παρηγέομαι	33
γενάρχης	33
συναποδημέω	33
Ἀπελλαῖος	33
ἀχρώματος	33
ἀπόζω	33
ἄσφυκτος	33
δρακόντιος	33
πυρεκτικός	33
ἀπωλία	33
ἁματροχιά	33
ἔξοιδα	33
παραβλώψ	33
συνεκπίπτω	33
αἰγυπιός	33
συγκρατέω	33
Δέδη	33
ἐκθνῄσκω	33
βρωμώδης	33
φιλόπλουτος	33
Γερηνία	33
ἀπάρτισις	33
Φαῖστος	33
ἀλθέω	33
θρᾶνος	33
Ἑλλαδικός	33
τιθέω	33
ἀνοικίζω	33
εὔπλαστος	33
θεόδμητος	33
ὀβελίζω	33
φιλόμυθος	33
Εὐφραῖος	33
Λιβυρνός	33
τριπλασιάζω	33
παρθενεία	33
λαίνεος	33
ταλαεργός	33
ἀνατί	33
ναυστολέω	33
κονίαμα	33
τυρώδης	33
ἄμηνος	33
ζαής	33
ῥαιβός	33
μαχλάς	33
ἀμειδέω	33
μεγαλομερής	33
δᾳδοῦχος	33
Κουδέ	33
ἁμματίζω	33
σκευωρέομαι	33
χαρακόω	33
καταπλήξ	33
κολοσυρτός	33
ἐκκύπτω	33
ἐλλοχάω	33
παρακαθέζομαι	33
κατάρδω	33
κοιτωνίτης	33
μελικός	33
πρόσωπος	33
λιθουργός	33
σκα	32
Στάχυς	32
πρεσβ	32
ἀναρ	32
τ́ων	32
ἀδεᾶ	32
Σαλαμίνιον	32
περιέργνυμι	32
Μέλανδρος	32
μείρω	32
λῇ	32
Λακίνιον	32
ἑάφθη	32
βρι	32
προτιμητέον	32
Πλάτ	32
χειριάω	32
ἀπηρτισμένως	32
Στᾶσις	32
λάλημα	32
Χρύσιον	32
ἐπακτέον	32
σικέ	32
ἀναφ	32
Ψίς	32
πενταδάκτυλον	32
ὐδ	32
συνεσκιασμένως	32
Κρατεύας	32
ἀντιπεπονθότως	32
ζωόφυτον	32
θόντος	32
πρέιαμαι	32
ἀνυπόστολος	32
ὅλις	32
εὐκρινῶς	32
επιβους	32
Πορφυρογέννητος	32
ἀποσκίασμα	32
αἰσχύ	32
τησεν	32
ἐπιβ	32
σαφ	32
ἡμιστα	32
ἐδεστής	32
σάμψυχον	32
βασιληΐς	32
νᾶσος	32
ροδ	32
χροῖα	32
δύνη	32
αναδρομή	32
ΘΠ	32
ΞΘ	32
ΘΗΚ	32
ΝΡ	32
ΧΨ	32
ΓΕΖ	32
ρίζει	32
ΕΥΠ	32
χαλκίοικος	32
Φλιάσιος	32
Ἠσοῦς	32
Οὐρσάκιος	32
εἰδωλολατσέω	32
ὑμνηδίαν	32
Κέρδος	32
δρεσι	32
προσγγορίαν	32
δυντως	32
ξθ΄	32
ὁπώσποτε	32
ἀγαθοειδῶς	32
ξε΄	32
ΕΚΠ	32
Ὀλυβρίος	32
πορτᾶς	32
Κρανών	32
ἀργ	32
χρυσῆ	32
Φρέατος	32
Παλατίων	32
ἐκρύβην	32
Ἰαμβλίου	32
ούγγρος	32
υλβ	32
προοικονομώ	32
Λόλων	32
Μαριάμμης	32
κενωτέον	32
Ρουσέλιος	32
Ἰουερνία	32
πύξινος	32
ὅνος	32
Λέαινα	32
ποημαρ	32
ευδοκιμώ	32
ράω	32
ἀνερμηνεύω	32
Κάπριος	32
Έσε	32
ἄληστος	32
ἄλβα	32
Τώνα	32
Εὔλογος	32
ὑπτιότης	32
διλήμματος	32
παλινδίνητος	32
μορμύρος	32
ἱππομανές	32
προστάς	32
ἀικής	32
ἔποχον	32
Νανά	32
Πάνων	32
οὔρειος	32
ἀμφίασις	32
πολυπίδακος	32
παραπύς	32
εὐσχημονέω	32
Μαλλώτης	32
Χέριν	32
σεμνοπρέπεια	32
κινδύνευμα	32
έθνικ	32
ἀναείρω	32
Μελή	32
ἀνεπίστατος	32
ἀπερικάλυπτος	32
ἄχορος	32
ΔτΑ	32
ἀνδραγαθίζομαι	32
Ωγ	32
Ἀχιώρ	32
διαύγεια	32
Ἐπαφρᾶς	32
πέραμα	32
Ἐλιάβ	32
μαχείρ	32
Ἅβρων	32
ἀλεξάνδρεια	32
κολαστέος	32
δύσκλεια	32
ἀπονεμητέον	32
προδιειμι	32
Ἄλεος	32
ἄω	32
τέρθρον	32
Ὀτάνης	32
ἐπίπαστος	32
Δηΐφοβος	32
ἀκήδεστος	32
Σατόρνινος	32
ἐκσεύομαι	32
ὑπομόχλιον	32
Βροτῖνος	32
ΑΝΟΙ	32
Ιουδείθ	32
Ἀέθλιος	32
Ἀτρυτώνη	32
χρῆ	32
ὀπισθόρμητος	32
κενοτάφιον	32
Καρῖνος	32
ζωϊκός	32
ἀπρόσδεκτος	32
προβάτειον	32
παρακαλώ	32
Ἀμιναδάβ	32
Ἐβιωναῖος	32
σωληνάριον	32
ἀτίζω	32
λέχριος	32
στωμυλία	32
ἄτρεστος	32
Δαλασσηνός	32
κάθαμι	32
ἀγκοίνη	32
ὑπέρτατος	32
Τευθρανίη	32
Αἰδέσιος	32
Σπάρτακος	32
Λιμ	32
ἀποδήμησις	32
πεϊκός	32
ζωγράφημα	32
ἵε	32
βατράχιον	32
αδέλφι	32
ἀπελατικόν	32
δυσαίσθητος	32
δίοπος	32
ἀργύφεος	32
συνεκκρίνω	32
Δρωπίδης	32
ἐγκατάσκευος	32
Λυσιδίκη	32
Ναυσίθοος	32
ἀνασπαστός	32
Βραγχίδης	32
ΜΗΡ	32
ἀμφίβροτος	32
φάσηλος	32
επίκειται	32
εὕρνυμι	32
βητάρμων	32
ἀμετάτρεπτος	32
ἑπταετής	32
Βοττιαῖοι	32
βλιμάζω	32
φιλέρημος	32
μαχήμων	32
δύσγνωστος	32
ωθώ	32
Χρήσιον	32
μονόκωλος	32
αντιστατικός	32
μελεδώνη	32
τανυήκης	32
Φαραί	32
Καρποκράτης	32
Βαλτασάρ	32
Ὀκταβιανός	32
ἀνεύρεσις	32
σκουτάριον	32
Ζώϊλος	32
θηρός	32
Εὔτονος	32
Ψόν	32
ὀργάζω	32
μνημονευτικός	32
ἀκοσμέω	32
δεσμίας	32
Μακροκέφαλοι	32
Σῖμος	32
Δηΐ ̈φοβος	32
τοιγαρος	32
δράκος	32
Ἀγαμήδης	32
ὑπέργηρως	32
ἀστρατήγητος	32
θεόφημος	32
ἑπτάπορος	32
τετράγραμμος	32
συζυγής	32
Παραιτόνιον	32
ῥυτός	32
κύβηλις	32
Ὁμηρῖται	32
εὐέκτης	32
βλέψις	32
Ἑρμαγόρας	32
φιλοδοξέω	32
σκύζομαι	32
πλαταγή	32
ὑπνοποιός	32
Ἀερμών	32
Ἀνδανία	32
παραδιαζευκτικός	32
Ἀμόργης	32
ἰχνηλατέω	32
γραμμός	32
προμαχίζω	32
Γίσχαλα	32
Αχρίδος	32
κόρα	32
κύθηρα	32
ἐρημαῖος	32
ἔγκοιλος	32
προκαταλέγω	32
πίννα	32
δαφναῖος	32
ἐνδόσθια	32
ἀκτολογέω	32
ἀντιστρατεύω	32
Φρῦνις	32
φιλοπάρθενος	32
μερίτης	32
ὀρεχθέω	32
ἀστρολάβος	32
προσκομιδή	32
προαναστέλλω	32
ἄκλαυστος	32
πρᾶμα	32
ἱππάσιμος	32
Ὠδή	32
κολλύρα	32
καταλαμπρύνω	32
Σώπη	32
Μαρκιωνιστής	32
ἄφεδρος	32
Πλαυτιανός	32
σκηρίπτω	32
δίκιο	32
Σήσαμος	32
Ἀρίμνηστος	32
ἐνωμοτία	32
Τρωΐλος	32
ἐπακροάομαι	32
ἐλεγχής	32
Μήδειος	32
αἰνοπαθής	32
ὄστρειον	32
ποριστής	32
βουλγαρικός	32
γειτονία	32
μεταξυλογία	32
Γένθιος	32
φιλοφρόνησις	32
τολυπεύω	32
ἡνιοχεία	32
πυκτίον	32
παρέγκλισις	32
μελαντηρία	32
ταγός	32
οἰκεύς	32
σφίγξις	32
ἐργαστικός	32
κουφός	32
κέρτομος	32
οἰνάς	32
ἀπεοικώς	32
βηχώδης	32
Κάλανος	32
ὑποφθάνω	32
Κλεωναῖος	32
χειράω	32
πολυκαρπία	32
δεινοποιέω	32
γιατρός	32
Μελαίνα	32
βλέννα	32
Ἀταλάριχος	32
Ἀνιλαῖος	32
περιωθέω	32
ἐπικαίριος	32
Γονατᾶς	32
ἐκφοιτάω	32
Βουτώ	32
Χαονία	32
Ἔλυμα	32
μήλειος	32
ἀντίπορος	32
μεταμέλω	32
μυδαλέος	32
πολύδενδρος	32
μάντης	32
παρασημαίνω	32
χλάς	32
συντελικός	32
θωράκιον	32
στολισμός	32
πιθάκνη	32
θαλασσόω	32
πεπτός	32
σκηνίτης	32
ἐλάϊνος	32
πολεμώνιον	32
σταυροειδής	32
κατασπένδω	32
σταθηρός	32
ὑδεριάω	32
μόρφνος	32
τημόσδε	32
Εὔφρων	32
μηνιεχω	32
ἀστρολογέω	32
Ἀκόλαστος	32
δόρκων	32
εἱαμενή	32
ἀργιόδους	32
Ἴμβριος	32
κρότων	32
δρυοκολάπτης	32
ῥέμβω	32
ἐλευθεριάζω	32
ἀνερμάτιστος	32
αποσπώ	32
κορυνήτης	32
ἀργιλλώδης	32
θριγκίον	32
ξενοδοχέω	32
ἔκνομος	32
προπράσσω	32
ἀνδροφόρος	32
βουγάϊος	32
Αὐσονία	32
σύγκλεισις	32
τακερός	32
εὐσύνετος	32
συνέργω	32
πελλός	32
ὀστία	32
θεουργικός	32
πρόσφθεγμα	32
ἐπιλογικός	32
στυγνάζω	32
Λύρκος	32
ἀνηχέω	32
ἰατικός	32
στόρεννυμι	32
σφιγκτήρ	32
λυσίπονος	32
ούν	31
στέρα	31
ἄποδρημι	31
ἀντιπίπτοντα	31
Λύκαια	31
ἐπιλίπτομαι	31
πυθόχρηστος	31
ἄμφιον	31
Πανσαρίας	31
Ἀρχάδας	31
διαδίδω	31
Κεφάλων	31
ἔμπλην	31
Φλεγύαι	31
Μακεύς	31
ὀφρῦς	31
οτκ	31
Ἐδῶν	31
ὅρισμα	31
γυμναστέον	31
ἁρμοζόντως	31
γοντο	31
ἐκμελῶς	31
ὀκ	31
Ἀνθέμιος	31
Πολίας	31
τοῦδε	31
Στίλβων	31
κἤν	31
φλεβοτόμησις	31
ἀπαιτητέον	31
παραβλητέος	31
Δημάτος	31
ἀναιδέω	31
ὧπερ	31
φοίβη	31
ηγ	31
δλ	31
χολαζω	31
επικεικις	31
βοτανειατη	31
ήξιου	31
τγ	31
βρο	31
συγκ	31
φοβ	31
κένταῦθα	31
ξηρ	31
Τίκ	31
ΒΖΕ	31
ΒΚΓ	31
ἠνίδε	31
εἰσάλλομαι	31
Καισαρίου	31
μαψιδίως	31
Οὐρανίων	31
Καυκασίων	31
άγω	31
Μελ	31
σύνθηδες	31
ἄλλοτι	31
μυθάριον	31
Νῖνον	31
ἐλαφίς	31
βάλλις	31
ἐπαχθῶς	31
Κόμανα	31
ἀεισχύνω	31
επισκόπηση	31
Δήμιοπρατος	31
ΦΑ	31
ΤΝ	31
ΕΘΖ	31
ΟΞ	31
ΡΖ	31
ΓΙ	31
ποταμηδόν	31
Γραμματίων	31
ἀγήρατον	31
Ἰά	31
Ἀσκλη	31
τριημιτόνιον	31
ιστ	31
ἀδαῖος	31
λοχραω	31
ὑποδύνω	31
Δηίφοβος	31
Ἀργ	31
Χαρώνδας	31
ἄχρους	31
ἀῤῥωστήματα	31
Πλα	31
ἀποκάω	31
Στρατηλάτας	31
Πλάστης	31
Κολά	31
σιτομέτριον	31
μάρτυρος	31
Χόντας	31
ΡΩΜ	31
τοντες	31
ἐξίσης	31
υλ	31
ου	31
φαμιλία	31
θαυμαστέος	31
Αγάλια	31
Φίλου	31
σπλαχνικός	31
μάρμαρον	31
ὀφφίκια	31
συναπτός	31
ΔΑΛΟ	31
παράτριμμα	31
Ἰωδ	31
ὑπεζωκότα	31
πανοικεσίᾳ	31
μόδιον	31
προσρητέος	31
Κοπρώνυμος	31
ἀποφῄναμαι	31
Ὁρμίσδαν	31
Καΐ	31
σνϛ	31
πλανουδης	31
Ἐλεύσιος	31
τῆθος	31
ποιημάτιον	31
ἰδιος	31
αδύνατος	31
Σκόπια	31
φορμίζω	31
χερνῆτις	31
ὑπάλυξις	31
Τέχνων	31
καταποντισμός	31
σεράφ	31
Ἀδαμάντιος	31
εμφιλοχωρώ	31
ἐνάς	31
Σκλαυηνός	31
δρυπεπής	31
γίς	31
τετράχρονος	31
δίψιος	31
ὑπόχολος	31
ματικεω	31
Βροντῖνος	31
λαιμίον	31
Χάρος	31
Διακαινήσιμος	31
θεουπολις	31
ὑπέρτονος	31
ταυρηδόν	31
Τίκα	31
θεοσοφία	31
συγχωρώ	31
παράλλος	31
αρροδιος	31
λῆδος	31
ἀπέλεθρος	31
σίκιννις	31
γνάω	31
ἀνακάθαρσις	31
προβλητικός	31
ἀμφωτίς	31
Ἀταβύριος	31
νίπτρον	31
ἀράξα	31
Ροδίου	31
νυκτικόραξ	31
φρύγιον	31
ὑμνολογία	31
πήχης	31
ὦρος	31
ὑπέραυχος	31
τριττός	31
ἀμφίθετος	31
Τισιφόνη	31
τράμις	31
ἁπάντῃ	31
οὐλοφυής	31
κλυδωνίζομαι	31
ἀκτουάριος	31
σύγκρατος	31
Μεμφιβοσθέ	31
καταγορεύω	31
Ναξία	31
δήκω	31
ἰξεύω	31
ἐπίρρυτος	31
ἄθαπτος	31
Κοντοστέφανος	31
δρύας	31
νῶροψ	31
ἀδαήμων	31
ὀψωνέω	31
παγχρύσεος	31
Κλειταγόρα	31
Ζαρά	31
συμπαραγίγνομαι	31
ἀντιδιατίθεμαι	31
βάσταγμα	31
δυς	31
Ἀμών	31
χαρέω	31
νευρικός	31
μακοῦ	31
ἀπαρρησίαστος	31
στεφανηφορέω	31
ἀζήτητος	31
σθεύς	31
Μάχο	31
ἐνῶ	31
κάπω	31
ἀνακός	31
φαρμος	31
ὀλοοίτροχος	31
Μάμερκος	31
τωὐτός	31
ὑποχαλάω	31
σῦμα	31
φιάλιον	31
μαιμονια	31
ὑστέρησις	31
ρεύομαι	31
Ἀμράμ	31
ὑπήλατος	31
Ἰωανάν	31
καλλιπλόκαμος	31
κύλα	31
ὁμοδοξία	31
υίος	31
ἐπειή	31
Ἀριανή	31
νεκρώδης	31
συγγενία	31
ἀναπόδοτος	31
Κῆρυξ	31
ἀφιέρωσις	31
Φαρία	31
δαμασκηνί	31
προνέω	31
λευχείμων	31
Θεαρίων	31
ἀμπλάκημα	31
πολυπόδιον	31
μαλακτός	31
μῦρος	31
κυρβασία	31
ἐφύμνιον	31
ἀνάπυστος	31
ῥωγαλέος	31
Ἰτυκαῖος	31
Ἴσις	31
κλάριος	31
πῖσα	31
ναυτοδίκαι	31
παννυχίζω	31
αερώδης	31
Ζηνώνειος	31
ὀχός	31
αρδαβουριον	31
διϊστάω	31
Ζηνόθεμις	31
ὀρφανοτρόφος	31
χώρησις	31
Ίτο	31
Φλωρέντιος	31
Βίτιννα	31
Διδύμη	31
Τιβαρηνοί	31
Νικοκρέων	31
Ἔραστος	31
παρωνυμία	31
διέγερσις	31
κομμός	31
κυκλόσε	31
ἐνεσία	31
Νωρβανός	31
λάμα	31
Ἀντιλίβανος	31
πελαργικός	31
Κλεόμαχος	31
Δόγος	31
ἀδιάθετος	31
ἀνάβλησις	31
φληναφάω	31
ξάδερφος	31
ἄι	31
ὁμιχλώδης	31
ἀέλιος	31
ἀναπόλησις	31
Πισᾶτις	31
Ἀκκαρών	31
ἀπισχυρίζομαι	31
συνάεθλος	31
Δαίσιος	31
ορίζω	31
Ἄραρ	31
σαρκοφαγία	31
πορεύσιμος	31
στρυφνότης	31
ἐπίχρισις	31
πολυστάφυλος	31
Διάς	31
ῥακά	31
μῆσον	31
αὐτοκασίγνητος	31
σχαδών	31
πεσσεία	31
πούθε	31
Φανουήλ	31
ἀκολάκευτος	31
λοπίζω	31
τέντα	31
ὁτἀν	31
θνητοειδής	31
ζέα	31
Πηλεγών	31
προσηγορέω	31
Τόξαρις	31
Αἴγειρα	31
πεύθω	31
Παλικοί	31
φιλίτιον	31
ὄλλω	31
Πτα	31
υποκύπτω	31
ἐπιέννυμι	31
κίσθος	31
εὐήλατος	31
παροίτερος	31
Ἐξηκεστίδης	31
Ἀρδεάτης	31
θαλπωρή	31
στρέβλη	31
εὐπεψία	31
ἀποικέω	31
περιαργυρόω	31
καταπειράζω	31
ασύγγνωστος	31
επιθυμητός	31
εὐεργός	31
κάμωμα	31
ἐπίπαγος	31
μεγαλώνυμος	31
Σινωπικός	31
διαπειράομαι	31
ἐγκατοικοδομέω	31
Ἠμαθίων	31
Εὐρυάλη	31
συνέφηβος	31
ψυχαγωγός	31
τριακόντορος	31
ὁμιλητικός	31
Ἰστρία	31
προδιορίζω	31
Δομνῖνος	31
Νίσυρος	31
δεκάμηνος	31
ἐπιτακτικός	31
γραφία	31
εὐκαταγώνιστος	31
πρᾶτος	31
ὄνειος	31
ἰσοχρόνιος	31
ἀδράνεια	31
Ηλίος	31
Ὀργός	31
κολυμβάς	31
ἐντανύω	31
λοπός	31
Ζαγρεύς	31
περιπλανάομαι	31
λειαίνω	31
φιλοψευδής	31
Μαντίθεος	31
φῶνος	31
ναυαρχίς	31
ένδοξος	31
Ἀντιφάτης	31
ὀστρακώδης	31
Ἀγροτέρη	31
ἀνάκτισις	31
ψαλμικός	31
ὑφορβός	31
ἐλεφαντιάω	31
Ξενιάδης	31
Βοῖος	31
Ὀλβιανός	31
ἡλικιῶτις	31
Λέπτις	31
προλοχίζω	31
πονήρευμα	31
ἀστόξενος	31
Ἀκώς	31
ταραγμός	31
τμήγω	31
Εὐίππη	31
ἀμβλυωπέω	31
ὑλακτικός	31
έσχατος	31
πάρετος	31
ἐνναέτης	31
Λήιτος	31
αἰσυμνήτης	31
πιναρός	31
συνταγή	31
λιθοβόλος	31
ὁσαπλάσιος	31
ὀλίγαιμος	31
δυσαπάλλακτος	31
παροιμιαστής	31
συνεργάτης	31
αδυσος	31
κατασφαλίζω	31
Ράνος	31
τυλλυς	31
ἤρυγγος	31
ἐφημερίς	31
σκοτοδινία	31
ὀμιχλώδης	31
Σπιθριδάτης	31
Σπιταμένης	31
ἑλκέω	31
ῥόθος	31
σπληνώδης	31
Σίκινος	31
χιονίζω	31
φιλεργός	31
ἐγκαλινδέομαι	31
Βρετανός	31
πολυγηθής	31
σπολάς	31
ἀρτοποιός	31
Παύσων	31
δυσημερία	31
ἀναλῶ	31
ὀκταετηρίς	31
ἴσκω	31
αδικώ	31
πολυμιγής	31
ὀμφαῖος	31
Ζάγκλη	31
ἑλκτός	31
παραποίησις	31
Νώνιος	31
ἀπανθέω	31
εὔδρομος	31
παταγέω	31
στιφρός	31
χείριος	31
πρόστασις	31
νοτίζω	31
εὔσελμος	31
ἐξοικειόω	31
πρωτόκτιστος	31
ἄπληκτον	31
Φουφέττιος	31
ψίλωσις	31
ῥυπαίνω	31
ἰλλάς	31
γάιος	31
ἔβρος	31
πιλνάω	31
παλινοστέω	31
ἐπαινός	31
ἐπιμειδιάω	31
δυσελπιστία	31
βούπρηστις	31
βαρυδαίμων	31
προσπορεύομαι	31
κυνώδης	31
ἄνομαι	31
προσωπικός	31
πολύτρητος	31
σταλτικός	31
Ἑλλήνιος	31
Τηρίβαζος	31
εὔοπλος	31
ἐπηγορία	31
Μάσης	31
πιστικός	31
ἐγκατασκήπτω	31
ψοφητικός	31
βηχικός	31
προσκινέω	31
διαπυέω	31
Μισδαῖος	30
σφέ	30
Ἐμπρέπων	30
ἀκροτελεύτιον	30
πανταχοῖ	30
ἐξαντάω	30
ἐκτάδην	30
Ἐπιφάνεια	30
Μάζακα	30
λιτί	30
βύζην	30
οἱῳδήποτε	30
ἄδδην	30
δρει	30
Κάλλιον	30
Ορ	30
κυνώ	30
νίδος	30
Κράτος	30
διακριτέος	30
Τυφλός	30
ἕπερ	30
Κοιλᾶς	30
Τίνια	30
δυσόριστος	30
συγγρα	30
ἡμίμυ	30
τ́ζομαι	30
Στοιχεῖα	30
ΒΒ	30
ἀρχοῦντως	30
οὐδαμοῦθεν	30
ἀναλάω	30
ἐχ	30
ἀγαπητικῶς	30
χρο	30
ἀφοριστέον	30
μακρόν	30
Ἧθος	30
παραλαμ	30
καινοπρεπῶς	30
ἀνέσπερον	30
περί-εἶπον	30
ἀνέγερσις	30
σωμ	30
κατάσχετος	30
Ποθεινόν	30
λάινος	30
κτέρας	30
Ἡρό	30
νοίᾳ	30
Αἴγες	30
ταχ	30
τυφῶν	30
ἀνάεδνος	30
ὑψιβρεμέτης	30
Ἡνίοχος	30
πῆν	30
ΧΑΑ	30
ΡΤ	30
ἐπιθετέον	30
Κακοῦς	30
ρκζ	30
φουσι	30
σαῦτα	30
ὕστα	30
μετάφημι	30
Ὀδυσσίᾳ	30
φιν	30
Λάρδανος	30
άμετρος	30
μνίας	30
ὀνομ	30
δρόμημα	30
πολλο	30
ἐχθῦοι	30
μεταδοτέον	30
Μεσήνης	30
βάνα	30
Μαγνέντιον	30
Γάλγαλον	30
ἐκπορευτός	30
ρνα	30
λέγεω	30
Σωτήρος	30
δρό	30
Φαινίας	30
Χείρωνες	30
Ὄρα	30
Θεοφόρος	30
δικαιώνω	30
φίμωσις	30
Ἀμοῤῥαίων	30
Ἀβιοῦς	30
Πουλχερίαν	30
Λύρα	30
ΘΦ	30
δούλειος	30
ἐπικεκρυμμένως	30
Γυλιάμον	30
Σένα	30
κουρφά	30
σπλάχνος	30
φοσσᾶτον	30
χαρσιανω	30
μανναυηρα	30
Ψάλλων	30
Πόρος	30
Ευζώιος	30
Τζινεήτ	30
Μουσταφᾶν	30
Κάντα	30
παροσος	30
τουντέστι	30
ὀφτέον	30
κακώχυμος	30
αιμορραγία	30
Σαββάτιος	30
Εὐδοξίῳ	30
φοιδερας	30
Αέγει	30
ἐπιωνικόν	30
ΚΤΟΣ	30
φΟΩΔ	30
ἐξανδραποδίζομαι	30
Αἰσίας	30
λυσιμελής	30
συμψεύδομαι	30
Γάλου	30
ᾶιδες	30
μικρόρρωξ	30
παραμάω	30
βότρυς	30
φιλοχλεω	30
ἀναλωτικός	30
χρηστεύομαι	30
δειγματίζω	30
μυχή	30
πάμπλειστος	30
Ζάμολξις	30
βουκελλάριος	30
ἡμιώβολον	30
μαχάω	30
Τριταία	30
Αμάτι	30
ἀπέκδυσις	30
προσαλίσκομαι	30
ἐκκήρυκτος	30
παλαίωμα	30
τετραετία	30
μελισσόφυλλον	30
ὀξυκίνητος	30
Πυανεψιών	30
κόντες	30
Πλοῦ	30
Εὐτυχίδης	30
αἰειγενέτης	30
Ἀπολλύων	30
φάδι	30
ἐκνέω	30
ρούχο	30
παρωνυχία	30
πραγματειώδης	30
ὁδί	30
ἀνοπαῖα	30
παρῳχακίσκω	30
ὑποστήριγμα	30
μελῴδημα	30
Χρυσηίς	30
καταίθω	30
ἤλ	30
βραχυχρόνιος	30
σαρκοκόλλα	30
ζόη	30
ἐξιππάζομαι	30
Ἑρμώνασσα	30
Αἰθαλίδης	30
Μανίλιος	30
αντιλήπτορας	30
Αἰθάμ	30
οὐδένεια	30
Ῥωσία	30
προτέριος	30
θυρεοειδής	30
στραβός	30
βαίτη	30
ὀκτώπους	30
ἄλιξ	30
αἰψηρός	30
ζυγόδεσμον	30
χλωρίς	30
πρόκριμα	30
ἐνεγγυάω	30
ἡμερονύκτιον	30
Ρέ	30
Ἐλισσαιέ	30
ἐπίπεμπτος	30
ὡπως	30
ἦνοψ	30
ἐναλείφω	30
παραφύζω	30
μυροθήκη	30
Κολώνη	30
αἰναρέτης	30
ἠπεροπεύω	30
Ἀλκιμένης	30
πεζομαχέω	30
Ισά	30
Πρόλοχος	30
Πελοπίη	30
λοχρω	30
Χαλκ	30
ἐπίλυπος	30
χειρόγραφος	30
ἐνδημία	30
πρωτοκαθεδρία	30
σύμφρων	30
ειδωλομανία	30
ἠοῖαι	30
οὐδαῖος	30
πάχυνσις	30
περιχωρέω	30
ἐμπαρέχω	30
ἐρισθενής	30
Μόρυχος	30
πτερνιστής	30
κέντημα	30
λήϊτον	30
Βιτάλιος	30
Θῶνις	30
βεστήτωρ	30
Χούρη	30
Ῥωξάνη	30
Ἰαζήρ	30
μοτώ	30
ἐμπυικός	30
κικίς	30
γεννουιος	30
ἠερόφοιτος	30
Τυρσηνικός	30
Πολιτικός	30
ὑός	30
αὐερύω	30
ἀγχιστεύω	30
ἀργύριος	30
συγκαταλαμβάνω	30
ἱός	30
Ἰσμαῆλος	30
μετουσιαστικός	30
πτους	30
φθινάς	30
παρήϊον	30
προσδηλόω	30
θρωσμός	30
Βιγίλιος	30
Πακούριος	30
Βρόντης	30
πολυκτήμων	30
Καρδαμύλη	30
Μοτύη	30
ἀντίς	30
στερεομετρία	30
ὁλόπτερος	30
βληχάομαι	30
Βάβυς	30
εὐλογιστία	30
αδιαειρω	30
σ	30
βρῖθος	30
προβατικός	30
πολῖτις	30
θηριομαχέω	30
όμορφος	30
συλλαβικός	30
ἀμπελῖτις	30
ἐπιβόσκομαι	30
ἄνθιμος	30
ἀδοκίμαστος	30
ἐγκωμιολογικόν	30
πρόναον	30
κιθαρωδός	30
συνεκδρομή	30
Ὁμήρειον	30
Ἑρμάων	30
ἀγητός	30
χερσονησίτης	30
διήρης	30
Ἰταλικός	30
πρίαπος	30
ξέσμα	30
ὀαριστύς	30
περίφοιτος	30
προβόλιον	30
Αύγουστος	30
χάννη	30
συναρίθμησις	30
διαβρωτικός	30
γέλιον	30
ἀπαρίνη	30
ἀτελειότης	30
Ἐσσαῖος	30
λαιδαλος	30
μητρόω	30
Λαοκόων	30
ζυγόω	30
τρίπτυχος	30
ἐπεξήγησις	30
φήγινος	30
ἀσβόλη	30
Χαρῖνος	30
αὐλῶπις	30
ὠμῶ	30
Φλωρεντία	30
θηλύτης	30
βαρύοσμος	30
δεντρό	30
Τευμησία	30
αντίδι	30
δυσουρέω	30
βούλιμος	30
Τυχίος	30
παλίσσυτος	30
Φενεάτης	30
κλισιάδες	30
Νῶλα	30
μελιταῖος	30
ψηφί	30
διαμόρφωσις	30
προβλώσκω	30
θυηπολία	30
ἡμιθέη	30
ὀβελία	30
Τερψίων	30
τριχίς	30
τάπις	30
περιρρήσσω	30
αποκαλώ	30
ὁδαῖος	30
Ἐπικλῆς	30
ναρκίσσινος	30
γιαίνω	30
παλίνδρομος	30
Ἐλεών	30
ἰδνόομαι	30
πραίτωρ	30
μυόχοδον	30
πέλιος	30
ἐνοπτρίζω	30
εὔπους	30
ἀμειδής	30
Δεκελεικός	30
Ἄπρα	30
παγχάλκεος	30
Λύκαστος	30
φοινίκιος	30
δασύθριξ	30
Κομανός	30
ἀντιστράτηγος	30
κατάκοπος	30
μεγαλόδοξος	30
εὐθύπορος	30
παρασιτικός	30
παρηχέω	30
ἀδελφόπαις	30
κάγκελος	30
Τιγελλῖνος	30
ἐκμειλίσσω	30
ἡμεροδρόμος	30
κομπέω	30
μεταχέω	30
μετάβολος	30
πανυπέρτατος	30
Φιλάγριον	30
λῄσταρχος	30
Θόων	30
παιωνία	30
πινακίς	30
εὐπλοέω	30
εὐέλεγκτος	30
ἰχθυοπώλης	30
Ἀραχωσία	30
ἔνδιον	30
ἀνάμιξις	30
ἐπανατέλλω	30
ἀποτρώγω	30
Σελλοί	30
ἔξος	30
προαγών	30
Ἀρριδαῖος	30
στοχαστής	30
φαρμακευτικός	30
παρηβάω	30
Φαρνακία	30
τραυματικός	30
ἀμιξία	30
συμβόλιον	30
χολερικός	30
Χρις	30
νωχελής	30
μανόω	30
προϊστάμενος	30
ὁπλότατος	30
θερεία	30
Τήνιος	30
Μινυάς	30
ἐπισφάζω	30
καπνίας	30
Μολοσσία	30
διατειχίζω	30
ψιλότης	30
Ἀζώτιος	30
κατασχάζω	30
διασφάξ	30
μαλακόσαρκος	30
θρας	30
καταβαπτίζω	30
Γοτθικός	30
γραμματεύω	30
βλαισός	30
ῥώψ	30
ἄδετος	30
ἀσκεπής	30
εὐεστώ	30
ἐκφύρω	30
ωμός	30
στηλόω	30
Τάτο	30
χαμαιτύπη	30
πρόσβορρος	30
ἀντιβάλλω	30
ἀκόντισμα	30
Δάοι	30
Ἀμνισός	30
ἀνακουφίζω	30
αδοναω	30
Καμικός	30
ἀνασύρομαι	30
ελέγχω	30
πλημμύρω	30
τιταίνω	30
παράφημι	30
ἐνυφαίνω	30
ἀποκαίω	30
ληίζομαι	30
δαρδάπτω	30
βλητός	30
ἀσυν	29
σύντρεις	29
πόλεε	29
κυκλωτερῆς	29
γησιν	29
τριβράχεα	29
διορθωτέος	29
λυχνεῖον	29
λήβω	29
ἔνδοι	29
Ἀμφικτύων	29
μάλισα	29
Βάταλος	29
πάραυτα	29
ἐπικεύθω	29
Αἶσα	29
ἥρω	29
τίος	29
Κως	29
καλάι	29
Ἀρτέμιν	29
Ἀπολλώ	29
προτέρωσε	29
Πέλωρ	29
ζῆμα	29
καταπίπτοντα	29
κολοκυθίδος	29
ἡμαρτημένως	29
῾ἡ	29
ἐξηγητέον	29
Θουκυ	29
Αἰθήρ	29
αἰρέομαι	29
Γορ	29
ἄστν	29
Ἀκίνδυνος	29
Ἄναξαγορας	29
ἔνδια	29
ἐπανακτέον	29
ἐχθρωδῶς	29
πλάσιος	29
ἐπακολούθημα	29
πανδημής	29
ἐμφ	29
ἐκφ	29
μήτιγε	29
Πενθεσίλεια	29
κτι	29
Λέσχεως	29
Ἡσίο	29
Ἡρακλ	29
αὐξ	29
ἑτερός	29
αυτοῦ́	29
Ἀρτέμιον	29
ἐπιφθόνως	29
κλι	29
δπου	29
ΒΙ	29
ΡΚ	29
εἴσωθεν	29
ἀδύως	29
ἄνιχα	29
καρτερῶ	29
Πένις	29
συναρ	29
Μέσης	29
ἕκαστον	29
εὐφ	29
στιγματίης	29
ἐμβλητέον	29
διώβολον	29
δελφίνιος	29
στοιχ	29
ἐξαγωγεύς	29
μένανδρος	29
Οὐρσάκιον	29
Κρείττων	29
ἀγεννητῷ	29
Μάρκων	29
Εὐσεβή	29
Φαγίσκω	29
ἰσάχαρ	29
Ἀπόστειλος	29
χειρο	29
χρημάτισις	29
ἐκμαίνομαι	29
Μνησίμαχος	29
ἐβδόμη	29
Ιουδα	29
ρπδ	29
σιδ	29
Χιλ	29
Τήρις	29
Χειλά	29
Ἀραβᾶς	29
δειαν	29
ἐντεύχω	29
γατέρα	29
αελιυς	29
ακοβους	29
Έρως	29
Λακ	29
Κονσιστωρίῳ	29
ΑΡΟΤ	29
Λαρείου	29
λιμναῖον	29
Κυριότητες	29
Θύρευς	29
Εὐώνυμος	29
Γεώργια	29
ἀργεντάριον	29
Εὐτρόπιον	29
ὕπλων	29
ἐπίδεσμα	29
ἐπιχοριαμβικόν	29
Ὀλόφερνος	29
στεφανηδόν	29
ξονστ	29
σπηγάνου	29
Ἀβάνιος	29
ὑπόπλεος	29
καταθνητός	29
διαζέω	29
γλύπτης	29
εἴρην	29
νούμερο	29
τριχίασις	29
ἡμικύκλιος	29
μακροβιότης	29
παραδοτέος	29
ἀφιλόνεικος	29
διαναυμαχέω	29
προσπαθής	29
ψιθύρισμα	29
θρεπτήριος	29
κηρύκιον	29
ἠερέθομαι	29
ἀνδρείκελον	29
ὑπόλειψις	29
λωγάω	29
Παμμένης	29
συναινῶ	29
χοικός	29
κέλτικος	29
τριγονία	29
μετεωρολογία	29
Γέρρα	29
αἴητος	29
διαπεραίωσις	29
δυσπαράδεκτος	29
εὐκατάληπτος	29
τημι	29
Δημητρίων	29
καρκινώδης	29
μογιλάλος	29
θεόφραστος	29
Σκίρα	29
κατακάλυψις	29
μύρρινος	29
Ἀλευάδας	29
ὀλβιοδαίμων	29
κυνηδόν	29
αἴκε	29
Εύφη	29
νῶσις	29
βοηθόος	29
Λούκιφερ	29
ευαγριος	29
καρπίζω	29
Σιβ	29
πα~ς	29
φραγέλλιον	29
Εὔθυμος	29
σφέλας	29
αὐτοτέλεια	29
ἀκαχμένος	29
ἑξᾶς	29
υπερτερώ	29
ἑρος	29
παράμονος	29
πολυσήμαντος	29
γειον	29
τοπίτης	29
Διομέδων	29
Λόντας	29
ἐλεγχείη	29
Εκάτος	29
Συρίων	29
εὐάμπελος	29
Δόλη	29
Νομαντία	29
χαός	29
σατύριον	29
ἀιδέω	29
παρηγοριά	29
ἀθόλωτος	29
Πράμνειος	29
δικέφαλος	29
προαγωγεία	29
ῥαίζω	29
Ματός	29
κακοδοξέω	29
Θέκλη	29
ἀντιφαίνω	29
ὀψιτέλεστος	29
αἰγοκερεύς	29
Σκάνδεια	29
βλας	29
κατάδεσμος	29
οἴημα	29
καταδοχή	29
πέλα	29
ὑαλοειδής	29
ἑνδεκαταῖος	29
αρκαδιουπολις	29
ἀργεστής	29
Σιμαίθα	29
τεράμων	29
ἀπεικασία	29
ἀντία	29
συσσιτέω	29
ἑταίρησις	29
μηνυτικός	29
χαρμόσυνος	29
ἐφομαρτέω	29
έμο	29
καλλιστέφανος	29
ὑπόσφαγμα	29
ὁπλοποιία	29
κότυλος	29
ἀφάκη	29
χιλιαρχία	29
Θ	29
κακοπιστία	29
Ἄβγαρος	29
Κέλερ	29
Παννόνιος	29
ἡμικλήριον	29
προεκφέρω	29
ἄδειπνος	29
ἆθλον	29
ἐκποίητος	29
Αρόν	29
οὔριον	29
Θῆσε	29
κατίσχω	29
κάντευθεν	29
ἀγορανομία	29
μώριος	29
Ἀλήιον	29
ἐνσωμάτωσις	29
Ἐνακείμ	29
συσσεισμός	29
ἀγριελαία	29
σανίδωμα	29
Ἰουστίνα	29
κλημάτιον	29
Μεβόδης	29
ναματιαῖος	29
ἀρτίφρων	29
εἰσακοντίζω	29
βραχυλόγος	29
ματαιοτεχνία	29
κκ́γαθαρμαι	29
πελωριάς	29
ταχύπους	29
ἀνόστεος	29
Διονυσοφάνης	29
Κοιλής	29
Ἀριμασπός	29
συζωοποιέω	29
ἀτύπωτος	29
δεκατόω	29
Μαχαιροῦς	29
σαρκασμός	29
Σάβη	29
πανάχραντος	29
οὐδέτις	29
θλαδίας	29
Ἐφθαλίτης	29
Ῥέμος	29
γήπεδον	29
κιχλίζω	29
Κητώ	29
πολυχρήματος	29
Ἄψαρος	29
τανύφυλλος	29
μουσοπόλος	29
Ἀνθεία	29
ἀνυπονόητος	29
ἀπότευγμα	29
δυσδιάκριτος	29
Βουκέφαλος	29
ἐφορεία	29
μισαδελφία	29
κλήρωσις	29
σιάζω	29
ἀντάρτης	29
Κεφαλίων	29
διαπρύσιος	29
ἀλάλαγμα	29
ἀσπίδιον	29
τονώδης	29
γρύτη	29
Παυσανίης	29
σμῶδιξ	29
κελέβη	29
Ἄδανα	29
ἐπιπροίημι	29
Κιμμερικός	29
γανόω	29
ἐχεμυθία	29
προειδώ	29
μιξοβάρβαρος	29
Φιλιστίδης	29
λυσσάς	29
κοπτός	29
ἀλλοφρονέω	29
δεύτατος	29
φερέπονος	29
ἀγαθοσύνη	29
κραταίωσις	29
κυλινδροειδής	29
φλεγμός	29
πρεσβεύς	29
καπηλικός	29
ταυροφάγος	29
ὑπερτελής	29
ταξιαρχία	29
παρακεί	29
κηπεύω	29
ἀνουθέτητος	29
γαλεάγρα	29
ῥώθων	29
ῥωχμός	29
οιανεω	29
εφθημιμερος	29
προμετωπίδιος	29
ἐκπλήγνυμι	29
μικρολογέομαι	29
εὐπαρακολούθητος	29
σίττη	29
ὄγκιον	29
Κραννών	29
Ἀγάθη	29
τολμήεις	29
Ἴς	29
πηγάνινος	29
τεγκτός	29
Τανταλίδης	29
ἐπισημειόω	29
Κρῆσσα	29
Αἰτναῖος	29
διχόμηνις	29
νηγάτεος	29
κοπρώδης	29
δαιτρεύω	29
γυργαθός	29
ἀγορή	29
βδελυγμία	29
ὑλαῖος	29
καταφωτίζω	29
συνανατολή	29
μεταμελέομαι	29
κρητίζω	29
ἀντεπεξέρχομαι	29
νουθέτημα	29
ἄθλιπτος	29
σφένδαμνος	29
αναντίρρητος	29
Ἰέρνη	29
ἐπιθήκη	29
ὄσσος	29
εὔπεπλος	29
ἐγκάθετος	29
ζῳοφόρος	29
ἀσταθής	29
καταταρταρόω	29
ειδοποιός	29
καταμαλάσσω	29
ψυχρολογία	29
ἀπενθής	29
Ὑπερμνήστρη	29
Λερναῖος	29
σίντης	29
στέλνω	29
δεκαπλασίων	29
Ἀβία	29
ὀπισθοφύλαξ	29
ἐναπολιμπάνω	29
περνάω	29
μεθορμίζω	29
ἀναπλόω	29
ὑπερακοντίζω	29
ὑπερσαρκέω	29
θρανίον	29
φυγόπολις	29
καλλιώνυμος	29
νηποινεί	29
κατάνευσις	29
Ὑμήν	29
κλειδοῦχος	29
πεζολόγος	29
φοινός	29
πυραμοειδής	29
προβατεία	29
νοσοποιός	29
αἱμοβόρος	29
στέρω	29
ἑδραιότης	29
Σκιροφοριών	29
Χάριλλος	29
ὀφίασις	29
ποικιλτής	29
φαντασιώδης	29
Σαλγανεύς	29
Μαζαῖος	29
σητάνιον	29
μορμύρω	29
Μεντού	29
Ἀράσπης	29
διψαλέος	29
ΔΑΜ	29
ἀντικρίνω	29
ἐκπαθής	29
ἕλκυσμα	29
ναύκραρος	29
Γύαρος	29
μιστύλλω	29
ἐπιπέτομαι	29
ὁμόσπορος	29
καταβλέπω	29
ὑπογίγνομαι	29
ποριστικός	29
ἐπισύστασις	29
οὖσος	29
περιαστράπτω	29
μιασμός	29
ἡμίφλεκτος	29
παλίμφημος	29
ὁσιόω	29
ἄρκειος	29
κονέω	29
τέρσομαι	29
ἐπιβροχή	29
Θεσσάλειος	29
προυπαρχω	29
κεῦθος	29
σιγηλός	29
παρεμποδίζω	29
ἀντεπιστέλλω	29
χρῖμα	29
ὄαρος	29
δυσθανατέω	29
Πύρων	29
ἑψητός	29
εισαγωγικός	29
ἵππουρος	29
Τιτιανός	29
εἰσαθρέω	29
ἀεροειδής	29
Νυσαῖος	29
ἀναληπτικός	29
Λίσσος	29
πολύαιμος	29
τρῆσις	29
λεύκιππος	29
ἔγχυτος	29
ἀποπέρδομαι	29
μυγμός	29
δορυφορικός	29
Γετικός	29
χελεύς	29
πλατικός	29
ὑπακτικός	29
μελίσσω	29
σίσυρνα	29
χλιδάω	29
κοιμητήριον	29
διαχωρισμός	29
κιβδηλεύω	29
Σκίαθος	29
προσρήγνυμι	29
Μάκαι	29
ἀποσύρω	29
ὑπομνηματισμός	29
διαχαράσσω	29
ἐνσκευάζω	29
ἐγχρίμπτω	29
πλυτός	29
Βυζαντία	28
θίαν	28
ἀντευποιέω	28
πόρδαλις	28
πάτροκλος	28
ὁμοιόπτωτος	28
ἐπικίδνημι	28
Κάειρα	28
Πολύδαμνα	28
Ψύρα	28
οἴκοθι	28
οὐρανόθι	28
Θήβηθεν	28
ὀλιγοδρανέων	28
Πάπα	28
λεόντειον	28
ἁμῖν	28
προϊάπτω	28
κάθῃ	28
μαλρός	28
ΠΡΩΤΟΣ	28
δίη	28
ἐθιστέον	28
μηκόθεν	28
ολόψυχα	28
Μυρομένη	28
ἴσθαι	28
Δόνη	28
Ἀλλῆς	28
γορίας	28
κατανθίημι	28
τρεπτέον	28
ἀλλό	28
τελειώνω	28
δαμόος	28
ὡσπερεῖ	28
Σαλλούστιος	28
Πρεσβύτερος	28
φύλλα	28
ἀποδεί	28
διδόω	28
ἀπεριμερίμνως	28
ανέτως	28
πολιορ	28
ἀρεστής	28
Μάνεντος	28
ἀδελφικῶς	28
Τίκος	28
ποιημι	28
πεπλασμένως	28
διόρίζω	28
μεσολαβώ	28
Αλεξάν	28
Πέπε	28
κάπ	28
ζγ	28
Ἱερᾶς	28
Ρίους	28
πόρκης	28
ἐφθός	28
τφ	28
συγγ	28
ΧΖ	28
ΒΛΓ	28
ὀστραχον	28
περίτροχος	28
φύξις	28
Θάμβος	28
ρῖνας	28
ἐκτεθῆναι	28
μειρακιωδῶς	28
μετωπηδόν	28
τήβεννος	28
Κυνόσουρα	28
προπαραξυνοντ	28
ἁγ	28
Άνθρωπας	28
ΚΤ	28
ΡΗ	28
ΖΕΓ	28
ΓΒΕ	28
ΒΔΑ	28
Δέρκυλλος	28
θρεπτέος	28
δρμῆς	28
στίθημι	28
ἀμπ	28
θυτέον	28
ἠμής	28
παιδευτέος	28
ἐννάκις	28
ἀγιωτάτην	28
κοινοποιούμαι	28
συντομή	28
φοις	28
δνεῖδος	28
Ἀδελ	28
συγκαταβατικώς	28
Αδαμ	28
ΔΟ	28
ΜΜ	28
σνζ	28
ἥττημα	28
ξζ΄	28
οζ΄	28
ἀρέϊνος	28
ρμδ΄	28
Που	28
ΒΔΕ	28
σπε	28
ρνζ	28
Λαῖτος	28
Σισιννίου	28
Δεμέστικος	28
Κάρουλος	28
νιότη	28
νένα	28
Κοπανιάς	28
ἐπίρρ	28
ανάμερος	28
Χαζάρων	28
καρουλας	28
Ἄβαροι	28
πραῖδαν	28
ΤΑΡΑΝΤΙΝΟΥ	28
διώρυγος	28
ἠρύγγιον	28
ἀχώρ	28
νοερώς	28
ψκθ	28
ηϑ	28
οει	28
ὑπολαλέω	28
Λιομίδει	28
Σισίνιος	28
Κωσταντῖνος	28
ωτινεος	28
σουανια	28
ΓΡΗΓ	28
ὑτέγραψα	28
γαινεος	28
Τακν	28
κύμβη	28
πελοπως	28
Παρίων	28
ψίζω	28
ποδεῖον	28
ποθεινότατος	28
Τικᾶς	28
δέον	28
ἀποπρό	28
ἀναμαρτησία	28
Κερκιδᾶς	28
Ληνεύς	28
Ἀράμ	28
Μέιν	28
Ἄριμοι	28
Πλήθος	28
Θήβη	28
Λάτμος	28
Ἠμαθία	28
σμυνοτερος	28
οἰκόσιτος	28
κόϊξ	28
ταυρόκολλα	28
βαλδουινεω	28
Κεκαυμένος	28
Ἀριστοκρέων	28
σκοπευτήριον	28
εὐπερίστατος	28
μομψουεστια	28
πρόσωπο	28
Απάλλα	28
Ἰννοκέντιος	28
Τζε	28
πένω	28
ἐξάπλωσις	28
διωμοσία	28
τεμ	28
συνυπάρχων	28
στρατολογία	28
Ἀββακούμ	28
Μισάκ	28
μέρμερος	28
φανερώνω	28
ἄρχα	28
Χαλίλ	28
Βαβύλα	28
Κυντίλιος	28
μάννη	28
κλαγγηδόν	28
συνέζομαι	28
χολός	28
ὀλιγανδρία	28
ὑπότρομος	28
ψευδογράφημα	28
εὐαπόβλητος	28
συνδιημερεύω	28
νουμή	28
ἔγκυκλος	28
μεις	28
θύρασι	28
μελίη	28
Ῥαασώς	28
ἀκατανόητος	28
Ρούσιου	28
δυσήκοος	28
πεμφιγώδης	28
Σωρανός	28
Άρο	28
μυζήθρα	28
ποθόβλητος	28
γλάφω	28
παρηγόρημα	28
μνησίθεος	28
Ρίκη	28
ἐπιγέννημα	28
βς	28
Περίβλεπτον	28
αμόρφωτος	28
δυσμός	28
εὐστομέω	28
ἱμονιά	28
ἐπιείκελος	28
πρέσβειρα	28
ὑποσχέθω	28
κυοφορία	28
ἀνάλλομαι	28
φυγομαχέω	28
στροφαῖος	28
δατητής	28
πατρόφιλος	28
Ναζαρέθ	28
πρωτοκλισία	28
θειασμός	28
Ποσίδιππος	28
ἑπταετία	28
Ὤγ	28
Μητρίκας	28
αὐθέντος	28
πορφύριον	28
Ἅρμα	28
χανδός	28
μητραλοίας	28
συνομιλέω	28
ἔγχυλος	28
κονίσαλος	28
δίγαμος	28
λεπτόγεως	28
ἐδέω	28
νεκάς	28
Ἐργώ	28
Ἐρυθῖνοι	28
οὐρίαχος	28
πρόσχωμα	28
Εὔκολος	28
Πύλων	28
παυος	28
Ἡρακλείη	28
ἀποκαραδοκία	28
ἀρχιποίμην	28
φιλοδέσποτος	28
κοναβέω	28
βρε	28
πάρδος	28
προπαίδευμα	28
Κλίμαξ	28
κλημάτινος	28
ῥινός	28
ἰκτερώδης	28
προμνάομαι	28
μελανόχρους	28
Κίλισσα	28
Άμπε	28
παιδιώδης	28
Αθηνή	28
μαντιπόλος	28
χροιή	28
χρυσάορος	28
ΛΤ	28
Ζάλμοξις	28
ἀπινύσσω	28
θεοβλάβεια	28
Κήτευς	28
Αἰγεῖον	28
ἀνακοντίζω	28
ὑποκρούω	28
δυστοκέω	28
ομοούσιος	28
διπλοιδη	28
ἁγιαστικός	28
θρασυκάρδιος	28
Ελάμ	28
ευαγγελίζομαι	28
στροβίλινος	28
συλλεαίνω	28
σπαργάω	28
πάντιμος	28
τοιόυτεος	28
εὐθύωρος	28
Τάναις	28
Ἀρτάκη	28
Χάλκων	28
δρατός	28
θανάτωσις	28
ζωγραφικός	28
ἀκρολοφία	28
Βρανά	28
πατζινακος	28
δωδεκαταῖος	28
πολυφιλία	28
Μέιζ	28
δούριος	28
νύκτιμος	28
τρίμορφος	28
Μοσσύνοικοι	28
Δρίος	28
πτερυγώδης	28
ενδέχεται	28
νύχος	28
ἡμίεργος	28
χρονοτριβέω	28
Ζιφαῖος	28
προηγιασμένη	28
ἀδμής	28
συγκατάδυσις	28
μήδιος	28
ἱπποκλείδης	28
μηλωτρίς	28
Ἀμφίθεος	28
συναποκατάστασις	28
δεκάτη	28
ἀνδράριον	28
ἐπιδεσμέω	28
προποδισμός	28
κωλήν	28
δολοπλόκος	28
Σουνιεύς	28
πολίχνη	28
Σέρρες	28
φιλοτίμημα	28
ΥΠΕΝ	28
κτέρεα	28
ἀντίπνοια	28
Ὀλυμπιακός	28
κελαδεινός	28
Βαλβῖνος	28
Πρατίνας	28
ΠΝΑ	28
ΣΜΕ	28
άρατος	28
μήρυμα	28
προσωγοριον	28
συγγυμνασία	28
στίλος	28
μεγαλοφυΐα	28
προεξηγέομαι	28
Κανένας	28
Μάγας	28
ἀνεμοτρεφής	28
πλανητός	28
κυδνός	28
τυπή	28
περικρατέω	28
κομψότης	28
Ἄνθης	28
ὄρυς	28
κατεάσσω	28
εὐκατέργαστος	28
φόλος	28
Ὁστίλιος	28
ἄκυλος	28
κνησμώδης	28
μίσημα	28
Γνήσιος	28
ἑπέτης	28
ἑτεροούσιος	28
παλαία	28
Ἰαώ	28
παρολισθάνω	28
ἀναμέλπω	28
κρύβω	28
Σεβαστόπολις	28
Σαρπηδόνιος	28
Κράτιππος	28
Ἄντισσα	28
μαγνῆτις	28
Ὀδησσός	28
Γλαύκιππος	28
πολύτριχον	28
ἄνυμφος	28
Ἀπιδανός	28
πέπλιον	28
Κάστος	28
ῥίψασπις	28
ἀπατητικός	28
φωριαμός	28
ἔκδυσις	28
σκεδασμός	28
πακτόω	28
εὐκέραος	28
ἱερόθυτος	28
κνάφος	28
παρομαρτέω	28
σάννας	28
ὀπώρη	28
ὑπεναντίωσις	28
δαψιλός	28
πατάω	28
πολυάνδριος	28
σκευοφύλαξ	28
νέων	28
ἀνοσιούργημα	28
πρυτανεύς	28
οἶμαι	28
θυηπόλος	28
ἱμαντώδης	28
ἀποσπογγίζω	28
πολυπαθής	28
βλωθρός	28
Τλώς	28
στεφανιαῖος	28
ἀνταρκέω	28
Τροίζηνος	28
κατοδύρομαι	28
Σοφόκλειος	28
ἀναβάθρα	28
χηρόω	28
ἐπιφλέγω	28
τρίπολος	28
τηλεδαπός	28
Ἄγρων	28
πύω	28
κέντωρ	28
ταρχύω	28
ὁμέστιος	28
προνομαία	28
Ἀβαντίς	28
ἀνηβάω	28
δυσχρηστέω	28
ἀσφαλίζομαι	28
πανάμωμος	28
φαυλισμός	28
ἀπόρρυτος	28
ἔκπλεος	28
ἐπιρροφέω	28
Πυραίχμης	28
τρανόω	28
μονότης	28
διασήπομαι	28
ἄκλειστος	28
ἐγκαταμίγνυμαι	28
ὀτοτοῖ	28
χαλκόπους	28
στιλβηδών	28
ἐπίτριπτος	28
ἀμπέλιον	28
ἀποδιαιρέω	28
ἰοστέφανος	28
Ὑπερβερεταῖος	28
ἐξορκόω	28
ἐπηρεφής	28
ἀχάνη	28
ζῳόω	28
ἐξέρπω	28
ἄπωσις	28
ἁλυκότης	28
μαστοειδής	28
ανίατος	28
ἄγναπτος	28
καπνοδόχη	28
λάπαθος	28
Ὀρνεαί	28
προσαποδίδωμι	28
ἐκλεικτόν	28
ἐννάλιος	28
παραλογιστικός	28
μεταστέλλω	28
κυκλοφορέω	28
παραπολαύω	28
μεταμείβω	28
Μολίων	28
μητιάω	28
σαύνιον	28
ὑποθωπεύω	28
ἐναγισμός	28
ἐνσείω	28
ταγματάρχης	28
προκενόω	28
θάψος	28
εὐκάρδιος	28
ῥυθμικός	28
ἐναπολείπω	28
Χρῆστος	28
συνεδριάζω	28
ἁβρύνω	28
κωτίλος	28
μαστήρ	28
πομπεύς	28
σαγή	28
βλαύτη	28
παιδεραστία	28
ἀποπλάζω	28
ὁσπίτιον	28
διατήκω	28
Ἄρρων	28
ἀποσχεδιάζω	28
ἐγκαίω	28
ἐνέψω	28
ἐποχέω	28
ῥαπτός	28
ἀπεῖδον	27
οἵαπερ	27
σκό	27
Βουζύγης	27
φιλοτεχνεῖν	27
ἰοειδής	27
βοηθητέον	27
σηστός	27
πανηγυρίζων	27
Κορυφάσιον	27
Στεφανίτας	27
ἱερές	27
Οί̓νωτρα	27
Ἄλπειος	27
πενιχρά	27
παλαιῶ	27
ἀγρόθεν	27
οἱανδήποτε	27
τρίπον	27
δείκελον	27
Θυμβραίου	27
νίκημα	27
πολυδίψιος	27
εἶκα	27
Ἀργοναυτικός	27
γυναικοπληθής	27
ἀσθενόω	27
πολύκαρπον	27
βφ	27
Ἰσίγονος	27
χωρητέον	27
σομενω	27
ἐνιαύω	27
Ἑρυς	27
Αἰαντίς	27
Ἰπ	27
κατηγορητέον	27
ἐπαναδιπλόω	27
τεταραγμένως	27
εἰκοσάκις	27
διαλεκτέον	27
ἄμυστις	27
Θρ	27
ἐπιδη	27
προσίζω	27
Πίδης	27
ΑΕΤ	27
σώματος	27
ἀντίχρως	27
τριχή	27
διανοητέον	27
Ἀπαλῶς	27
Εἰκῶτος	27
πτων	27
Οὐγγρίας	27
απαραποερχομαι	27
Προξένα	27
Κζ	27
να΄	27
Ω΄	27
ευριψ	27
αυτοκίνητο	27
Λαμπ	27
ἀπρο	27
χθη	27
Αμύ	27
ποδ	27
τήσει	27
σῦλα	27
ταὐτόματον	27
ἔναντα	27
ἠερόθεν	27
Νεᾶς	27
Αμπελός	27
προσάπαξ	27
Ζεῦς	27
Βαλών	27
περιπα	27
Σόλυμα	27
Παρράσιον	27
ἀποκ	27
ἀγεώργητος	27
φαρμακίτης	27
Ἄιδι	27
ΧΒ	27
ΑΒΘ	27
ΦΘ	27
ΑΚΒ	27
ΞΒ	27
ΨΥ	27
ψπ	27
ἰητρεία	27
Ζεν	27
ὄρεις	27
σμένος	27
Μαρτύριος	27
νίδες	27
πλο	27
ληνιπως	27
ὀδυ	27
Πρώτων	27
χροπου	27
Εὐπάτωρ	27
τόχον	27
Τρυγαῖος	27
βιωτέον	27
αναλλοίωτος	27
σκολιότητα	27
Ἄγαβος	27
ἀλλοχόθεν	27
ρμθ	27
Ἄββα	27
προσωπολήπτης	27
πίστευσις	27
Μάραθα	27
ὀτιοῦν	27
προσηγολίαν	27
δίδονσομαι	27
Οὐρίας	27
Ιερουσαλημ	27
ἐκπρεπῶς	27
ἰσοστατέω	27
ἀβιάστως	27
ἀτημελῶς	27
Ἱέρυς	27
σν΄	27
Σενναχηρείμ	27
ὥσπ	27
ρξζ	27
ΕΑΓ	27
φλακήν	27
σπονδαίου	27
Χαζαρίας	27
Κουρκούας	27
Βουλγάρου	27
Φρ	27
Θεσπέσιος	27
καταλυπέω	27
κρεῖτλον	27
ἀρχο	27
δραστέος	27
κενταύρειος	27
ἐκκληςίας	27
ποσιδηω	27
προσφιναω	27
προΐκω	27
Ταρασίου	27
Νίκος	27
αρνβ	27
στεφανᾶς	27
Γερόντιος	27
Τεμήρην	27
Τυχιάδης	27
ευβολ	27
Βάβριος	27
κάκυνσις	27
συννοσέω	27
γέντα	27
χειρίδα	27
ἀνεῖπον	27
ἄπαστος	27
Πολυκρίτης	27
ὀσφρητός	27
ἔννος	27
ἀντίχαρις	27
καθέξω	27
ὁμηγερής	27
κρόσσαι	27
θεοβλαβής	27
βδάλλω	27
πρατήριον	27
ἔμμα	27
μελάγχροος	27
εὐγλωττία	27
βλακεύω	27
ἔμπηξ	27
παραθύρι	27
Ἄζων	27
Σεπτέβριος	27
στῆρον	27
Μακεδονιανός	27
Κίνα	27
νεανίευμα	27
νίψις	27
τερπνότης	27
υγρό	27
Ἀρίστυλλος	27
ὑψίπυλος	27
Ἰλλοῦς	27
λάσος	27
σεκρετικός	27
ἀδίκαστος	27
Κρίτος	27
Ἄλκαθος	27
χέραδος	27
Πεντάπολις	27
εὐγονία	27
Φηραί	27
θηριάλωτος	27
παλίσκιος	27
δεσμίδιον	27
αὐγέω	27
παχυμέρεια	27
ἐλένιος	27
Ἀντιγόνεια	27
Τιγρανόκερτα	27
Φάνου	27
Δέξιος	27
ουτινοσεω	27
καθύω	27
Ησαίου	27
Βιαῖος	27
Δίκτυς	27
φιβάλεως	27
Ἀλλόβριξ	27
ἀκατηγόρητος	27
μισγάγκεια	27
ἀφεδρών	27
ἀπαράγραπτος	27
ξανθικός	27
βάϊον	27
Φεραῖος	27
ἀντολή	27
τληπαθής	27
Εὔκρατος	27
ἄλητον	27
φλαμουλη	27
σάκτας	27
μηθ́υμι	27
ἀγχίσπορος	27
κωφότης	27
ἐχω	27
θάμα	27
ὄφλησις	27
Κοδρίδης	27
παμπληθεί	27
Πάξαμος	27
ἀναλημ́πτω	27
ώα	27
πέλυξ	27
Πολύειδος	27
Θράσων	27
ἀνεπίβατος	27
υβρίζω	27
Σωσάννα	27
Ῥεμμών	27
Καδής	27
ὕφασις	27
πίτυλος	27
Θῦμος	27
Σανταβαρηνός	27
βρονταῖος	27
κατά-κληρουχέω	27
ἦλος	27
οὐγάρ	27
Βούρτζης	27
Σώπολις	27
Πελίης	27
παρασχεδόν	27
χύτλον	27
ἐνταφιάζω	27
Ἀθαμάν	27
Μάσιον	27
ψύα	27
μονία	27
παράρρησις	27
ἀπατέω	27
Κάδοι	27
ἀϋτέω	27
δοκίον	27
ὁθούνεκα	27
Πόλης	27
γῆρα	27
κατάσσω	27
Λογγίβαρδος	27
Ἰαήλ	27
ἀπόρευτος	27
Χρυσάνθιος	27
ἀορτήρ	27
παρδαλέη	27
θυόεις	27
ἀφίνω	27
ἀναρίτης	27
ἐμπνευστός	27
Κία	27
Μέναιχμος	27
Γένης	27
κακολόγος	27
αὐτοέλικτος	27
πρίνινος	27
Πρωτόμαχος	27
λυσσόω	27
Ἄλπις	27
Λάφνης	27
χειμασία	27
προσκαθίζω	27
σαργός	27
ψάρος	27
Τρύφαινα	27
πρόλοβος	27
θορυβώ	27
θήρευσις	27
ὀνοκένταυρος	27
τριώροφος	27
μονοσιτέω	27
μηχανάω	27
ἀλαθής	27
στεάτωμα	27
ἀποδρομή	27
ἐκγελάω	27
Βασιλία	27
Ἐφρών	27
αμβλυγώνιος	27
ἐγρεκύδοιμος	27
ἐρευθιάω	27
ἀναβιώσκομαι	27
πλοχμός	27
ληίς	27
κεραΐζω	27
Μέλιος	27
μεμβράς	27
κορεννύω	27
ἑνοποιέω	27
ὅνδε	27
Νῖσα	27
σκι	27
βήρυλλος	27
περιττοσύλλαβος	27
σέρα	27
Ἀμόλιος	27
Βᾶς	27
εἰσέρρω	27
περισώζω	27
ζθ	27
ὀπίζω	27
ἀνθομολογέομαι	27
κνῆστις	27
Μαιῶται	27
Θάρα	27
Βύζης	27
δημαρχικός	27
ἀκλήρημα	27
ἀμφισβήτημα	27
κακοπραγμοσύνη	27
Κλεομήδης	27
δίπλωμα	27
ἔντυβον	27
λακάω	27
Περσαρμένιος	27
ενοποιος	27
χωμωδειος	27
λοφίας	27
μήνιον	27
Ἀρζανηνή	27
σαρόω	27
ἀείδελος	27
εὐήτριος	27
δίπυρος	27
κνεφαῖος	27
λουτρών	27
ἀφηγηματικός	27
ἐφελκυστικός	27
Ὦπις	27
Χαρικλώ	27
λώπη	27
ὀψείω	27
Ἰατρόν	27
Ἐπιφάνης	27
στεγανόπους	27
πύγαργος	27
ἀδίστακτος	27
Ἀριώχ	27
ὑπαίρω	27
Δαμασίας	27
ἀπάλαμνος	27
ναυκληρία	27
ἀσυνθεσία	27
Ἰεζραέλ	27
ἄνυλος	27
ἐπικτυπέω	27
Ἀμειναδάβ	27
κυρίσσω	27
Ἐτεωνός	27
Τρινακρία	27
εἶλαρ	27
πανόλβιος	27
μεγαλίζομαι	27
Καρίων	27
δυσεπιχείρητος	27
Ἀπουλία	27
ὀνοματώδης	27
μελίγηρυς	27
Ἄσανδρος	27
ἐνερευθής	27
ἐνηής	27
θρῦλος	27
ἀψυχία	27
πυραμοῦς	27
ἱλάομαι	27
διενθυμέομαι	27
ἄδιον	27
νεμέτωρ	27
ἠμάτιος	27
βώμιος	27
ἐνήλατον	27
ῥίνημα	27
προσαγωγός	27
ἐμβριμάομαι	27
κνάπτω	27
ὁμόψυχος	27
προσψαύω	27
ὀνοματοθέτης	27
ἐριθηλής	27
εὐθύ	27
ἀπόκροτος	27
επιφώνημα	27
θηκτός	27
οἰκιστήρ	27
Γυρτών	27
ἐντροπαλίζομαι	27
κινυρός	27
προσόψημα	27
ἱπποστάσιον	27
τημελέω	27
πολυφαγία	27
σκοτασμός	27
Κάνταβροι	27
θεατρίζω	27
ἀποστενόω	27
ἔκρηγμα	27
παρέκτασις	27
μονωδία	27
Ὑδραώτης	27
ἀντωθέω	27
γαστρίον	27
φυτουργία	27
Δημαινέτη	27
Βρετανία	27
Ἀπίκιος	27
ὑπεκδύομαι	27
βρύσις	27
ἄρθμιος	27
λατύπη	27
Μεγαβάτης	27
ἠχέτης	27
ἄζωστος	27
ἀνασοβέω	27
αὐτοκινησία	27
συναγελαστικός	27
Σκορδίσκοι	27
Πολυκάων	27
ζάκοτος	27
ἀμφασίη	27
εἰλυφάζω	27
προσέω	27
τένδω	27
βοτανώδης	27
Βαθυκλῆς	27
ἐφιστάω	27
ἐξονομάζω	27
δύσζηλος	27
σπλάγχνος	27
λογαριασμός	27
ἐπωφελέω	27
εἰλαπινάζω	27
φιλεγκλήμων	27
φιλοψυχία	27
δυσπόρευτος	27
ἐκνέμω	27
ἀσκαλαβώτης	27
συζώ	27
Δολίων	27
Μεταπόντιος	27
συνεκβάλλω	27
ἐπιλημπτικός	27
ἀμείρω	27
Ὄθρυς	27
Δύστρος	27
ἀλἥιον	27
διαφράσσω	27
φλεγμαίνων	27
Λέο	27
αιμορροώ	27
εἰδωλοποιέω	27
σφηκίας	27
ἀπαγγελτικός	27
βόμβυξ	27
Θεράπναι	27
Εὐξίθεος	27
Σιλ	27
δαυλός	27
χρυσάωρ	27
ἀλλ	27
συγκίνησις	27
ἀμφαφάω	27
Πρέσβων	27
Πυθαγοριστής	27
ἀκέρατος	27
ἰλάρχης	27
Υβ	27
καταμωκάομαι	27
δευτέρωσις	27
Καρδοῦχος	27
δραγμή	27
Εὔιππος	27
ἄζωος	27
ἄπεδος	27
Πρηξάσπης	27
κατάχρυσος	27
συγκατέρχομαι	27
ἀνταμείβομαι	27
δωδεκαετής	27
Σιμύλος	27
καταζεύγνυμι	27
πορφυρίζω	27
ὑπερέρχομαι	27
διοιδέω	27
αὔσιος	27
παρασαλεύω	27
προμαχεών	27
φίλαξ	27
καρωτίδες	27
ἐμπλαστός	27
αἰανής	27
ναυβάτης	27
ρευστός	27
δέλλις	27
φώνησις	27
ἑκυρός	27
καταμαραίνω	27
χαμηλός	27
παρασυναπτικός	27
Ἐρετρικός	27
Σεβαστιανός	27
αἰθόλιξ	27
μισός	27
Φᾶδος	27
φοιταλέος	27
εὐίατος	27
ὑγιηρός	27
διαμείβω	27
κάρφω	27
ἀφροδισιαστικός	27
κνώδαξ	27
ΗΦ	26
τέτραχα	26
καταφρονητέον	26
ἀπιστητέον	26
ἱδ	26
χοιρίδιον	26
Μυρρίνη	26
Διομήδεια	26
Φρύγια	26
Λεκτόν	26
μίγδην	26
μονόβιβλος	26
κτίδεος	26
πολεμήιος	26
ρυ	26
οἱουδήποτε	26
Εὐθύμιος	26
αὐτόφως	26
ναμις	26
μαλός	26
ὀπισθόπους	26
σύρτις	26
ἀμφάδιος	26
Ἄορνον	26
ψαλλός	26
πολύκοινος	26
εὐτυ	26
δείς	26
βρᾴδιος	26
Ὑγεία	26
ΡΠ	26
συγκριτικά	26
ηυἑ͂ς	26
Φιλτᾶς	26
Κάραβος	26
διστακτικῶς	26
δοάσσατο	26
σκυ	26
παιδο	26
σμος	26
ἐτερότητι	26
Ἰαννῆς	26
συστρέλλεται	26
εἰσαύθις	26
αμοιερος	26
πολλαχώς	26
εἰμαρμένους	26
σκυτοτομέω	26
τησε	26
συντεταγμένως	26
τεκνογονέω	26
ἀσυμπαθῶς	26
Δάνουβιν	26
σιλεῖ	26
ὀλόφυρσις	26
γενν	26
εξαυος	26
Σάπφειρα	26
αυτούθε	26
θημιστοκλεος	26
Κείμενος	26
κίριον	26
ἀναφώνημα	26
ἕκτερον	26
νοντας	26
ἡσς	26
ὕτες	26
Λύσας	26
ἔπηλ-υς	26
ΔΕΓ	26
οὐρεσίφοιτος	26
μεδέουσα	26
Μάρτυρας	26
Βου	26
διωκτέος	26
σκά	26
Χήνας	26
δέδω	26
εἶἑν	26
ΡΓ	26
ροζ	26
ἀφραδέως	26
ἐναντίβιος	26
ἴφιος	26
Φε	26
Σύφαξ	26
Φιλότιμος	26
Ἀραρός	26
ἔλυμος	26
περισπ	26
κύκλιον	26
Λεσᾶς	26
Σῆς	26
ἰσορρόπησις	26
ΜΠ	26
ΕΗΖ	26
ΞΛ	26
ΗΕΘ	26
ΩΦ	26
φαρανίτης	26
Ὀδ	26
Πίθων	26
ἱκ	26
ἀσυμφώνως	26
ἀστ	26
πρόθυμα	26
Ἔνα	26
Ρανού	26
Θεωνᾶς	26
Μελίτιον	26
φαραός	26
Σύνεσις	26
λομένων	26
ἀθελέω	26
συγκυρία	26
ἆχος	26
ρνη	26
Διονυσαλέξανδρος	26
Φολ	26
ΣΝ	26
σζ	26
συμπ	26
Ἀβιούδ	26
ἀσβεστον	26
Βάτος	26
συστοιχέω	26
Μονάχου	26
προσκ	26
καταφ	26
χινεος	26
τν΄	26
Ἴσαυροι	26
Καραβίτης	26
πδ΄	26
ἑγίγνομαι	26
λογάριν	26
Πάπας	26
Μερά	26
Πρικάς	26
Ἀφρ	26
δόμονδε	26
Σφενδοσθλάβος	26
κράχτης	26
Σακελλίου	26
γραδήλια	26
Τάτου	26
Φίλιξ	26
σιλέα	26
Δόνος	26
δυσσεδεῖς	26
σοφόρα	26
Σίγα	26
Ἀρχάς	26
Νούσα	26
νύμφευμα	26
χθω	26
ἐνδεκάκις	26
φυλλάριον	26
Κῦρις	26
ΠΑΟ	26
ΑΔΑΛΟΝ	26
Ἀμβρόσιον	26
σᾶνυ	26
Ἴλος	26
ὠμιαῖος	26
ὕβωμα	26
Φερεκράτειον	26
ἐγγόνασιν	26
Βαιτικός	26
ΟΡΘΟΔ	26
κγ̓	26
Ἡροκλῆς	26
υπαρκτικός	26
γάλοως	26
ἀλλην	26
θήτερος	26
μιαιφονέω	26
δαμασκηνόν	26
πενταέτηρος	26
λευτον	26
Ἄμωσις	26
πόλινδε	26
Κώνστα	26
λαναοις	26
πολύειδος	26
περίτριμμα	26
ἄκουσις	26
Βένετος	26
παράκοιτος	26
λιοντάρι	26
πυορροέω	26
θεσπιδαής	26
ενσπείρω	26
καρχήσιος	26
πλισανη	26
γραΐς	26
διαισθάνομαι	26
μελάνδετος	26
Πρόθοος	26
κατάσβεσις	26
χλαμύδιον	26
σοντε	26
πλειάς	26
λευκόχρως	26
Ἰνάχιος	26
Εὐχήνωρ	26
ἐπίκαυμα	26
δύσπορος	26
ἑρμάζω	26
προπή	26
ΚΚ	26
Θρασύλος	26
σκνίψ	26
βαρυκάρδιος	26
ἄρτημα	26
ὁροθεσία	26
βαρυθυμία	26
ὀξυθύμια	26
δίπτερος	26
Βῆρος	26
πολεμήϊος	26
Ἀπόγονος	26
ἀστερωπός	26
αθλοφόρος	26
Σόφων	26
σεισάχθεια	26
Γένουα	26
Τέλο	26
Δελφύνη	26
ἀποθέωσις	26
ἀσπερχές	26
Φίλο	26
ἀποστοματίζω	26
ὀνικός	26
οδύνη	26
Χούς	26
νιτ(τ)άριον	26
ἐξολέθρευσις	26
νύσος	26
ἀντίλογος	26
Τυνδάρεος	26
Ψέις	26
Λυσιμάχεια	26
ἀναστολή	26
ΣΕΡ	26
σαράβαρα	26
προβιόω	26
δουρικλειτός	26
ἑστιῶ	26
αμιμονος	26
πετ	26
ἀποβάπτω	26
σκοτισμένος	26
ἀνεπίγνωστος	26
Ῥαμνοῦς	26
μαναά	26
λειριόεις	26
μαυιος	26
ἀτέρμων	26
κοπρίζω	26
Δέλη	26
ἐπιπλάζω	26
κράνιον	26
ἀπόχυμα	26
κύφωσις	26
ἀπαλοάω	26
ἀπεχθές	26
Δερκύλος	26
Παράνος	26
Κιττιεύς	26
Μελέτας	26
Όντον	26
Μάλιος	26
σκῦλον	26
μετήορος	26
Αχίλλη	26
πλημυρίς	26
ἵφ	26
Κίβυρα	26
καλλιφωνία	26
νεοκαισαρεια	26
σαβάζω	26
Όκκα	26
φόδος	26
Ἀβίων	26
Ὑάμπολις	26
ἴξαλος	26
ἐντευθενί	26
πιλίον	26
πνῖγμα	26
βουλυτός	26
Μασσηφά	26
ζώωσις	26
ἀμαθούσιος	26
εὔογκος	26
ἄκινος	26
κυπρίζω	26
περσέα	26
επιγράφω	26
ὄζαινα	26
σίγσμαι	26
πολεμάρχης	26
θεοπαράδοτος	26
καταποντιστής	26
προσομολογέω	26
Ὀπόεις	26
Αὐταριάται	26
κατοχυρόω	26
ανίσχυρος	26
αυτοειμι	26
Νεστοριανός	26
ἔκτεξις	26
Μαινάλιος	26
ὀπτήρ	26
Λητοΐδης	26
προποδίζω	26
ΔΕΚ	26
Δευκαλιώνεια	26
πολυπλασίων	26
Στέρος	26
φιλοκερδία	26
Ἰαείρ	26
Πανεάς	26
θέλγητρον	26
βουνί	26
παραμόνιμος	26
ἀνεκφοίτητος	26
Ἀψίνης	26
ἡμιστάδιον	26
κῦφι	26
νυμα	26
βοτρυόεις	26
ἀναδέσμη	26
βασιλειάω	26
βλακικός	26
διωνυμία	26
Γερραῖος	26
Ἄκης	26
Ἀμοργός	26
Ἐμαυτός	26
κιρραῖος	26
ἐπίστροφος	26
πανήμερος	26
κατάφυτος	26
ἀγυμνασία	26
συγκρότησις	26
Σπουδίας	26
ἡγέτης	26
αὐτοδύναμις	26
Ἀλκιμέδη	26
φαληρικός	26
καλλίρρους	26
εἰσδέρκομαι	26
Δηϊονεύς	26
ἀνέβραχε	26
ἀπονόσφι	26
περίθετος	26
Ἀδάμας	26
κητώεις	26
ἐνεσθίω	26
αγχυηρα	26
σκιράς	26
ὁμόθρονος	26
αἴλινος	26
Μουσηγέτης	26
δισκοειδής	26
ἔναυσμα	26
ἐμβατήριος	26
παντοκρατορικός	26
ἐπιθέτης	26
μητροκτονία	26
κάλημι	26
διεκβολή	26
προσιτός	26
ἐχθρία	26
ἐπιστρωφάω	26
κοκκυμηλέα	26
Κάλλατις	26
πολυόμματος	26
πολύβουλος	26
ὀνίς	26
ἰχωροειδής	26
ἀπεμέω	26
σκουτάτος	26
Ἀγέλιος	26
Βῶλις	26
δυσμεναίνω	26
ἐπίπαππος	26
Θρῖδαξ	26
βατεία	26
Κάιρα	26
ἀνακηκίω	26
κεραυνίας	26
Ἀριστόκριτος	26
Χάλδος	26
εἰσποίησις	26
δυσαπόβλητος	26
ταΐτης	26
Ναρβωνησία	26
δαιμονιάω	26
σκαιωρία	26
ἀπρόσκοπος	26
επιστάμενος	26
δυσίμερος	26
Νικαρέτη	26
κερδοσύνη	26
Περιμήδης	26
Σιδηρώ	26
ὀροθύνω	26
Ἀνδρώ	26
ἀπολείβω	26
Τύνης	26
σόγχος	26
λάδα	26
μορμολύττομαι	26
ποηφάγος	26
ἐναριθμέω	26
λαλητός	26
Έρχο	26
σεμνεῖον	26
ἄκλαστος	26
κεδρών	26
ομιχλώδης	26
ἄνεως	26
ἀνυμέναιος	26
ἄναστρος	26
περιρραίνω	26
ἐμπρεπής	26
λαδρέω	26
βαμβαίνω	26
βύβλινος	26
Οἰνωτρία	26
Κηδαλίων	26
δειλαίνω	26
ἀέξω	26
ἐνωτίζω	26
εὔτεκνος	26
ὀγδόατος	26
Θυνιάς	26
Ἰογόρθας	26
Σαίων	26
καταυλέω	26
καταρρέζω	26
Βισαλτία	26
εὐμηχανία	26
ἀπονεμητικός	26
ἐξελιγμός	26
γενεθλιαλογία	26
ἄορος	26
προσόχθισμα	26
γεμάτος	26
σύλησις	26
εὐήρης	26
κατολοφύρομαι	26
ἠπεδανός	26
καταπίμπλημι	26
τριάριοι	26
ἐμβαδᾶς	26
ἄρκτιον	26
πίεξις	26
ἐφοπλίζω	26
ἀγκαλίζομαι	26
ἀνακρύπτω	26
Δρυοῦς	26
κατάρρος	26
προσβιβάζω	26
Γόννος	26
κατασφαλίζομαι	26
ἐπιπολαστικός	26
ἀναθρέω	26
ὤθησις	26
ἀνομοιοειδής	26
ἐπίμεμπτος	26
ἐξερεείνω	26
ὑπερίημι	26
σιδηροφορέω	26
Θεμίσκυρα	26
πτωχικός	26
ἐξάρθρησις	26
ὀδελός	26
διαπηδάω	26
υἱοποιέομαι	26
διεξέω	26
άγριος	26
αυτείνος	26
Δαβίδης	26
λευχειμονέω	26
παραχωρώ	26
δυσμορφία	26
παρωκεανῖτις	26
τροπός	26
φορολογέω	26
ἄμαξα	26
οἰδηματώδης	26
Λαυρέντιος	26
δειράς	26
γαῦλος	26
Οὐίνιος	26
θυΐσκη	26
συμμύστης	26
καθαριεύω	26
ἄιστος	26
ἄιδρις	26
προπυνθάνομαι	26
προσυφαίνω	26
ὑποσαίνω	26
Βίστων	26
ἐπεκθέω	26
Ἀσιατικός	26
πρύλις	26
ἐμβρίθεια	26
ἁλτῆρες	26
ἴκτις	26
εὐμετάπτωτος	26
ἐπιστυγνάζω	26
Σαμόθρᾳξ	26
ἠχώδης	26
ῥάσμα	26
καρύκη	26
Πραξιδίκη	26
δεκάδαρχος	26
ἀποδυσπετέω	26
πανίερος	26
λαιλαπώδης	26
ἀπόδεσμος	26
διαέριος	26
μετοχετεύω	26
Πιττάλακος	26
ἐκζέω	26
ἐρανιστής	26
ἄγελος	26
ἄκτος	26
ῥοδέα	26
νυγμός	26
ἔτειος	26
κοχώνη	26
Όσεϊ	26
θεαρός	26
προσπάσχω	26
χειρονομία	26
ἐπιτευκτικός	26
πρωινός	26
λογόω	26
ἀφοριστικός	26
συγγραφικός	26
προορισμός	26
Σαβινιανός	26
επωδικός	26
δαίρω	26
διονομάζω	26
ἄμης	26
πιτυρίασις	26
συνθετικός	26
πιεστός	26
Ἁμαδρυάς	26
κατασιωπάω	26
καιροφυλακέω	26
ξεναγός	26
ἐφανδάνω	26
ἀθανατίζω	26
φυλάω	26
ἐποχετεύω	26
περιλαλέω	26
παραφθέγγομαι	26
ἄττης	26
Ερωτώ	26
ἐπηλύτης	26
ἀγχιτέρμων	26
Βαταναία	26
πίτνημι	26
ἁλουργία	26
ενοποιός	26
Αἰξωνεύς	26
ὀλβίζω	26
ὠμοβόρος	26
ἄλδη	26
ἐλάτινος	26
ἀνάπτυσις	26
ἐπιβατήριος	26
παραρρίπτω	26
εωθινός	26
ἀποπτήσσω	26
ἀνά-θρῴσκω	25
ἔμπτυσμα	25
παιδευτός	25
ταραχωδῶς	25
ἀτόλμητος	25
ὑπερώα	25
κωδᾶς	25
Μεγακλείδης	25
εὐρύπορος	25
Λιγύρων	25
Ἰωνική	25
Τάβαι	25
πολῶ	25
Ἄλκων	25
Κυτίνιον	25
Γάμαλα	25
κρῆθεν	25
πρυμνόθεν	25
προπαροξυτονητέον	25
ὀξυντέον	25
ἰτέον	25
ἴκμενος	25
ἐκλε	25
τετρ	25
οἶον	25
Εὐστοχίας	25
πάντη	25
Σοφ	25
σφιτις	25
Τολμᾶς	25
πετραῖον	25
ἀμελετήτως	25
μήνυτρον	25
ἅπων	25
Σαβαῖοι	25
Σαρμάτας	25
ἄλληκτος	25
ἀρτίπος	25
ἀποκνητέον	25
Αξιός	25
πάντοθι	25
Σιμπλίκιος	25
Οὐράνιον	25
κωμ	25
λούμεν	25
Τέλες	25
καλε͂ω	25
Θεσσα	25
Πρώταρχος	25
εὐδύλον	25
αἴδιος	25
Τικάι	25
χωριστέον	25
ψέκτης	25
Πολέως	25
ἐμφαί	25
καλλίμαχος	25
αεικίνητος	25
Πένυς	25
ἐπανεῖδιστον	25
ὅδηλον	25
κάντεῦθεν	25
λοπτος	25
Λογγιβαρδίαν	25
ἄμφοδος	25
στρατεύσιμος	25
ἀπεντεῦθεν	25
Κιβ	25
ξϛ	25
χρυσομεθη	25
Κότως	25
φαληριάω	25
διαφε	25
Σθένων	25
ᾐών	25
γοῖς	25
Δημοσθ	25
συζυ	25
παγγενῆ	25
ἑλικηδόν	25
ἤσσων	25
οῦντας	25
τροφ	25
ΞΜ	25
ἔκποθεν	25
πάγκοινος	25
πάροιθε	25
θυμολέων	25
ὀτραλέως	25
Ὀρέστας	25
Ἀργόθεν	25
Μενᾶ	25
ἄλριτα	25
Πολύκριτος	25
θεραπ	25
Ἄλβις	25
Λίο	25
συμφο	25
Δίτη	25
ζονα	25
ροντ	25
Μέγαιρα	25
πολυδέκτης	25
Ὀρμένιον	25
ἀγορήνδε	25
ἐτεῇ	25
τρίγληνος	25
Πάππος	25
ἄπλους	25
δολημη	25
ἰσχάτη	25
ζάπλουτος	25
γεγρομ	25
γλάνις	25
ΡΞ	25
ΟΚ	25
ΥΘ	25
διαπύρως	25
ἤνιχα	25
εὐτ	25
προλ	25
ποςάρων	25
Χρυσίας	25
υποχείριος	25
χώρ	25
συνεκδοχικῶς	25
Κλειταγόρας	25
Σέλλος	25
δωροξενίας	25
μηθείς	25
ὁπῃοῦν	25
προσαγορευτέος	25
μηδοτιοῦν	25
ἀπόσυρμα	25
Μητρόπολις	25
ἀγνοητέον	25
Ἰάρεδ	25
Παφνούτιος	25
ἐντραπήω	25
ἐξεύρεσις	25
ἀποστ	25
μονοτρόπως	25
ἀγιώτατον	25
Βλέπων	25
Ἰουδ	25
ζομαι	25
συνωδίνω	25
Ποιμένες	25
ρκγ	25
Ἀβδίας	25
Ἀθαμᾶνες	25
ἕωσπερ	25
ΓΔΒ	25
ΑΟΓΟΣ	25
κδ᾽	25
νῦτα	25
προσῳγίας	25
ὑποτελέω	25
ἀένναος	25
ἐγχαλεῖν	25
χαλκῆ	25
ψευδ	25
μς΄	25
Νικολαΐτης	25
ξς΄	25
Ῥηχάβ	25
Ουαλεριάνος	25
Καρίνου	25
ινδικτιώνα	25
δΓΕ	25
ρξς	25
ΖΓΗ	25
Διοσ́πολις	25
κωμηδόν	25
Ἀλεξανδρεία	25
ημέρα	25
παρευτύς	25
κάστρο	25
Μπαΐλος	25
Σαίντ	25
Στεφάνι	25
περίκλασις	25
μητιέτης	25
ἱστεῖον	25
ἀσηκρῆτις	25
Μωκίου	25
κονσιστώριον	25
ἀκλῶς	25
Ἀπόλλ	25
προλήνιον	25
ἐπίσπαστρον	25
ὅπαρ	25
προφησίας	25
Γλώσσης	25
ἐπιεικέως	25
Τοξότης	25
Θεόφημος	25
τλς	25
σπλήνιον	25
δεά	25
Κάρος	25
Ἔσρας	25
συγχέοπται	25
ἐπταῦθα	25
μηστήρας	25
ἴσκιος	25
Μελενίκου	25
κίρων	25
διάρρυσις	25
εκατονταπλασιαδων	25
ἀποφλωμέμενος	25
ἤρπτο	25
φιλογύνης	25
ἀπέρδω	25
Ἐπικνημίδιοι	25
πατάνιον	25
ἀνακαλυπτήρια	25
περιώδυνος	25
Καλλιρόη	25
πάνεμος	25
ἔορ	25
Βίζης	25
περιφόρητος	25
Πανίας	25
παράφασις	25
ἐπανασῴζω	25
ἀμπελίς	25
Ἰφιάνασσα	25
Δάσκυλος	25
ἔγκλιμα	25
ἔμφυλος	25
Πραινεστός	25
αἰγί-πους	25
ἑκατόμπολις	25
πορφυρίων	25
συναπεργάζομαι	25
άστρο	25
αὐτοκατάκριτος	25
κατακάλυμμα	25
Κρεῖος	25
δυσδιάφυκτος	25
Βοιωταρχέω	25
Ναβουζαρδάν	25
διοσπολίτης	25
φύγεθλον	25
πολύαρχος	25
Χρυσοῦς	25
τατικός	25
Μᾶρος	25
μαινόλης	25
ηροδηω	25
διαπύησις	25
ἀντικέλευθος	25
κοσμάριον	25
ὑπέρ-τείνω	25
Ντον	25
πριμικήριος	25
συναρπαγή	25
βούκινο	25
μορφωτικός	25
ὀρφναῖος	25
δείελος	25
γερούσιος	25
μειζονοος	25
τιμέω	25
διάθημα	25
παρασιώπησις	25
Διογείτων	25
παρατριβή	25
Ταβιθᾶ	25
Νυσσαεύς	25
γλωσσόκομον	25
Ἀβιαθάρ	25
διβητήσιον	25
Ἀγριππίνη	25
ἐδώ	25
ιθυφαλλικός	25
ἀτιμῶ	25
ἐκπαίω	25
Αδαμαντίου	25
ὄδυρμα	25
πέργαμος	25
Σελγεύς	25
ἄπλοια	25
φέναξ	25
ἰδέν	25
ὕμνη	25
ἀσυγχώρητος	25
ἀπόπτυστος	25
Πισαῖοι	25
βραχυλογέω	25
Μολιόνη	25
ἀνολολύζω	25
Λάο	25
Οὐετούριος	25
Πυριλάμπης	25
ὀψία	25
Μουνάτιος	25
ἀποκαθιστάνω	25
καταβιάζομαι	25
Ἀώδ	25
Μαρκέσης	25
φθειρίασις	25
διχάς	25
λοπάδιον	25
δμωίς	25
Μύλασα	25
ἐπεκδρομή	25
εὐόδωσις	25
ἐπίστιος	25
ἀνάφορον	25
επιορχος	25
Άργα	25
ὑπηρέτημα	25
Πτερέλαος	25
Πολυδώρη	25
ἱππαρχέω	25
Ἀρχιτέλης	25
ἁλίκος	25
ἀπισόω	25
ὑπολανθάνω	25
Μούκιος	25
εἴδηλος	25
αὐτοδικαιοσύνη	25
Κόμων	25
τάξος	25
ὀξέα	25
περατικός	25
διέκπλοος	25
Αὐτίας	25
ἀνδρωνῖτις	25
κακοπράγμων	25
συμφθέγγομαι	25
δυσδιαίρετος	25
Μαρτινιανός	25
γλακτοφάγος	25
πομενω	25
διάσημα	25
Ξενόφιλος	25
ἔντη	25
λεχώϊος	25
Πωλίων	25
ἀσώτιον	25
ἀντιδοξέω	25
Ἐτεόνικος	25
στρωματόδεσμον	25
Κάικος	25
πείρινς	25
περιοδεία	25
μισόδημος	25
θοινάω	25
Ἑρμησιάναξ	25
δίπλεθρος	25
σάβειρος	25
ἀπομύσσω	25
Μαίου	25
ἀγορανομέω	25
περίφημος	25
καθεκτός	25
ἄλυρος	25
ἀξιάκουστος	25
Κρηταιεύς	25
πολύκλυστος	25
ἀγάρροος	25
πορφυρός	25
ζαφελής	25
θύλημα	25
ὄχησις	25
ἀεροπόρος	25
κατορθώνω	25
ἀτίθασσος	25
ἐκνίζω	25
Τεμέση	25
Καπιτωλῖνος	25
Ῥαμέσσης	25
διασέω	25
ἱππομάραθον	25
δουλίδα	25
χειρίζομαι	25
τριχοειδής	25
ἀποφθορά	25
Ἄντης	25
Μισούμενος	25
μυρρίνη	25
ἐπιμύλιος	25
Βοιωδικός	25
Λεσβόθεν	25
πύρνον	25
ἐγκαλλωπίζω	25
χειροτονητός	25
ἄνολβος	25
Εὐτυχιανός	25
Μιλησιακός	25
ἔξεσις	25
Ἀμήρ	25
Σέρβιος	25
χρυσόδετος	25
ἠλιτόμηνος	25
Ἀλκείδης	25
ἀνεμιαῖος	25
νάρκωσις	25
ὑποθέω	25
ἐρς	25
αἰγιναῖος	25
Σάγαρις	25
ὀμνέω	25
ἀψηλάφητος	25
πάγχρηστος	25
πεντακοσιοστός	25
μισεύω	25
καταπλαστός	25
ἀσύφηλος	25
Δικαίη	25
ῥᾳδιουργέω	25
παρέοικα	25
ἄλιθος	25
διαλαλία	25
συμφυΐα	25
Δήμα	25
ἀστραβής	25
σικυών	25
συνδιαίτησις	25
Μαρεώτης	25
ἀνεύρυσμα	25
Μεγάβαζος	25
φλογοειδής	25
μακρόχειρ	25
καταχώζω	25
βαῦνος	25
ἀλδαίνω	25
ἀνούτατος	25
δυσέμβολος	25
ἄχρις	25
ἀγορία	25
ὀρφανικός	25
ἐπανισόω	25
πια	25
ὠκύπτερος	25
χλίδων	25
δέπαστρον	25
Κιρκαῖον	25
θυμήρης	25
Λώνα	25
ἀμέθυστος	25
Φιλοκλέων	25
ἀφυία	25
ἑλικτός	25
πήδησις	25
ὑψηλοφροσύνη	25
ἀβλεψία	25
ἀπόνηρος	25
σιός	25
λοξότης	25
ἄνοικτος	25
χάσι	25
Άμες	25
Τίσανδρος	25
μαιεύομαι	25
εὐπρόσοδος	25
φυσιάω	25
βιβάσθω	25
ἔναρξις	25
παλίγκοτος	25
ἄθρυπτος	25
Οὐισίγοτθος	25
Μελίτεια	25
ἔγκοτος	25
ἐή	25
κατεβαίνω	25
γονόρροια	25
φοτερεω	25
Ἱπποθόη	25
δηναιός	25
δικαιοκρίτης	25
πολυκίνητος	25
Θαίς	25
ἀγχιβαθής	25
Εὐαίμων	25
ὄχνη	25
ὀντόω	25
τριακονθήμερος	25
οφείλω	25
Λεπτή	25
ἀκροβυστέω	25
φιλοτεχνέω	25
ζωντανός	25
ξηρολοφος	25
Κνωσός	25
Σικιμίτης	25
φίλαγρος	25
ἀργυρῖτις	25
μογγός	25
πρωτοσύμβουλος	25
προσκύπτω	25
εὔοινος	25
ἰωκή	25
Ποτιδᾶς	25
νυκτερεύω	25
Φορκίς	25
Ἄραξος	25
τοπρίν	25
ἁπλοικός	25
κρατητικός	25
ἱπποκορυστής	25
ὑποτροπιάζω	25
συνευωχέομαι	25
πολύχωρος	25
ἀπόβλεψις	25
ἄγλωσσος	25
νωΐτερος	25
Κνη	25
δοξοκοπία	25
μεταδιδάσκω	25
Μαγκῖνος	25
ἀρτιάζω	25
στάξις	25
ἐπιδαψιλεύω	25
Αἰολία	25
ἁρμόνιος	25
Ἐρασῖνος	25
στράτωρ	25
Ἔρμων	25
υπερπλήρης	25
ἀνεψιά	25
κοινώνημα	25
τύφη	25
πανάθλιος	25
δίωγμα	25
Κουμανός	25
ἐγγόνη	25
διευλαβέομαι	25
ἐξαγώνιος	25
διαβάθρα	25
ἐνδυτός	25
λογάω	25
μακροσκελής	25
ὑπεράγαμαι	25
δυσμαθής	25
Ζευξίππη	25
σήπιον	25
περιείλω	25
ἀντίπρωρος	25
θηλυπρεπής	25
θαλασσαῖος	25
τορευτός	25
θεραπευτήρ	25
Ἀσώρ	25
χαμός	25
αἰκάλλω	25
σκέπτον	25
εύσπλαχνος	25
Ποδῆς	25
παρείσειμι	25
τελειοποιός	25
συναρχία	25
ὑπέργηρος	25
πατρικία	25
πανδοχεύς	25
σπαθίον	25
συναθλέω	25
καταλεπτύνω	25
Στρατίη	25
λουτροφόρος	25
τόμιον	25
μουσηγέτης	25
δυσπαρακολούθητος	25
ἀναζώννυμι	25
χινεομαι	25
ἐπιγονατίς	25
χωλεία	25
τμάω	25
τέθριππος	25
χρυσοφαής	25
Σκοπελιανός	25
δυσδιαφόρητος	25
ἐκκλύζω	25
τίλμα	25
πρωτοβεστιαρίτης	25
ὑποκατακλίνομαι	25
κατασμικρύνω	25
κατάστεγος	25
ἐγχειρία	25
ἀποτροπιασμός	25
ἀγρεῖος	25
προπαιδεία	25
κορυζώδης	25
Ἰαστί	25
συριακός	25
Εὐρυσθένης	25
κατασπεύδω	25
Καλλιππίδης	25
συνύπαρξις	25
αγέννητος	25
ὑποπίνω	25
Κυπρογενής	25
Ῥούστικος	25
ὑπομήκης	25
εὐαγγελία	25
εἰσφρέω	25
κτηνοτρόφος	25
δογματιστής	25
Πηλουσιακός	25
θειάζω	25
φέσι	25
βρόγχια	25
ἀή	25
ἄξων	25
ὀστρεώδης	25
λῃστικός	25
ἀβληχρός	25
Ρώτα	25
οἴναρον	25
περιαγγέλλω	25
αὐτοκασιγνήτη	25
ὑλάω	25
τρυχόω	25
ὀρεωκόμος	25
πρῖσις	25
πλησιασμός	25
ἀποχειροτονέω	25
ποδώκεια	25
ἀντιστηρίζω	25
συντρέπω	25
Ὀθρυάδης	25
άφαντος	25
διαλοιδορέομαι	25
κληδονίζω	25
ἀντιφωνέω	25
πορδή	25
διαποικίλλω	25
ὀρυγή	25
ἠπύω	25
περκνός	25
σπίνος	25
διαμαρτέω	25
φυλλοβολέω	25
καθοπλισμός	25
ἀμφαγαπάζω	25
φροντιστικός	25
ἀνθάπτομαι	25
δειμαλέος	25
νηρίτης	25
μεταρρέω	25
ἀσύνακτος	25
Τάν	25
στολίς	25
χρητήρ	25
Κραννώνιος	25
ὑμνῳδός	25
κατανέω	25
συρροή	25
ὑπερχαίρω	25
ἐγγλύφω	25
προπομπεύω	25
ἰκτεριώδης	25
ὑπαναγιγνώσκω	25
Ἰσαγόρας	25
κυβερ	24
ἐπισφράγισμα	24
ἀέκων	24
ἐξητασμένως	24
Μεγαροῖ	24
Ἄνθη	24
ἄψις	24
Ἄροσις	24
κηπίον	24
Ῥάων	24
Γεωγραφόυμενος	24
Νάπη	24
Ἤλιδα	24
κτέαρ	24
δίημι	24
μίγα	24
πρόχνυ	24
ἀνεκφωνήτου	24
φν	24
ὑπόβρυχα	24
καταλα	24
φάρμαχον	24
Μέμα	24
γυμ	24
λιποτάξιον	24
Μύσιον	24
ἀμητής	24
συνδιαιτάω	24
ἐφασκω	24
Πατρίκιος	24
Μυρτῷος	24
κόρειος	24
θεημάχος	24
̀	24
Ἀλάστωρ	24
σπο	24
όλις	24
ξθνος	24
Ἀντιλέων	24
Πυρίων	24
ὗτος	24
ἀναγκ	24
λλων	24
ΓΖΔ	24
τουλαιος	24
ἀπροστασίου	24
ὅτινος	24
γιστον	24
κωμωδιοποιός	24
ρωθεν	24
γβ	24
ωμότητα	24
μηθ	24
Ἵμερος	24
Τζαχά	24
ἀπρόσμαχος	24
βαλδουινος	24
Κούντα	24
Αυγούστα	24
Ἀστερία	24
Ἀρθονίου	24
ὑπολαμ	24
εὐδο	24
διαμ	24
Ἥρως	24
καταλαλία	24
ματιπως	24
ιβ᾽	24
πτει	24
πτι	24
ὅρις	24
Κότι	24
σοῦς	24
θίου	24
γασί	24
ἐννεσία	24
Κιτιής	24
παυσανίας	24
ἀμβολάδην	24
ἰκρίον	24
ὁστέω	24
Ἀιῆς	24
Ἡοίας	24
ἰφ	24
χάριμα	24
ὁδένος	24
ἐμολ	24
τιώτας	24
ὀδύ	24
ἀντίπερας	24
εὐτε	24
Ἄβαρις	24
ὑποβλήδην	24
τέλσον	24
κρυ	24
δναρ	24
πυλάρτης	24
προπίτνω	24
νοσσία	24
δεξιά	24
Ἀρκτοφύλαξ	24
δόρπος	24
τυχ	24
Μάσεν	24
ΧΚ	24
ΞΣ	24
ΣΟ	24
ΡΜ	24
ΒΓΕ	24
τάζιν	24
κόπρανα	24
κεκαφηώς	24
δίχνν	24
αρπάζω	24
ἐμαντῶ	24
Τούτας	24
Περς	24
χρωμαλική	24
πλεάγωνον	24
ἰπ	24
Περό	24
ἐπιτήδης	24
αθέτηση	24
στίγων	24
Λισχύλος	24
ἀδυνα	24
ἐξωμοσία	24
Αἰολοσίκων	24
ὀνομαστέον	24
ἀναδύομαι	24
ἔγκαιρος	24
ἰθημι	24
κενῶ	24
Σαλομών	24
δυνως	24
ρμγ	24
Βέλη	24
απολαμβάνω	24
κατεμμήδομαι	24
συστενάζω	24
ἐρμηνευθῆναι	24
Ἰωάχας	24
Διευχίδας	24
Βάτραχος	24
Μακεδ́νιος	24
ἔνιαυτοῦ	24
Ἑσπερίων	24
Χρύσερμος	24
αδιοτητη	24
ένδεια	24
Μάμαντα	24
περιίημι	24
ὀπτάνομαι	24
ἐπικος	24
ρογ	24
σύγκελλος	24
ΒΚΔ	24
παρατ	24
Ταρ	24
ὁθενοῦν	24
θυγατέραν	24
φλαμουριαροω	24
Ομέρ	24
Αφτιά	24
ρωτοκριτης	24
τοιῦδε	24
ΟΛΡΟΤ	24
ἀνθρωπί	24
λαῖμα	24
ἀδελφιδές	24
Ἀρδείας	24
Αμφιλοχίου	24
ἀχαλίνως	24
παραδοξοποιία	24
Ἰεσράελ	24
παγ	24
γιγνώ	24
Πυρρίας	24
αλιγος	24
Πίδων	24
Μπ	24
δβ	24
ἐφθή	24
ἐντεταμένως	24
Φάος	24
ΕΑΒ	24
ΖΑΒ	24
ΡΥ	24
ἀκίων	24
οδυσουιος	24
κωνσταντιναω	24
καθαρτέος	24
παρασπάς	24
σπέρμου	24
καταπλαστέον	24
ἐκπορευτής	24
ὀδοντόομαι	24
μυριαδιαγων	24
Μεχμέτην	24
ὑπαντάνω	24
Λπ	24
Λιβερίου	24
ἀκρήδεμνος	24
αἰγό-τριψ	24
σιυπηρίας	24
ξοδ	24
αντιστροφικος	24
ἀνωφερῶς	24
γαλακτοφάγος	24
Κήτειοι	24
Τόνι	24
Ἑρμαίων	24
σειραφόρος	24
τανηλεγής	24
εὐνομίη	24
αἴτις	24
δακτυλίδιον	24
δικαιοπράγημα	24
Κατακαλών	24
Σύμπα	24
πεττεία	24
πειθανός	24
προαιρέτης	24
δυσάνιος	24
επαινώ	24
ἀποδηλόω	24
χαλκώδων	24
καχάζω	24
πάνθος	24
ἀντιλαγχάνω	24
ἰσθίω	24
Κισσῆς	24
θρανίτης	24
ἀτελείωτος	24
ἐξολόθρευσις	24
βράχω	24
Φερ	24
ἀνεκδίκητος	24
Χλῶρις	24
Αντέ	24
Μίνος	24
Εἰδοῦς	24
ἀργυροδίνης	24
πολλαπλός	24
ἀναλήμπω	24
φίλοχλος	24
τερεβίνθινος	24
ἐφολκίς	24
εὐράξ	24
μερέω	24
Κηναῖος	24
σχελίς	24
Κλος	24
ὁποτεροσοῦν	24
περιπαθέω	24
συκοφημι	24
Ταλάντος	24
λοχέος	24
ἱκέτας	24
Ἀργειφόντης	24
ἀνθρωπάριον	24
ανθρωπιά	24
ῥοδοδάφνη	24
ἀχάριτος	24
Κάτερ	24
προσόζλυμι	24
Γάλλα	24
συντροφέω	24
ανδρειωμένος	24
ὀρφανοτροφέω	24
κατορθῶ	24
Ὀσροηνός	24
φαλαγγιόδηκτος	24
Ῥάψακος	24
Ἀσαήλ	24
Γυγαίη	24
θέρμασμα	24
αὐθύπαρκτος	24
ῥόδος	24
χερσόω	24
Ἰαύδας	24
πολυπρόσωπος	24
ἐκνευρίζω	24
μελανείμων	24
χαλκοβαρής	24
σύμψυχος	24
Κάρνεια	24
φαγή	24
Διάρης	24
πρόσπτωσις	24
πολύσημος	24
Βίτωνος	24
ἀλεός	24
ἀπαντλέω	24
ἁλιεία	24
ἀφιλάργυρος	24
Δεινῦς	24
ἱερατεῖον	24
Σωφάρ	24
εἰκοσιεπτά	24
ἀρτιγέννητος	24
Σεβηριανός	24
Δατάμης	24
Σικίννιος	24
ἀσφάλιος	24
καθυγραίνω	24
Δώσης	24
Κούντος	24
ἐπιάλτης	24
τρωγάλια	24
καταί	24
ἀπομόργνυμι	24
ἀντανάγω	24
Μίμης	24
Φερσεφόνη	24
ζωηφόρος	24
ἀεικία	24
Ἠριγένεια	24
γλαῦκος	24
ΑΣΠ	24
Φανείας	24
προκόμιον	24
τροχή	24
καλλιμάχειος	24
ἐπάχθεια	24
Ἰεβούς	24
Λαῦσος	24
θένω	24
Ἀνεμούριον	24
ἄργεμον	24
Ὑψεύς	24
προσυνίστημι	24
Αἰγεσταῖος	24
χαμᾶθεν	24
Τελχίν	24
βραχυκαταληκτέω	24
Βαρκαῖοι	24
περικατάληπτος	24
δωροφόρος	24
ταλαπείριος	24
εἰραφιώτης	24
ὑπόκιρρος	24
βαναυσία	24
τευμα	24
Λολλιανός	24
γάλη	24
ἀντίδωρον	24
θρύμμα	24
αὐχένιος	24
ἑρσήεις	24
πάτημα	24
ἀρχε	24
ἑστιόομαι	24
δάσκαλος	24
πυρίον	24
περικάθαρμα	24
βεργίον	24
σιλέντιον	24
Όστερ	24
ὁμοιόμορφος	24
πολύστροφος	24
σμίνθιος	24
Θετίδειον	24
Τελχίς	24
Βαργύλια	24
Βαλίος	24
Ἐρύθρας	24
Δαρδανεύς	24
Μελιταῖος	24
ἀποζεύγνυμαι	24
τρίσμακαρ	24
τοσαυταπλάσιος	24
σατραπεύω	24
πυγμάχος	24
ἐπανάστημα	24
μινυνθάδιος	24
γρᾴδιον	24
ἀκροκώλιον	24
περίπλεως	24
φαράχης	24
Σώφιλος	24
δυστράπελος	24
συναφανίζομαι	24
βαρύθυμος	24
κυμάτιον	24
Σαβῖνα	24
βαρκαῖος	24
τριταγωνιστής	24
ἐπιστόλιον	24
Ἀναξικράτης	24
ἐυκτίμενος	24
Ἰαλδαβαώθ	24
Φάκιον	24
ἐπίβολος	24
φιλολοίδορος	24
παροχετεύω	24
γάμβρος	24
πρασιά	24
Αἰτωλίς	24
μιαρία	24
ἀναρριχάομαι	24
Δεξαμενός	24
Ῥίπη	24
πόμπιμος	24
κηπωρός	24
κροῦσμα	24
προδότις	24
ἐπιφράσσω	24
φιλοποιία	24
Ρουσάν	24
καταστατικός	24
ληρωδίας	24
σκορ	24
ἀκήλητος	24
ἀστυφέλικτος	24
Βοΐς	24
ἔξαρθρος	24
πλήσμιος	24
Περιβλέπτος	24
ὀνείδειος	24
Σιμ	24
Καρμανός	24
μελιτοῦττα	24
πεντακοσιομέδιμνος	24
ἐναπόληψις	24
θραυστός	24
ενεργώ	24
ἀφόρισις	24
ἰσόνομος	24
Γελίας	24
μετριοφρονέω	24
Ἐρυθρόν	24
γύριος	24
ἀφνίδιος	24
λυχιος	24
Γορπιαῖος	24
Γαλγάλ	24
λατόμος	24
ἄλδω	24
Μνησίλοχος	24
λυκίσκος	24
ἐμπυρισμός	24
πολιτογραφέω	24
Περέννιος	24
σίτινος	24
τετραδικός	24
πώλης	24
Φαρσαλία	24
Ήλη	24
ποταίνιος	24
ἐρυσίχθων	24
γλῶς	24
κοράκινος	24
Βασιλίδης	24
ἐπιπειθής	24
Αὔγουστα	24
ποιΐα	24
πλῆσμα	24
δίκερως	24
σοφόω	24
Κλεαρίστη	24
ἐπιίστωρ	24
πυρίπνοος	24
δίχροος	24
ὑψίκομος	24
κακήγορος	24
Δικαιαρχίη	24
Ἐωσφόρος	24
κάλλυντρον	24
Βαία	24
ἠοῖος	24
Σαλμών	24
κατασκιάζω	24
ασχους	24
ἐξουδένωμα	24
θαρσίς	24
ἐκλογισμός	24
οδοιπόρος	24
ταρταρόω	24
φαεσφόρος	24
τραχών	24
κόλο	24
τρίπλευρος	24
πεμπτημόριον	24
κεράω	24
Ἀμαστριανός	24
ἀντιμίσιον	24
πολυκάνδηλον	24
γλαυχοω	24
μετακομιδή	24
ῥοΐσκος	24
ἐλαττονέω	24
ποταμόχωστος	24
θέρμινος	24
καταγλώττισμα	24
κηώεις	24
ἀφεψάω	24
ψυχροποσία	24
Γλαβρίων	24
Λήδη	24
Κτιμένη	24
λαγῷος	24
καταιγίζω	24
παμμιγής	24
λίπτομαι	24
ἐπεκτρέχω	24
μελασμός	24
γυναικάδελφος	24
γναμπ-τήρ	24
Ὀμφάλιον	24
Ζαγκλαῖος	24
εὑρεσιλογία	24
συντέλλω	24
καρηβαρικός	24
ήδιστος	24
ἐπιτιμή	24
Λιουίας	24
ὀνειρόπολος	24
μύτις	24
τερετίζω	24
Εὔξενος	24
μαγάς	24
ἐφεύρεσις	24
παιδέρως	24
ᾠδικός	24
ἀντίζηλος	24
θυτικός	24
ἀργυρικός	24
χαμερπής	24
Βοῦθος	24
Κλεόκριτος	24
λορδός	24
ἐκμυζάω	24
Ἀλιζών	24
εἰρέω	24
θεανδρικός	24
χοιροβοσκός	24
διάρρηξις	24
δίζα	24
Ἐρεχθεῖδαι	24
νυκτάλωψ	24
κρέκω	24
ἴνος	24
Εὔχρους	24
Λυσικράτης	24
οἰωνοπόλος	24
ἀντεράω	24
πενταδάκτυλος	24
παραβασία	24
ἐργατίνης	24
Βιθυνίς	24
πρόκρισις	24
αινυγμα	24
ἐγκονέω	24
Φούρνιος	24
ἄπλωτος	24
Μητρᾶς	24
πύρα	24
Χέρσις	24
ἐξαιμάτωσις	24
ἀπορρηγνύω	24
Βράγχος	24
ἐυκνήμις	24
θύραξ	24
οὐλότης	24
σήψ	24
καταδούλωσις	24
αυτεξούσιος	24
Ἐλπήνωρ	24
πλακούντιον	24
Λέος	24
περιφράζω	24
ματίζω	24
ὀρθοτομέω	24
Μάνδρων	24
μισοτύραννος	24
γλυκυθυμία	24
ἀιστόω	24
ἐπιρραίνω	24
μαχαιροφόρος	24
ἐκτύπωσις	24
Μνησαρχίδης	24
ἀγήρατος	24
ἄρκτειος	24
φάλιος	24
ζῦθος	24
μελλητής	24
αὐτοκίνησις	24
φερένικος	24
προτελέω	24
συμποσιακός	24
κανηφόρος	24
Σάλιος	24
ἐμπιπράω	24
ὗλις	24
ἀξιοπρεπής	24
Σαχχίας	24
λεπτοκάρυον	24
χαμαιμήλινος	24
διαγρυπνέω	24
ὑπενδίδωμι	24
Όε	24
χνάω	24
Ἀντιοχικός	24
ἀφλοισμός	24
Ὀλιζών	24
ποδοστράβη	24
μύχατος	24
σάβανον	24
πλουτοδότης	24
Πασικλῆς	24
ἀντεισφέρω	24
ἀγακλεής	24
ἀδρανία	24
περικυκλῶ	24
ἐπικατασφάζω	24
άωρος	24
πρασοειδής	24
Βάστα	24
ἀντιστάτης	24
πνύξ	24
ἐρυμνότης	24
συναντιλαμβάνω	24
γλυκότης	24
Ἐχῖναι	24
φιλογέλως	24
κναφεῖον	24
ἐξανίημι	24
Μίκυθος	24
κωλώτης	24
ὑπαρκτικός	24
περιπλευμονικός	24
ὀρχηστήρ	24
ἐπίκοπος	24
Μελανθώ	24
Πράξ	24
Μαιμακτηριών	24
ἐπιμύω	24
μυκόνιος	24
προυποκειμαι	24
προεξάρχων	24
ἀλυσκάζω	24
τορευτής	24
σύστομος	24
λακέω	24
Ἀλεξανδρινός	24
κλιντήρ	24
ὀρέστερος	24
χοριοειδής	24
ῥαιστήρ	24
διαζεύγνυμι	24
γηρύω	24
συσπάω	24
ναυκληρέω	24
διατη	24
Ἀρκείσιος	24
κινύρομαι	24
ἰθυντήρ	24
αἰθός	24
κρεμάθρα	24
σχολικός	24
πειραστής	24
εὐτροφέω	24
ὑπερφερής	24
προχρίω	24
καταστάζω	24
κατάψυχρος	24
ἀφύω	24
κατασφάλιζω	24
ἀχρημάτιστος	24
προορατικός	24
λιθόω	24
ἐντή	23
καταφύγιον	23
βλε	23
Σέση	23
χολαζομαι	23
ἀγυράσπιδες	23
μηδένας	23
πλόϊμος	23
φιλιμος	23
ἐνημμένος	23
σκαφίον	23
ἐπιτοπολύς	23
Ναυπακτικά	23
Δρεπάνη	23
Φαληροῖ	23
θέρμα	23
καθάπαρ	23
Λήναια	23
αἰβοῖ	23
δμ	23
πρότ	23
Βάκχων	23
Μένουν	23
περιδεῶς	23
ΣΥ	23
Αντόν	23
ξεῦγος	23
τλητός	23
Οἰκλῆς	23
αποταγή	23
Σύκαι	23
Ἀρμενίδας	23
Κινύρας	23
δυάω	23
ἀπροτίμαστος	23
Ἄκα	23
μανιωδῶς	23
Νίτης	23
Διόμη	23
δετέον	23
κεφαλ	23
γραμμ	23
κατηναγκασμένως	23
ἐξανανακέω	23
ἔξαρμα	23
ἀθα	23
Νάννιον	23
παρατατικῶς	23
ἔκτισις	23
φεῦδος	23
συνουσιώτης	23
συμπεπλεγμένως	23
Δαίμαχος	23
Πραξιάδης	23
λεβήτιον	23
Κύδωνες	23
ὅκόσα	23
Φιλόπονος	23
Εὐνομία	23
Δρύοπες	23
Ἀτλαντῖνοι	23
ἔνδεν	23
κινλουντ	23
ἀτάραχος	23
βζ	23
ἐπειδέ	23
πολλόος	23
παρασέρνω	23
Σίλεια	23
συνεράομαι	23
ἀνερυθρίαστος	23
Νικᾶς	23
Κόμανος	23
ξία	23
εὐσθενῶς	23
Διάκονος	23
Κτίστου	23
οἱασδήποτε	23
ώτερον	23
βλεπτέον	23
καταφρο	23
διασεύομαι	23
πότ	23
ἀρετ	23
ἥνιχα	23
σαφηνία	23
πρόσφρων	23
ποιτης	23
Ἀνδρος	23
Φιλίπ	23
ἧττης	23
φιλονει	23
προκατα	23
Θηρίων	23
Φόσι	23
ἐμμανῶς	23
Τόντα	23
γμ	23
θύρσα	23
τηλόσε	23
περίπλοκος	23
τριακονταδύο	23
Ἵππυς	23
ρλς	23
Βαχυλίδῃ	23
ἐπιτηδίων	23
Τάμου	23
Φιλίτας	23
ἠρόδοτος	23
γνη	23
Πρωτογένεια	23
Ἱππόδρομος	23
Λαίας	23
Γαλ	23
ΧΗ	23
ΕΖΘ	23
αἰτί	23
ἐξαλέομαι	23
παρηΐδα	23
Δελ	23
ἄμνιος	23
δλῆς	23
ἐπιφα	23
Φιλοίτιος	23
Καρπ	23
τελήεις	23
ἔχνος	23
ἀλυσιτελῶς	23
κατιμιχῴσκομαι	23
ἀλωνάω	23
πέλεθρον	23
Ἄντιος	23
εὐθεια	23
Φαίδιμος	23
Πρωτέας	23
Λάου	23
Βαχχεῖος	23
ΧΩ	23
ΚΩ	23
ΦΥ	23
ΗΡ	23
ΣΡ	23
ΑΗΘ	23
ΧΤ	23
Ἀδύς	23
ὑπεροφίαν	23
Γλυκέριον	23
Φιλοκλέα	23
ἀπαξιαλῶς	23
ἄδησα	23
θαυμ	23
Σάβαι	23
χεῖρα	23
Λιους	23
λιμηχος	23
μεταλγέω	23
Εἰμαρμένην	23
πάπας	23
Κέρος	23
θερά	23
ἐνηλλαγμένως	23
αμοιβαίως	23
ὅψις	23
ἑξκαίδεκα	23
ἐννοητέον	23
Ῥαγαῦ	23
Θετ	23
Ἀλεξάνδρειον	23
ζιβύνη	23
Ανόμ	23
ἀσθένημα	23
πολυπόθητος	23
συλλειτουργῶ	23
επικρατών	23
ἐσχ	23
χρηστολογία	23
ἀνθρωπαρέσκειαν	23
Ῥουβήμ	23
Σηθ	23
Δαμάσχου	23
Τελωνός	23
Ἀντικλείδης	23
παρακειμένως	23
Ού̓ηρος	23
ἀπαξάπλως	23
Βελιάρ	23
Ἀσώ	23
σαύτην	23
εὐπράδεκτον	23
γαροῦν	23
Ἀβράμος	23
ἀναβακχεύω	23
ἀνενεκτέον	23
Βαβυ	23
ἀναγωγικός	23
Σαλομῶν	23
νθ΄	23
φυλάρχης	23
ἐπιτι	23
ξη΄	23
Παλ	23
ἐπίσκ	23
Ἀρσάκιος	23
Ὑπάτιος	23
ἀδῄωτος	23
Κοίλη	23
δΒΓ	23
ΕΗΘ	23
ρνθ	23
βτδ	23
᾿κ	23
Σίδερα	23
Καμπανέσης	23
Νίκλι	23
παρίππιον	23
σωθικά	23
πάκο	23
Αβδελάς	23
Κονσιστωρίου	23
κατηχουμενιον	23
ανοσία	23
νχ	23
πυν	23
προσπάω	23
ἔρσις	23
περιστόμιος	23
συναίρεμα	23
σιλάσις	23
ὡμολογημένως	23
Τετ	23
Μιβ	23
κυβίζω	23
ἐπιτραχήλιος	23
ὑπερεκπερισσοῦ	23
Ἀράχνη	23
ΕΓΒ	23
ὕφρα	23
γύτραν	23
τυρρηνικός	23
πρωτοπάθεια	23
σωτ	23
Κελεστῖνος	23
Μασαλμᾶς	23
Ταράσιος	23
δισύλ	23
Ἀράσπας	23
ΛΕΓΟΤΣΑ	23
Αμουράτη	23
Ἰανυΐων	23
εἰσαγάω	23
σίλψεως	23
Αϊλάν	23
ἡμίγυμνος	23
ὑποδμώς	23
τριγλώχιν	23
Ἄτραξ	23
Χαλκιδικός	23
πρήθω	23
κίταρις	23
πυρωπός	23
ὀνέομαι	23
μισόκαλος	23
ἀκληρέω	23
τολμητίας	23
ταπολλͅόν	23
ἑξαπλόω	23
ἀδιερεύνητος	23
ἱππηλασία	23
σκαιώρημα	23
ΕΚΦΕ	23
ἐπιμάρτυς	23
σφαιρηδόν	23
πτύγμα	23
μελεδών	23
Ἐνετοί	23
δελφάκιον	23
Ἄκραι	23
παλιλλογέω	23
Ποσιδήιος	23
θαλύσια	23
Γλαφύραι	23
ἀραβέω	23
δολοφρονέων	23
βλής	23
κατελεέω	23
ἐξαιρετέος	23
σαρκάζω	23
Ἄστος	23
νεοδαμώδης	23
ἐκρινέω	23
ἑτερόγλωσσος	23
άφατος	23
έγκριτος	23
γαλλιανω	23
μαντατοφόρα	23
πληθαίνω	23
ολομόναχος	23
Ἀμφιάρεως	23
Δάναπρις	23
καθώσπερ	23
Μίλη	23
Σέθως	23
παρακολλάω	23
Μοσόχ	23
μόχλευσις	23
μανδήλιον	23
γαλιάγκων	23
ἀποφῄνομαι	23
γρηγορῶ	23
Σπένδιος	23
Χαριτώ	23
παράνυμφος	23
Τάρνη	23
μηρίον	23
γέω	23
στενόστομος	23
Ἀσιάς	23
μισθαποδότης	23
συμπάσσω	23
ἀποτίννυμι	23
άποδος	23
Πανταίνετος	23
Συναδηνός	23
Ταμ	23
στοχα	23
Δάμου	23
ἐμπρήθω	23
ρισκω	23
ἡδυεπής	23
παλαιστή	23
ἄκμηνος	23
Γρύλλος	23
φιλοτέχνης	23
Κλεό	23
Φειδιππίδης	23
ἐρεοῦς	23
κύκνειος	23
συνδιαφέρω	23
ἀρχιτρίκλινος	23
ἁγιοπρεπής	23
μακρηγορία	23
Ἀλεξανδρῖνος	23
ΣΤΥ	23
βρίσκομαι	23
εὐάν	23
ἀποτίμημα	23
σταφύλωμα	23
Ἰάμβη	23
ὑπόσυχνος	23
αἱμόρροος	23
Θρᾳκία	23
σελασφόρος	23
Τιταρήσιος	23
ἐπαιγίζω	23
ἀμφιγνοέω	23
Ἀργανθώνη	23
Φιγάλεια	23
δεκέτης	23
κνίσμα	23
ΤΚ	23
Οὐννικός	23
σύρμα	23
προξενώ	23
Πρότα	23
Νέσος	23
Γρανικός	23
ἐξάγγελος	23
ἐπιμαχέω	23
ασχολούμαι	23
υποδιαιρώ	23
Ἐλίας	23
θρέπτειρα	23
κρύφω	23
Κύνθος	23
δυσσέβημα	23
ῶς	23
ἐναγωνίζομαι	23
Βαῖος	23
σκοτόδινος	23
σκαρίζω	23
ἀμνησικακία	23
Ἀγάγ	23
ανερχόμενος	23
Αξά	23
σωλέα	23
στάμα	23
καρδιόω	23
Θεοξένια	23
ἅλιος	23
κοδράντης	23
Κλειτώ	23
Σουανία	23
ἐξόπισθε	23
ὑποδεξίη	23
ομόχρονος	23
λιθάριον	23
ἀμετάδοτος	23
σηπίδιον	23
Λυσιμαχίδης	23
γουνόομαι	23
οἰνωπός	23
Εὔτυχος	23
ἀμυστί	23
Βάλβος	23
Κάθυ	23
Κάλαμος	23
βοτρυώδης	23
μαγλαβίτης	23
ψυχάριον	23
φιλοδίκαιος	23
ἀντιχαρίζομαι	23
ἀπαντέω	23
ἀνακόλλημα	23
διασκορπισμός	23
Περσαρμενία	23
Ἰάμνεία	23
Νισάν	23
αιμορραγους	23
παράκρουσις	23
αὐτοπάρακτος	23
Τυρία	23
Αἴγων	23
Αἰγυπτιστί	23
Ἀλαμανός	23
ὑποτρέμω	23
Οὔλυμπόνδε	23
Πεισιδίκη	23
ἀροτρεύς	23
φωίς	23
δέτις	23
ύπερος	23
Σαγχουνιάθων	23
ἰσοβαρής	23
ἐντοσθίδια	23
καθάριος	23
διφαλαγγία	23
ἑορταστικός	23
πίστα	23
αὔταρχος	23
ἄλληλος	23
Ἅλιος	23
δανεισμός	23
Τέρτυλλος	23
ἀρχη	23
ἑπτάχορδος	23
ἄοψ	23
μεῖξις	23
ἐρινύς	23
ἐκβλαστάνω	23
ἰλλαίνω	23
ἀνερεύγομαι	23
ἡμεροκαλλές	23
ὑπερτρισύλλαβος	23
Κράτεια	23
ἀπῳδός	23
εὐπόλεμος	23
χλῆδος	23
ἀποπορεία	23
αυτοεις	23
ἀπέλευσις	23
άπταιστος	23
χρῶσις	23
Πασιθέη	23
ἀπρόσβατος	23
ἀνασχίζω	23
Ἄρνος	23
παλιμπετής	23
τρύγη	23
διαφημίζω	23
ἀπάνουργος	23
βρῦτος	23
τρυγώδης	23
ἐνόρχης	23
κλεπτίστατος	23
σελάχιον	23
πωλίον	23
ὑγιαστός	23
υποπίπτω	23
ὀλιγανθρωπία	23
Χρυσεύς	23
περιδύω	23
μισθοδοσία	23
εὐάντητος	23
Φεισών	23
πενταπλασίων	23
δοξοσοφία	23
γλυκός	23
Κόσμο	23
στροβίλιον	23
απαραίτητος	23
μαχουμουτις	23
σμέω	23
ἡδυπαθέω	23
λοχμώδης	23
παραγκωνίζω	23
Ἴτυλος	23
Δέλφις	23
χρῆσμα	23
εἰσέλευσις	23
προαλής	23
Ἱπποθόων	23
δρόν	23
Χολαργεύς	23
παρασταδόν	23
κατακεντέω	23
τροπολογέω	23
σκορπίουρον	23
βασνω	23
ἀπεικονίζω	23
ὑπόστρωμα	23
λιθόξοος	23
ἐπαγωγικός	23
εὐτακτέω	23
πυρίπνους	23
διαμοιράω	23
τηλεφανής	23
ἐρίφειος	23
Σηλώ	23
ἄβλητος	23
μετάχοιρον	23
ἐφολκός	23
χτίζω	23
Ακάν	23
Βαθεῖα	23
Γερασηνός	23
ἰᾶτον	23
σκιμπόδιον	23
καταστενάζω	23
βουμην	23
οἰωνοσκοπία	23
κυαίστωρ	23
Μαρσός	23
ἀναγωγία	23
φιλοπευστέω	23
ἀποπομπαῖος	23
διάδυσις	23
Χούρας	23
πρίσις	23
Κλιν	23
Εἰλήθυια	23
Ἰσότης	23
Ὑριεύς	23
ἐπεγκαλέω	23
Λάβανος	23
πασπάλη	23
μαχαιρίων	23
περικαής	23
ἀδελφόθεος	23
Ασάνης	23
ΤΑΠ	23
Εὐδαμίδας	23
γεροντίας	23
εἴρα	23
ἐξαργυρίζω	23
ὑφέρπω	23
ἴγδις	23
Βέλεσυς	23
ἀντιληπτός	23
Μηλίς	23
συνεξαμαρτάνω	23
ἀκρατεύομαι	23
ἀπαγριόομαι	23
Πειθόλαος	23
σφράγισμα	23
φιλάκρατος	23
ἀλητεύω	23
Λυκαβηττός	23
σπογγίον	23
μελίτωμα	23
ἄδυμος	23
ἑλκυσμός	23
αἰγ-όνυξ	23
ὀρθαγόρας	23
πτερυγίζω	23
παρερμηνεύω	23
γονυπετέω	23
παρεπιδημῶ	23
εὐσυνείδητος	23
ἀρίστευμα	23
καταβόσκω	23
καθίδρυσις	23
αὐτοπραγία	23
ἔξαλος	23
κυριολογία	23
πιυς	23
μείουρος	23
Ὀθρυονεύς	23
περιπόλησις	23
ἐνθουσιώδης	23
πωλέομαι	23
ἔκβλητος	23
σεῖος	23
ἐναφεψάω	23
πρωτοπαθέω	23
ψίξ	23
ὠμήλυσις	23
Ἀνάξανδρος	23
Σπάρτων	23
ἀγυιεύς	23
Καλλικολώνη	23
λουτήριον	23
Θεράπνη	23
ἀνθρακώδης	23
ἐπιρραπίζω	23
φαλάκρα	23
προσοκέλλω	23
περιαυτολογία	23
ηδικηκοος	23
ἐμπλατύνω	23
Οὐίβιος	23
Εὐρυγύης	23
κυνισμός	23
δαίτης	23
παιφάσσω	23
θυμάμαι	23
κόρυθος	23
μνόος	23
σύνωσις	23
κολόβωμα	23
πρόδοσις	23
Σιμωνιανός	23
ἡδύποτος	23
ξυλεία	23
ἀργυρόπους	23
ἐντυλίσσω	23
Ἀγαθόκλεια	23
ὑπουργικός	23
ἀπακριβόομαι	23
ἀφομοιωτικός	23
χαλιναγωγέω	23
ἀγλαΐζω	23
ἀνθρωποκτονία	23
διακράτησις	23
χαίρομαι	23
ὁμοιωματικός	23
σάγαρις	23
προμήτωρ	23
χιλιέτης	23
Εὐθυκράτης	23
σιτάριον	23
κατατραυματίζω	23
ὁλόσχοινος	23
Ἀκτορίων	23
Κάρησος	23
Καλλώ	23
σκοληκαω	23
δοχός	23
σάνδυξ	23
δύσφραστος	23
μαστίγιον	23
χειριδωτός	23
ἀφάνταστος	23
ἀπαυαίνω	23
ἀμφίβραχυς	23
γήτειον	23
θωή	23
ἴπτομαι	23
παρεκκλίνω	23
ἀντηχέω	23
στρατιῶτις	23
προϊσταμένη	23
φήρ	23
ἠῷος	23
νηΐτης	23
ἄχερδος	23
λιβυρνίς	23
ἀποσταδόν	23
κλήθρα	23
περίκλυστος	23
εὔνοστος	23
Κολαινίς	23
πορφυροειδής	23
Χαρίλαος	23
μολίβδινος	23
περιβομβέω	23
προεκτίθημι	23
πλίνθινος	23
ζυμίτης	23
Μίδης	23
ἐμμίγνυμαι	23
Γλῶς	23
Σηπιάς	23
ἀπαράβλητος	23
παγιδεύω	23
Φαιστύλος	23
ἀστασία	23
κάρπωσις	23
μεγαλογνώμων	23
Ἑβραϊστί	23
προσκλύζω	23
μεσοπύργιον	23
Βουθρωτός	23
ἀχρηματία	23
φακοειδής	23
βραδυπεψία	23
μορτός	23
φωνικός	23
πλάτυσμα	23
ἡμίξηρος	23
συμποσόω	23
Γέρηνος	23
πολύπλαγκτος	23
κάθος	23
ξυνόω	23
Ἀντίνους	23
Σακίς	23
ἐγκατοικέω	23
γράσος	23
ἀσαλής	23
σκινδαλμός	23
ὁμαλύνω	23
ῥόδεος	23
μεταδόρπιος	23
προσχόω	23
χλόος	23
λεκίς	23
εκλείπω	23
ἄφιππος	23
ΕΝΤ	23
ἀντιπαράγω	23
διαστατικός	23
δειματόω	23
Ἀγοράκριτος	23
ἀποσαλεύω	23
εὐτειχής	23
συγκαθίημι	23
δισκεύω	23
μετάταξις	23
ἀργυρίς	23
εὔμοιρος	23
δραπέτις	23
βρῶμος	23
ἀπομαγδαλία	23
ἐναθλέω	23
συμπερασματικός	23
Άντρας	23
μεταστοιχειόω	23
συνθραύω	23
βαρύστονος	23
λοξόω	23
Ἀριστοκλείδης	23
βότης	23
καυνάκης	23
Μύσκελλος	23
βλήχων	23
ἀνδρακάς	23
προσπορίζω	23
προσπλάσσω	23
καταθέλγω	23
τριετηρίς	23
ἀκηδέω	23
στροβέω	23
παράσχημα	23
κοπτή	23
δελέασμα	23
Κλωπᾶς	22
γορ	22
ἀντιληπτέον	22
Ἰόλευς	22
κἀκεῖνος	22
Φιλοῦς	22
κάλλαιον	22
ὁήματος	22
ἀσχέδωρος	22
Κράτων	22
τριφάλης	22
ψύ	22
Γεράνεια	22
Ἀμαντῖνος	22
Ἀκτή	22
Κίρκαιος	22
ταντάλειος	22
αὐχῶ	22
φένω	22
ὑποδράξ	22
δάις	22
αἰδώ	22
Χρουν	22
οἰόομαι	22
λάχεια	22
θμ	22
ἀντιφερίζειν	22
διηγητέον	22
κόναβος	22
σολ	22
Ἀνδρῶς	22
Ἀρίστη	22
παιπάλημα	22
ἀτρόμητος	22
Εὐπόλεμος	22
ἐπελ	22
στέγαστρον	22
Χθόνιος	22
πλεκτή	22
κραδίας	22
ἐλεύς	22
κατά-τροπόω	22
φοντες	22
Φρονίμη	22
ᾤ	22
ἀνθεκτέος	22
ἀκολουθητέον	22
Ἀγαθοδαίμων	22
συμπο	22
ἀμφιλαφῶς	22
θησαυ	22
φθίγγεται	22
Πολυκρίτη	22
δάκρουν	22
ματικως	22
αβγ	22
δοξόω	22
φιλοπονεῖν	22
ἀξιωτέον	22
ἥνιχ	22
ἀμελητικός	22
Ἀνθεστήρια	22
Νιδά	22
Σύνεργος	22
ἐλεγκτέον	22
Ἀπορίας	22
Κυθήρα	22
Θησεῖον	22
ναρθηκοφόρος	22
ῥαστῶνος	22
Συμμαχία	22
ὁδηλον	22
σματι	22
συνήνειμι	22
Θεόγνις	22
Ἅλις	22
αποχρών	22
ορμητήριο	22
ἐγκόλπιον	22
ἀδιασπάστως	22
Μιλίου	22
υκ	22
Μίου	22
ῥιζόθεν	22
σεμαι	22
διαπρεσβεύω	22
Τζάχας	22
ἁλώϊος	22
Μάτο	22
ἰδιόχειρον	22
υπιοτηταω	22
ρικῆς	22
ἀξιος	22
γομένων	22
μονομερῶς	22
Ῥίκων	22
Πορθάων	22
χοιριάω	22
Μενές	22
τρισυλλαβία	22
Ἀφέλης	22
ἕχρι	22
Διδ	22
αθέατος	22
Ἀρέστωρ	22
ἀχρ	22
ὁρθαί	22
Ἡλιοδωρᾶς	22
ἔσθος	22
θρέπτρα	22
ἀντιπέρην	22
Ναννώ	22
Θύτας	22
Μαχιάς	22
Ἡρατοσθένης	22
Αἴδυμος	22
ἀπομανθάνω	22
ναικως	22
ἀσφά	22
ιαμβλιπου	22
Γνάθων	22
Ἡμ	22
πέτο	22
λοιπ	22
ἀρθρον	22
Λινδίοι	22
Οἴβαλος	22
ποδάνιπτρον	22
παλλάς	22
ΑΓΖ	22
οἰόθεν	22
ζαχρηής	22
πόντονδε	22
ἔνερθε	22
βροτόεις	22
Ὀμηρ	22
μήλωψ	22
χρυσεῖον	22
Ἁσδρούβας	22
ἀσφαλτος	22
Μάντες	22
μήδω	22
πανόπτης	22
στρέ	22
ἐμβος	22
δαφιλῶς	22
ΨΩ	22
ΠΛ	22
ΤΒ	22
ΟΛ	22
ΡΩ	22
ΑΖΗ	22
ΑΕΗ	22
ΟΦ	22
ἔπαφρος	22
μελικρης	22
αρκούμαι	22
κατάκτησις	22
ἐξήνεγκα	22
ἰστ	22
θελίου	22
ΝΧ	22
Φόγγυ	22
Διπ	22
ὡστερ	22
βμη	22
λξ	22
Ἀγυίας	22
Λέμβος	22
ενιαια	22
Σελλασία	22
σχώματα	22
Ἱπποκλείδης	22
βασανιστέος	22
Ἀγονίας	22
ὅτεπερ	22
ἀπειθῶς	22
Χειμώ	22
Ισαυρία	22
ἀποκτένω	22
Κυρίος	22
δρεσιν	22
ὀνιδίνημι	22
Ἄνες	22
ἑτέστιν	22
διαπ	22
αρκούμενος	22
επιφάνεια	22
κάκισις	22
μάσθη	22
ἀτιμωρητί	22
λῶντι	22
κινδυ	22
Ἡμαρτάνομκα	22
ετοιμότητα	22
προσῳγορίαν	22
σιζ	22
Βάπτισμα	22
λαδής	22
Παντελή	22
ἐνιδεῖν	22
κάταρξις	22
Εἰδῶς	22
βόημα	22
ἐνδοιαστής	22
βηχίον	22
ἑλληνιστής	22
κήρυξις	22
συλαγωγέω	22
εὐκ	22
ἤθελον	22
διεῖπον	22
θλί	22
ὑπερεντυγχάνω	22
περπερεύομαι	22
Λου	22
ἀκόμπαστος	22
ὁμοδύναμος	22
ὑπομάζιος	22
Ἀμεσίας	22
Πρεσβύτης	22
ρξα	22
ρξβ	22
Ψ΄	22
Πῖκος	22
ἀναστρόφως	22
εὐκατανόητος	22
δΝ	22
ΖΑΘ	22
Κλε	22
γεννῆται	22
Σκεύη	22
Τοσσος	22
ῥογάω	22
πλάι	22
Στην	22
Μονοβασίαν	22
Πούλιαν	22
ἠρμήνευσεν	22
Μύλλος	22
τρίγραμμος	22
νήποινος	22
ἀλλάγιον	22
Βαΐου	22
ἡχ	22
Ἀλκέτης	22
διαδράς	22
φιλοχλεος	22
δῶσις	22
πομ	22
Ὀσίρις	22
Βασίλε	22
Ἰῶ	22
ἐμπο	22
παρωθώ	22
Ἰταβύριον	22
Εκέν	22
Κούντας	22
Ἐλεναν	22
Ἤλεναν	22
τῆρα	22
Τόρες	22
ὅλκιμος	22
Ορχάν	22
ἑδ́ρχομαι	22
προτ	22
λίβρα	22
Ἀσαμωναίος	22
χολ	22
κηρόθι	22
Κωλιάς	22
κατάντημα	22
διασυνω	22
Σάνθος	22
προελλέγω	22
Φρυ	22
ριζω	22
κουβικαλεω	22
κᾄκεινος	22
ᾑμοῤῥάγησεν	22
Μελίτιος	22
Βήχα	22
Γαλλέριος	22
Οὔμαρος	22
Σουλιμάν	22
ἱερίς	22
ΟΑΡΗΤ	22
Δηριαδῆι	22
Ελευσίνια	22
καββάδιον	22
Ισμ	22
φΟΩ	22
Μειχαίας	22
Αργυρόπουλος	22
Βαράμ	22
ξεινοδόκος	22
κελέω	22
γλώς	22
καταπροίημι	22
Κωρυκαῖος	22
Κυάνιππος	22
ζέμα	22
Λεχ	22
προάστιον	22
αἰτιάζομαι	22
φνης	22
Συβαριτικός	22
Σαννίων	22
Τάσιος	22
Εὐθυκλῆς	22
εὐποιέω	22
αἵμαξις	22
ἀντίφθογγος	22
ονικός	22
δημοβόρος	22
συβόσιον	22
ἐπιβούλευμα	22
Βαβύλη	22
Σιδήτης	22
ὑψόροφος	22
πτυκτός	22
πολυδειράς	22
ὑπήρετις	22
ἀορ	22
ἀφρήτωρ	22
αμετανόητος	22
ταλασιουργία	22
ἀποτίμησις	22
διχοτόμησις	22
ἀνέκφραστος	22
Ποτίολοι	22
ἐρέα	22
κωλυτέον	22
Βας	22
κονταροχτύπημα	22
πολυγνώμων	22
γῆρος	22
Φογώρ	22
ἀνοέω	22
ὀξύγγιον	22
κόχλαξ	22
ὑπέρφλοιος	22
ζωφόρος	22
Πεισθέταιρος	22
αὐχένιον	22
Λεωκόρειον	22
μάλθα	22
Καρίνη	22
καρφίον	22
δορύκνιον	22
Κύναιθος	22
πυγολαμπίς	22
χρυσοκόμη	22
διοργάνωσις	22
Ἀντιόχειος	22
κοσμίδιον	22
ὑφήλιος	22
περιφύω	22
φυκίον	22
ἀδευκής	22
Μέγαρος	22
Πῦρος	22
τριχίας	22
πινακίσκος	22
ἔστε	22
διαγογγύζω	22
Σεναάρ	22
ἔμπνευσις	22
εὐθηλής	22
Λαβιῆνος	22
πρίγκιπος	22
ἀρρ	22
ἐπιτειχισμός	22
Δείων	22
σέμνωμα	22
ἀγαθοεργός	22
ταχύπωλος	22
σάπων	22
κινστέρνα	22
Σισιμίθρης	22
λεῦκος	22
Κλεάνωρ	22
ἀγχιφανής	22
ἀντεισέρχομαι	22
τικα	22
φράδμων	22
μειρακύλλιον	22
Μυῖα	22
Γαράμαντες	22
ἄστυδε	22
σιπύη	22
τριέσπερος	22
παρόραμα	22
τυμπανοειδής	22
εία	22
μεταχείρησις	22
ἀνακεφαλίζω	22
ὀλλͅόν	22
φρικαλέος	22
Γέργις	22
Ἀρναῖος	22
ΔΠ	22
στίβη	22
μηρυκίζω	22
γνῴσκω	22
Τιμῶς	22
λεπρόομαι	22
σύρφαξ	22
καυσία	22
βαρύγουνος	22
μαγγανικός	22
Ἄμνος	22
Χριστιανή	22
Σολπίκιος	22
διαπληκτίζομαι	22
παράπηγμα	22
Μιλύας	22
βληστρισμός	22
διχομηνία	22
ῥῦσις	22
Ῥωμαΐς	22
ὑπερπλήρης	22
ζημιώδης	22
Αὔξιμον	22
μεχωνώθ	22
σπλαγχνίζω	22
κρυψίνους	22
βαρύβρομος	22
εὔγεως	22
συμφράδμων	22
χωμικεω	22
παραβλώσκω	22
πίστωμα	22
φερέγγυος	22
χερρόνησος	22
Λόντι	22
τιμοκρατία	22
ἥδιστος	22
ἀστοχία	22
Ρέτος	22
Ουμάι	22
ἐπεσθίω	22
Ζηνόδωρος	22
Κάσκας	22
ἀλληλοφαγία	22
μονοπρόσωπος	22
ἀνομίλητος	22
Πυλαγόρας	22
κύλισις	22
Ἐλεύθερνα	22
γημα	22
τριγλώχις	22
ἀποίκιλος	22
ἀντιφιλοτιμέομαι	22
Θήριος	22
ὁφθαλμός	22
Ἀντίδωρος	22
λίξ	22
περίαψη	22
Λέριος	22
ῥαφάνινος	22
ἀτόκιος	22
λεπτόγειος	22
Φέρεκλος	22
κερτόμιος	22
ὑπασπίδιος	22
ἀθήητος	22
Ὀρειάς	22
περατωμένος	22
καταγγέλλων	22
Ἑρμιών	22
ὀρφανοτροφεῖον	22
ψυχοστασία	22
προσανάβασις	22
αποδίδω	22
ἀορισταίνω	22
φλογιστός	22
ἐτν-ίτης	22
νινευιος	22
θεοπάτωρ	22
Ἀσωπίς	22
βραδύπους	22
Ἰλεύς	22
Πολυμήλη	22
Ἀγηνορίδης	22
γάστρις	22
Ἀμπελοῦς	22
Κρονία	22
Βικέντιος	22
Δωδέ	22
ἄπροικος	22
Μόντες	22
άνθος	22
αναμένω	22
φάνεια	22
ἀνεπίληστος	22
δοξομανία	22
ἀπηρ	22
ἄδενδρος	22
λιβελλάριον	22
χαμελαία	22
Άδρα	22
Δίκων	22
ἑτερήμερος	22
μαστίχινος	22
τυλώδης	22
κατώδυνος	22
δύσμικτος	22
ἀπομηνίω	22
ἀντικαταδύνω	22
κύς	22
προσκληρόομαι	22
ἑλικώδης	22
Ἐτεωνεύς	22
καθαιρέτης	22
Ἀριγνώτη	22
Ἀγαμήδη	22
κήξ	22
Κλεαίνετος	22
παρείκω	22
οὐσιότης	22
ζώνιον	22
ἀνάτρησις	22
μεταλλευτής	22
ύστερος	22
ποδαγρός	22
περίσκεπτος	22
Λόγγος	22
ὀπίστερος	22
πλῆθι	22
Δρῆς	22
περίστρωμα	22
χίων	22
φλόγεος	22
τριακονταετής	22
μνηστηροφονία	22
φρυγιστί	22
ἀπόβλεπτος	22
Σίχων	22
μελέτησις	22
Μελί	22
σθεισος	22
παννυχία	22
εγγράμματος	22
πλαγιοφύλαξ	22
Θηρασία	22
κακί	22
ὁμηλικίη	22
Τέλλος	22
κατατετραίνω	22
μεταγγίζω	22
ψηλαφητός	22
Ἑλλανοδίκης	22
ποτνιάς	22
τετράορος	22
λειποθυμέω	22
δυσηκοία	22
ἐπικάπτω	22
τελίσκω	22
ἐρίβρομος	22
ῥαψῳδέω	22
ἐριαύχην	22
ἔξαλλος	22
ἀδρανέω	22
ἀΐ	22
ἀραιωτικός	22
αὐτοαγαθότης	22
κωμῳδοποιός	22
κάθεξις	22
Παυλικιάνος	22
χρυσοϋφής	22
αἶθος	22
ξενιτεύω	22
Θηρίμαχος	22
Φημονόη	22
τοσάκις	22
ἀστρῷος	22
μουσοποιός	22
δουλόσύνη	22
εὐγένειος	22
περισκελίς	22
Κιμμερίς	22
ἐπηετανός	22
Σωφηνή	22
σικυώνιον	22
ὀξυλάπαθον	22
εὐφραδής	22
ἐπητής	22
δᾳδίον	22
Ψαμμίτιχος	22
παρεξηγέομαι	22
μολόχη	22
θηητός	22
ψυχοφθόρος	22
Ματθάν	22
φυρμός	22
κολπώδης	22
Μυγδών	22
βγάζω	22
χριστιανικός	22
ὑπογραφικός	22
Σιγειεύς	22
συλεύς	22
πολυγώνιος	22
δίγλωσσος	22
ὀργιασμός	22
Σπαρτιᾶτις	22
ἐκφρακτικός	22
ὑοειδής	22
μεσοκύνιον	22
πολύκλαδος	22
Δαγισθαῖος	22
ὀφλέω	22
ἐπανακάμπτω	22
ὑπνηλός	22
Πλημμύριον	22
Βούδειον	22
Πτῷον	22
ἔξεδρος	22
δασπλῆτις	22
ἄντοικος	22
ἐπαρχιώτης	22
ἀσύμπλοκος	22
Σινδικός	22
σύμπλοος	22
πολυδάκρυτος	22
Τιανός	22
ῥοχθέω	22
ἀναφορεύς	22
Λαβιηνός	22
ἁδροτής	22
ομοιωμένος	22
ἀνθρήνη	22
παμπλήθης	22
ἀργυρογνώμων	22
συγκαταβάλλω	22
Βοῦσαι	22
Ἀκύλλιος	22
κτίστωρ	22
Τούο	22
ἀντιπαρεξάγω	22
καταγλωττίζω	22
παρακελευστικός	22
μαγιστριανός	22
σάξιμον	22
ὁλοκαυτέω	22
παρατρέφω	22
ὅρμινον	22
στιχηρός	22
τυφώδης	22
ἀλετρίβανος	22
ἰσχανάω	22
ανειδιζω	22
θαιρός	22
μυρμηκιά	22
Ἰώασος	22
καταχειροτονία	22
ἄνδριος	22
Βιστονίς	22
ὀκρίβας	22
Δευκαλίδης	22
μαχαιροποιός	22
μύρρα	22
κατοκωχή	22
διασπουδάζω	22
κερκώπη	22
κῆϋξ	22
Νωρικός	22
νάσσω	22
παρεμπλοκή	22
δουράτεος	22
διακωμῳδέω	22
χαλαζώδης	22
Νεοκλείδης	22
Ἰαξάρτης	22
ἀσπιδηφόρος	22
Ἑρμεῖον	22
Σίνδοι	22
δικλίς	22
ἔντροφος	22
Στασῖνος	22
ὀψόφαγος	22
ἀπολαγχάνω	22
Ἄναυρος	22
Παχών	22
ἀνούστατος	22
παρῳδός	22
Κηφισιάδης	22
φαλαρίς	22
αμελημένος	22
Τηλ	22
Ἀρίστρατος	22
γούνα	22
τουτάκις	22
ὀδοντοφυέω	22
φωλεία	22
νυγματώδης	22
κατάχρεος	22
χειραγωγώ	22
κωθωνίζω	22
ἀνδρότης	22
προσποίημα	22
δέκαρχος	22
συνδιάκονος	22
καταφονεύω	22
φανάω	22
Κάιτ	22
ἀταλός	22
συναύξησις	22
Πάλτος	22
ταξίδι	22
κεντάω	22
πλέον	22
κεραμεικός	22
νάβαλος	22
ὁλοκαυτόω	22
Θρασύλοχος	22
θεοκλυτέω	22
παραδοξοποιός	22
κάστανα	22
Βάλακρος	22
φλεγματίας	22
λοσοφος	22
Ἀδριάς	22
Μεγιστώ	22
ἐγκυμονέω	22
ἐνθεαστικός	22
δυσμήχανος	22
ἐναιωρέομαι	22
δρῶπαξ	22
θεόληπτος	22
ξενοδοχία	22
πηχύνω	22
γλύκασμα	22
λευος	22
τέτμον	22
διοργανόομαι	22
προσεμβάλλω	22
νεφώδης	22
ἐσθέω	22
ὁμευνέτις	22
Ἰουλίς	22
Κυνέγειρος	22
βαρυθυμέω	22
ἀσκίτης	22
πολυωρέω	22
κατασήπω	22
φλεβότομος	22
εὔρις	22
συνύπατος	22
Τελμησσός	22
συνοικείωσις	22
φοινικών	22
παρασφάλλω	22
Εὐγενία	22
περιβλητικός	22
ἀροτριόω	22
Μιτράνης	22
Ἄστα	22
Πύρης	22
ἐχιδνήεις	22
τῆτος	22
ἐπιτιμητικός	22
ἰχνέω	22
ἀνατύπωσις	22
συνειλέω	22
ἀφετικός	22
ἐνερείδω	22
χοιρογρύλλιος	22
ἀφαγνίζω	22
προκελευσματικός	22
ἐμποιητικός	22
ἐπομβρέω	22
φιλήμων	22
παρίζω	22
Περίφας	22
ἀλαλή	22
ἐργοπόνος	22
ἐκφαντικός	22
μαδάω	22
ἀολλίζω	22
φονέω	22
ὁπλοθήκη	22
ἄμβυξ	22
εὐρυσθενής	22
προσδιαφθείρω	22
διυγραίνω	22
δακρυρροέω	22
σφαιρωτήρ	22
διαπληκτίζω	22
κεγχραμίς	22
φρενιτίζω	22
ἐχύρωμα	22
Αὐτή	21
φυσιογνωμονέω	21
δικόρυφος	21
Τελεσφόρος	21
Ἡλιάδας	21
ἑκασταχόσε	21
χαριστέον	21
Μήδεος	21
Ἀωριεῖς	21
λίγδος	21
ὅημα	21
ἐνδός	21
περιτραχήλιος	21
Ἐρύθεια	21
μύ	21
ἴε	21
Ἐπιζεφύριος	21
Ἐπικνημίδιος	21
Βεττία	21
Βρεττία	21
φύλακος	21
Πάταλα	21
Κάναι	21
Νικηφόριον	21
Θήβαζε	21
μείλια	21
ϙόππα	21
βαρυντέον	21
Τροίηθεν	21
βίβημι	21
παρετυμολογώ	21
ἐκθετέον	21
δηλωτέον	21
ποθι	21
παίδισκος	21
Θυατειρηνός	21
Βουκόλος	21
Εὐρωπιακός	21
ὑπερσαρκόω	21
Λακεδαιμονία	21
δεια	21
μνηται	21
κοντέω	21
ἀφιΐημι	21
περικράνιον	21
μάλλιστα	21
ἕμπροσθεν	21
γαγεῖν	21
παρεκβατικώτερον	21
ὑπαρχεία	21
τικήν	21
ἐπίηρος	21
εὐθεώρητος	21
ἐπιτετμημένως	21
μετενεκτέον	21
ὁπουοῦν	21
σχιζόπους	21
τησις	21
κρατ	21
ἀποθα	21
Ευκλεία	21
Πόνηρος	21
λουθον	21
οἱαδήποτε	21
επεξεργασία	21
διιδεῖν	21
συνεθισμός	21
Ὀμοίως	21
Ἀναχάρσις	21
Λάσος	21
μέλισμα	21
μησε	21
τοπροτερος	21
ἀριθμητέος	21
Ἀρχῆς	21
αδροτερος	21
σῆλον	21
Τατόι	21
Βασιλάκιος	21
Ἀλαμανίας	21
ανταρσία	21
μυστηριωδῶς	21
Βογομίλων	21
ταὐτό	21
επιτιμητικός	21
πανίον	21
παρεμ	21
Ἀγλαία	21
γνωρί	21
ἀσχο	21
ταύτᾳ	21
πομεν	21
τημα	21
τορικεω	21
στερα	21
ἀπόστα	21
ὅτινις	21
ξιον	21
περιχλεος	21
Ἀρχ	21
συμπλοχεω	21
ἐμπίσημι	21
αποσιωπώ	21
κρουνηδόν	21
λῳ	21
ΚΕΚ	21
ιρ	21
ΗΖΘ	21
ΓΕΔ	21
βασιληίς	21
ψαύσας	21
ἔγκοπος	21
ἔμπαλι	21
Φρυγίη	21
βέλτερος	21
ἐσφαλμένως	21
Φάνους	21
σωπον	21
Τέρτιος	21
Αττίκ	21
Μενίδης	21
Τίγρας	21
Βρεττίας	21
εὐλογιστέω	21
οὐχέτ	21
σθα	21
Σικ	21
ἐνδεί	21
κάμολ	21
λακτος	21
ΠΕΡ	21
λογάδην	21
φαντί	21
ἀρκτέον	21
ΖΧ	21
ΞΠ	21
κτητέος	21
επικειπως	21
ἐπιάχω	21
ἄροσις	21
αἴνη	21
ἀναφανδά	21
ἐνήνοθε	21
Ἴσσα	21
Ἀπῆς	21
ἀσπιστής	21
Θαλύσια	21
μέλπηθρα	21
περιφ	21
Λόγη	21
Δακεδαιμόνιος	21
στερρώς	21
Βιθυνοί	21
πτῶν	21
ἀνοίσω	21
Ἄκρων	21
ΞΡ	21
ΙΡ	21
ΟΧ	21
ΡΒ	21
ΓΕΒ	21
Μαλαχά	21
Λουκιανού	21
ρκθ	21
χλῆν	21
τοιούδ	21
κρο	21
Θάλαττα	21
γλυκῶς	21
θῆτα	21
αὐδ	21
Λόλωνα	21
ἄμβη	21
Ἀκεσίας	21
βυρσοπώλης	21
Ἡρακλέας	21
σαρκώω	21
περιβοησία	21
ἑλένιον	21
Σωσιφάνης	21
αβγδ	21
διεστραμμένως	21
τικοί	21
θεοποιΐα	21
ἐξάπαντος	21
δυνος	21
Χριστιά	21
κρε	21
ευσέβεια	21
ἐσπ	21
τερπνότητα	21
κρῖμα	21
ΡΕ	21
χινναδάρεως	21
Σαπφείρα	21
Μητρικῶν	21
Κύριου	21
ἀσυμμέτρως	21
ποντιάς	21
ΖΑΕ	21
βό-ωψ	21
μωϋ	21
Καλίας	21
Λαμπρή	21
καππαδοχιος	21
ποριστέον	21
εὐχῶς	21
ἐξίλασμα	21
Κάλλι	21
ἀναγκίας	21
Γραμμένα	21
Γλαυκώπιον	21
συναλιζόμενος	21
ριστος	21
διχονοέω	21
ἀρχιε	21
κεκοιμημένος	21
πρόσ-κάθημαι	21
γῆσαι	21
συζητητής	21
Σύμβολα	21
ἀσθ	21
Ἀπάτη	21
Ἠείδω	21
Τελούντας	21
Σεδράκ	21
Βαρβάρου	21
Ἀνοῦ	21
Δαλμάτις	21
ἰσοσθένεια	21
κωνοειδῶς	21
Ὀρέσται	21
ἐπίκυρτος	21
ὑδροφορέω	21
ΕΖΓ	21
Μάνεθως	21
εσείς	21
Γυλιάμου	21
κούρτην	21
ντάμα	21
κυαμίας	21
φοβάμαι	21
ὡσπ	21
ὕπλοις	21
λευκάς	21
ὑπηρε	21
μεταστάσιμον	21
Αὐγουστέα	21
σκαραμάγγιν	21
σταντινοος	21
τεφρικεω	21
βΑΡΟΤ	21
Σπ	21
Σάχας	21
προτε	21
μφ	21
Μαῖρα	21
μονι	21
ΜΝΑΣΑΛΚΟΥ	21
Αἰμάθ	21
ἰλῆς	21
συγκε	21
Βάλλας	21
Ἡρά	21
γωνιοειδής	21
Φράστωρ	21
τεκ	21
τραγ	21
μνηστέον	21
θαμνίσκος	21
Ἁλιρρόθιος	21
άτρεμος	21
απολλωνιδηω	21
ἀπάνθισμα	21
Δάκωνες	21
ΓΕΑ	21
ἐφρόδη	21
Ἀδάμαντος	21
γαλκοῦ	21
Ρέθη	21
ἐμπρο	21
Πρισκιανῷ	21
Δεάλκης	21
Ιάννου	21
μαρούλλιν	21
Βαβύλας	21
Ὤς	21
Ἐδέσῃ	21
τλν	21
σταδ	21
ὁμοθέω	21
τραπέζιο	21
ὄλμος	21
᾿Αθηναῖοι	21
θυλαγχανω	21
ἀφόνιτρον	21
Μαλαώ	21
ὑπερολῆς	21
πλημμελίας	21
Λίγηρ	21
τηεοδ	21
σηγάνου	21
ἀφεγήματος	21
Τριποδίσκιος	21
ἀκωαντῶν	21
κομωδιαω	21
αποφοιτών	21
ἐύκτιτος	21
πέσημα	21
Ἁνῶς	21
στύγος	21
κάκοσμος	21
κόρδαξ	21
ἐξαερόω	21
μόναυλος	21
Ὤπς	21
Μαριανού	21
κοττάβιον	21
παροπτάω	21
ἀντίποινος	21
ᾆσις	21
ὑπερτέλλω	21
Τελευτίας	21
πρεσβυγενής	21
Καρτέριος	21
θνα	21
εὐδιάχυτος	21
Οὐάρρων	21
δεκασμός	21
Θεοκλῆς	21
Φαλ	21
ὀσφραίνω	21
παραβλαστάνω	21
σιτοφάγος	21
χρυσοχοέω	21
Ρημ	21
ὑφέτης	21
ἀδιεξόδευτος	21
παραλανθάνω	21
Εὐαῖος	21
διευκρίνω	21
φωταγωγός	21
Μητίοχος	21
ἄσκευος	21
θελιά	21
διπλοΐς	21
ἰσότυπος	21
τατᾶς	21
βήχιον	21
καλλίκαρπος	21
στόλισμα	21
Χρυσή	21
άριστος	21
Τερτία	21
ἐγχέσπαλος	21
ἀπαρεμπόδιστος	21
Βατίεια	21
Λακιάδαι	21
ἑπταβόειος	21
λᾴα	21
προσιζάνω	21
παροχέομαι	21
τριγών	21
γονός	21
επιμελούμαι	21
ῥησείδιον	21
πνευματομαχη	21
ἀλφάβητος	21
ἐλεητικός	21
αινυματη	21
ἔξυπνος	21
ἐπιδίωξις	21
Σέλλα	21
μεταίτης	21
προκάρηνος	21
Ἀντείας	21
σχῆσις	21
Κάλαις	21
ἠλέκτρα	21
ἑξακισμύριοι	21
σκίγγος	21
Τούσα	21
ξένων	21
κακόσχολος	21
σαρκίδιον	21
γαμψώνυχος	21
ἀστερίας	21
ἀνδρόπρῳρος	21
μισθαρνία	21
Ἰουδαίζω	21
μιμαίκυλον	21
ἁψίκορος	21
συμπαρακαλέω	21
Ὠβήδ	21
Ἐγλώμ	21
μαλλιά	21
Γιε	21
ἀτελεσφόρητος	21
συναυλίζομαι	21
Ἀχραδινή	21
Ἀραχωτός	21
πευκάλιμος	21
προσφθέγγω	21
ἰατορία	21
Εὐστόχιος	21
Φυλότιμος	21
ἀλλαντοειδής	21
δοροστολος	21
νεκτάριον	21
κιβωτάριον	21
Ἰουγούρθας	21
εἰκονομαχία	21
πόρευσις	21
Φάριος	21
κατουλάς	21
Ὀλυμπιεῖον	21
ἱερεία	21
ἐδύς	21
ὑπωρόφιος	21
τοιανδί	21
δερμάτιον	21
ὑπονόστησις	21
λεγάτος	21
Ποῦσα	21
αὐτοτέλεστος	21
νήγρετος	21
Σέξστος	21
Ἀννουβίων	21
Ἰάλμενος	21
Αὐτεσίων	21
πασσυδιος	21
ὑλακόμωρος	21
σκέδασις	21
συγχάσκω	21
ψωλός	21
χαύνωσις	21
διαθρῴσκω	21
μενεκράτης	21
πεισμονή	21
Ἄστυρα	21
ὑψιπέτηλος	21
λεπτομερώς	21
προπατέω	21
Αρν	21
ὀπίζομαι	21
αυτοκίνητος	21
λίθαξ	21
μαρκιανουπολις	21
Ὀνήτωρ	21
ἀρνών	21
τραγορίγανος	21
ὕλημα	21
Ἰακώς	21
σακέσπαλος	21
κλαγγώδης	21
παραγίνομαι	21
Χριστ	21
Κράθις	21
τετράζυγος	21
Φιλλίδας	21
βοσκή	21
ἐμπερίβολος	21
λαμπήνη	21
ἰσχάνω	21
νοσηματώδης	21
ασύμβλητος	21
συμποσίαρχος	21
συμφόρησις	21
αὐτόζωος	21
ἰδοί	21
κατακόσμησις	21
Στρύμη	21
Μανέθων	21
πόσε	21
αἰθρηγενής	21
ἀποσχίς	21
Σολόεις	21
ψευδήμων	21
ἐπίτριψις	21
μονογράμματος	21
ἐνδίημι	21
Ποπίλιος	21
χαλκοκράς	21
περίτασις	21
προσσυνίημι	21
δενδροφόρος	21
σιφνιάζω	21
ἡγεμόνιος	21
πολύτεκνος	21
Ἰουδίθ	21
πανολεθρία	21
ὑπερασπισμός	21
σιτευτής	21
Ὀζά	21
εγγύς	21
παρέγκειμαι	21
Ἰωβάβ	21
λεπράω	21
τέρμενον	21
Ῥοβόαμος	21
σούπερβος	21
ἀγαθουργέω	21
τολμέω	21
χονδρίλη	21
γῆθος	21
Λώτα	21
ὀλοφυδνός	21
ζύμωσις	21
μάϊος	21
κινναμωμοφόρος	21
φειναυς	21
Ἀντικλῆς	21
χαλκόδετος	21
καταρίθμησις	21
περισσάρτιος	21
ψευδηγορία	21
εὐγηρία	21
σύλλεξις	21
Λέρνα	21
καλλοσύνη	21
Θρινακίη	21
Φύσιος	21
πολυώδυνος	21
Θῆλυς	21
Φάννιος	21
Φλαμίνινος	21
Ὄππιος	21
Εὔπλους	21
Νικόστρατη	21
ποσταῖος	21
διάπτωμα	21
ἔσθησις	21
λυττέω	21
πολυτοκέω	21
Φανές	21
εὐπερίγραφος	21
γεώπονος	21
σικυός	21
ἀγακλυτός	21
κυοφορώ	21
σάκρα	21
ἐκτιμάω	21
διαζωγραφέω	21
πορευτός	21
λαβωματιά	21
Κυδώνιος	21
ἀναγνωστικόν	21
Κείος	21
ἐμφράζω	21
πεπόνθησις	21
Ῥοιώ	21
δυναμοδύναμις	21
ὑπερθρώσκω	21
τεκμηριώδης	21
Θρῄκηθεν	21
κορυβαντιάω	21
Βουλγαρικός	21
Νουμεριανός	21
ἐρίθακος	21
πρωτομάρτυς	21
Δαΐφαντος	21
ἀπόχρεμψις	21
ἀφιλάνθρωπος	21
Ἀμμάν	21
προείδομαι	21
κομπαστής	21
ἠθμός	21
Φρίξα	21
ἀρτεμής	21
κρίζω	21
πλόκανον	21
εὐφίλητος	21
ἀμφοτερόγλωσσος	21
θερμουργός	21
βουτουμιος	21
ἐλεεινολογία	21
αγαθότητα	21
χόρευμα	21
Ἰήσων	21
σκηπάνιον	21
Ἑρμαφρόδιτος	21
Λαβδακίδης	21
μεθέλκω	21
κένταυρος	21
Αβροκόμη	21
Γόργη	21
θρομβώδης	21
ὑποτίμησις	21
ὁμογάλακτες	21
προσεπιλέγω	21
ἄγλις	21
ἡμιεκτέον	21
γειτνιάζω	21
Έκο	21
οἰνοφόρος	21
ἀκροσφαλής	21
εὐάφορμος	21
ἀλισγέω	21
χαρτί	21
σηκώνω	21
πολυστέφανος	21
ὑποσέληνος	21
Φιλώνδας	21
κατέργνυμι	21
δυσμετάβλητος	21
ὑπέρινος	21
μίζω	21
αλριος	21
Ἰωάκειμος	21
Ζῆλα	21
ἀλουτέω	21
ἐπιτέγγω	21
γαγγλίον	21
πηγάνω	21
ἐνελίσσω	21
Χέτ	21
εἰκονομαχέω	21
Ναιμάν	21
λόχιος	21
ἠλεός	21
βλαψίφρων	21
ἐκλεαίνω	21
ὑψέω	21
καλλιέπεια	21
προκαίω	21
μελάμφυλλος	21
Πανοῦρ	21
ἐπιδεξιότης	21
σιδηρόδετος	21
Ὧλ	21
εὐμέλεια	21
ξυστήρ	21
κτερίζω	21
ῥικνός	21
ὀφρυόεις	21
θυμόσοφος	21
λεπτόφυλλος	21
συγχρονίζω	21
κατηφέω	21
μυστίλη	21
μυσή	21
ἀντιλάμπω	21
πῆσα	21
Ἄπες	21
ἄριστον	21
χειρουργικός	21
φυσητήρ	21
κωλεός	21
Βισάλτης	21
φιλοποσία	21
ἀρχιτεκτονία	21
Καισάρειος	21
περιοργής	21
συνεπαίρω	21
πανσεληνιακός	21
καταιδέομαι	21
καλαμίσκος	21
ἀναυδής	21
Κίσσιος	21
ἀντιπαραχωρέω	21
ἐμπομπεύω	21
κονίς	21
ἄρης	21
προβέβουλα	21
δρύπτω	21
ἐπαΐζω	21
οἰδίσκω	21
απαίδευτος	21
ἐπεισρέω	21
όρος	21
Κλεύβουλος	21
ἑδανός	21
προδιέρχομαι	21
μύχιος	21
ἀλίνω	21
λογχόω	21
συρμός	21
ἀνδροφάγος	21
λογίζω	21
Χάραξος	21
Ὀφέλτης	21
πλαγκτός	21
Σειᾶς	21
συνθέτης	21
νῶτος	21
απόβλητος	21
Ἁλόννησος	21
ὑπερίσχω	21
καταιονάω	21
ἐμπρόθεσμος	21
ἀταρτηρός	21
λιγύφωνος	21
ἄγυρις	21
κάλλιχθυς	21
συνδράω	21
κερματίζω	21
εὔγλωσσος	21
λυσανίας	21
ἐγκεντρίς	21
δίχηλος	21
ἐνακμάζω	21
εὔθραυστος	21
ἐξεργαστικός	21
γῄτης	21
αγιοπρεπής	21
ἔξοινος	21
λαβρώνιος	21
συμπαθώ	21
πολύανδρος	21
αἰνίζομαι	21
Ἄπα	21
συνερωτάω	21
σκοτισμός	21
μαιφονος	21
ἀμηρεύω	21
κῶδιξ	21
Ἀρταγέρσης	21
ἀπολεκτέω	21
Ἐξαίνετος	21
Θυνία	21
εὔριπος	21
μεσημέριος	21
δητός	21
Νιφάτης	21
Πείθων	21
νόμαιος	21
Ἀλεξᾶς	21
εγκλείω	21
ἀκεραιότης	21
κύφωμα	21
ἀλυσμός	21
Εὐρυσάκης	21
μηκεδανός	21
Χειροβίη	21
συμπαράγω	21
Οὐῆρος	21
διαιτέω	21
διαττάω	21
παρασημείωσις	21
Κυδωνιάτης	21
κανθήλια	21
δοχμός	21
Φιλομήλη	21
ἀτάρβητος	21
ἐφιάλτης	21
Ὕης	21
πῆσις	21
ἐπωθέω	21
ἐπεντίθημι	21
ἀσφυξία	21
πελλαῖος	21
κρεώδης	21
Ὑπερησίη	21
μεσόλευκος	21
κατελαύνω	21
Ταχή	21
σπονδειακός	21
ἡμικυλίνδριον	21
Νομίτωρ	21
ὑλαγμός	21
ἀποδατέομαι	21
γίννος	21
ὄς	21
οὐθέτερος	21
ὑπερφαίνομαι	21
καταδιαιρέω	21
εὐρυμέτωπος	21
τερατουργέω	21
μεταστροφή	21
χειρουργός	21
αἱρετιστής	21
ἀνεπίσχετος	21
Ἀγραῖος	21
ξύρησις	21
πεντάτευχος	21
ἀρσενόθηλυς	21
ἀγαλματοποιία	21
κατανύω	21
παιδοφόνος	21
χρόμος	21
ὑπτιάζω	21
φατνίον	21
θρυπτικός	21
πολύθερμος	21
παρέγγραπτος	21
ἀποβάτης	21
εἰκοσιοκτώ	21
γενεθλιακός	21
ἰκμαλέος	21
ὀρθοδοξέω	21
ἠπιότης	21
ἑλκῶ	21
βασσάρα	21
ῥούσιος	21
Πλείσταρχος	21
ἐμπνευματόω	21
πελταστικός	21
φιλοκοσμία	21
διώχνω	21
καταρράσσω	21
ἐπιδουλεύω	21
εὐφεγγής	21
καταβαρέω	21
συγχώννυμι	21
αγαπημένος	21
ὑποστόρνυμι	21
περισύρω	21
συνάπας	21
εὐρωστέω	21
μαλλωτός	21
περιβάδην	20
ἐξαίφνης	20
ἔρρωσο	20
κνυος	20
ἐΰξοος	20
μηδέποθι	20
Μέγαράδε	20
περιεκτικώς	20
φερονυμαω	20
κλισίον	20
φῷ	20
κάταντα	20
Φάλαγξ	20
πολύπτωτος	20
επίρρημα	20
Ποιμήν	20
Θεττα	20
Δορυλάειον	20
ἀβ	20
Ἄλβα	20
Δελφίνιον	20
χ̄	20
Ἀβυδόθεν	20
περιδείδια	20
προιάλλω	20
ἔνδινα	20
κιννάβαρις	20
φᾶ	20
παιδολυμάς	20
Νάτα	20
ἐθαύ	20
ἡτ	20
ἀδύλον	20
Φοινικίδας	20
Δορίσκος	20
ἐπιστρεφῶς	20
ἅγος	20
ἀντίποινα	20
Ἀγαμεμνόνεος	20
κλέτας	20
ἐκασταχοῦ	20
σμένου	20
Πρώτα	20
πνον	20
χομαι	20
Περίαλλα	20
Λάφνιδος	20
Κλείδης	20
Πάρρος	20
σφῆρος	20
δραστηρίως	20
Κηνσωρῖνος	20
Χούσης	20
Λούντα	20
ἀνισοταχῶς	20
Τατά	20
ἀμφόδων	20
Θίων	20
σαντῷ	20
σελευχοω	20
δοξαστικόν	20
μεταβατέον	20
ἀδιακόπως	20
῝	20
πτος	20
διεσπασμένως	20
ἀθρυπτον	20
Καλῆς	20
κέδος	20
Εὔρυθμος	20
Ἀλεξάνδρος	20
σειρήν	20
πολυγράμματος	20
δυντας	20
Φρόνησις	20
Σάις	20
βουλομέ	20
συνημερεύω	20
Πυθῶδε	20
εὔνως	20
ληΐζω	20
Στρου	20
ἁπανταχόσε	20
Δανούβεως	20
ἀλωπέκειος	20
εὐδύω	20
ὑφεῖλον	20
Λαβοῦς	20
ἐνθήκη	20
πλήμυρα	20
Τοντάι	20
ἐλλή	20
τύχω	20
τοῦδαφος	20
πολλάχῃ	20
ευληπτος	20
πραγμ	20
Τραν	20
ἐπεμ	20
επιγραω	20
λεπτ	20
ἄλιστος	20
τρίμετρο	20
Ἀγλαΐη	20
πλαγ	20
μαιφονίας	20
χρῆσται	20
ἀπολογητέον	20
ρίς	20
Μέλλο	20
ταμίη	20
ἀπροϊδής	20
λύκαια	20
βυσσόθεν	20
οὐδαμά	20
Ἐνοσίχθων	20
Γλαυκᾶς	20
κλεῖδες	20
Νομίων	20
Νήνεμον	20
παχών	20
Αἴτια	20
πρωρεύς	20
Κάλαϊς	20
ὑποκύομαι	20
ἀστατος	20
Ἀντίκυρα	20
Κώρης	20
κενολ	20
δεδε	20
τοιμάω	20
δάδα	20
διατάομαι	20
Θουκυδί	20
Ἄγων	20
Πρωτογενεία	20
ἁπάντοτε	20
λλοι	20
γίων	20
ἡμερ	20
νωλεμές	20
χθαι	20
γλυκύθυμος	20
ημαίνω	20
Ἐπίτονος	20
ἄιρος	20
κοτυλήρυτος	20
Ἀπουλήιος	20
Σκαῦρος	20
μεσόγαια	20
Παννόνιοι	20
ὁδοποιός	20
Νύσσα	20
Αντίπ	20
ρόπον	20
προστάττω	20
παραείρω	20
ευρυπιλεω	20
ΓΖΑ	20
ΝΥ	20
δυνασέω	20
ΒΧ	20
ΖΙ	20
ΒΓΖ	20
ΒΠ	20
ψαμμίον	20
φυσέων	20
Εὐφρόνιον	20
μελῶς	20
μειραχιον	20
Ταλασίας	20
υπηκοναω	20
συμπλήρωμα	20
προπηλακίζομαι	20
ἀγιωτάταις	20
Πῶσις	20
προαθετέω	20
ἀφήτωρ	20
ποσαρον	20
αιγυπτιακός	20
Άπλετον	20
οὕτϊω	20
πολύβιος	20
Ζη	20
ἐπιμάρτυρος	20
τῆρας	20
ὧμος	20
Πρωτονοταρίου	20
επίφθεγμα	20
κεραμεύω	20
Βάτιον	20
Τέων	20
πάντός	20
οἰστέος	20
Φώνιας	20
Φάντων	20
εἰκοσιδύο	20
Φίλαγρος	20
Λόγιον	20
σταί	20
προληπτέον	20
Πρέπον	20
παντοδυναμόω	20
τῆνιχαῦτα	20
εὐρεθέντος	20
πρωία	20
πολλαχόσε	20
Ἀδερ	20
Βαλδάδ	20
εβουλημη	20
χαρτοφύλακος	20
Μέτρα	20
Βέλου	20
Ἀνθέμιον	20
Ἀγήσαρχος	20
Λαχάρας	20
ἰαμβίζω	20
ἐκ-δύω	20
Μόνιμος	20
Πυθ	20
Ὀνησίφορος	20
εὐημίας	20
ἀθρόν	20
περίτειχος	20
Νένος	20
ρπβ	20
σκδ	20
σομορον	20
ζῶσμα	20
ὀφφικιάλιος	20
Πάσα	20
ἀγαλ	20
ναῖκες	20
Ἐκάλη	20
πωμήριον	20
ἑβδο	20
κρυφῆ	20
εὐψυχέω	20
απαράβλητος	20
ἐκπο	20
ρξγ	20
περιδρομεύς	20
Θάρρα	20
κωνοταντινοος	20
Ευτυχίου	20
Μαρτίνης	20
δΑΕ	20
σκευώρημα	20
ιερομάρτυρας	20
ταίρι	20
Λέγας	20
Αφεντία	20
Τσαμπάνιας	20
Αφέντος	20
οκάποιος	20
Τέντας	20
Κατελάνοι	20
φωτία	20
βουηθησις	20
απέξω	20
Ταίρι	20
ἀρμονίως	20
αἴσμα	20
τροπάριον	20
σικ	20
λικῆς	20
δονίας	20
χρυσόχειρ	20
βαβυλωνία	20
Στελίχωνι	20
Λακεδ	20
Ἐρμ	20
ξυμ	20
πτο	20
πληρέστατα	20
Ποθεινή	20
ὑπηρέσιον	20
νόημι	20
Ἄδελ	20
ἐπικείρω	20
πολεμ	20
Λάχις	20
σὐτοῦ	20
ἀδωνᾶς	20
ὀξυγράφος	20
ἐπανακέω	20
Μνήμων	20
Κατάπλους	20
ἀέτωμα	20
περαίη	20
Τόλης	20
ἀπειραχῶς	20
δερματώδης	20
ἐλατίνη	20
τριωβολιαῖος	20
Κστι	20
συνᾶραι	20
καταλαμ	20
πραγματ	20
Σιδηρίων	20
πυρίως	20
ἱπποπόλος	20
ρικῶς	20
Χρυσάφιος	20
ΚΑΙΡ	20
θερμαντέον	20
δημοχριος	20
Μίκας	20
οπινεος	20
ἀνίθου	20
Σάρβαρος	20
καταπ	20
Αἰσχύ	20
ἐπίσταμα	20
ἡγούω	20
χρηδεμονίαν	20
βαχχυλιδηω	20
πασάρον	20
ποιψυχω	20
ΚΕΝ	20
σκιαμαχέω	20
νήιος	20
ὠμοθετέω	20
χηναλώπηξ	20
Γάγαι	20
ἐρετμός	20
κέκαδον	20
ἀλεξάνεμος	20
Ερυθραίος	20
ἀνερμήνευτος	20
ἀντίκρουσις	20
κομανος	20
ταρωνιος	20
πυργίον	20
κοντοστεφανος	20
ἐάνπερ	20
ἀντί-χαρις	20
προσφώνημα	20
Τιμῶλος	20
ταυροπόλος	20
ἀεσίφρων	20
ὑπόψιος	20
κόρημα	20
σάθη	20
ἐμπύησις	20
δυσεντεριώδης	20
μιξολύδιος	20
κέπφος	20
θυραυλέω	20
διοριστικός	20
κεράσιον	20
Ἀρκτῖνος	20
ἐπιγαμβρεία	20
δίεφθος	20
ἐκκαθαρίζω	20
μυξωτῆρες	20
ἐπικούρημα	20
συναντιλαμβάνομαι	20
χοιρώδης	20
κλῶσμα	20
ὑπωμοσία	20
κογχύλη	20
Πολέου	20
πριβατος	20
μιλιαριθεος	20
θεόπιστος	20
Γνώστας	20
Στρατίος	20
διενεργέω	20
ὑποδύσκολος	20
Φαία	20
ἀμβλίσκω	20
ἀποκαυλίζω	20
ἐπιθερμαίνω	20
σιροη	20
ἐπενθύμησις	20
Ἄνας	20
Κουμ	20
Νειλόξενος	20
Κάων	20
μυριοφόρος	20
εὐλείμων	20
Μύρλεια	20
κρήμνημι	20
θησεῖον	20
ἀνείκαστος	20
ἀντίμαχος	20
Λύκειος	20
τοσσάτιος	20
παιδοκόμος	20
Καλλίχορον	20
γηράς	20
ψυγεύς	20
φολκός	20
βαρύσταθμος	20
Μόλπις	20
ἐπαγρυπνέω	20
κονίσσαλος	20
διαστήκω	20
χρησιμέω	20
σάμβαλον	20
ποδηγός	20
σπειρηδόν	20
ἕσπομαι	20
οντινοος	20
Περκώσιος	20
κάγκανος	20
Κλοίλιος	20
τααυος	20
πατέομαι	20
θρεττανελό	20
ἀνεκάς	20
φιλοκτήμων	20
λόσοφος	20
ἔκτρωσις	20
νεόκτιστος	20
ΕΠΑΛ	20
πωλοδάμνης	20
καβαλλάρης	20
εκφωνώ	20
συμπολιτεία	20
ἀνεξήγητος	20
μοτόω	20
ὁρκισμός	20
ἀναντάω	20
ζωόγονος	20
εὐστοχέω	20
Γρᾶτος	20
εὐεπίβατος	20
ἑτερόπους	20
ἁπαλόσαρκος	20
Νήρ	20
πιτυόεις	20
ἀντάμειψις	20
ινευμα	20
θερμοπύλαι	20
περιλιμπάνω	20
δαφνόκοκκον	20
κυανόπρῳρος	20
πολυκλήϊς	20
παραζῶ	20
βαρύγδουπος	20
μυθοπλάστης	20
Φρυνώνδας	20
Ἀλκμανικός	20
Φέλλος	20
δεκάω	20
Κλύτιος	20
ἠχεῖον	20
ἀναρροιβδέω	20
δικασία	20
Μυρρινούσιος	20
βορεύς	20
μετάκλητος	20
σκιαγράφος	20
Ἀλεξανδρίδης	20
Ἐτεόκρητες	20
επικούρειος	20
Καμύτζης	20
δυναμέω	20
Παροῦς	20
Ἄνυσος	20
γοῖ	20
Ὠρικός	20
ἄκνηστις	20
ἀμφίγυος	20
καταμονή	20
ρισμός	20
λέπισμα	20
ἀτράφαξυς	20
Ὀφέλλας	20
χιλιαρχέω	20
σκύτα	20
καθετήρ	20
ἀφρᾶτον	20
ῥανίον	20
αιμυλος	20
Ὀρτίλοχος	20
συνόδων	20
Ναζαρηνός	20
κανό	20
ταπείνωμα	20
Ποντιανός	20
Δημώναξ	20
φαλαγγηδόν	20
Λακίνιος	20
ενορία	20
δώτωρ	20
ἐλασία	20
Ἐρῆν	20
Παρίας	20
εμπρός	20
λίζιος	20
δουλευτής	20
ῥιζικός	20
ὑποκλινέω	20
μισόθεος	20
Πᾶτις	20
διθυραμβώδης	20
Ἄτις	20
Ἐμάθ	20
διεράω	20
κακοποιία	20
φοσάτος	20
Ἀδάρ	20
δυσδιάλυτος	20
ασυνάρτητος	20
εὐπατόριον	20
ὀρφνώδης	20
πυρέτιον	20
ὑπεναντιόομαι	20
Ἔκλεκτος	20
ῥαβδοφόρος	20
σικωνιον	20
ναύσταθμος	20
παλίννοστος	20
εφθιμιμερα	20
ἀγλάισμα	20
σαρκοφόρος	20
συναλάομαι	20
χηνίς	20
Ἴτωνος	20
βλῆχνον	20
Βούδεια	20
Μήδη	20
ζάφελος	20
μονοσυλλαβία	20
ἄρρις	20
Χιόνη	20
ἰόομαι	20
αντιφατικός	20
Γαμηλιών	20
Ἑκτόρειος	20
ἀνέκφορος	20
θεομήτωρ	20
ἔλλογος	20
λινοθώρηξ	20
Στροφάδες	20
ζωοτόκος	20
ἐλαφηβόλος	20
ἐρεβεννός	20
κορυθαιόλος	20
ἠθμοειδής	20
Ἱκέτας	20
Θέσπεια	20
μηνιθμός	20
καρηκομόωντες	20
ἀγχίθυρος	20
σησάμη	20
Ἕλως	20
Βριτόμαρτις	20
Φοινίκος	20
Ἀβέλ	20
Ζήβ	20
Καριαθιαρείμ	20
διογκόω	20
Βέις	20
ἱεροποιία	20
παιχνίδι	20
κάμα	20
βαρβάτος	20
βεστιάριον	20
ζυγοστάτης	20
Σῦρος	20
σκυτάλιον	20
ξενοκτονία	20
κύπερος	20
μέλασμα	20
ἀξιάω	20
ἀειγενεσία	20
χρυσουπολις	20
σφενδοσθλαβος	20
Λύχος	20
ὀπήτιον	20
σκεδαστός	20
ἀελλήεις	20
φιλοκέρτομος	20
προσβιάζομαι	20
ἰθή	20
Νείλεως	20
ἐπιτύμβιος	20
κοιρανία	20
ὄμα	20
Πόντι	20
καστόρειος	20
σύρροια	20
ἀκκώ	20
Ἀναξίλαος	20
τυρόκνηστις	20
ναυστολία	20
γραπτεύς	20
αρμοττους	20
ἐδέθλιον	20
ἀμφιπολέω	20
Κάμικος	20
σκιάς	20
ἀντιάνειρα	20
σκηνοποιέω	20
ἐπιφλεγμαίνω	20
επιτετραμμένος	20
εἰροπόκος	20
Κερκύων	20
μεγαλορρήμων	20
Πολά	20
Αἰνάν	20
ἀπόνιψις	20
ἀπόπεμπτος	20
ἀναπλασμός	20
ἐξαγγελία	20
κράβαττος	20
Νινευΐτης	20
επάξιος	20
Ὀνόπους	20
λαυσιακων	20
ἀσηκρήτης	20
ακριβός	20
Ἄπτος	20
ἀναπείρω	20
κατεπείγων	20
Σίβαι	20
ἀποσεύω	20
Τήλεκλος	20
περιπληθής	20
μεσάζοντας	20
εὔλοφος	20
Γαβαλᾶς	20
ἑσσόομαι	20
ἐπίφραγμα	20
ἐπανερωτάω	20
συγκυκάω	20
ἰσόπεδος	20
γαῖσος	20
Ἴδις	20
βαλλήν	20
μύκη	20
ὄθομαι	20
εὔληρα	20
μάλιον	20
ἀκράαντος	20
ἰσόψηφος	20
γοργωπός	20
γύνη	20
παραπέτομαι	20
διάσπασις	20
κενεμβατέω	20
Καλλιτέλης	20
σκινδαφός	20
Λυκόρμας	20
βοίδιον	20
πλήθρα	20
κνῆσις	20
Ἀροήρ	20
κύλον	20
χαλά	20
εὐδαιμόνησις	20
ἐπιχειλής	20
λιθεία	20
προετικός	20
ἡρωΐνη	20
διάπτωσις	20
κίτρον	20
ὑπέραντλος	20
στεφανός	20
ἀπούλωσις	20
ἐπιποθία	20
Ἁρμονίδης	20
εξευρίσκω	20
σαλός	20
φιλιππίζω	20
ἐχεόδηκτος	20
ἀνθρωπέω	20
απομένων	20
μεσοβασιλεύς	20
περιπήγνυμι	20
χαμαιδάφνη	20
ῥιπτασμός	20
καινοποιέω	20
γεννουιτης	20
κάθεφθος	20
διαπορθμευτικός	20
Ἀρσακόμας	20
πρωτοπορεία	20
Σωγένης	20
περιέργω	20
μελάνθριξ	20
διαχείρισις	20
πύνδαξ	20
μοχθίζω	20
μεταίτιος	20
παράκτιος	20
Παρμενίδειος	20
ψευδογραφέω	20
παροιχέω	20
έκτος	20
ἀμφιλύκη νύξ	20
Λύκτιος	20
Εὐρύνομος	20
ἕστωρ	20
ἀποτιμάω	20
Σιβύρτιος	20
λευκόνοτος	20
εὐρωτιάω	20
ἔνδροσος	20
ἀπεσθίω	20
φρονηματίζομαι	20
υἱοποιέω	20
συναλλοιόω	20
ἀπευκταῖος	20
Σεβαστηνός	20
ἐκπτύω	20
Δηϊόταρος	20
ενωτικός	20
Γωγή	20
γαλακτοτροφία	20
συμμαθητής	20
τριηράρχης	20
τριακοσιοστός	20
καμελαύκιον	20
Πλειστοάναξ	20
πολύχαλκος	20
βράχεα	20
χρυσηλάκατος	20
ἀντικατάστασις	20
φίλερις	20
ταλάσιος	20
πολλότης	20
ἐνεικονίζω	20
Τυχικός	20
ἐνετή	20
Ἀρίσταινος	20
ἄστρωτος	20
ὑποτρομέω	20
ψυχοπομπός	20
ᾁδω	20
Ἀμπρακία	20
βροτήσιος	20
ἑτεροκλινής	20
ὠκυπέτης	20
Φίλαιος	20
Βόλβη	20
ἱπποφόρβιον	20
παρῳδέω	20
Γλαυκέτης	20
ἐπιρρέπω	20
καταλαζονεύομαι	20
ἀνακλάζω	20
ἐκπυρηνίζω	20
ἱστοδόκη	20
ἡδονικός	20
βαλιός	20
Ἀδμήτη	20
τίων	20
καταμάω	20
μεταχρόνιος	20
εὐπέταλος	20
Δρυάς	20
χλοάω	20
ἐκκάμνω	20
ὁμόσπονδος	20
νυκτιπόλος	20
ἐναντιωματικός	20
στοναχέω	20
νηπύτιος	20
ἐπιάλλω	20
Λάρ	20
ἀκουσματικός	20
Ἱππώ	20
ἐπαυλέω	20
Γεργεσαῖος	20
θεκέλ	20
ἐπικινέω	20
κωτίλλω	20
ἐπισυντίθημι	20
καταποντόω	20
ψευδοποιέω	20
ὀχλώδης	20
ἀκουή	20
φοῦρνος	20
ἐμπειροπόλεμος	20
Δαιδάν	20
κατακράζω	20
ὑποκορισμός	20
Ὑπατία	20
Ἀρχεβιάδης	20
ἀρχαϊκός	20
Μένυλλος	20
ἀνακροτέω	20
ἀποφλεγματίζω	20
τριπτός	20
πνευματομάχος	20
Σηθιανός	20
ἐγκληματικός	20
ὁμηρέω	20
ἐπαρίστερος	20
ψεκτικός	20
κλεπτικός	20
ἐξείρω	20
διαπειλέω	20
ὑαλώδης	20
ἀμανίτης	20
ἀναβήσσω	20
ἄτρητος	20
ἀποκάμπτω	20
πρώιμος	20
σχοροδον	20
στηλιτευτικός	20
ξυλοκόπος	20
πρόβλησις	20
εὐθώρηξ	20
εὐχίτης	20
πολυανθής	20
ἰν	20
Λιγουρία	20
ἀκροποσθία	20
οἰωνισμός	20
Τεγύραι	20
Οὐϊτέλλιος	20
Ἰλδίβαδος	20
λιθίασις	20
περιφεύγω	20
ολόκληρος	20
Δάμας	20
ἐπαπορητικός	20
Ὑρνηθώ	20
Ἕλωρος	20
μονόπτωτος	20
τορνεύω	20
λαρυγγίζω	20
ἑλκύδριον	20
εὐστροφία	20
Περίτιος	20
ἀμφίσκιος	20
ἡμισόν	20
καημός	20
Χρωβατία	20
ἐνδύτης	20
προσυπαντάω	20
εὐπαιδευσία	20
νευρίον	20
ἀγορασμός	20
συναρέσκω	20
ἀναστένω	20
ὑποτιμάω	20
ἀναποδισμός	20
ἐλελεῦ	19
μίγδα	19
Παρθενίας	19
αἰγιαλεύς	19
γορεῖ	19
ἐλαττόομαι	19
φιλοψυχεῖν	19
εὐδοξέω	19
ὀψοποιϊκός	19
βαθύζωνος	19
ἰλλώπτω	19
Μάρης	19
καιροσέων	19
ἀπερείσιος	19
Κολοφών	19
Ἁλιζῶνες	19
Θουρία	19
λεχεποίη	19
ὀλέτειρα	19
Φάναι	19
Πανόπη	19
ἄλφι	19
ἑρκίον	19
Κοτιάειον	19
ταπεινῶ	19
ἁρμοῖ	19
ὀλιγηπελέων	19
νεοίη	19
ὀφρύα	19
εὐφυία	19
ἔκπεμψις	19
καταπονῶ	19
πέραθεν	19
ἐπινηνέω	19
Ἀριστίδης	19
τῶτων	19
ἐμοι	19
ἀναρρηθῆναι	19
προτακτέον	19
Εὐφρόνης	19
ξάντρια	19
Τέρμων	19
σπιδής	19
μάσσων	19
μενετέον	19
Γυμνησία	19
κενήριον	19
τριτάλας	19
Νάι	19
ἀνεκτέος	19
Οὐαραράνης	19
αὔως	19
αὐταύτας	19
ἐντραγεῖν	19
Πτολε	19
ουν	19
χρῦφα	19
Κάπρος	19
Κράγος	19
θεραπεῖν	19
εὐχρατος	19
ἐναγή	19
αχριβους	19
χρονός	19
ἔμποδος	19
Ἑρμῖνος	19
διημαρτημένως	19
σκιωδῶς	19
συνῃρημένως	19
σύνθεος	19
ἑκατοντάκις	19
κἄντε	19
λιππος	19
ὑποκόρισμα	19
ἀμφιπένομαι	19
ρώτερον	19
αποφαντικός	19
προσλαμ	19
θεωρ	19
Προσδοκᾶς	19
ἔζω	19
Σίμα	19
ά̓πτω	19
ρχε	19
επικιπως	19
τῇνιχαῦτα	19
ἀνταποδοτέον	19
επικεω	19
Ταρχανειώτης	19
τιους	19
πυρρόν	19
Σερβλίας	19
Χοβάρ	19
ἰατρ	19
Καό	19
ἐνορία	19
Γαλήνη	19
Γίου	19
πνεομα	19
σκωληκόβρωτος	19
γορία	19
ἀμφισβη	19
Τούντος	19
ἀταρπός	19
ὀργι	19
πολύχους	19
ριειμι	19
καλλίστως	19
Σάντου	19
μοσθενος	19
Ἴνων	19
εὐχρυνείας	19
Ὁριγένης	19
λισιον	19
ἀπαραποιήτως	19
εκτεθειμένος	19
Μασίας	19
πατρότητα	19
ψεται	19
ἀντίχα	19
ὠτίον	19
τυγχ	19
υχ	19
προκ	19
ΑΒΓΔΕΖ	19
τίφθ	19
Φερένικος	19
Γέλλιος	19
τετανός	19
ἐπίβαθρον	19
Αἰόλος	19
λαθικηδής	19
Λύδης	19
καθυστερέω	19
Τορκούατος	19
Λουσιτανίας	19
ἀπελευθερόω	19
Κλεοδαῖος	19
Γεραῖος	19
κούρη	19
ηοια	19
Φοινικίδης	19
τραχύλον	19
αιδιοτηταω	19
σιλειος	19
Ἀφροδί	19
Όργης	19
ὑπεροφίας	19
Σῦριγξ	19
Τίρυνθι	19
Δίνων	19
ΞΚ	19
ροβ	19
ἐπισμυγερῶς	19
εἰσωπός	19
μελάνς	19
Ἀχελώιος	19
ἐμφα	19
ἐπισπαστός	19
ἀγάννιφος	19
σικῶς	19
Εἶσα	19
Γέτας	19
Οὐαλερία	19
ἐπιμ́πω	19
κλήρος	19
παραπετάννυμι	19
ξαρος	19
ύτ	19
Ἄντις	19
ΔΕΧ	19
περιλάπτω	19
ΠΩ	19
ΨΒ	19
ΥΠ	19
ΖΠ	19
ΓΘΒ	19
ΚΛΜΝ	19
ΓΤ	19
ΖΡ	19
ΧΦ	19
ΚΕΗ	19
πρόσαρμα	19
ευχερής	19
φυλαγχανω	19
μέγρι	19
νέον	19
Προαιρέσιος	19
ἵπως	19
κινάσιος	19
ὅντες	19
πλον	19
λκ	19
Πτο	19
ἐπιμέλλω	19
ὄρημα	19
Εὐβ	19
᾿Γ	19
ιγ᾽	19
σχεδ	19
βόλιτον	19
σελάχιος	19
εἰκοσιεννέα	19
εὐβοσία	19
καυλίον	19
δίκταμον	19
ἐπιπρέπεια	19
κοινωνητέον	19
Πολύμναστος	19
κλαδέω	19
Τελώνης	19
ομουλη	19
διαπε	19
Ἀναξίας	19
Σηγώρ	19
ἐλυ	19
προδήλως	19
παραιτύσκω	19
ἐφενόω	19
καταγίδος	19
Ἑτοίμη	19
κατεῖναι	19
Παρά	19
Ἀγιότης	19
ἀναντιῤῥήτως	19
φιλάθρωπος	19
απειπως	19
Γαβριηλ	19
βάπτισις	19
Νυμφίος	19
Ἀχαβ	19
Άμαν	19
κενδοξίαν	19
Ἡρωνος	19
σέ	19
μεγαλομερῶς	19
λεπτομερέστερος	19
Κραπάταλλος	19
ἐρέας	19
τάρες	19
Τρυφῶσα	19
συνάορος	19
ῆι	19
ΑΖΕ	19
Κάτε	19
δαιμόσιον	19
Γούσης	19
απαλλαγή	19
Μυρίας	19
προσηγρίαν	19
χρηγμάτων	19
εξαπλός	19
Βεώρ	19
ενάγων	19
Ράτα	19
Μαθαῖος	19
Πάρα	19
ἐναντιόω	19
Ἀμπρακικός	19
ἰαμ	19
κλάβος	19
ἀμελητί	19
θυμομαχέω	19
τοτηνικαδος	19
ὀλοτρόπως	19
ὁτιποτοῦν	19
μησαν	19
μάκελλον	19
ἐπιμ	19
διαβ	19
Ἀγγ	19
τρυγία	19
Ἰσρ	19
Κριτ	19
μαῖον	19
Ἄλβας	19
ψετο	19
χλα	19
κουβικουλαρίου	19
Δαλμάτου	19
Εὐσεβία	19
αὐτην	19
ΓΔΑ	19
ἀπόγαιος	19
ἐξακισχιλίων	19
μαφόριον	19
Σκορτών	19
Μονοβασίας	19
χάρη	19
Ριζικός	19
θωρῶ	19
σγουραφι	19
οὐχέτι	19
ἐπίχαρμα	19
προπ	19
Τροίηνδε	19
γλάπτω	19
Βουλγάρῳ	19
ετήσιος	19
Οὐανδήλους	19
Μανζικίερτ	19
πρόκενσον	19
σαυρομα	19
Βλαχέρνα	19
αποκομίζω	19
Καριανού	19
λωρίκιον	19
κωναταντινοος	19
Τόρων	19
Κοτυάειον	19
ἀσθάνομαι	19
δυναστή	19
ὕμματα	19
ΑΔΗΑΟΝ	19
σφάδρα	19
αλήθεια	19
γομόρ	19
ριστῷ	19
Μαδιανῖται	19
ἀκοντί	19
βυσσός	19
δστι	19
κατασοφισμός	19
ὑμνητέον	19
ἕνωμα	19
τριος	19
τμη	19
Ἀρίσταρ	19
θασιν	19
ἀπαί	19
Ἁρμονίη	19
εμπεδοχλεω	19
αφρώδης	19
Ζάς	19
γερ	19
Μν	19
σπθ	19
Δγᾱ	19
τμγ	19
ϑμ	19
ταυρεία	19
φαγεδαινικός	19
χρυσάνθεμον	19
Μεχεμέτ	19
Κστιν	19
Νείκου	19
ὕπερ	19
ἐμπυρόω	19
προπαραξυτοναω	19
ἀκοστάω	19
Βρίθων	19
Ἅννα	19
Κεν	19
Κάρνος	19
συμμα	19
Ἀξεῖς	19
ευθυνδικις	19
Ἀγαμέμ	19
κινητέος	19
Ἰόρδανος	19
Φασαήλου	19
συλλειόω	19
νστ΄	19
κωνάριον	19
κρισίμως	19
τετραχόρδος	19
ἀρκτοφύλαξ	19
Δραμᾶς	19
Μαρκέσιος	19
Αθίγγανος	19
ἀδιον	19
Γλυκώνειος	19
Μῶσα	19
φοϛ	19
ἀμινθίου	19
ὑπερηνορέων	19
Ρουσέλιον	19
αφλς	19
γυνς	19
οξυμελι	19
ΟΟΕΘΤΙΟ	19
Αὔξουμον	19
Βαιθσάμυς	19
ἐκφώνως	19
Αγαλλιανός	19
τεταρτημοριαῖος	19
καρδαριγάν	19
ἡσύχιος	19
πρακτήρ	19
γρώνη	19
Φιλέψιος	19
εὐγηρέω	19
Κυλώνειος	19
ἐκκηρύσσω	19
δακτυλωτός	19
βιόδωρος	19
ἐκτελευτάω	19
παλάμα	19
διαταω	19
ἀσυνύπαρκτος	19
κενολογέω	19
ἐξυγραίνω	19
συνδικέω	19
τυρίον	19
ἀδουλέω	19
Ἀγαυή	19
ἀλυκτοπέδαι	19
ἠθοποιός	19
παράξενος	19
Σεμ	19
κάντος	19
ἐπύω	19
Πόστουμος	19
μηλοτρόφος	19
ἀχώ	19
ποτισμός	19
ταλαός	19
εὐδικία	19
βλεμεαίνω	19
ἡμιπέλεκκον	19
Κλαυδία	19
Φαμέας	19
ὀρφόω	19
Φιλήτα	19
ἐλλεβορίζω	19
ἀκαταφρόνητος	19
Ορν	19
ἀέροπος	19
Ἐχέπωλος	19
τριόρχης	19
βλέπος	19
δοκώ	19
ευλογών	19
Αγγός	19
Λαρήνσιος	19
δυσπεψία	19
πανοικίᾳ	19
ἴων	19
ὑποπλήσσω	19
ἐπισκηνόω	19
Ἀρτάπανος	19
παντέλεια	19
γεράκι	19
ἀναθεώρησις	19
λιθάω	19
Τισαφέρνης	19
αρχιποιμην	19
εὐθεσία	19
διάττοντας	19
Λούρις	19
ταυροσκυθης	19
τριταιοφυής	19
Αἰγίας	19
Αἰθάν	19
αἰγίβοτος	19
αὔχη	19
Δωνά	19
Ἰώδας	19
ἔρευξις	19
λέπτω	19
Ἰσοῦς	19
δροῦγγος	19
συνεξαιρέω	19
δεκαρχία	19
ἔγκαφος	19
Θησεῖος	19
ἀποφθινύθω	19
Μισγόλας	19
σκυμνίον	19
Γοργοφόνη	19
Φλύα	19
Θεσπρωτικόν	19
Φόβιος	19
μητιόεις	19
Κούσης	19
περιττολογία	19
σκευαστής	19
Πετραῖος	19
Κυθήρη	19
μήμη	19
Ότο	19
κέαρος	19
ἀπρόσφορος	19
ἐπιδεύω	19
ἀντωπός	19
εὔσκιος	19
Μικρά	19
εἰσάντα	19
Φαώνιος	19
Μιθριδάτειος	19
άψη	19
δεῖπνος	19
τένθης	19
Φορμίσιος	19
ψωρίασις	19
τριχώδης	19
Κιλλύριοι	19
Ἀμάνης	19
Γεμῖνος	19
ΔΟΑ	19
ἐπίπνους	19
γελοιάζω	19
Προσπάλτιος	19
χρυσόκολλα	19
Θηρικλῆς	19
Μνησίβουλος	19
εὐέργεια	19
οφίς	19
Χερσίας	19
Φουλουία	19
ἰσοπληθής	19
επηρεάζω	19
ἀθιγής	19
ἰωνίς	19
ὑπερένδοξος	19
πετά	19
γηροκομείο	19
ἀφορολόγητος	19
άχρονος	19
ἀφία	19
συντριμμός	19
Ὤρ	19
Βέβη	19
Λεώστρατος	19
Ἀστύλος	19
Μαμίλιος	19
στροφέω	19
ιστικός	19
τυπέω	19
ἀδιάπνευστος	19
Γερμανίκεια	19
ἀντίπορθμος	19
Πρίγκιπος	19
ψῦγμα	19
καρύκευμα	19
κυβερνήτειρα	19
ὑψιφαής	19
Βακχιάς	19
Κατάδουποι	19
παγγέλοιος	19
ἱππιοχάρμης	19
Κεφαλή	19
κλεῖσις	19
ἁρμοστός	19
σκήνωσις	19
Τύρταμος	19
πρώρα	19
ἐπιεικτός	19
Ἀρχίων	19
Εἱστίων	19
αδιαίρετος	19
δυσέντευκτος	19
ποτό	19
αντιρρητικοιξ	19
ἐπιτάρροθος	19
ἐπιήρανος	19
φανίον	19
γενεαλόγος	19
Μειλανίων	19
Κόμης	19
τρωχάω	19
πόρταξ	19
πέτασος	19
ὠγύγιος	19
παστοφόριον	19
κατάπαστος	19
λιστός	19
πύρριχος	19
χειλού	19
Ζωί	19
περίπτερος	19
νια	19
ουρανός	19
έμπρακτος	19
Βλαῖσος	19
κάπνη	19
ἐμφύσησις	19
εἰρηνέω	19
βικάριος	19
δουλοπρέπεια	19
ευλογημένος	19
προσωφελέω	19
Πελινναῖον	19
σιλλαίνω	19
Ἀνατολή	19
ἀπανωθέω	19
Γαλααδῖτις	19
Ἰεζεχιήλ	19
Ἀναξιβίη	19
Μαντίας	19
ἐπανύω	19
Δηιόκης	19
Ἰλισσός	19
Κάλαμις	19
ἱστάνω	19
χραύω	19
σέλλα	19
ἐπιστάω	19
θυρσομανής	19
Ἀντίων	19
Μέτρι	19
Λάγη	19
εμίζω	19
κακόβουλος	19
λεκιθώδης	19
ἀτεκνέω	19
Μαριάμνη	19
κάτοπτος	19
Λύσιον	19
Αἰγίλιψ	19
Τέρινα	19
ὑπερμήκης	19
πλοίζομαι	19
ἐπεσβόλος	19
ἱκεσία	19
ενσκήπτω	19
ἄστοχος	19
σπογγίας	19
συγκατατάσσω	19
δυσφώρατος	19
όρμημα	19
Δολοπίη	19
Ἀριστόδικος	19
ὠλένιος	19
Πρῖμος	19
ἀγαπάζω	19
μιθριδάτειος	19
ἀππία	19
σιτολογία	19
προυσιάς	19
Ἀδῶς	19
εναρμόνιος	19
συρμαία	19
σαυος	19
Πολύαρχος	19
Τασία	19
Ζές	19
βαλάνιον	19
λιμοκτονέω	19
ἄθος	19
απαγορεύω	19
ἐκδυσωπέω	19
Ῥινοκόρουρα	19
καστέλλιον	19
ἐπανάβασις	19
Γόργειος	19
παμμέλας	19
Τριπλή	19
Ἰηλυσός	19
κωλυ	19
σιτηγός	19
ἀκένωτος	19
ἠκή	19
μελλησμός	19
Σοκχώθ	19
λαυος	19
ἀποτύπωσις	19
πόριον	19
ἐχιόδηκτος	19
αἰόλλω	19
Ἀβλάβιος	19
οὐρβανός	19
ἀρτιεπής	19
στῆρα	19
ὁμόζηλος	19
συνούλωσις	19
ἐπίχριστος	19
ὑποδεσμίς	19
Δελτωτόν	19
Βουδῖνοι	19
προτύπτω	19
Αὐνάν	19
δολόφρων	19
ἐπισμαραγέω	19
Τιθραύστης	19
ζωικός	19
ἐπιταγματικός	19
Πτελέα	19
Κρόβυζοι	19
φιλόπατρις	19
ἀπεχθαίρω	19
ἀμ	19
Ῥωμαιος	19
ὑπερόπτησις	19
ὀστάριον	19
ὑπομνηματικός	19
ηθοποιία	19
ἀποσπάς	19
Ἑλενούπολις	19
μαλέω	19
ἀδαπάνητος	19
παραμυθέω	19
οὐρανία	19
κονδῖτος	19
Τρωίλος	19
Κυπρογένεια	19
Ἴστροι	19
λαύω	19
ἐπισφύριος	19
ὡραιόομαι	19
Φρυνίων	19
πανομφαῖος	19
αὐτανέψιος	19
ἱμαῖος	19
ἁλμάς	19
σφαίρωμα	19
ὑπόχαλκος	19
κοππατίας	19
ἐπιβόλαιον	19
ὑπερπίμπλημι	19
νανώδης	19
πολυθεότης	19
καταισχύνη	19
Μακραί	19
αὐτίτης	19
ἐνέρτερος	19
Ῥήγουλος	19
διδυμαῖος	19
αρχόντισσα	19
Μαργαρίτα	19
νέφαλο	19
σπιθολιειμι	19
Μέλαμπος	19
ἄργυφος	19
μιλιαρήσιον	19
ἀσύμφυλος	19
Ἱεροσόλυμος	19
καταχρυσόω	19
όψη	19
Θαμνά	19
ἐσχατάω	19
ξυλάριον	19
φθιτός	19
Αλεξάνδρεια	19
Κιλ	19
ὁμογάστριος	19
μαρασμώδης	19
ὑποπέλιος	19
παραπληγίη	19
τροπάριο	19
Ἰλλύριος	19
πολυχανδής	19
σπάρτος	19
κλεπτοσύνη	19
βύκτης	19
θηράτωρ	19
κάμων	19
Καρκινίτης	19
γονορρυής	19
πεμπτός	19
προοδικός	19
Κλείς	19
προσπαθέω	19
Μεδεών	19
γέγειος	19
Ἀνακτορία	19
ἄποτμος	19
προκαταγιγνώσκω	19
γραμμένος	19
Πίναρος	19
προκαθηγέομαι	19
Καλουίσιος	19
πάδος	19
στέριφος	19
κηλέω	19
ἀνάφυσις	19
ζευγίτης	19
εὐνουχίας	19
ἀφήγημα	19
συγκλάω	19
βαρύτιμος	19
διανθίζω	19
Φανόστρατος	19
ἀπαναισχυντέω	19
προκαθαίρω	19
πουλί	19
Σκειρωνίς	19
σχελιαστικος	19
ἀλλόγλωσσος	19
σαρδόνυξ	19
ψιάω	19
ευχλεω	19
ἀρόσιμος	19
ἀσπιδίσκη	19
σκολοπένδριον	19
Ἄμφιος	19
προσφωνητικός	19
ἑλειός	19
Φαῦστα	19
Εὐηνός	19
αφίδα	19
Κλεανδρίδας	19
Πυθιονίκης	19
φαρμακία	19
συγκατεργάζομαι	19
πρόσειλος	19
Διονῦς	19
παραναγιγνώσκω	19
λαμπαδηφόρος	19
ἀντήλιος	19
ἀνομολογέω	19
ἀποφθείρω	19
ἀντίβασις	19
αὐτοδεκάς	19
σταδαῖος	19
χρυσοπέδιλος	19
συμπληρωματικός	19
ἀπειροπόλεμος	19
Ὑδροῦς	19
πολύβοτος	19
μάρανσις	19
χατος	19
διάφεσις	19
ἐπισυμπλέκω	19
Δημοδίκη	19
πωλικός	19
προσκλίνω	19
τορνόομαι	19
Ὀπίμιος	19
ἐφαπτίς	19
ἀμφίσβαινα	19
Μυρεύς	19
χρύσωσις	19
μέσαυλος	19
προτένθης	19
καταστίζω	19
ἄποψις	19
ζῳογονέω	19
ζωοδότης	19
εὐδιαφόρητος	19
καταστυγέω	19
ἐπιστένω	19
ἐπισχάζω	19
συνεδρία	19
κατακωλύω	19
τρύφημα	19
συνείσειμι	19
κάψα	19
παραπληγία	19
συνεκφώνησις	19
βίγλα	19
Μεσσαλῖνα	19
Φρυγιακός	19
Ἄμηστρις	19
φῦσιγξ	19
βλεννώδης	19
λίχω	19
ἀνιστορέω	19
εὑρετός	19
Ἀζᾶνες	19
ἀλαστέω	19
σιμόω	19
εὔκριτος	19
ἀκτέα	19
ανακαινιζόμενος	19
βόλος	19
ὡρονομέω	19
θηγαλέος	19
ἐπιλαγχάνω	19
ἄμαλλα	19
ἐνεχυράζω	19
μητροκτονέω	19
λεωργός	19
λιμνώδης	19
Πιερίς	19
αντίο	19
προυποτίθημι	19
ἀνυπέρβατος	19
καταγλυκαίνω	19
ἀνθαιρέω	19
θωάζω	19
πτήν	19
Ποίμανδρος	19
εὐκέλαδος	19
κυπρίδιος	19
εὐποτμία	19
Νουκερία	19
κατοίκισις	19
σκολιότης	19
Ἄκακος	19
μεταστοιχεί	19
προστίμημα	19
εὔειλος	19
συκώδης	19
ἀνάσκητος	19
χαμεύνιον	19
ἐκπρέπω	19
ἐκμανής	19
ὕφυδρος	19
προδέω	19
παραθεωρέω	19
τερατούργημα	19
δημήτριος	19
βαστάω	19
φτωχός	19
μασσάομαι	19
μελιστής	19
Ἀδράμυτος	19
Χέοψ	19
ἱππών	19
ἑκατόμπυλος	19
ῥᾳδιουργός	19
κίθη	19
προσκυρέω	19
Λάπηθος	19
κεντρίζω	19
εὔξεστος	19
Ἱκετάων	19
λοετροχόος	19
ἀνορεκτέω	19
πυρίασις	19
σιώπησις	19
διαθέτης	19
διαρραίω	19
ἐπιδικασία	19
λαβέ	18
Κρίστου	18
Μισδαίου	18
γοιτο	18
φυσιο	18
φοτερας	18
Ὑγίεια	18
παραπεμπτέος	18
ἐπάρκεσις	18
ἀποκτίννμαι	18
ἀρχαϊκῶς	18
γησι	18
ἰονθάς	18
ὄβρια	18
μισήτη	18
βλωμός	18
Ἠλιάδι	18
βοσχημα	18
ἁμάξιον	18
ψίττα	18
ὑδάτινος	18
ἀννέφελος	18
Ἐρμείας	18
χελιδονίζω	18
Καλχηδών	18
καταῖτυξ	18
Μύρμηξ	18
ηζ	18
Φοινί	18
Αιγάν	18
Λίγεια	18
ἀντλητήριον	18
Λίμναι	18
Βύνη	18
Ἐμπόριον	18
λοφεῖον	18
ἀμφίχυτος	18
φείδω	18
ε͂γε	18
μορόεις	18
βοάγριον	18
γαυριῶ	18
Νειλέως	18
κατωκάρα	18
ἔνερσις	18
εὐλ	18
Εὐδαιμονία	18
πικῶν	18
Ἀρίγνωτος	18
πέλλυτρα	18
ἄρταμος	18
Μάρδων	18
ἀπαραφύλακτος	18
Τράγος	18
Τέττιξ	18
ἔκφασις	18
ἀποπλάσσω	18
αυτοκρης	18
λοῦκα	18
ιθύνων	18
σκαφίδιον	18
ἐπιδεῖ	18
σφρα	18
ἐλεγ	18
λλους	18
Περόν	18
Θήρης	18
ἐκτι	18
Πόλλυς	18
Κλεόβοια	18
Κυθέρη	18
ἀνεμον	18
ευφοβιος	18
βλάβος	18
προσδέομαι	18
Μέρου	18
Σωκρ	18
καθολι	18
αμροτερας	18
ἄχειρ	18
ἐπιτιμητέον	18
ὑποτί	18
μετάκερας	18
μηθεν́ς	18
προσκα	18
ἑτέρ	18
νομα	18
Τριτώ	18
ρῷ	18
βύσμα	18
ἀσινέας	18
Ἐλευθερία	18
Εὐσέβεια	18
ἀφάπτω	18
Χάκου	18
τωνι	18
τέττασι	18
Βάδις	18
ὁμοιοπαθέω	18
ταῦτῃ	18
διαλυτέος	18
λας	18
Κότος	18
πτω	18
Βασιλακίου	18
ὑψιπέτης	18
ἐλήλακα	18
μεγί	18
θαλάτ	18
Βρανᾶν	18
Τατίκιος	18
ἐπαναζεῦξαι	18
Γαβράς	18
Δαλμάται	18
Θαρρύνων	18
Ἵστρος	18
πιστῶ	18
Ἱππώναξ	18
οθ΄	18
ξα΄	18
Πενταπόλει	18
Ἄλβιος	18
ειος	18
ἐγκω	18
παιανικός	18
ἀναγι	18
γορίαν	18
ἀμετά	18
κισσήρης	18
Φιλικόν	18
Σικῆς	18
πληρ	18
πολυτος	18
λελ	18
Ρότης	18
σημεισος	18
νεῦς	18
μαιφονίαν	18
ἀποτ	18
χρίνω	18
αιχιος	18
γυναικόω	18
οἱόνεος	18
συγκρι	18
ἡδικηκότα	18
ἐπεξίημι	18
ΚΑΡΔ	18
αἰτι	18
χρυσόρραπις	18
Εὐφρόσυνον	18
χλωρεύς	18
Δίνδυμον	18
βᾶθι	18
Ἄρμενος	18
θέσπις	18
Νόνν	18
Γοργόνιον	18
ἀνταδικέω	18
Σωκλῆς	18
ἄκρητος	18
παραπαφίσκω	18
Φιλίννιον	18
Αντίοχου	18
Σκυ	18
Εὐμαῖος	18
οὐδαν	18
Κόρυμβος	18
ευχαίρως	18
Αὔαρις	18
Ἴλλος	18
φιλαδελφέω	18
ρατον	18
ΑΜΒ	18
ΓΑΕ	18
ΘΖΗ	18
προσαγ	18
ἀλαλύκτημαι	18
φός	18
ἕε	18
ἐπιλίγδην	18
μνήμ	18
ζοντι	18
Νεμέτωρ	18
Εὐσεβώ	18
νήριον	18
Καμπυλίων	18
Προκύων	18
εὐρεθέντα	18
ἀχρίς	18
Πολύνους	18
βλη	18
Πράμνιος	18
ὀγείας	18
οριοινος	18
καύης	18
ΦΨ	18
ΠΧ	18
ΓΑΛ	18
ΦΡ	18
ΚΑΒ	18
ΖΦ	18
ΑΕΘ	18
ἰητρείη	18
δερ	18
λογίς	18
Ἀμεῖς	18
Τουνν	18
Λειβηθρίων	18
πέντηας	18
δίχν	18
χηρυκαι	18
Λακεδαιμο	18
ΚΗΘ	18
Τόρι	18
Τελ	18
αωριπως	18
ὑποπιάζω	18
Τόνη	18
πασάφων	18
ἡπ	18
ὑπαΐω	18
Πᾶσις	18
λάμδα	18
Ῡ	18
μιμαλλών	18
τεσσαράων	18
αρτας	18
Προμαθίδας	18
Εἰραφιώτης	18
Ἀρίφρων	18
Παράμ	18
Θάλπιος	18
ἔνιος	18
ζυ	18
Φαλῆς	18
ῥιζίον	18
οδν	18
ἀκολ	18
ἀγραφίου	18
ὑπιέναι	18
ἐκφλογόω	18
ἐνετός	18
τῶυ	18
Ἐλπαγόρας	18
ἀνθηδών	18
ὁλόγος	18
εἰδοποιΐα	18
νεκρώνομαι	18
κατεγγελάω	18
ἐνατός	18
ἐπιστρέ	18
υποταγή	18
Ἰωάνν	18
ἐκπτίδιμι	18
διεκδικέω	18
ὀρήνους	18
κληρονο	18
ἐξουθένημα	18
στραγγαλιάω	18
Ἔκδηλος	18
ἠθούλετο	18
χριστοτοκος	18
ρκβ	18
νύμφευσις	18
ερμηνευατιμοω	18
ἐνυπνιάζομαι	18
ἀποκάθημαι	18
Ἀριούσιος	18
περσιστί	18
ιδ᾽	18
Ἴσαρχος	18
ἐλεγεῖος	18
ἐνσεμνύνομαι	18
Σκάμων	18
ἁπτέον	18
ὑμν	18
εὐχο	18
ναικαι	18
Σποτῆς	18
ὑπομνήσκω	18
αὐτοζός	18
Πρόιν	18
τόκα	18
ἐνοίᾳ	18
κληδονισμός	18
ὀγείαν	18
εὐαφόρμως	18
ἀπαρατηρήτως	18
λελογισμένως	18
ἀδιατύπωτος	18
Ὕδρος	18
Δίκτυον	18
Τούπος	18
βρό	18
ἀναφαλαντίας	18
Λάργος	18
αντιοκαιω	18
τετρακοσιοστός	18
Ἐποιέω	18
ἐτόλ	18
Τοντέστιν	18
ἀθυ	18
φιλοτιμητέον	18
λαξεν	18
ωμένων	18
τετε	18
εμπιστεύομαι	18
ἐλλογέω	18
ἑτεροζυγέω	18
ιερουργός	18
ἀκαπήλευτος	18
σμ΄	18
σέτω	18
παχ	18
πιχροτερος	18
ταβλίον	18
πραιδαις	18
ἐπιδεικτέον	18
διαπο	18
ρνς	18
τνδ	18
ΖΑΗ	18
ΒΑΚ	18
τεχνῖτις	18
διηγήσω	18
ὅσσος	18
καθημερνός	18
Βατάτζην	18
σιργέντες	18
μπάϊλον	18
ψέμα	18
πώτο	18
Αφέντης	18
καμίνι	18
πλι	18
φτερό	18
Φλάκη	18
γρικους	18
μάνα	18
τέκνο	18
Εμιλία	18
Φέγγος	18
Ζετς	18
Στρατιώτης	18
ὀδρίαν	18
υἱάς	18
υποστιγμή	18
συκοπτω	18
Ασώτιος	18
Νάσαρ	18
Ὀνοπόδιον	18
σπαθαροκουβικουλάριος	18
βουκολεων	18
περιδοκέω	18
κινστέρνης	18
Παντελεήμων	18
Πολυχρόνιος	18
ἐπίφασις	18
δυσφόρητος	18
φρονάσιος	18
χροάζω	18
διατρί	18
Ἀντιάδας	18
τέρεβινθινα	18
άθραυστος	18
μονοῦνυχι	18
ὀδινέω	18
θλάζω	18
μεγαλοπτέρυγος	18
γλῶτ	18
σιλάσεως	18
ελκτικός	18
Καλλατιανός	18
Κρο	18
Παίζων	18
Ἀξίων	18
Ὑακίνθια	18
βουσίιν	18
Ζήμαρχον	18
ταρός	18
ἀπονενοημένως	18
εὐαλλοίωτος	18
τύλλος	18
συγχώρημα	18
ρχα	18
λαχανεύω	18
ψυδράκιον	18
Γεντιανός	18
καταρῶμαι	18
Παγιαζήτ	18
Χαμζάς	18
Περιθεώριον	18
ἀνδρόπρωρον	18
θεατικός	18
ΗΘΔ	18
ΖΗΘΚΛ	18
στελιχωνη	18
λοξίας	18
κεκριμένως	18
αὐθέντη	18
Ἕβερ	18
Μήχα	18
δείλι	18
Ποσιδῶνος	18
πόλεμόνδε	18
απαιδαις	18
ὑπερφιάλως	18
πανταχθεν	18
ἀφεψεῖν	18
ὀξύγαλα	18
ἀπέφ-ᾄναμαι	18
τμητέον	18
γλυκυρίζη	18
καψύχσομαι	18
φυτευτέον	18
φύτευσις	18
Νινευῖ	18
Ἀπόχαψ	18
ῥώξ	18
Τίον	18
ὠφ	18
χμη	18
λινοζῶστις	18
σογ	18
ἐπινικάω	18
Σκῆτι	18
ἀμεραμνουνῆ	18
ψείρισμα	18
Μεβώδης	18
ἡμιφανής	18
Ἀδαοῦλφος	18
σιύψεως	18
ἐνετέον	18
μΓ	18
ἴγυπτον	18
χρητικως	18
υρβ	18
Αττάρ	18
Μενάλχας	18
Νεφθαλεί	18
Ἀχειτόφελ	18
Γαύρου	18
μονξ	18
πρόσημαι	18
συνεορτάζω	18
ἀφοδεύω	18
βρωμάομαι	18
λεκάνιον	18
κρέξ	18
κύπαιρος	18
ὑπόκυκλος	18
ἑτερόκλιτος	18
μαυρός	18
τετραχθά	18
δενδρώδης	18
στελεά	18
Ποντίων	18
ἐπαλαλάζω	18
Γεωργός	18
Ἀθηνογένης	18
Ἄθυρας	18
ορμητικός	18
ἀπύρωτος	18
ἐπιχαιρέκακος	18
περιᾴδω	18
Καβάσιλας	18
μικροψυχέω	18
ἀποσπένδω	18
Ἄνδροκλος	18
Πατέρ	18
ὑποθερμαίνω	18
ἀλετρεύω	18
Δαφνοῦς	18
στύπος	18
δρηστήρ	18
κλυτόπωλος	18
Σώχος	18
ὑψαγόρας	18
Οὐέττιος	18
θυγατριδῆ	18
τήρων	18
προώλης	18
ενιχοω	18
ερωμένος	18
κεκάμω	18
σιδηρά	18
Τάλα	18
Κούρτιος	18
κράνειον	18
συμφράζομαι	18
φοινικίζω	18
ὁπλιτεύω	18
Λευκωσία	18
προσερέω	18
δίλογος	18
κυριολογέω	18
λαξευτήριον	18
προτύπωσις	18
εγγράφως	18
γάζομαι	18
Κυρήνιος	18
ἀχίας	18
συνθνῄσκω	18
Θεκλῆς	18
ἀκροάω	18
εὐανάδοτος	18
Κύρνιοι	18
χαρία	18
τουτιειμι	18
σπερματίζω	18
ἀκανόνιστος	18
Ἀταρνείτης	18
Σκριβώνιος	18
αὐτονομέομαι	18
παροδικόν	18
σιλωνιος	18
ἐπικτίζω	18
ἐξοστρακισμός	18
φιλοίκειος	18
δίμορφος	18
Κλεόστρατος	18
αγαπάω	18
Πεΐδη	18
με	18
μῖλος	18
ἐπάρδω	18
Ἀνδοβάλης	18
ἀσίον	18
εγγονός	18
ιδρυτής	18
χώνευμα	18
κυαθιαῖος	18
δυσκαρτέρητος	18
Πιθηκοῦσσαι	18
δοκιμαστέος	18
μάγη	18
κεἰς	18
φαλέκ	18
Ἅλαι	18
υπερβιασμος	18
διχόμυθος	18
λί	18
συναρθρόομαι	18
περιόστιος	18
ἐξοργίζω	18
Πιγκέρνης	18
Φύσκος	18
ὑπερρέω	18
ἐγκλητέος	18
χρησμῳδία	18
μαγδαλιά	18
ἀλύσσω	18
Περίχ	18
τύκος	18
κίνδυν	18
Ἀντρών	18
ὀκλάξ	18
Γλου	18
Κολλυτεύς	18
χοροδιδάσκαλος	18
ἐφέρπω	18
ὀρχέω	18
ἡμέρωσις	18
Τεΐας	18
σύμφθαρσις	18
οὐδέν	18
ὀντότης	18
Μοδέρατος	18
αναθεματίζω	18
ἄστικτος	18
δυσδιάγνωστος	18
γορός	18
Μήδης	18
Οὐεργίλιος	18
λαοπλάνος	18
ἰχθύβολος	18
ἁρπαλέος	18
Λυσίππη	18
μισθάριον	18
χρυσοκόλλητος	18
Ἀκίλιος	18
βουλιμιάω	18
ὑποτρέω	18
Πηλ	18
ἀλεγύνω	18
θεραπαινίδιον	18
Ρισέ	18
ἐνύδριος	18
δευτερίας	18
καπηλίς	18
Ἰασεύς	18
θρῖναξ	18
Κλῖμαξ	18
ἀνένδεκτος	18
σαβαχθανι	18
αιδέσιμος	18
ἐπικαταράομαι	18
ἑλίχρυσος	18
Δαυΐδης	18
ἐνδρομίς	18
Πόλλης	18
ἀλλαμήν	18
ἀβροχία	18
Κωνσταντῖνα	18
δωδεκάωρος	18
φαμελία	18
Θέλα	18
ἐλάτειρα	18
Ισάμ	18
ἀκτολογία	18
ευκτήριος	18
Μαδιηνίτης	18
δυσκατανόητος	18
πειρατεύω	18
Γαῦλος	18
Αἰβούτιος	18
ξύν	18
κτηδών	18
εὐροέω	18
Τράλλις	18
Στίκα	18
Λίος	18
Κροκύλεια	18
σύμπραξις	18
περίθλασις	18
στυπτηριώδης	18
ἐπαφαίρεσις	18
χρυσοχειρ	18
ἀκτινοβολία	18
θεύς	18
παίδιος	18
μενεδήιος	18
συνθεάομαι	18
περίκτησις	18
ἄκραντος	18
Λακέρεια	18
ἀλοιάω	18
Γόρδιος	18
πόντης	18
κλωστήρ	18
Εἰδοθέη	18
Θευδίβερτος	18
ἰθυτενής	18
γουειντα	18
οὖσον	18
πολυφωνία	18
Ἀπελλικῶν	18
ἀφιλοτιμία	18
αγχέμαχος	18
ἐπεξέλευσις	18
ἠχητικός	18
Σθενώ	18
ἀγριάς	18
σιδήρειος	18
μελεδήμων	18
κλαῦμα	18
Κλείτη	18
Λαύριον	18
ἀποβλύζω	18
ὑπότροχος	18
ὀμβρικός	18
μουνάξ	18
ἄμωρος	18
ἀπόκτισις	18
ἐφόριος	18
Λεοντιάδης	18
Ἀριφράδης	18
Ξενόφαντος	18
αὐλῳδία	18
ἡμίχοον	18
φιλοσόφημα	18
κιθάρισις	18
πισσόω	18
γούτος	18
εἰλαπιναστής	18
μηλοφόρος	18
ἐπικηρυκεία	18
χάρος	18
Πας	18
μέντον	18
Ἑβραίς	18
κατέναντι	18
Ἰωάννα	18
ἀποφοιβάζω	18
ἀκρωνυχία	18
ἀπαιδαγώγητος	18
ἀντιθερμαίνω	18
ὀξυχολία	18
μαϊουμᾶς	18
ἀνέγγυος	18
Ταυρίων	18
Σκέδασος	18
ἐναρθρόω	18
μάρδος	18
πέθω	18
ἀνθρακίας	18
Καϊσά	18
Ἀγγαί	18
Ἰαρείμ	18
ἐξαναλόω	18
πίειρα	18
Ὀρνεύς	18
νόννος	18
κρῆθμον	18
δεῖσα	18
ἐξεύρημα	18
Ἀλωάδης	18
σιδηρίτης	18
βαθύρριζος	18
ἀραχνοειδής	18
περισταλτικός	18
στραγγουριώδης	18
Βογάς	18
εμπαιλις	18
ἔκτυπος	18
Ἀγάθυρσοι	18
πάσσον	18
συστεγνόω	18
αυδιος	18
μεταπιπίσκω	18
ὡρόνομος	18
ερθημιμερα	18
γάϊνος	18
πάμμαχος	18
σκοτόμαινα	18
πολυτρήρων	18
ῥάγα	18
Ἀντίφημος	18
ἐγκυτί	18
ῥυδόν	18
κιναιδίας	18
χνόη	18
ὑπόδυσις	18
Ἀρχαιόπολις	18
Φιλήτας	18
Βουκολέων	18
σφί	18
δῦμα	18
θερμάζω	18
Ναυσικράτης	18
παλιλλογία	18
τρίχρονος	18
κάλχη	18
φλέ	18
Φαίστιος	18
καλλά	18
αἰολίζω	18
ἐπισταδόν	18
ἐπορέγω	18
Ἀπουλήϊος	18
Θετταλή	18
ἀναπόνιπτος	18
Ἀμφῶν	18
σμύχω	18
ὑπερεκτείνω	18
ὀκτάχορδος	18
Αντάρ	18
ἡδυμελής	18
Ἡγησίστρατος	18
ἧχος	18
Πολιεύς	18
Ἐλωΐ	18
μεθυστής	18
Σύκη	18
ἀρτοκόπος	18
Μύρτιον	18
Ἰσαάκης	18
μνῆσις	18
ἐκπρίασθαι	18
Πάνθειον	18
τετράδιον	18
προσένεξις	18
σβεστήριος	18
μητρίς	18
πριγκίπισσα	18
Κούσα	18
Δουκᾶς	18
τραγωδιοποιός	18
Ῥοδογούνη	18
οζώδης	18
προμνήστρια	18
φράστωρ	18
περισσολογία	18
γωνιόω	18
Βιέννη	18
ὑπάλειπτρον	18
καταπρηνής	18
Δάμα	18
πολύχυτος	18
ἐμμελετάω	18
προδιαλαμβάνω	18
διόβολος	18
πλησίστιος	18
στρατηλασία	18
Εἴρωμος	18
ἑβδοματικός	18
δυσόργητος	18
ὑπόσκληρος	18
ἀσκληπιάδειος	18
ἀθέρωμα	18
ἐκπυΐͅσκω	18
χρυσάργυρος	18
ραιδιειμι	18
θαυματοποιία	18
βυπαρειμι	18
ὁμοίιος	18
ἑδριάω	18
Βάχχων	18
λεόντειος	18
Κομβάβος	18
Μελισσεύς	18
φωνητήριος	18
μονόρριζος	18
Μηθώνη	18
Τάρφη	18
θάλεια	18
ἄκλαυτος	18
λέπαργος	18
δράμημα	18
ἱστόριον	18
χολαγωγός	18
ὑπερεκπίπτω	18
βαρύπυκνος	18
δουκικός	18
εἰσίημι	18
συμπεφωνημένος	18
Ὡρίων	18
Θύβρις	18
Δηϊπύλη	18
νήχυτος	18
οὐλομελίη	18
ἄναπτος	18
θηλυγονία	18
ἐπικαταβαίνω	18
ῥισῆς	18
εὐσεβία	18
Ἴωνες	18
πολύχαρμος	18
διαχειρίζομαι	18
ὁλόκαυτος	18
ἀμοργός	18
ἄναρμος	18
μιλάω	18
φοινήεις	18
Τραϊανούπολις	18
νοσηλεία	18
ἁρματεύω	18
ἀγκυλότοξος	18
εὔια	18
καταντιβολέω	18
Μαχανίδας	18
κακότυχος	18
Αἱμονία	18
ἐρέθω	18
αφτί	18
Ἀλέξαρχος	18
πιπίσκω	18
δοχεύς	18
Ἄργιλος	18
καρτερόθυμος	18
ὀβολοστάτης	18
γυιόω	18
ἀποτμήγω	18
μεγαλήγορος	18
πρόσσω	18
θέτω	18
Πομπηιανός	18
ἑδώλιον	18
Ἀγαρίστη	18
ζυγοστατέω	18
ιδικός	18
παραδειγματισμός	18
κομμόω	18
Ἄρις	18
ἀνομοιόω	18
χείρα	18
μετάπλασις	18
στόμωσις	18
ἐξιχνιάζω	18
ἐπίχολος	18
χήμωσις	18
κυβοειδής	18
ἁλμυρώδης	18
εἰσέω	18
ἀντέρως	18
περιπέσσω	18
τυμβεύω	18
ἁμιλλητήριος	18
Τυμφαῖος	18
Πολυχάρας	18
Θαυμακίη	18
προσγελάω	18
ψήκτρα	18
Αρπ	18
μεταπύργιον	18
ανάβω	18
χούντα	18
διήθησις	18
συμψηφίζω	18
ὑμήττιος	18
διασαφηνίζω	18
ἀχθέω	18
τειχεσιπλήτης	18
ἀναμοχλεύω	18
πυσματικός	18
πιθανολογέω	18
σπανός	18
Ἰσοκρατικός	18
καταπαίνω	18
προανατυπόω	18
Μηνόφιλος	18
κολάπτω	18
συμφυράω	18
Ὑπεράνθης	18
πρωθήβης	18
ἐνναίω	18
θεοπροπέω	18
ἀσύναρθρος	18
οἴκισις	18
Μέμμιος	18
περιφαίνομαι	18
δεμένος	18
ξηρά	18
μελάγχλωρος	18
ξυσματώδης	18
τιμώρημα	18
διαγανακτέω	18
τηλεκλειτός	18
Βραυρώνιος	18
φυστή	18
σωματόω	18
γλαύκωμα	18
διαψύχω	18
σκορπισμός	18
χοινιον	18
ἀνδροκτόνος	18
προσαναλίσκω	18
ναυτίλλω	18
Ανδρέι	18
ἁδρύνω	18
συγκύπτω	18
μισθοδότης	18
ἀμφιπρόσωπος	18
συγκαθαιρέω	18
χαμαιτυπεῖον	18
γονικός	18
θεόστεπτος	18
μυστίπολος	18
παρενείρω	18
ισάριθμος	18
δεκαδάρχης	18
ἡλιοειδής	18
Νειλῷος	18
εὐθύδικος	18
ἄφος	18
διέλκω	18
ἠπειρῶτις	18
πελεκῖνος	18
σίλφη	18
ἴπνον	18
τοπογραφία	18
παραπλοκή	18
ἐπηλυγάζω	18
συνεκφέρω	18
ἀπειρομεγέθης	18
ἄρακος	18
ἀιδής	18
ἐπισκοπεῖον	18
παρακροτέω	18
συντηκτικός	18
σκολίωσις	18
ἰσοχρονέω	18
περιθάλπω	18
παγετώδης	18
Γελωνός	18
σοέω	18
κάννα	18
πρόκυψις	18
τετραπλός	18
ὄτοβος	18
μύτης	18
βωμίσκος	18
ξῦσις	18
Κάνος	18
οπλισμένος	18
ὁμόσκηνος	18
δέκτης	18
μελανός	18
γερός	18
ἀπογαλακτίζω	18
ἐξαφίημι	18
ἐπιτόνιον	18
σμίγω	18
βαπτιστήριον	18
ποτέω	18
ἀναφρόδιτος	17
βεβαπτισμένος	17
ευσπλαχνία	17
ἐγχειρητέον	17
ἐξαιρόομαι	17
ἥλαιος	17
ἀνακῶς	17
λυχοφρεω	17
σχολιαστής	17
κόλαφος	17
ψύγω	17
ῥο	17
προαδδιξ	17
Δύσπαρις	17
Ἐνόπη	17
άρτος	17
διβράχεα	17
Ἀερία	17
Κρῆνος	17
Αἰπύτιος	17
ὀνομάκλυτος	17
Πήρα	17
Δῃάνειρα	17
Ἀρτέμιτα	17
Ἀξία	17
Μελία	17
Ἑρμιόνα	17
Μιδάειον	17
δουλιχίον	17
Ὀλυμπίαζε	17
ὁποτέρωθες	17
παμπήδην	17
κελητίζω	17
ἄντιτος	17
φιλοπλάτων	17
Λειψύδριον	17
ἀμπεδίον	17
ἐγώνη	17
Μελώ	17
Βίτωνα	17
ἐκθετικός	17
στοχαστέον	17
Δελώ	17
κάκεῖνος	17
ρροπίω	17
Λακωνία	17
εὐνο	17
Ἀλκ	17
μεθύστερος	17
ἐργαστέος	17
τριγέρων	17
γονίας	17
ἀμνημονῶ	17
ΙΛ	17
ἀπόνιπτρον	17
κέλευμα	17
ῥοιζηδόν	17
Ψύλλα	17
Τηρηδάτιος	17
Τάλων	17
ἀνέλπιστα	17
ἐπελεύσομαι	17
στάς	17
σίκα	17
μωρέ	17
Κυνοσούρα	17
μμεωεν͂ς	17
Παγκράτης	17
λομαι	17
ἐκφρέω	17
Ἰππ	17
Ὀδόμαντοι	17
ἐπιβρέχω	17
πανθαλής	17
προσμείγω	17
Τρίχας	17
τελειότητα	17
ὀσμώδης	17
φους	17
ιοιον	17
Γωγής	17
λαμβα	17
πραγματευτέος	17
ἐπιγ	17
ὑπόποδος	17
ἄπηκτος	17
τεύω	17
ὀρθοπεριπατητικός	17
γισμαω	17
Ὠγύγιος	17
ψαντες	17
γιστα	17
λωνι	17
Προιτίδας	17
Ὀπώρα	17
Νικόις	17
Κιθαῖρες	17
Κούρης	17
λυχνίον	17
σέομαι	17
χόας	17
ἐκβλητέον	17
Πεπέρα	17
ἠεροφοῖτις	17
ἅς	17
πολλαπλασιάζομαι	17
λάσσο	17
Γύνος	17
Φιλόθεος	17
Εὐάγγελος	17
αδυλαω	17
ούθεν	17
ξοικε	17
ἀψίδα	17
Εὐρύστρατος	17
Ἀνάξιππος	17
Ἑρμαῖς	17
Ἀξιοθέα	17
λούθως	17
ἀναίσθησιν	17
αγνομοσυνειμι	17
πολλάχις	17
Χρησίμος	17
παρακλητέος	17
γάλας	17
οφφικιω	17
ἀναφύσσω	17
Μασσαλιανός	17
στραγγαλιά	17
ἀρελείας	17
προσκυνητέον	17
ζηλωτέος	17
ψευδοτεχνία	17
Λάντα	17
ἀπεξεισμένω	17
ἀσύν	17
Τυχής	17
πρῶτο	17
τρός	17
καικενος	17
Λίσχινος	17
ἄνθρως	17
Ψελλός	17
γάργαλος	17
Ληνᾶς	17
πεντάχρονος	17
μεταφ	17
βής	17
ἐστοχασμένως	17
ξῆλον	17
ἀδύλως	17
Λεσάι	17
αιτούμενος	17
συγχροσυς	17
σιωπητέος	17
ἄπις	17
ενταυθεω	17
ἀλές	17
συνθνήσκω	17
ἀμφισβητῶ	17
δξ	17
ῦντα	17
απερίγραπτος	17
ἀγγ	17
Αἰγυπτίη	17
τεῖδε	17
Μοῦσαι	17
Λυκαίνιον	17
Νόνναν	17
ἐξέθορον	17
κόρευμα	17
χέριον	17
δύσκωφος	17
Γλύκων	17
ἄτριον	17
ἱππόθεν	17
πλατίον	17
Κώης	17
ἐπιφαγεῖν	17
Ἄλφ	17
ἐνθουσιωδῶς	17
βουωνιος	17
δέγμα	17
ἄφυζα	17
βόη	17
τάρυχος	17
ἵστρχομαι	17
δεσπ	17
λαγνεύω	17
Μιδέη	17
Ἀνίκητος	17
Ἀρχέδικος	17
νπ	17
ΑΕΓΖ	17
ΠΞ	17
ἄνευθε	17
πειρητίζω	17
Όντίν	17
δλη	17
Ἀχι	17
βρεχμός	17
δρια	17
ξμ	17
Ὀλύμ	17
ξν	17
τρώκτης	17
ὑπερωέω	17
σόνα	17
χαλίφρων	17
ἐπηγ	17
λαισήιον	17
τέτρα	17
Κανύσιον	17
παιδοτροφέω	17
Κλούσιον	17
στρεπτόν	17
ὕμβρος	17
ἐπένδυμα	17
Κρήτηθεν	17
πρίς	17
φιλαθήναιος	17
ἀμπελόπρασον	17
τρωκτός	17
γον́ημι	17
ἀτοπος	17
Μάτρων	17
ὀρεσίτροφος	17
ΖΑΓ	17
ρξδ	17
ΖΕΒ	17
ΒΦ	17
ΧΟ	17
ΒΑΘ	17
ΒΑΗ	17
ΑΗΕ	17
ΛΠ	17
ΑΓΛ	17
ΑΘΓ	17
οα΄	17
φοινίζω	17
ὁπωσδηποτοῦν	17
χωμ	17
Νάος	17
φιλοκαλεῖν	17
γαλ	17
δημοσίᾳ	17
Νησίων	17
τοσούτη	17
πινάκα	17
Μετάνοιας	17
Ἀδιοῦς	17
ἐπιπ	17
ρισμα	17
ἀτλας	17
Θάλασσας	17
Ποσειδ	17
Φᾶς	17
ἀντίσιγμα	17
μετωνυμικός	17
ὀβ	17
Χημάτα	17
διαχίλιους	17
τέκμαρσις	17
Μίλακος	17
δωδεκάμηνος	17
εἴπαρ	17
Λεσβίς	17
μελανοπτέρυξ	17
Ἱππέας	17
εὐθυπορία	17
Κατάγραφος	17
παρωνύμιον	17
ὁπλομαχέω	17
Τηρίων	17
αὐχμῶδες	17
ἀλλότροπος	17
Αιγείδας	17
Μαίναλος	17
Δρῦς	17
ρόνος	17
ακδ	17
συνάλλαξις	17
μαρμαρικός	17
Θεόγνιος	17
ἀνατάσσω	17
στάχας	17
Πατρόφιλος	17
Λούντος	17
επισφραγίζω	17
Αδόνης	17
Ἱεροσαλήμ	17
ἀσχυνθέω	17
Τέρπου	17
ανακράζω	17
ἀξήμιον	17
κριθ	17
χαλκοβατής	17
ὑψερεφής	17
δουλοδιδάσκαλος	17
Διώξιππος	17
εὔτυκτος	17
δράπετις	17
θωπευτικός	17
ἄντειμι	17
αντιοχια	17
κορυ	17
μυστ	17
εδουλομεις	17
Ἡσυχία	17
ἐκκάω	17
ἐπισκευαστός	17
πλημμελίαν	17
ἁμαρτ	17
Ροθ	17
ιερουσαλη	17
Εὐας	17
παροδικός	17
εὐξεία	17
Βοῦλος	17
Καρμήλιος	17
παρεμπόρευμα	17
ἐργᾷ	17
Δόλος	17
βλητέον	17
γματι	17
σινιάζω	17
ἀνταναπληρόω	17
ὀξυόεις	17
δρο	17
τάφρευμα	17
Πάγος	17
σημικίνθιον	17
διακαθαρίζω	17
καταναρκάω	17
καταβραχύς	17
ἀθύρωτος	17
πεύω	17
λῶνος	17
Γη	17
ἐπικαθήμενος	17
πιτρός	17
Δόμης	17
Ἀζάριος	17
σαγίττας	17
διάρτησις	17
τέτα	17
ἀφθ	17
τοασδ́ς	17
μικροπρεπῶς	17
ἐφαρμοστέον	17
πολύθηρος	17
ἐπισινής	17
δΕΒ	17
ῑζ	17
ΖΘΗ	17
πϛ	17
ΖΒΗ	17
ἀξόνιον	17
ΕΛΣ	17
ΕΒΗ	17
ἐπιτηδευτέον	17
ὁλοκάρπωμα	17
Φαυστινιανός	17
Κλήμη	17
τριγύρου	17
αναδακρυώνει	17
εποίκασιν	17
καλλίων	17
βαράω	17
απόφαση	17
Τζόγια	17
τίβοτσι	17
αλουπού	17
ῥοῦχον	17
ἀρσένικος	17
κυριολεκτικῶς	17
ποτίκρανον	17
ἀμείων	17
Σβ	17
πάρουθεν	17
Οὐανδῆλοι	17
Γυκία	17
Σαγίων	17
ακουβιτος	17
Πορτή	17
Σάλιν	17
ἐκονσίως	17
συνειδησίαν	17
Ἀγασίας	17
ἀδιαλώβητον	17
ἀνυτής	17
Διάλογος	17
Εὐνᾶς	17
πίδου	17
Μίχαηλος	17
ἀνανέω	17
Θρόνου	17
στρε	17
ἀργύ	17
Δίδραχμον	17
κάναυθα	17
μεθός	17
ῥαγδαίως	17
Νότι	17
φροσιν	17
ἁμαρτόζω	17
ψῦσμα	17
Γόμερ	17
παρεικαστέον	17
διαγ	17
ἐπιδρομάδην	17
πρωίθεν	17
Αὐνᾶς	17
Ζελφά	17
ᾌζω	17
αχώρητος	17
Βάρις	17
Ὡστ	17
ἐνδοιαστικῶς	17
σφίγζω	17
λαχεδαιμονια	17
Ποταμός	17
Αἰνησίδαμος	17
ἀλφίτος	17
βιγιλαω	17
λιθ	17
κλισίηθεν	17
ἱκετηρίς	17
Νείκης	17
Ὀρθομένης	17
δπλ	17
ζπλ	17
συναμφοτέρος	17
πλατύστομος	17
ἐξιπόω	17
ἐφηλίς	17
σελινούσιος	17
φραγμίτης	17
κοίμημα	17
διδασκάλια	17
ἀστρ	17
κυρός	17
Γαριζίν	17
Μιν	17
Ἰτώνιος	17
φήρεα	17
ἰατέον	17
προσαρξυνω	17
ἐξεπιπολῆς	17
ΔΓΒ	17
ΖΛΘ	17
ΖΒΓ	17
περισσάκις	17
οσοιδηποος	17
ἰσουψής	17
ἀντιλήμπτωρ	17
Ἀδιαβηνός	17
φόωσδε	17
ἀποστρέ	17
σκίλα	17
βασιλίως	17
λαλία	17
Αίολος	17
προσεχόντως	17
Συμεώνην	17
ὀλισθός	17
Κιλίκιον	17
Σέπφωρις	17
ἀνώδης	17
αναρροπως	17
ποτιστέον	17
ὀνοματοπεποιόη	17
Σάρβαρον	17
Βαρδάνιος	17
Κωσταντίνου	17
ἐνυπογράφω	17
Ζαούτζα	17
Σισίνιον	17
Τζέτης	17
Κοσμ	17
Γαλααδ	17
Πυροῦς	17
γλάζω	17
δωδεκάγωνον	17
ἄκενα	17
Ἐνγόνωρ	17
αριστολογεια	17
επιτοπολυς	17
μετακλύζω	17
Σχόλ	17
ἰσόογκα	17
Γαλίηνος	17
Σκήτει	17
Βρενέζεω	17
ἀνάρροπος	17
ΔΑΡΟΤ	17
τεχνήμων	17
Σενεκίων	17
Θκ	17
σιλυφοντω	17
ἐξελκυσμός	17
ἐπινομή	17
τερειβίνθης	17
Μάθως	17
Γήπαις	17
Στάγια	17
ὄφεος	17
πρόσαωπον	17
Ἰωσείου	17
Σεινά	17
Συντίπας	17
ΠΕΝΤΑΕΤΗΡΙΚΟΣ	17
ΑΓΒΔ	17
σκλαυις	17
Μεροπίς	17
καταιβάτης	17
φέρμα	17
κιόνιον	17
κυνοῦχος	17
βίβλινος	17
Κεφαλήν	17
Αἴπεια	17
Φαναγόρεια	17
χῶρι	17
εὐαίων	17
Ῥίνων	17
νηρειδαις	17
φρύνη	17
λειποθυμόω	17
σύγχρησις	17
πράττω	17
ὑποδεκτικός	17
εὔτρεπτος	17
Πόδαργος	17
Νύμων	17
ἀνωμαλότης	17
ἀστροειδής	17
Ἄνυχος	17
Πάνταινος	17
προεργάζομαι	17
ἀπομνημόνευσις	17
αχριος	17
ελεεινός	17
ψιμμίθιον	17
μασάω	17
διιστάω	17
παρανοχλέω	17
Μίκκος	17
σφαγίς	17
χρυσοχάλινος	17
οἰνόομαι	17
πολυηχής	17
Ατόν	17
Κυπριακός	17
Βοιβιάς	17
τιτθίον	17
φηλόω	17
πτοιέω	17
ὀλοφώιος	17
ἄμφωτος	17
ἀσυνταξία	17
δυσέλπιστος	17
ἐλπωρή	17
κάφος	17
ἀναβασμός	17
ζῷιον	17
ὀξύα	17
χρόνω	17
ἀεισέβαστος	17
μόσυν	17
Σαμνῖται	17
ἀρχαιολογέω	17
πόδαργος	17
Ἀργόλας	17
λίστρον	17
ἀεροβατέω	17
ἀκρατίζομαι	17
Γόρα	17
σκνιπός	17
βουλητέος	17
νιτρία	17
φιλόπτωχος	17
Βόντα	17
φύλλιον	17
Δεινόλοχος	17
Ἀξιόνικος	17
Ἀρεάδνη	17
Χαριάδης	17
Δίομος	17
Βουλεύς	17
διεκδύομαι	17
συγκάμνω	17
ουκειμαι	17
ἐφαιρέομαι	17
Ἐσσηνός	17
ἀδιάφθαρτος	17
γαν́νυμαι	17
Μιμ	17
σέδη	17
κροσσωτός	17
εκατό	17
ιατρικός	17
Μάκρος	17
μεγαλεπίβολος	17
δοκίας	17
Διώρης	17
ἀπόθριξ	17
Άχα	17
ἠθοποιέω	17
ὑπερτερέω	17
ἄρχιος	17
σάλη	17
ἀγένεια	17
Πραξίλλης	17
πρόσκρουμα	17
σησάμινος	17
ἀνθρωπόδηκτος	17
λαχανᾶς	17
πεντάφυλλον	17
χριαατος	17
βουους	17
συγχροος	17
ἄριος	17
πασιμέλουσα	17
Κωνσταντινουπολίτης	17
νοθεῖος	17
ἀμιναῖος	17
γαλλικός	17
ἐπισφακελίζω	17
Ἀκέσιος	17
ἱερολογία	17
Ἀβράμιος	17
Θεῦς	17
αμέτοχος	17
Ἀσέα	17
Δεκέβαλος	17
λιμυρικη	17
δᾳδουχία	17
ἐδέατρος	17
δορίς	17
Ὠκύαλος	17
ἀκανθοπλήξ	17
Οἴτυλος	17
Κολλυτός	17
ἐρείκω	17
ἀκαμαντοχάρμας	17
ἀφείνω	17
Ἀφιδναῖος	17
μεγαλοκέφαλος	17
τιθασσός	17
ἐκτροπίας	17
ἀνακτορία	17
Νυσαεύς	17
ἀποχαρίζομαι	17
ἀντεπιχειρέω	17
πηγεσίμαλλος	17
παριστορέω	17
μόδος	17
δραματουργέω	17
ὑποδίδωμι	17
ἐναγωγή	17
εὔτυχος	17
Πάτρος	17
Τευμησσός	17
δωρητός	17
εὐδιάκριτος	17
διασταδόν	17
μήτρων	17
τάκτης	17
θεμάτιον	17
δωμάω	17
τρισόλβιος	17
φάρσος	17
Τέλλης	17
σταδιοδρόμος	17
ἐπιπέλομαι	17
καταχαρίζομαι	17
μελάγχρως	17
κίβισις	17
μυσάζω	17
ὑπεκλύω	17
πῶυ	17
Ἀχαίς	17
κάνης	17
Πομπώνιος	17
Ταξίλος	17
ἀμύλιον	17
ἴκριον	17
Βατή	17
ἀπαρτία	17
άχαρις	17
τιτώ	17
Μήδα	17
Ὕβλα	17
ὠλεσίκαρπος	17
Εὐπείθης	17
λάμαχος	17
εὔζωρος	17
λύσιος	17
ἀδιέξοδος	17
Ἀρτάβης	17
παιδονόμος	17
ἀντιστοιχία	17
Πολυμνία	17
ακροατής	17
χροος	17
ὑποσκάλλω	17
φθινοπωρίς	17
Ἡγησιάναξ	17
δυσαρέστησις	17
αποσχίζω	17
ἀνέκπλυτος	17
Ῥῶσος	17
ἄντλημα	17
ὀλιγαρχέω	17
Καστέλλι	17
Ὁμόλιον	17
Σεβέννυτος	17
Καβαλάρη	17
ἡβητήρ	17
αὐτοπάθεια	17
πεντηκονταετής	17
παρής	17
Ἀχιλλῆς	17
βέθρον	17
Καρμάνιος	17
Σατιβαρζάνης	17
Πάρας	17
ὄρνα	17
πρωτογένημα	17
Δαμόφιλος	17
ἀπομυθέομαι	17
ἀπομηκύνω	17
λύγισμα	17
τράγιον	17
πνευμάτιον	17
Ἀλωπεκόννησος	17
συριστί	17
κακόδοξος	17
ὑπόδρομος	17
ἠίπω	17
αναίσχυντος	17
ξενοδοκέω	17
αφρός	17
Ἐπάνος	17
ἐνάριθμος	17
εὐλόγιον	17
Οὐαρδάνης	17
παθογνωμονικός	17
ψωράω	17
εξιτήριο	17
λιπαριος	17
στεφηφόρος	17
στρατόω	17
ευχολιον	17
σκιρτός	17
φλάσις	17
διανίζω	17
πείρινθος	17
παλαμικός	17
οκέι	17
θυελλήεις	17
ὀμφακίτης	17
Μασαννάσας	17
Λίγουρος	17
τρῦχος	17
Μέτωπος	17
Ἀνθεμοῦς	17
φυλοκρινέω	17
γάργαρος	17
γήρειον	17
Ψευδήρακλης	17
πτισσάνη	17
ἀμφίμαλλος	17
ἀστεϊσμός	17
κάρβανος	17
Πενεῖς	17
Ὄρθη	17
βοιωτικός	17
Τίτανος	17
ἐρίμυκος	17
λάγειος	17
ἀποστολεύς	17
παιδνός	17
ἀμφίδρομος	17
Μῆνιγξ	17
Τουσκία	17
ἐξοτρύνω	17
Ἀσσάων	17
ηλεκτροσπασμοθεραπεία	17
Ἀναξαγόρειος	17
κατασκευαστής	17
πταίστης	17
Μελάγχλαινοι	17
ἐπίρροθος	17
θεόπαις	17
πολυκηδής	17
Κυλωνεῖος	17
Προσόδιον	17
ὀιζύς	17
παρεφίημι	17
ὁμόκοιτος	17
ἀεικέλιος	17
ἡγεμονίς	17
ἡδυσμός	17
ὀξύσχοινος	17
κενεαγγέω	17
τέγξις	17
ἡμίεφθος	17
ἔκλειγμα	17
ὀλκός	17
ἐξηλόω	17
κυνίζω	17
Θήραιον	17
φιλοθύτης	17
χωλόω	17
Ἐριῶπις	17
Ἀδώνιος	17
ἐπιγλωσσάομαι	17
Φασηλίς	17
σήκωμα	17
συγχορεύω	17
ἀμφιμάχομαι	17
θἄς	17
ἰσχυρογνώμων	17
τεκνοτροφέω	17
παράτον	17
μελανόομαι	17
ἐξαποστολή	17
σάμψουχον	17
Σάνδων	17
γυμνοσοφισταί	17
δίπος	17
Πρόχορος	17
Πίμπλεια	17
ἔξαιμος	17
Μαναήν	17
πρωτουργέω	17
ἄπλητος	17
ἐγγαμίζω	17
Πειθό	17
πρίω	17
Χελκίας	17
σκαῦρος	17
Ἰσμάηλος	17
Μνεῦις	17
συσχηματισμός	17
Ἀζάνιος	17
Δηϊφόντης	17
κόσος	17
παπᾶς	17
ἀνταμοιβή	17
κύρις	17
τοῦφος	17
κλυτοτέχνης	17
καλλιγραφέω	17
παρασπόνδημα	17
παραδόσιμος	17
Ήτου	17
ὁμόλεκτρος	17
οἰνός	17
ἔννοος	17
ἀπειθία	17
ἄκριθος	17
εἰδοποίησις	17
προσεννοέω	17
Γανδαρίδης	17
ἀμητήρ	17
τρισπίθαμος	17
Φάλκης	17
ὀμφακίζω	17
Κυρίτης	17
Κλοιλίας	17
Ἀρικηνός	17
ἀθάλασσος	17
Ιωάννινα	17
δρω	17
Βῶρος	17
ὑψαυχενέω	17
χαλκούργημα	17
προτελευτάω	17
τυπάριον	17
πεῖρα	17
ῥυσσός	17
Τωβήτ	17
προτέλεια	17
ἤτριον	17
μεθυστάς	17
Ἁλαί	17
δυσκληρία	17
βοείη	17
σάμος	17
εὐανδρέω	17
Ἡριππίδας	17
Οὐλίθεος	17
βυβός	17
ἄμυξις	17
αὐτοπώλης	17
ἀνέμφατος	17
Φιλουμένη	17
κνώδων	17
Ὄχιμος	17
δείματο	17
Ἄζα	17
φάλαρος	17
Γρᾶς	17
παραστατέω	17
χρυσότευκτος	17
ὀξύπρωρος	17
Σιμοί	17
ἀμβολίη	17
συρράσσω	17
ἐπικάμπιος	17
ἀγγελιαφόρος	17
παμπάλαιος	17
καταφίημι	17
Ἀγάθαρχος	17
ὑπερβόρεος	17
αὐλοποιός	17
εύπεπτος	17
ἀνελπιστία	17
Βελγικός	17
Ανίνα	17
ἄχορδος	17
Ματίκα	17
ὀδυνήφατος	17
λοσοφια	17
Σόφρων	17
βριθοσύνη	17
ἀδιάβατος	17
ἐπαρωγός	17
αἰώρημα	17
ποδαγράω	17
δήλημα	17
Τιάνη	17
μονόμματος	17
διαλογή	17
εἴρερος	17
τίσω	17
Κῆλ	17
ἐφελκίς	17
τελλίνη	17
αληθοναω	17
μεταγενέστερος	17
περιβαρίδες	17
μηλολόνθη	17
ἀντιπολέμιος	17
ὀρνιθοθήρας	17
χαράκτης	17
Ὄαρος	17
καρποφορώ	17
εἰσμικρύνω	17
ἐδαφίζω	17
συγκαταπίπτω	17
Γναθαίνιον	17
Σηλυμβριανός	17
ισομορια	17
πανοίκιος	17
παραθαρρύνω	17
συναποφέρω	17
ἑξακοσιοστός	17
σοβάς	17
Ζαμβρί	17
εἶξις	17
ὑπεραφανέω	17
σμερδνός	17
Βέργα	17
ξόμπλι	17
εἰδώλιον	17
χλιά	17
φιλαδέλφιον	17
λασῶ	17
χλυος	17
κάβαισος	17
γυνομενω	17
εινουχοω	17
κατηχίζω	17
Σελούμ	17
ἐφύω	17
Οἴνωτρος	17
ἐγκαθέζομαι	17
βαλάνινος	17
άριος	17
γεωπείνης	17
Θησείδης	17
ἔχθρη	17
ἀσφαλτῖτις	17
μωυσυς	17
πευκεδανός	17
νυμφεῖος	17
ορώδης	17
Μυγδόνιος	17
Πλάκιδος	17
ἐρασιχρήματος	17
παρασύνεσις	17
πεταλώδης	17
μώρωσις	17
ἐννεάμηνος	17
ἀποτήκω	17
ἐμμέριμνος	17
μετονομασία	17
ἦν	17
διασυνίστημι	17
ἐγκοσμέω	17
ἀποκηδέω	17
ἐραννός	17
ἄρδαλος	17
περονάω	17
προστροπή	17
παραζεύγνυμι	17
συνηχέω	17
ἆτρον	17
άστοργος	17
αλιεχω	17
Ἰδριεύς	17
γελοιώδης	17
τύχη	17
ἐποικτείρω	17
ἀντιμηχανάομαι	17
Μεταγειτνιών	17
ἀντιβολή	17
πηγυλίς	17
Νικαία	17
Ύλος	17
κέρκουρος	17
σφωΐτερος	17
πρώτιστος	17
ἀπέρρω	17
παππίας	17
ὀχευτικός	17
Νινύας	17
ψώχω	17
σημειοφόρος	17
ἀπολέπω	17
παρωκεανῖται	17
ἀδέξιος	17
ἀπομετρέω	17
εἰσγράφω	17
ἐποκέλλω	17
ἔκλεξις	17
σοφισμός	17
Ἐμεσηνός	17
ἐπιτροπικός	17
προαποτίθημι	17
πεζοπορέω	17
Τέαρος	17
συγκαθίστημι	17
πηδαλιουχέω	17
Λυκίδας	17
αὐτόγραφος	17
νοτία	17
μελανίζω	17
ἔμπαιος	17
Δωδωνίς	17
συνδιατριβή	17
Ἐξάδιος	17
ἐξακέομαι	17
ἀρείων	17
Βαΐαι	17
δάης	17
δαπα	17
συκόμορος	17
Έλι	17
μονόζωνος	17
στυλίτης	17
εὐεπίγνωστος	17
θαλασσεύω	17
ὀψοποιία	17
εὔσηπτος	17
Ἀζάν	17
ἐκτοξεύω	17
παρανίημι	17
Δαυϊτικός	17
φανότης	17
μυρίανδρος	17
περικλάω	17
σηκίς	17
Γύρτων	17
μαδαρός	17
Μοθώνη	17
τοπεῖον	17
κτενίζω	17
δεσποτέω	17
πολισσοῦχος	17
δρυμών	17
ἀναστοιχείωσις	17
ἀποκλάω	17
κεφαλαιόω	17
σκυτοτομικός	17
ἀπολυτρόω	17
τορεύω	17
προσταλαιπωρέω	17
ιπερβορεω	17
γρόνθος	17
μῶχος	17
επιος	17
ἐπιφορτίζω	17
διάτα	17
Λαμπιτώ	17
ἀνεπιλόγιστος	17
χριναω	17
ὀχλικός	17
Παγώνδας	17
μαστίγωσις	17
Πεπαρήθιος	17
συμπνίγω	17
δυσέμβατος	17
ἀρωματοφόρος	17
ἑνός	17
παρακαλύπτω	17
ὡροσκοπεῖον	17
ὀρέσσαυλος	17
σκάμνος	17
ἀμαθαίνω	17
ἀκηδιάω	17
καταχειροτονέω	17
ἑστιάς	17
Άλδος	17
καταστένω	17
παραπλάζω	17
γανάω	17
διαμάω	17
ἐπιπταίρω	17
ἐμφιλοσοφέω	17
παλμώδης	17
ἐναντιολογέω	17
ἐλαττόω	17
βαχ	17
ἐπόρνυμι	17
κατάρτιση	17
Ἄμνον	16
Ἡραίστῳ	16
μαγγάνευμα	16
λαμπηδόνα	16
ἐκαθεζόμην	16
ὀργί	16
ὑψαύχενος	16
στρογ	16
πλατ	16
ἀριστοκράτης	16
Μετάνειρα	16
Οἰνόφυτα	16
ἀγωνιστέον	16
στασιαστικός	16
Ἐγεσταῖοι	16
γελώων	16
ἀπατεός	16
δοξος	16
αὐτόδιον	16
τρασιά	16
οἷμα	16
ὀλίζων	16
Ἄκμων	16
αλριστοφαινω	16
Κλέοχος	16
Διόμου	16
Ἰταλική	16
Οἴα	16
ἀπόμελι	16
φῖτυς	16
Ἀπέννιον	16
φυτάριον	16
Μεθύδριον	16
Λέπρειον	16
βρένθειος	16
ἱπτάω	16
ὠή	16
πένταχα	16
ἄγραδε	16
πέδοι	16
ἐμπλήγδην	16
μεταλαμ	16
ἀψόρροος	16
Πήδαιος	16
δοτι	16
εἴλυμα	16
προπερι	16
ἀλο	16
τηρ́	16
τμ	16
βιβ	16
τοῦχον	16
Εἰσπλάζω	16
Ἰατροκλῆς	16
Σέρριον	16
Ἀναφλύστιος	16
ὀρτάλιχος	16
ἀμαυ	16
μουσόμαντις	16
βασιλεύτατος	16
Τριακάδας	16
ἀνδρόπαις	16
Λύκοι	16
Ὥρων	16
χελιδονία	16
ἀνιόομαι	16
καθείμαρται	16
λίγειος	16
Μητίων	16
προφέ	16
ὀλόμην	16
γύπτου	16
Εὐδαίμο	16
γυπτον	16
πολύμνηστος	16
Βαδύ	16
ξαρι	16
ὅπότ	16
Ἀνδρίσκος	16
Κάρανος	16
Δέων	16
Σάρων	16
Κόπρον	16
ὕξει	16
σαπρότης	16
ἀντιστρέ	16
ασυλλόγιστος	16
θερμαντός	16
ἐκείνινος	16
Περίκλυτος	16
ἐλαττονάκις	16
γ́ω	16
ττον	16
δημόκοινος	16
Θηβαγενής	16
ὁπόσως	16
ουτέστιν	16
Καιᾶς	16
Μυκόνιος	16
φυλακεύς	16
τοῦνομ	16
περιεσκεμμένως	16
ΑΦ	16
Ἱερόθεος	16
παραντίχα	16
διορ	16
Χαιρέδημος	16
ὀργεύς	16
ἀγιωτάτας	16
τριμέρεια	16
χωρίδιον	16
πέντηος	16
ἥμιστα	16
ἀποδοκιμαστέον	16
διερ	16
ἀξίη	16
παραχωρητέον	16
Πάρων	16
αριστοχλεω	16
χαθ	16
ἀλλῇ	16
Βέστα	16
ἐγχα	16
Θᾶς	16
βουφόνια	16
Ἐρυμάνθιος	16
λάττα	16
Ἐλευθέριος	16
Βρανάς	16
Λεμός	16
Ἀσιάτις	16
προσκαίρως	16
Χρυσάωρ	16
Βερονίκης	16
ἠκριβωμένως	16
Σάντον	16
Παλαμίδης	16
πνευστιῶ	16
παρακολεῶ	16
Κλυ	16
συνυ	16
ριζεω	16
ἔλλω	16
ἀντίκρως	16
εὐτορίας	16
ὅματα	16
κελάδημα	16
νεκα	16
ἀνθρωποπαθῶς	16
Μενέσαιχμος	16
τρισκατάρατος	16
ροτητη	16
γέθους	16
Τέλλα	16
φιλοσύντομος	16
Σιρίκιος	16
Αἰθίωψ	16
ἀσυστατέω	16
γοῦρος	16
Αἰθίων	16
εταιρεία	16
προβ	16
πανό	16
συντι	16
Γοργών	16
ὀστ	16
φυτ	16
ΑΗΚ	16
απειρόγαμος	16
πολυτλήμων	16
Μῆνις	16
ἰσόμορος	16
Νυμφιδίων	16
ἐξαπίνας	16
παρέρπω	16
Κλῶθες	16
βιοτήσιος	16
Εὔιος	16
παῦνι	16
ὁππόταν	16
ἔλλαχον	16
ποχ	16
βούτας	16
Τόλας	16
Σεβαστῆς	16
Ἅγνη	16
Πλιού	16
Νεοκαισάρεια	16
Ἀρπνίας	16
Ἀνθίς	16
ὀψωνία	16
τοῦντεῦθεν	16
κτωρ	16
αισχιστος	16
πυρρόομαι	16
Εμάν	16
ὅτῃ	16
λικῶς	16
ἐμπορόω	16
ξος	16
ροντό	16
προελ	16
νανδρος	16
Φύσκων	16
Στερόπη	16
λάμπος	16
δεκαεννέα	16
οϛ	16
ΥΙ	16
πολλοχόθεν	16
ὁμαδέω	16
κραιπνῶς	16
περαιόθεν	16
ἀντώπιος	16
ἄβρομος	16
αγχώνω	16
αἰνόθεν	16
ἀκερσεκόμης	16
λλει	16
Πούσης	16
ἐνικλάω	16
ἐπιβλή	16
ζαφλεγής	16
παλιμπλάζομαι	16
πανόψιος	16
ὀφῶν	16
ἐξονομακλήδην	16
Βάρκα	16
Ἰάπους	16
Οὐβάλ	16
νέβελ	16
ἑρμάν	16
ποτή	16
Γάλακτος	16
ἁμοῦ	16
ῥς	16
ξύνω	16
νοματη	16
Δρε	16
σκυζάω	16
Φαίδ	16
τεμάχιον	16
ἐγγρα	16
ἡμίσεος	16
ΖΟ	16
ΞΝΟ	16
ΥΤ	16
ΖΒΕ	16
ΠΤ	16
ΓΗΒ	16
ζατέω	16
ἀαιρλ́ω	16
φρενιτις	16
εἰρέαται	16
πίομαι	16
λίῳ	16
ταραντινίδιον	16
Χελιδόνιον	16
Λάτο	16
ανισεω	16
εὐτορίαν	16
βηχία	16
ψύσεως	16
ἀξίμιον	16
Γαῖον	16
σῶμαι	16
Φρύς	16
ΚΘΗ	16
ὀρέγνυμι	16
βλοσυρω~πις	16
Οτέν	16
ὑποδ	16
Νάστης	16
εὔξοος	16
θής	16
πιννοτήρης	16
Πλέων	16
ὑπομνή	16
χελ	16
συνημ	16
Ἐπίνικος	16
παράπτωσις	16
Αὐτόχθων	16
λικοῦ	16
βέζειν	16
αδετουντ	16
θαλαμιός	16
Ἰλιόθι	16
οἰνοποτάζω	16
κόλπωμα	16
ξριν	16
λλως	16
ῥείω	16
Ὄργανα	16
ἐπικυίσκομαι	16
εὐξήραντος	16
μνημόνευμα	16
κωφότητα	16
ΒΓΔΕ	16
θᾶσσον	16
Γαῦτα	16
παραβόλιον	16
ὠτακουστής	16
Πλεῖστος	16
Χαρμαντίδης	16
Φράσω	16
ἐμπόδισμα	16
ακοινωνησία	16
Κέρατα	16
Δαιμόνων	16
ζυγέω	16
θέασις	16
επίψογος	16
χριστομαχος	16
Θεόγνωστος	16
Προτέριος	16
Ἀνῶμ	16
ἐξωτέρω	16
Άρειος	16
ρμς	16
ὑμνηδίας	16
Βουλομένος	16
κραταιότης	16
ὀρθρον	16
ἀτέλευτος	16
παιθεος	16
ἄσαρ	16
ἔνημι	16
ἑπταπλασίων	16
τουθεος	16
ἐξανατελέω	16
τράγυλον	16
βούσα	16
δστιν	16
στέραν	16
Ἐρωτ	16
Λαβάν	16
Ιαννής	16
Ἀδδώ	16
Ἀβίας	16
ΕΥΡΙΣΚΟΜΕΝΑ	16
Σωσάννη	16
αδυνεος	16
Φόρος	16
Τράπεζας	16
πείχος	16
νίκτωρ	16
Δίυλλος	16
κερμάτιον	16
χειρόνιπτρον	16
οἰνόπται	16
Πλανγγῶν	16
ἀπαμελέομαι	16
Κγάρ	16
Ἀλύπιος	16
φιλαθρωπία	16
προσγγορίας	16
προσῳγορίας	16
ὀρχησμός	16
ἐπιτί	16
πολυλάκις	16
απώλεια	16
ρλ΄	16
αναίδεια	16
γνωκείμω	16
Μασέ	16
φρυγανικός	16
ἐπαίγει	16
φρεναπατάω	16
συνοικοδομέω	16
ἥημι	16
δελτίον	16
κάταρσις	16
ἐνορμίζω	16
χρτσοστομοω	16
Χρυσοστ	16
Νίγερ	16
ἀναστατέω	16
πατητής	16
Μονάκου	16
ἐνδοίασις	16
ὑφέξω	16
δασκαλίας	16
αγαμία	16
Δεμιάν	16
Μάννα	16
οη΄	16
πβ΄	16
περί-εἶμι	16
Μελησιγένης	16
συγγενίς	16
πρεσβυτικῶς	16
Αδ	16
Καπετωλῖνος	16
σεβηριανόν	16
μοδεστυς	16
παπυλεών	16
τη΄	16
εξκουβίτορας	16
Χιόνης	16
Καταναῖοι	16
ΕΒΔ	16
ὁποσάκις	16
Μεσορή	16
γάρκα	16
ἐγκριτέον	16
Μάκαρ	16
παλίντιτος	16
Ἑκατόν	16
χαιρέω	16
Δύση	16
Κάρλον	16
ζάλο	16
ἔχθρητα	16
Ίντα	16
Κονταρά	16
άτυχος	16
Αυτιά	16
βαρύδουπος	16
ἰωχμός	16
οβριζεω	16
Ἡρακλεῖς	16
ἀσχος	16
ΔΩ	16
ἔνοσις	16
Πωγωνάτου	16
Χαλδίᾳ	16
Τορνίκης	16
Τριπέτωνι	16
πρόσφυγας	16
θασιλαος	16
ΟΑΡΟΓ	16
ῥικτάριον	16
μεγιστάνας	16
Μάνεντα	16
Θηραῖος	16
ἡμίστα	16
ὀχλῶ	16
εξακισχιλιοστεον	16
καθιστάνω	16
θυγ	16
ὑπόσητ	16
Βλεμμύς	16
Ἵδωρ	16
ἐθούλετο	16
Ἀρίμοι	16
Τούντα	16
Μεσίτης	16
δυτός	16
μηδαμοί	16
Τέθεται	16
Σαλ	16
Λέλυ	16
ἰσχάτης	16
Ραψάκα	16
λιπαρῶ	16
εὐτοῦ	16
άτι	16
ροτηταω	16
Θεοσέβιος	16
ἴσχιον	16
Βούσελος	16
ταχύναυτέω	16
Φανόδικος	16
Τελμισσός	16
Μιγ	16
καυλίας	16
εἰλεώδης	16
περικλύμενον	16
γενουιος	16
κουρεύω	16
Τωμαίων	16
διασχάω	16
ἀσκαρδαμυκτί	16
έτυμο	16
Ἄδας	16
μετοκλάζω	16
καθεδοῦμαι	16
τήσαι	16
κυρήβια	16
ἀδυ	16
Χεάρ	16
ὕμβρους	16
ἀφθρον	16
σπασμωδῶς	16
διπλῆ	16
ἐψ	16
Ὀρέστειον	16
ἀζηχής	16
ἄϊστος	16
Φιλοκτήμων	16
ΚΕΛ	16
Ποσειδωνία	16
ἀγάλ	16
εὐκτέον	16
τοις	16
λευκαλιοινος	16
Σούτου	16
παιθητιπως	16
Ἥραίστῳ	16
Αἰνόθεν	16
Ἱστέων	16
πρωθύστερος	16
Κεϊτά	16
ἄρπιξ	16
ὀρθόκραιρος	16
μιμνῄκς	16
ἀχρῶν	16
ἐπίχροος	16
Βερίνης	16
ἀπολειπτέον	16
Μελχά	16
τρισάκις	16
κιρρώδης	16
Βάτινα	16
παρέγχυμα	16
Δώσεις	16
ἀριστολοχία	16
ἐκπυάω	16
ᾑμοῤῥάγει	16
μινυθώδης	16
Δρακόντιον	16
βροντιαῖος	16
ἄθ	16
Πρίλαπον	16
Σέρρας	16
ιερολογία	16
Ἐρκουλίου	16
περαστός	16
Βαρδάνην	16
Πατζινάκους	16
πρωτοπαπᾶς	16
Βατάτζη	16
Καπφῶ	16
πρωτασηκρῆτις	16
Ελεάτης	16
Ιεροθέου	16
Βέκκος	16
Τουραχάνης	16
ἀνώφορος	16
ἄπαργμα	16
πουτέστι	16
πιπίζω	16
ἄξουγγίου	16
ύσσωπος	16
᾿Δ	16
ὀρθοπνοία	16
Σταυρή	16
Κέισι	16
λθον	16
Πίωρ	16
διηχή	16
Μετοχίτης	16
Τουραχάνεω	16
Ϟ΄	16
ἐπισκιρτάω	16
ἱστεκείδω	16
σαλαίου	16
Μούζα	16
κοτυωρος	16
Τέρμερον	16
διαάμβου	16
Στησιχόρειον	16
ΚΗΓΔ	16
βωκολιχαω	16
ἄσπασμα	16
Ἴθακος	16
κερδάω	16
Ληναῖον	16
θαλλοφόρος	16
πλοκαμίδα	16
Κινάδων	16
Βιλλαῖος	16
Λεόντινος	16
ὀξύη	16
ἠλύγη	16
Θεττάλη	16
Ἰωτάπατα	16
ὀπτάνιον	16
περιδίδομαι	16
χρύσιος	16
Ἐλαφηβολιών	16
Νικόφημος	16
φροίμιον	16
ἶνις	16
σεβίζω	16
ὑποτυγχάνω	16
ασκεπής	16
καθέκαστος	16
μετεωρολογικός	16
καταφάω	16
ἀχρωμάτιστος	16
ἄλγιον	16
ὑπομνηματίζομαι	16
προκατάληψις	16
διαβλαστάνω	16
ἀναρίστητος	16
μαστροπεύω	16
Τάντι	16
Ρικά	16
αοιπος	16
Βρισηίς	16
Νικαγόρη	16
τριακαιδεκατος	16
Κύψελλον	16
ἀμφίας	16
μνω	16
οροθέσιο	16
ἀεροβάτης	16
Ἀμῆς	16
Κτῶς	16
ἦος	16
πραιδεύω	16
στυφελός	16
ἐπωμάδιος	16
ἡρακλέης	16
γουνάζομαι	16
ἡγητήρ	16
Δωσίθεος	16
Τιμόδημος	16
ἐπαίσθησις	16
Ἀντίστιος	16
ψυχογονικός	16
πολύξυλος	16
πούντα	16
Κομαιθώ	16
ὑπόφασις	16
μέλδω	16
Γέγα	16
Σαπαῖοι	16
στιλπνότης	16
Ἀραβώθ	16
Ουές	16
Σκάι	16
ἀμφικτίονες	16
βέκος	16
Ἐλευθήρ	16
κροκώδης	16
κόνος	16
περισπουδάζω	16
Θρασκίας	16
μαίσων	16
περιδίδωμι	16
πατρίδιον	16
συγκάπτω	16
ταπίς	16
σιταρχία	16
ἀνοιστέος	16
ἀνομοθέτητος	16
ἀκουάζομαι	16
Δεῖνις	16
διμοιρίτης	16
Ασάφ	16
προτιθέω	16
θαυματούργημα	16
ἀφθορία	16
σαβέκ	16
Σαλμανά	16
ἐξομολογία	16
Ἰάϊρος	16
ξύλιον	16
Ἑλικάων	16
μᾶρον	16
ἐλαφρότης	16
Κάβειρος	16
νεοπολεμος	16
προεδρεύων	16
ἄχμα	16
Τούντας	16
έντεχνος	16
αφόρητος	16
συνήορος	16
Μισηνόν	16
Κυρίνιος	16
ἀντιπατρίς	16
ἐξουθενόω	16
προδιαγράφω	16
νεόσμηκτος	16
κυρεία	16
διευκρίνησις	16
Ερέσιος	16
κερασβόλος	16
κυβευτήριον	16
βοηθάω	16
φοβερίζω	16
κοπανίζω	16
ἀγράριον	16
ἀργυροπράτης	16
ἀντιπεράω	16
συνδιοικέω	16
παροχεύς	16
σωματός	16
ἐνδυκής	16
Χαρτερός	16
προσχώρησις	16
ψίλωθρον	16
αρχινοια	16
ἀνέργεια	16
Μαχμάς	16
ἐκφόριον	16
ὀλιγοψυχέω	16
χαρμοσύνη	16
περιλύω	16
μετράω	16
βουτός	16
Ἀνδροκλείδης	16
Σαίτης	16
εὐχειρία	16
γέγημι	16
Ἄϊδόσδε	16
φιλοτησία	16
ἐπείσοδος	16
διάλειψις	16
Ἀδωναῖος	16
Αἶγυς	16
σκάριφος	16
σκύζω	16
βαρβάρα	16
μετοίχομαι	16
Νῦσος	16
Μήκ	16
κροταλίζω	16
προτέμνω	16
τράχων	16
ἐνομιλέω	16
Μεγιστίας	16
σῄζω	16
προβρέχω	16
στυράκινος	16
συντεκμαίρομαι	16
ἐμβάφιον	16
κλαδεία	16
ἀνεξάντλητος	16
ἀερσίπους	16
αστοχώ	16
Ποσειδωνιάτης	16
Ἰωάδ	16
απλικτεω	16
Παρρησιάδης	16
αὐτόσσυτος	16
δισπόνδειος	16
Τζάνος	16
Κλυτία	16
ουαζανω	16
ὀρύγιον	16
μολυβδόω	16
κρωσσός	16
ἀγαλμάτιον	16
διαπλοκή	16
τρίκωλος	16
πηδόν	16
Ἀργυρίππα	16
γεράνδρυον	16
ἁλίπλοος	16
εβραϊκά	16
υπερβόρειος	16
πεύθομαι	16
Ἄβιοι	16
τριταγωνιστέω	16
ἐπαύω	16
βούτης	16
πολύφθορος	16
κόμπασμα	16
ἐπιτίμιος	16
ἐπίκλισις	16
δυσκαταμάχητος	16
Κέρκινα	16
Τρύφη	16
εἰλυσπάομαι	16
περιέννυμι	16
σκαπανεύς	16
Ἀστακίδης	16
ὀνή	16
τίνη	16
τιμόθεος	16
αἱματωπός	16
Φύριος	16
λυρίζω	16
Διοκλείδης	16
γῶνος	16
κοινοποιώ	16
απευκταίος	16
ἐπαπολαύω	16
καθυποτάσσω	16
συναυλίζω	16
εξυπηρετώ	16
έρμος	16
Ἀμυρταῖος	16
Ἰουλιανή	16
Ἱππαρχία	16
βάττος	16
γυναικομανία	16
φυλλοχόος	16
οὔνεκα	16
Έρης	16
κλιμακηδόν	16
βάϊς	16
ῥέα	16
Λημνιάς	16
νῦσα	16
ὑποκέω	16
ἐπιωγαί	16
Μασανάσσης	16
Εὐνοῦς	16
ΑΝΟΣ	16
Πιτ	16
ἀνειστήκω	16
κόλλιξ	16
Λασθένεια	16
ταπί	16
δύμα	16
ἐπιπρόσθεσις	16
ὀρχηστύς	16
διεχής	16
ἐξόρμησις	16
καταμηλόω	16
ἐγκαθεύδω	16
προσέρπω	16
περισκαίρω	16
σφύξις	16
περιζάω	16
ἀνθρωποφαγία	16
Νεόφρων	16
μεγαλόθυμος	16
υποδρυχιος	16
διασπώ	16
Ἠσαΐ	16
σφενδών	16
φωλάς	16
ζύθος	16
ξαρνευς	16
χρυσόγονος	16
μαγγανεύω	16
Ἱεραπολίτης	16
Τιμάνδρα	16
ταχώς	16
Κέκο	16
ἐκτίννυμι	16
ἀγγαρεύω	16
απειλούμενος	16
μεγαλουργία	16
αὐτογέννητος	16
ἰδός	16
χαλκέμβολος	16
ἐξαρτίζω	16
ὀφειλέω	16
φιλοζωέω	16
τεκνοκτονία	16
χαροποιός	16
θεοφορία	16
δυστόπαστος	16
Ναίδ	16
ξενόω	16
διορθώνω	16
μάραθος	16
τίθεμαι	16
πλείστος	16
Μαχιά	16
ῥιζοτόμος	16
Μέττιος	16
ἀμετάστροφος	16
βίκιον	16
ἐλεφαντίασις	16
ασυνήθης	16
Λυκά	16
ἀπόνευσις	16
θυσιαστής	16
αμύητος	16
τεσσαρακονθήμερος	16
παρέω	16
συνθετός	16
ἑτεροποιός	16
Πέτρων	16
Ἀρδέα	16
λευκοφλεγματίας	16
σκιλλιτικός	16
ἔχιον	16
Δαδοῦχος	16
ὕσμα	16
ζαμενής	16
ὅρκιον	16
δέραιον	16
πενθήρης	16
προήγορος	16
παριστέω	16
ματαιάζω	16
δίχορος	16
Οδυσέως	16
Παπ	16
κρανία	16
Ἀβιάθαρος	16
Ληουίτης	16
ὑπεροπτάω	16
ἐκπυΐσκομαι	16
ῥυάς	16
ὀλιγοφόρος	16
βούκερας	16
ὑποστροφώδης	16
πισσηρός	16
μετεπιδέω	16
Ἀπίς	16
ευφυής	16
ἀναζωγραφέω	16
Λαύρα	16
ὑπολιμπάνω	16
Χύτρα	16
διουρέω	16
παριαύω	16
ἀποσόβησις	16
ξυήλη	16
μινυώριος	16
ὑψίλοφος	16
καταπρηνίζω	16
Κουτζίνας	16
Ἀδρύμης	16
μιχρω	16
ἀλείτης	16
Ἀνεμώρεια	16
γονάτιον	16
χαλκεία	16
πατάρα	16
αὐτονυχί	16
λωτόεις	16
λιχμάω	16
τύτε	16
οἰνίζομαι	16
Εὐχαρίς	16
λεοντώδης	16
μελιττουργός	16
ἐργολαβέω	16
ἕν	16
Ἀθαμαντίς	16
φιλαίματος	16
Ἀρταξάτης	16
φιλομουσία	16
ἄκληρος	16
θαυμαστής	16
ἱστουργία	16
ἀκκίζω	16
Μαρωνίς	16
Πελασγίς	16
ἀμάλακτος	16
εὐαγωγία	16
ἄφρατος	16
τρίδουλος	16
μεταιτέω	16
πείωμι	16
Χρίτου	16
περικλεής	16
ἀμπλακεῖν	16
γαληναίη	16
συμφθίνω	16
Ἡρακλέος	16
ἀκεστής	16
Άρρε	16
φύξιος	16
σελευκίς	16
ἀκοίτης	16
εἰσαφικάνω	16
κακόβιος	16
μεγαλόφθαλμος	16
λιγύφθογγος	16
ἔρος	16
Ἐρωτῆς	16
Πείροος	16
Μερθ	16
ΠΝΟΣ	16
Ὧροι	16
ἐγγυθήκη	16
Μαρσικός	16
Γέλιος	16
περιχλυμενω	16
χαλκοκορυστής	16
ἐσχάριον	16
κιθαρῳδικός	16
αὐξητός	16
ἀνοσιουργός	16
ὁμοιοπάθεια	16
Ἀπολλωνιᾶτις	16
Ἀνακυνδαράξης	16
ὑπερεκπλήσσω	16
ἀντιστήριγμα	16
ἐξερεύνησις	16
ἀσωματόω	16
Ὀζιήλ	16
ζύγαινα	16
νεκρώνω	16
ἐξίσωσις	16
διερευνώ	16
δορίληπτος	16
Δίδιος	16
μαλακισμός	16
μακροθυμώ	16
Σάλυες	16
παρακαθήμενος	16
Ἐπικάρπιος	16
τέτρωρος	16
εὐσύμβολος	16
ὑπερύψηλος	16
σχηματογραφία	16
Ὀλύμπιχος	16
διατμέω	16
φλάμουρον	16
δόση	16
ἐγκλίς	16
ιστορώ	16
ακαταμάχητος	16
κούρσωρ	16
βηγάριος	16
Ἰεσσαῖος	16
προδιαβάλλω	16
ἰφιγένεια	16
κολοφωνία	16
ἀποπτάω	16
προσεπιτάσσω	16
ἐξερῶ	16
Κατακεκαυμένη	16
μεγαλουργός	16
ἔμπαιγμα	16
Άστρος	16
διόρυγμα	16
Κιλλαῖος	16
Ξενόκριτος	16
ἄναξις	16
Μνησίφιλος	16
Βηρισάδης	16
Σύνναδα	16
ἑξακισχιλιοστός	16
χαρακίας	16
βρεφύλλιον	16
σύγγαμβρος	16
ἑψία	16
αλληλογραμμος	16
πολύπλευρος	16
μετάκλησις	16
Σωβάλ	16
οἴδησις	16
Γλαφύρα	16
λαιδηλος	16
ὑπαίσσω	16
ὀχλίζω	16
Ἀλκιμίδης	16
Ῥαχήλα	16
εγγύτατος	16
ναικί	16
ἀντιάς	16
ἀρχισιτοποιός	16
επικλινής	16
λυττάω	16
ἀλλοφυής	16
ἀφομοίωμα	16
δόμνος	16
τιβεριουπολις	16
Σαλπαάδ	16
Σινόεσσα	16
συστοιχεῖος	16
Πήδασα	16
Ἀρηΐ ̈θοος	16
αντιρρητικός	16
Κανίδιος	16
Κυναιθεύς	16
Σπολίτιον	16
Λογίνα	16
Κάρρωτος	16
Γεννησαρέτ	16
καθαρτής	16
Ἐρινεός	16
καλάμι	16
τυμβογέρων	16
Πιτύεια	16
Δόλογκοι	16
Φάλαννα	16
Βερονίκη	16
Ἄβαι	16
δώτης	16
φόα	16
ποικιλομήτης	16
Κλεώ	16
νεοτελής	16
Πολυφόντης	16
φύσκος	16
Γύλων	16
πολύπυρος	16
συνοδοιπορέω	16
κάθυδρος	16
Μασσαγέτης	16
στερρόω	16
Βερέκυντες	16
σάρμα	16
μεσουράνιος	16
κρεᾴς	16
ποδίζω	16
Αὐτοκράτης	16
σολοικία	16
συνοικέσιο	16
ἐμβασιλεύω	16
Φύλη	16
ἐναίσιος	16
Παλλαντίδης	16
προμελετάω	16
λαθρίδιος	16
εὐγενέτης	16
τέθμιος	16
Διονυσιάς	16
μεγαλότης	16
Ὀϊκλέης	16
Ἀλφεσίβοια	16
ἀκακήσιος	16
Κρηταῖος	16
ἐντύω	16
ἐπιλλίζω	16
ματάω	16
ἐπικυδής	16
Μυλαί	16
κομπός	16
Μούλιος	16
ἑψητής	16
Εὔαθλος	16
Παρνάσσιος	16
Λάμπρος	16
Σωσίστρατος	16
ιερουσυνιημι	16
κράτων	16
ἐμπαράσκευος	16
ἄχλοος	16
Ὀνῶς	16
προλανθανω	16
πτέρινος	16
συναιχμάλωτος	16
καταδεικνύω	16
Ἄναπος	16
βάτης	16
σηκόω	16
γλωσσόκομος	16
κλύς	16
παράτα	16
ταξεώτης	16
πούλπιτον	16
ἀντιφιλονεικέω	16
ἀποθεσπίζω	16
Λουκρητία	16
ἐπιμανθάνω	16
ἀντιπολιτεία	16
Αἴσαρος	16
ητιοινος	16
γονιμότητα	16
Ισπέρ	16
Παλίβοθρα	16
ἐπικόπτης	16
ἐκβόλιον	16
ληκτός	16
Φιλιώ	16
ἀνήδονος	16
νάπος	16
ενναουχιος	16
Ἀνύσιος	16
σχυτοτομος	16
Ἀχάρ	16
ὑπναλέος	16
πολυτροπία	16
διαγνώμη	16
ἀνάκτωρ	16
θριαί	16
Θρῖα	16
τορεία	16
ἄρδις	16
ἐξιστορέω	16
δύσφρων	16
ἐμβιόω	16
γόργυρα	16
Ἀρεταῖος	16
πανομενω	16
ὑπούργημα	16
ἀπεργαστικός	16
γέρνω	16
ἀρχιλῃστής	16
πίτνω	16
προσαγορευτικός	16
Μακηδών	16
ἄλκω	16
παροδία	16
νεουργέω	16
βαθύπλουτος	16
διευρύνω	16
εὐκραής	16
ερχομός	16
πτίσμα	16
Δημοκλείδης	16
πρόταγμα	16
καινοτόμος	16
περιηχέω	16
Ἰνδή	16
ἔνθηρος	16
αρματώνω	16
κωδίκελλος	16
διοικονομέω	16
Μαιονία	16
βιβλιαφόρος	16
Ἄμυτις	16
Εὔδρομος	16
λαξεύω	16
εἰστίθημι	16
ἀποδίδω	16
ἀποπομπή	16
Τιμωνίδης	16
μυθοπλαστέω	16
πολυκαμπής	16
βαλανόω	16
περιστρατοπεδεύομαι	16
ῥοδοειδής	16
ἄραξις	16
προσανακαίω	16
θηροφόνος	16
Ἀστυπαλαιεύς	16
ψωριάω	16
ἀποπληρωτής	16
ἀναγαργάρισμα	16
κατοπτάω	16
περιεστικός	16
μηδικός	16
αφηνιάζω	16
τροχαλός	16
ἐπιχράομαι	16
ψαλτῳδός	16
κάττα	16
ὀπυίω	16
πρῳρεύς	16
καταπαίω	16
ἐκκινέω	16
ὑπερβιβάζω	16
ερμαϊκός	16
καθυπογράφω	16
ἐπιφώνησις	16
προπονέω	16
ὀργανοποιία	16
Πεσσινοῦς	16
εδράζω	16
συννέμω	16
αρχηγικός	16
Ἔγεστα	16
ὡροσκοπικός	16
Ξένιον	15
ὑπεσταλμένως	15
Σκύ	15
ὠμόφρων	15
τρίως	15
φροσυνειμι	15
ὅσηπερ	15
συνερέω	15
καταφρόνημα	15
τοΐαυτος	15
ὑφηνίοχος	15
βόαμα	15
πρέπων	15
ἑκασταχόθεν	15
ὄψα	15
ἐπίκρανον	15
Θουκ	15
Λύριον	15
εὐστρα	15
Αἰλίων	15
μεῦ	15
τετράκωλος	15
Ἀτρείων	15
Ῥο	15
ἴπτω	15
μυχαίτατος	15
Ἄβα	15
Καρύανδα	15
Ἀραιθυρέα	15
Χιτώνη	15
Μαν	15
Πένθιλος	15
Κάνη	15
Ὠκεανίνη	15
ὀπτανεῖον	15
Κωνώπιον	15
Ἀταβύριον	15
Ἀκόντιον	15
Κράνειον	15
Πολίειον	15
Ἀλάβανδα	15
φέρτρον	15
ἐπιπλήττω	15
Κονώ	15
τρόπα	15
ἐπιτάξ	15
δηὖτε	15
Ἀκλέα	15
τέγεος	15
ἄκημα	15
ζεύγω	15
ἀνώγαιον	15
λεία	15
πρόπαρ	15
κόπανον	15
φυχήν	15
εὐφρα	15
εὐωχοῦμαι	15
λίγγω	15
προσδιαλεγομενω	15
πλῦ	15
διδασκ	15
ΩΙ	15
Κρωβύλος	15
πάνδικος	15
ὁμοιοτροπία	15
τριέμβολος	15
Νίοβος	15
χερειότερος	15
Ἀρτεμβάρης	15
δυστέκμαρτος	15
ὑπέφρων	15
Δάμαλις	15
Μόνης	15
παραστάτις	15
ἐσομ͂λ	15
ψευδολογέω	15
πανόμοιος	15
ὑπαί	15
Εὐστράτιος	15
Πέρων	15
ἑαντοῦ	15
ἀναλυτικῶς	15
Φόλος	15
ἄσφ	15
περιαυχένιος	15
θημεν	15
οθς	15
Φρύ	15
φληγ	15
Ἱπποκλῆς	15
τερπνόν	15
νυμφεύτρια	15
λένων	15
φιλητέος	15
λωσεν	15
κάια	15
Ρούσα	15
συμψεύδω	15
γεωμε	15
συνεπτυγμένως	15
σαφηνιστέον	15
ἐκδρομάς	15
Λάσση	15
ἐκθλιβή	15
ἀποδε	15
νυμος	15
Ἱππική	15
ορθοπεριπατητικος	15
πολυγώνιον	15
τοῦψον	15
Κόρυδος	15
Κυρηβίων	15
ὀρθοπύγιον	15
ἀγανοφροσύνη	15
ἄνοιγμα	15
ἐπακτήρ	15
ἔμφυχον	15
παρασύμβαμα	15
ριστον	15
ήω	15
προσλα	15
δριμός	15
Πυθαγόρης	15
Θαργηλία	15
Ὠνομάζομαι	15
βορ	15
μελετητέος	15
Μυρωνιανός	15
Ἀμύκλης	15
Τόλων	15
γεννητή	15
ὁμολογ	15
τοῦναντίου	15
χεράτα	15
μικτεινω	15
Κόνα	15
αφοδραω	15
φαγᾶς	15
Δύσις	15
Διαλά	15
Βασιλάκιον	15
ἀποσφράγισμα	15
ἀλεκτοροφωνία	15
εὐνούστατος	15
οί̔ας	15
ἐπιφωνηματικός	15
πανυπερσεβάστου	15
Ρόντας	15
ατόπημα	15
γαληνότητα	15
ὑπόβολον	15
ὑπόβολος	15
υπερηφάνεια	15
εμπρησμός	15
κυμοθόη	15
ἕϊκων	15
παραφραστικῶς	15
τοῖναντίον	15
ἐναντ	15
Θημιστοκλέα	15
τραγος	15
οὐδέποκα	15
ὑπερκέω	15
τήματα	15
καταπύθω	15
ἀχρηστος	15
ἡρεμαῖον	15
Βουλομένου	15
αναβάθρα	15
Ἐπερ	15
ἀνάπ	15
ἑκαίδεκα	15
προομιῶν	15
Ανάμ	15
βεβ	15
παραβ	15
ἦναι	15
ασχυλευος	15
πρυ	15
ἐδοκέω	15
Ὀνησίς	15
κατηγ	15
σχέλιον	15
κοιλή	15
ἀπολέω	15
κοιλ	15
Ενάλ	15
ἀποκρ	15
ΞΔ	15
εἰσοπίσω	15
Καλλίστιον	15
εὐμενέως	15
Εὐτυχίης	15
τὤγαλμα	15
τίθνεινομαι	15
Δινδυμήνη	15
μνώομαι	15
ἀναγκαίη	15
εὐπώγων	15
ἐνθρώσκω	15
σημήιον	15
δήιος	15
Βαλέντος	15
εἰσότε	15
ἰδρεία	15
ἀπαυδῶ	15
Κρους	15
Πανύασσις	15
ὄλενον	15
Ἀριστέης	15
νιέας	15
Εἰλατίδης	15
φοικω	15
Αἰθ	15
Φάλανθος	15
ανολαας	15
Θέας	15
Αἴπολος	15
ἀνοδύρομαι	15
Άντια	15
Μήστωρ	15
ἀμφίμαχος	15
Ποδάρκης	15
Θαλλός	15
Χαλκεῖα	15
ολλ	15
λοιδο	15
παραπο	15
ΓΑΘ	15
δΡ	15
τήνγε	15
ἐντυπάς	15
έσγε	15
ἀμήρυτος	15
ἀποκαίνυμαι	15
φρίξος	15
ἐπιδέρκομαι	15
συνάθροισμα	15
ἀναγνάμπτω	15
αὐτίχα	15
ἀνύγει	15
μετατροπή	15
τα	15
χετε	15
κηρεσσιφόρητος	15
μεθήμων	15
γενομ	15
καταμύνω	15
ξως	15
περιτροπέω	15
ἀναπρήθω	15
χρυσήνιος	15
ἐμμαπέως	15
φράτωρ	15
Κοίτη	15
πυδαρίζω	15
Βάρκας	15
εὐνούστερος	15
ἀνέμητος	15
καταπολεύω	15
Ἐλυμαῖοι	15
ἕδρασμα	15
ψος	15
Ἄνος	15
σύναγμα	15
συναί	15
ὀσπρίον	15
ποάστρια	15
ΚΣΤ	15
ἐηίνω	15
καρχαρίας	15
μῆτος	15
Ὀκεανοῦ	15
ΑΖΗΙ	15
ΗΒΘ	15
ΚΘΛ	15
ΒΑΖ	15
ΖΣ	15
κοριάνον	15
σκω	15
Υπερίδης	15
Στίκος	15
παραπ	15
πέρυ	15
χαρδοπως	15
Ἀχαρεύς	15
ἀπαλλακτέον	15
έγαθός	15
σερνῶς	15
ὀξυμέλιτος	15
κάγαθοί	15
βασανιστήριος	15
λέσα	15
Αγησίλαου	15
Θῆρος	15
ΥΠΕΣ	15
Φίλιος	15
διακοσμάσιος	15
τλζ	15
Μϛ	15
Αστέρω	15
συννημένων	15
ΠΟΥ	15
βασιλιάς	15
μελωδία	15
Μακεδο	15
νύμ	15
ἱρ	15
αποδρώ	15
Γωβρύης	15
Ατ	15
άτρωτος	15
Ἄδρηστος	15
ἀφάρτερος	15
ἀμφιμέλας	15
οὔλω	15
ἐννεάχιλοι	15
Λαισποδίας	15
Μάττων	15
ὑπόπλατυς	15
όλιν	15
δικαστός	15
ἐπικρῖνον	15
ποιμνίον	15
Ἱππόδαμος	15
ξηραντέον	15
Ἀλεύης	15
Πάτης	15
τελεία	15
Θεωνᾶ	15
Πρέπουσα	15
ἐναπο	15
Σιμεών	15
κορις	15
Ἀναστᾶ	15
Ἀββά	15
Καμέ	15
νεκρία	15
ἐπίσκο	15
κατοικεσία	15
δυτι	15
δολιόω	15
μεγαλ	15
εὐκατόρθωτος	15
ἔται	15
ἄργιον	15
ἕστα	15
Πρώτης	15
Ἐκτησάμης	15
ὑπερλίαν	15
Μανασση	15
ἀδιος	15
ΛαΒέι	15
Ἰωακίμ	15
Ἄκτια	15
δυσωνυμέω	15
εὐπρίαν	15
αὐτόσιτος	15
περιπτυχή	15
κάδμος	15
Καρδίη	15
Πευκέστας	15
κρέμβαλα	15
παιδοποιός	15
γοί	15
Ἀστίας	15
βλαῖον	15
μονοῦχῃ	15
ἀθρ	15
Ὀρνίθων	15
ἀχριδείαν	15
καλῶτερ	15
ρπθ	15
πένιχ	15
σοαυτός	15
ἰσοσθενῶς	15
δειλίασις	15
τρυγητός	15
ἠμελημένως	15
Θεότεκνος	15
Ρίτος	15
ἀπαυστον	15
λέσχης	15
ρίβω	15
Αἴμος	15
Βανδήλων	15
Ἄννιος	15
ἀποκτίννυμί	15
ενδημία	15
Πολύς	15
Πλοῦς	15
χοντι	15
μετριοπαθέω	15
γοητής	15
Παναγίου	15
ἀγαθοπρεπῶς	15
εἰσάγαν	15
ἀμετα	15
τέπω	15
καταθλέω	15
ἀπηρυθριασμένως	15
ἐμπαίκτης	15
κύλισμα	15
Ἐμμαοῦς	15
ἔννυχος	15
εὐμ	15
ἁλεία	15
Ἡφαιστία	15
οριαναξ	15
Ἰθάμαρ	15
ναβοκορυς	15
σημαντήριον	15
ρι΄	15
ρκε΄	15
Αὐδυναῖος	15
Δαλματίου	15
θρωπινεος	15
ψευδορκέω	15
Ἀλεάδης	15
προσράσσω	15
ΘΗΖ	15
ρνβ	15
σνβ	15
νξ	15
ΒΖΗ	15
σύνεργον	15
Οἰταῖος	15
κοσμούμενα	15
ἰλυσπώμενος	15
Ἐπινομίς	15
Ἄβραμος	15
ἐρευνητέον	15
ἀπολακτίζω	15
Κᾀγώ	15
Πυλαμένης	15
μισεύγει	15
αφορμή	15
κονταρα	15
κυβερνέω	15
συντροφιά	15
όλπιζα	15
ταχιά	15
όργητα	15
φοράω	15
Πάλι	15
Μην	15
εδέτσι	15
Κρητικού	15
ἀκίζω	15
ὀμφ	15
παροιμ	15
ὁμαλισμός	15
Ταρραίος	15
ἀπρηκτον	15
ψῦ	15
σειδηω	15
συντά	15
κλιβάνιον	15
Περσίας	15
Βορίσης	15
Ἀπολεσφούετ	15
χρυσοπερικλειστος	15
διστραλίον	15
σπαθαροκανδιδάτη	15
κουβικουλαρίῳ	15
Σάντα	15
πακατιανιημι	15
πάνιον	15
Ἠλεῖ	15
ἐπιτηδ	15
πρόσωψις	15
Μασινίσσας	15
ομνυειντα	15
Σμύρη	15
ἔγρω	15
Θρακίων	15
ἐφημίαν	15
κοινολογώ	15
σαφηνέω	15
ἀνεπι	15
πλεισταχοῦ	15
Ὅρξ	15
ἐκγόνη	15
μωαδιος	15
Πλείστα	15
χρηρυμα	15
παλινδρόμησις	15
Θεόπιστος	15
Μαναΐμ	15
κατακράτησις	15
Ποιμένας	15
κατέαξις	15
μεγαλοδωρέω	15
Ἑρμαία	15
ἑβδόμη	15
σιώ	15
οδός	15
Λῦσος	15
χωρόμαι	15
Συριανώ	15
δοντ	15
δντα	15
τίλος	15
Παραβάτης	15
εμπεδοχλεος	15
Κιλλικῶντος	15
Λουσία	15
γωνοειδής	15
κακοπαθία	15
τωὐτό	15
Βρίγες	15
πολύφορβος	15
καθάπ	15
νοτόθεν	15
νεωτεροποιέω	15
Μθ	15
Μιδ	15
ξξω	15
μαλαβάθρινος	15
λεαντίθημι	15
ἀπότριμμα	15
σκυθρωπότητα	15
Ομούρ	15
οδηγήτρια	15
ἐγκλειστός	15
εἴχεται	15
χήνα	15
Μελιτιανῶν	15
Βηθφαγή	15
ἐκκληςίαν	15
μωρῶς	15
Σουσίων	15
Ἱκέτης	15
συρακος	15
ΕΗΒ	15
ΑΒΜ	15
ΖΗΛ	15
ΓΖΗ	15
πολυέλικτος	15
ὀρνιθόγονος	15
ἐκβόησις	15
Ἑμμώρ	15
δακτυ	15
δηθάκι	15
Ἡραίστος	15
ἑλλ	15
Φηρή	15
ἀναμνηστέον	15
ἀντιπτωτικῶς	15
μνίαν	15
Λιομῆδης	15
κεραμόω	15
γράζει	15
Λις	15
ἐπιδόρπιος	15
Λόλωνος	15
ὑωνός	15
Γυίας	15
ἀθεμίστιος	15
ἀνατο	15
δελήτιον	15
αωριειμι	15
Σπέρμου	15
Ἀβώνου	15
τεσσαρακονταπέντε	15
δυνατς	15
κυκλάζω	15
Στάτου	15
χρύσαφος	15
ἐκχολόω	15
διαρρύπτω	15
Φιλότιμον	15
συρίγγιον	15
μινυθέω	15
Σωτ	15
τοὐπίκλην	15
Ἰαννῆν	15
ἐνδικτιών	15
γηροκομεῖον	15
Βαρδάνης	15
Βαρδάνιον	15
Γαλακρηνῶν	15
Βασιλίτζην	15
Μανιάκη	15
ἱεραρχικός	15
ανάδοχος	15
ἀποτορνεύω	15
ἀσύμ	15
επικρονος	15
ἡλιούς	15
πρωτογένεια	15
οξυγώνιος	15
ἔχλημα	15
Ἀκρότας	15
ἐπαδείξατο	15
Ἀνθέμα	15
Ἵστερον	15
Στείδης	15
σέρινος	15
Μομιτζίλος	15
Ταυροσκύθαι	15
Κάρνειος	15
Ὀρχάνεω	15
Ἐμμανουῆλος	15
ΔΙΑΤΑΧΙΣ	15
σαγιττῶν	15
Σίλεϋ	15
κυνίσκος	15
Αφραάτης	15
χοιστος	15
Δηριαδῆα	15
Μορρέος	15
σοιχεω	15
συσλάσεως	15
ἀποσλάσεως	15
Στιχ	15
πτετράχ	15
Ἰωσεία	15
Ἁδραάζαρ	15
ΑΚΜΓ	15
ΑΗΒΖ	15
ὑπείσειμι	15
άσεμνος	15
κοῖος	15
θρασύδειλος	15
ὑπόκενος	15
συνεμβάλλω	15
φορμηδόν	15
ἀρνευτήρ	15
ἐρινάζω	15
φάσκωλος	15
φυταλία	15
Φιλᾶς	15
συρβηνεύς	15
συώδης	15
Κελάδων	15
Κίκων	15
περιτρέφομαι	15
ἐλεών	15
ἀλλοπαθής	15
συμπεριπολέω	15
Καϊμένος	15
ἀντιδέω	15
Ταμύναι	15
κυανῶπις	15
ὄρεγμα	15
χλίδος	15
ἐνδατέομαι	15
ἀστιβής	15
Μύριος	15
Ἁλιάκμων	15
καταβροχθίζω	15
πολυκάλαμος	15
ἀκμαστικός	15
ἀσύναπτος	15
συνεξάγω	15
γενειάσκω	15
Βόκχορις	15
Κεκίλιος	15
φριμάσσομαι	15
ὀνοματοθετέω	15
καταρραθυμέω	15
ἐκπατέω	15
τρίχορδος	15
ποιημένος	15
ποτανός	15
περιουσιάζω	15
ὑποποδισμός	15
ὁμοήθης	15
επονομάζω	15
ξιφουλκία	15
καλαμών	15
Αὐγουστῖνος	15
συναινώ	15
φίσκος	15
νοσάζω	15
Ἀρέτης	15
πιστευτικός	15
ἐπιτηρητέον	15
πιστωτικός	15
παροχέω	15
εγκωμιαστικός	15
βακχάω	15
Μαξίμιλλα	15
σαοφροσύνη	15
Βουφάγος	15
κούριμος	15
προτιόσσομαι	15
Πτερέλας	15
ταμεσίχρως	15
Ἡγέλοχος	15
χύτρινος	15
Πούδης	15
αἶλος	15
Ἁκάρ	15
Ἀπολλωνίς	15
Πενθίλος	15
Λαονόμη	15
Κεβρήν	15
Ὑλλεῖς	15
ἐλλείβω	15
ιλυώδης	15
εὐμενέω	15
ὀκρυόεις	15
τετραφάληρος	15
Ἀστερίς	15
βωστρέω	15
λικριφίς	15
Οὐᾶρος	15
Ῥαιτός	15
Γολόσσης	15
πυριλαμπής	15
κατασκεδάζω	15
ἐλάδιον	15
λειόβατος	15
μυρίνης	15
πισός	15
ἠπάω	15
ἀνάδικος	15
κνῆ	15
Μνησιπτόλεμος	15
ἐκγράφω	15
λάρκος	15
μύρσινος	15
δρυπετής	15
τριάκις	15
ἀνασκιρτάω	15
ἔφεξις	15
πυετία	15
λόφουρος	15
ἀρρενογονία	15
μονοφυής	15
Ποσειδεών	15
Δαυνία	15
ξενολογία	15
εὐμελής	15
Ἄνθα	15
ἄπαστον	15
διαλέω	15
ἐφέδρα	15
δάπανος	15
δεξίωμα	15
ἀρρυθμία	15
Μύρμηκανθρωπος	15
απηγορευμένος	15
ενδεδυμένος	15
Έργος	15
προτιμητέος	15
ἀποταγή	15
Σάταλα	15
Ἀμῶς	15
προσγγοριον	15
ἠριεύς	15
Βίβουλος	15
διαδικάζω	15
γυμνητεύω	15
Αἰνών	15
ἀξιοζήλωτος	15
συνδιασῴζω	15
γαλακτοτροφέω	15
ὑπάλλαξις	15
κεραίζω	15
Γεδρώσιοι	15
περίσκιος	15
άκλητος	15
συντακτικός	15
περινίζω	15
ψηφώ	15
παιδάκι	15
ψητός	15
ἀμφίον	15
ἀγεννία	15
καλλιεργία	15
συνάρθρωσις	15
ουρανής	15
ἐμπνοή	15
Ἀσιαγενής	15
προσεπιδίδωμι	15
Συγγνώμης	15
ἀκραῖος	15
διαφυγή	15
κατοιμώζω	15
ψευδομαντεία	15
καταθαυμάζω	15
ἐξουδενέω	15
ωδή	15
ἐτυμότης	15
Μιλή	15
αημοκριος	15
αὐαλέος	15
ἀνέξοδος	15
Ἐλπινίκη	15
αἴθυγμα	15
ἐργολαβία	15
Δηϊδαμεία	15
ἀντιπελαργέω	15
ὀψωνιασμός	15
μετεωροπολέω	15
ἀντιλαβή	15
θεοφίλεια	15
ἐπίκρασις	15
ἠριγέρων	15
μίσον	15
ἀνονόμαστος	15
ἷγμαι	15
τρύχνον	15
Βίτα	15
στένωμα	15
ἀπαλέξω	15
πενταπλόος	15
Πομπηιούπολις	15
μαντεία	15
ἑπτάστομος	15
σῶτα	15
δεῦσις	15
μετεωρολέσχης	15
ἐπιβατός	15
χειρονομέω	15
ὑέλιον	15
ὀπίστατος	15
νακτός	15
προδήλωσις	15
Άσια	15
ἀμφίθυρος	15
ἐπαρχότης	15
ἐχέκολλος	15
διέζομαι	15
ὑπερκάθαρσις	15
ἀνταπόκρισις	15
ὑποσιώπησις	15
ἀελπτέω	15
Κένος	15
ἐπιχλευάζω	15
κάνδαρος	15
ἐπαμείβω	15
χόριος	15
ἐντρύφημα	15
Συνοδή	15
συστατός	15
Τημενίδης	15
Ἀστακηνός	15
σπαρτοπόλιος	15
ὑπερκεραστής	15
Σαμικόν	15
κωμωδοποιός	15
Κοροπαῖος	15
ταγή	15
Ἄθων	15
Μάιος	15
τρίρρυθμος	15
Γαρσύηρις	15
Ἐνάκ	15
γιζεω	15
ἐξάρτησις	15
ἐπιχώννυμι	15
βλῆτρον	15
ἐπακτρίς	15
πολυβούτης	15
κυρηβίων	15
Χηνεύς	15
Πλάκος	15
Μαλόεις	15
Ἀνάζαρβα	15
Αὐλώνιος	15
ληκάω	15
οἰδαίνω	15
Δέρδας	15
ἐκμισθόω	15
ἀμόργινος	15
λίβος	15
παριαμβίς	15
πάλμυς	15
μασχαλιστήρ	15
λοχαγέτας	15
λύσιμος	15
κρεάδιον	15
ἀπόρρυσις	15
προεξανίσταμαι	15
ἀκροαματικός	15
Ταργήλιος	15
Σιθών	15
γονυκλισία	15
ἐπισάττω	15
σίγνον	15
Βερόν	15
ἀντιπαρεκτείνω	15
σχοινοτενής	15
Μόσια	15
πέπλο	15
Κεκροπίδης	15
Θεσσαλίς	15
εὐφροσύνη	15
τορέω	15
σύγγαμος	15
δενδρήεις	15
δοκησίσοφος	15
αὐξομείωσις	15
συσσῴζω	15
κυματόω	15
Πραξιθέη	15
τρόχιλος	15
ἔδεθλον	15
ὑπεύδιος	15
ἐριδμαίνω	15
Φίρμον	15
Καίλιος	15
σάγος	15
ἐπικελεύω	15
οἰζύς	15
πτειναω	15
Ἐρίδας	15
ἄναυρος	15
άφορος	15
ἀπορράπτω	15
στεφάνωσις	15
ὠτώεις	15
οἰήιον	15
θυμάλωψ	15
ἀπύω	15
κεροβάτης	15
πανδοκεύτρια	15
τριγωνοειδής	15
ἀναθολόω	15
φιλόφιλος	15
ὁπόστος	15
ἀπαλλοτρίωσις	15
ἀγαθουργός	15
νοσοκομεῖον	15
Ψόης	15
εἶδας	15
κατάργησις	15
προκαλύπτω	15
κάμμα	15
συνωνέομαι	15
ἀνθολογέω	15
Ἀρχίππη	15
πλαγγών	15
καταλαβή	15
κελλάριον	15
Λύχου	15
ἐφέσιμος	15
ἔκθετος	15
ἀθεμιτουργία	15
ἀνεπικούρητος	15
πυρράκης	15
ἀναμφήριστος	15
κατάρτισις	15
κορβᾶν	15
Παρρασίη	15
Ἑσρώμ	15
αρρωσταίνω	15
ἀπομερισμός	15
θεομίσητος	15
Ἱππόμαχος	15
ἑρπυστικός	15
ἀγωνοθετέω	15
καμωμένος	15
κουρσεύω	15
πολύτλητος	15
βωτιάνειρα	15
Μαντ	15
νυεις	15
ἀκολούθιον	15
μαλάχιον	15
συννέω	15
Νήσιον	15
απλικτω	15
πόρτηξ	15
καμπάγι	15
δασμολογέω	15
ἔνδεσμος	15
ζωοφόρος	15
λαίθαργος	15
Δηϊδάμεια	15
περιεστώς	15
ἀποφθάνω	15
εἰσδρομή	15
ἀνεμόφθορος	15
ἀποθρῴσκω	15
ἐπαυχέω	15
ἀδά	15
διατηρώ	15
νομηνιον	15
τωιαυτος	15
Ρέτα	15
ἐπιστρεφής	15
Ἀρειμάνιος	15
τριακονταέξ	15
παρεξειρεσία	15
νικόλαος	15
Φαλίσκος	15
παρρησιαστής	15
Θράσυλος	15
Πασία	15
έβδομος	15
δύπτης	15
γραμματοδιδάσκαλος	15
Κοπτός	15
ζεία	15
Σκην	15
εὐένδοτος	15
συγχινεομαι	15
θῆσσα	15
ἀμφίπυρος	15
Βαρνή	15
ἐκφόβησις	15
ἄσπερμος	15
φιλοψυχέω	15
ἄφως	15
ἐπιζάφελος	15
εγγυνομενω	15
ἀκμόθετον	15
ἐμπολαῖος	15
δόλις	15
Ρεών	15
κατορθωτικός	15
ζωώδης	15
ἀναβλύω	15
ἀγκύλιον	15
Ἑρμόλαος	15
ἑξαχῇ	15
ἔκπτωμα	15
μονοστράτηγος	15
ὄγγος	15
Θώνιος	15
σιτώνης	15
Περσίνη	15
ὑπαγωγεύς	15
Μασίστης	15
ἀβυρτάκη	15
Αμάρ	15
ἀμπεχόνιον	15
πατάνη	15
γαζαρηνός	15
ἐπιπτήσσω	15
Ἀφῶς	15
συνεπισκοπέω	15
διθεΐα	15
πολλαπλασιεπιμόριος	15
μονοτροπέω	15
Κόθος	15
ΝΑΤ	15
ἐπίμερος	15
ὑποποδίζω	15
συμπαρουσία	15
Σιδήνη	15
πορφυρεύς	15
ἀπωμοτικός	15
φίττα	15
ὀχμάζω	15
Βῶλαξ	15
κόμου	15
κάβος	15
σκευοθήκη	15
ἀνταποκτείνω	15
λιβυρνικός	15
φρενόω	15
πεμμάτιον	15
σθητος	15
βάκηλος	15
οδοποιητικός	15
ἐπιστολιμαῖος	15
τακ	15
Παρνησσός	15
Ἀτταλικός	15
Ἀτώ	15
ἐγκρατέω	15
στηλίτης	15
ἀμφίμακρος	15
επαικαιω	15
Λύκινος	15
εὐρύπεδος	15
περίπλεος	15
θωύσσω	15
Ἰφινόη	15
ἐπίτοκος	15
Πελασγιῶτις	15
ἀπύθμενος	15
ἐπόψιος	15
σημαντήρ	15
ταγμένος	15
πενθήμερος	15
Λαίνας	15
Λεῦκος	15
Ἀενδώρ	15
δαφνή	15
Δόικος	15
μυριοπλασίων	15
ὑψηγορία	15
Εὐάνθη	15
ξερός	15
πεντάκλινος	15
στρατοπέδιον	15
Κλεοχάρης	15
Ἁρπαλίων	15
Ὀρσίλοχος	15
ἐνστάτης	15
Θηρικλείων	15
Τάξ	15
μνημονευτός	15
κωμῳδοδιδάσκαλος	15
Χρόμις	15
πυρραῖος	15
ὑπόπυρρος	15
εὐσθενέω	15
Φρυγιστί	15
αὐτολόγος	15
μεγαλούργημα	15
τερατουργός	15
Ἀδάδ	15
εἰδωλοποιός	15
κερασία	15
Τέλλις	15
φαινόλης	15
βούβαλος	15
φαλλοφόρος	15
εὐκατάφορος	15
λουτιάω	15
παρατέμνω	15
πολυοχλία	15
Βάραχ	15
Πλᾶς	15
ἐπεισαγωγή	15
εἰκαιότης	15
μεγαλοδωρία	15
εκβάλλω	15
καρπώνομαι	15
βατταλογέω	15
ἔμπρησις	15
συνεπιμαρτυρέω	15
Περιέρ	15
ἐγκρατίτης	15
ἐπισύλληψις	15
πωλητής	15
εὐημέρημα	15
τριαγμός	15
γοητικός	15
ὁμάτζιον	15
χάριτα	15
Ρηγόπουλος	15
πυρίεφθον	15
εὐσήμων	15
δηλοποιέω	15
κρινιος	15
Ζαμβρίας	15
βρεφικός	15
ἐπιθύνω	15
Τεύταμος	15
νονά	15
Δάχη	15
ἐμφάνισις	15
συγχωρία	15
Θεκουέ	15
μίσος	15
Λώνιος	15
προτίνω	15
εκατοστός	15
ἀποδασμός	15
χωρία	15
ὑπερημερία	15
Ῥοῖκος	15
ἐξέδω	15
Τεγεᾶτις	15
πολυετία	15
γονατώδης	15
ἐγχράω	15
ἀμελετησία	15
ἡέλιος	15
μῦμα	15
κάλος	15
ἐκχύμωσις	15
μολυβδίς	15
κίλλος	15
φελλεύς	15
ἀκταίνω	15
Πέργαμα	15
βούκεντρον	15
Ενετός	15
Μέσθλης	15
εγκυμονώ	15
κήδιστος	15
κάπριος	15
Ράσιν	15
περιδάω	15
λιοσκουρος	15
προσδέρκομαι	15
ἀνοκωχεύω	15
Βρίσων	15
Σουσίς	15
ὑποικουρέω	15
Τιάν	15
χώνευσις	15
διπλάσιον	15
Σπανόν	15
συνεξαίρω	15
σφυγμικός	15
μασητήρ	15
αἰώρησις	15
ἐκθήλυνσις	15
ἐφεπτακαιδέκατος	15
ἀθώπευτος	15
κατάφοβος	15
Ἀμφοτερός	15
νομηνις	15
θηριόω	15
εὔθικτος	15
Ὀνήσιλος	15
εὐεπιβούλευτος	15
Νησαίη	15
σινάμωρος	15
ἀκροχλίαρος	15
φιλήρετμος	15
χάλκασπις	15
κεράς	15
τριτογένεια	15
Ἰνδοφόνος	15
ἀγαθοποιία	15
σιυφος	15
Ταϋγέτη	15
μετελλα	15
Καμβύλος	15
λογογραφικός	15
καλαβρός	15
Οὐραΐας	15
Χιλβούδιος	15
Κενέζ	15
πολυχρονίζω	15
μοῖτος	15
Ταραντῖνον	15
ἔγκεντρος	15
ἐπαμάομαι	15
ἐξαναδύομαι	15
σκορακίζω	15
ὀπίας	15
μαψίδιος	15
βοεικός	15
ἰδανός	15
αὕω	15
ψόλος	15
τεμένιος	15
φυλακεῖον	15
γοήτευμα	15
ἀποθραύω	15
ἀνυγραίνω	15
μεταδοκέω	15
ἐντολεύς	15
ἀπόλλω	15
ἐναφίημι	15
πυραυγής	15
ὑπερτρέχω	15
προσπέτομαι	15
ἀναπνεύω	15
μύθευμα	15
ἀλφηστής	15
διεκπαίω	15
ἀγχιμαχητής	15
ἀνδέω	15
ὀλέκρανον	15
γραίδιον	15
πνιγηρός	15
χαιρετίζω	15
ἀνιερόω	15
υποος	15
συγχορευτής	15
προπετεύω	15
σκίλλος	15
προεσθίω	15
στερός	15
χαόω	15
ὑποπλάσσω	15
ἐθελουργός	15
θυμοφόρος	15
Μνάσιππος	15
κατακαλλύνω	15
πυρσεύω	15
Σκιλλοῦς	15
ἐκφθείρω	15
δίασμα	15
Ηρακλός	15
πρόσυλος	15
καλένδαι	15
ἐπιτάραχος	15
μάλευρον	14
περιπλοκάς	14
μεμβράνα	14
γνοφώδης	14
κατανάλωσις	14
Καλύκης	14
κοδράτος	14
Κεραμέων	14
ἐξηλλαγμένως	14
Δρομέας	14
ἀγαθος	14
περιιέω	14
ἀργινόεις	14
ύπουλος	14
σανίας	14
Αἰγυπτιάζω	14
τιτίζω	14
βρόμιον	14
Γεφυραῖοι	14
λοχή	14
ἐπακτροκέλης	14
τῖλος	14
φθῖος	14
συμμετοχικός	14
Ὀξύαθρος	14
Ἁλιάρτιος	14
αριαπτην	14
Φίλιννα	14
Φιλύρα	14
Ταύχειρα	14
Ἄργουρα	14
Ἀγάμμεια	14
Μαντίνης	14
Αναία	14
Ἰτέα	14
Τευθρανία	14
Ἀρία	14
εἰρκτή	14
Ὑρμίνη	14
Λάμπη	14
μοιχάγρια	14
δενδρύφιον	14
Αἰάκειος	14
Πύγελα	14
Δίδυμα	14
φέβω	14
τόγ	14
πρύμνηθεν	14
πρωΐθεν	14
οὐδαμοῖ	14
αὐτεῖ	14
ἐπεάν	14
Ἅρπυια	14
κέαρ	14
κατένωπα	14
Γόρτυνα	14
λέκτος	14
ἄγξις	14
διπολειος	14
Μέρο	14
ῥαδαλός	14
Φίκιον	14
χραι	14
ωται	14
κακέμφατος	14
Κλέοβιν	14
ανομηλον	14
παρετέον	14
Πέλται	14
ἀνθρῴσκω	14
οὐδέμιος	14
ἡμν	14
πλεῦν	14
Γάνος	14
ληρῶ	14
ὁμότοιχος	14
πρόκωπος	14
Πάλων	14
ἐνηλύσιος	14
ὀτοβέω	14
ἀμφιδρόμια	14
σταθμοῦχος	14
Ἀηδόνιον	14
εὐάγκαλος	14
φιλόμαχος	14
Πατρώ	14
βρεκεκεκέξ	14
τομεύω	14
φαρία	14
ἀνακράτος	14
γοῦντες	14
ανακινώ	14
πολιτευτέον	14
ξάνδρου	14
Βασίλεια	14
βαλανηφάγος	14
βοτ	14
Χρέμης	14
ἡμίβρωτος	14
τοὐμφανές	14
λάσταυρος	14
Νικαίνετος	14
παραυτεω	14
μέρια	14
λιβυστικόν	14
γρη	14
βήχας	14
ἀρρύθμιστος	14
αὔανσις	14
ἀντιπαρέκτασις	14
ἀνομοιοσχήμονες	14
πάρεγγυς	14
ἀνέργαστος	14
οκτάδα	14
Νάγκη	14
ἐντρεχῶς	14
Ρούντας	14
Ζομένη	14
κατασκ	14
Τοῦλλος	14
Φιλτάς	14
ἐπανασείω	14
κάνδαυλος	14
ἀκυρολογέω	14
ἐξανέψιοι	14
αντιφάσκω	14
ρία	14
ώματος	14
ειοους	14
νύμως	14
ὅδευσις	14
κοτταβίζω	14
Πύθερμος	14
γεῦδες	14
χωρογράφος	14
Πευκέτιοι	14
Φρέας	14
Εὐφίλητος	14
άπλετος	14
Γενέσις	14
χρειωδῶς	14
ἐρμ	14
Διάδοχος	14
κοάλεμος	14
Μήδιος	14
ἐνστασις	14
πυκλό	14
καχῶν	14
Γυμνικός	14
προστείνω	14
Ζευξίδαμος	14
Μήτιχος	14
προςώπου	14
σηινυμι	14
Χαρσίου	14
τἄν	14
βυσσοδομεύω	14
Κατέργου	14
Γελλώ	14
ἥδρασται	14
Μασούτ	14
ἀρχος	14
Κιγ	14
κατερχόμενος	14
Ὕδρα	14
νϚ΄	14
Σέυ	14
εὐφρῶς	14
συμβο	14
ἔχον	14
αλειφρεω	14
φώκειος	14
ἀλαζο	14
δροι	14
καιοσύνη	14
θρωπίαν	14
παρηλλαγμένως	14
μακροτέρως	14
ὑποδε	14
Κάριν	14
γραΐδιο	14
σμυροτητη	14
σμνοτηταω	14
Λίαντι	14
Φιλάτου	14
τροχ	14
αναπαιτις	14
ὑποκ	14
ΝΥΜΟΥ	14
ἐπιόρημα	14
γίγνυμι	14
θοδον	14
λζ᾽	14
νότητος	14
ἔνω	14
πολυπραγμο	14
ξρωτος	14
Νάντια	14
Κοθωκίδης	14
Κατάστασις	14
σχολ	14
ἀπηρισμένον	14
σερνοτητη	14
κακόπλαστος	14
φανεροποιέω	14
ἀναδατέομαι	14
ἐπιβλητέον	14
Νεοπόλεμος	14
διαφοράω	14
ευγενέστατος	14
κιριον	14
Πέπλος	14
Ἀνάπαυμα	14
ψυχι	14
ἀτμοειδῶς	14
διαμέ	14
λευκ	14
ποιμ	14
Βύζηρες	14
Ἴσιος	14
Αρετάων	14
ἀντιπέρηθεν	14
Πολυμήδης	14
Πόθων	14
Σάων	14
Σόφιλλος	14
Φαιναρέτη	14
εὐγήρως	14
Βασίλισσα	14
συμμάρπτω	14
Φαῶφι	14
φίλιννα	14
Δαφναῖος	14
ἀγάπημα	14
ταῖρε	14
Φίλλις	14
κραδάω	14
βαλανίζω	14
ἐπίκωμος	14
Δίζων	14
ποδοφορος	14
Ὀρνιθίων	14
εἰκοσιτρεῖς	14
Χρύσανθος	14
σαράκοντα	14
Ἀνκούργος	14
λιοδωρεω	14
ῦντες	14
Πύρριχος	14
κυκλογράφος	14
Διομήδειος	14
ἀβάω	14
τυπωδῶς	14
πιλίδιον	14
Ἀυσίας	14
ξωτος	14
Βυ	14
θυγά	14
εἰσέδραμον	14
ἐμμε	14
είδωλο	14
ὁρώ	14
Σίναιον	14
Ἀκραίη	14
ἄρους	14
Ἱππότης	14
Ξίσουθρος	14
τμήδην	14
Πόλες	14
Μνη	14
ἐπιπρό	14
ἐπιφραδέως	14
πεδόθεν	14
ἤπειρόνδε	14
εὐμε	14
ἄρεκτος	14
ἐκτάδιος	14
ἐπενήνεον	14
ἐπιστεφής	14
ποικιλ	14
Ἰππᾶς	14
κρατευταί	14
λίγδην	14
ϑ	14
Τάλιας	14
πολύκλητος	14
προσπλάζω	14
Ομόλ	14
ἰχυρῶς	14
Ἰθ	14
Φυκίων	14
σοντος	14
πρόκροσσοι	14
Ἐριννύη	14
Βέσβιον	14
εὐσταθέω	14
βονονια	14
γένονεμι	14
Δόριος	14
κατάπλεος	14
πεντηκοντούτης	14
Τάπυροι	14
ὑπέροψις	14
Ἐβρ	14
πεπιστωμένως	14
λακέρυζα	14
τράμπις	14
βούβρωστις	14
εὐήμως	14
μεδ	14
πετάλη	14
ὑποτ	14
πάρις	14
πανάποτμος	14
ΗΤ	14
ΘΧ	14
ΤΜ	14
ΠΦ	14
ΒΨ	14
ΗΙ	14
ΓΖΒ	14
ΓΗΖ	14
βιζ	14
Μετρίη	14
ζετέ	14
άγνοια	14
ἄγχος	14
τήν	14
τινικαυτος	14
Ἡλεῖος	14
ἀμιλλώμενοι	14
Φᾶρις	14
ξομεν	14
ια᾽	14
πανταχοῦθεν	14
ὄρελος	14
ἐξοδία	14
τιστα	14
έτοιμος	14
ἡσσον	14
ἀξέως	14
εὐδείας	14
ιππικός	14
ἑσπ	14
τοξ	14
συν	14
παρήκοος	14
ἐπωμοσία	14
πταλεῖν	14
πλεαχόρδων	14
πτοσαρον	14
χαίρ	14
ὑπλιον	14
χρωμαϊκή	14
Μέρων	14
Φύλαξ	14
Λόβων	14
δωδεκάπηχυς	14
καίδεκα	14
Μεγαλοπολῖτις	14
ἴχαι	14
κινδύ	14
εδασιλευσσω	14
Τρυφαίνης	14
Κυβερνήτης	14
ὁμοῦμαι	14
ἔρμ	14
καναχίζω	14
περιπροχέομαι	14
Κλυταιμνήστρη	14
Σάκε	14
ἡρωίς	14
επιχλεω	14
γησίν	14
θυράζω	14
Κοισύρη	14
τριτάλαντος	14
καρδόπη	14
συντεταμένως	14
Ποντοπόσειδον	14
πόκας	14
Ταρτήσιος	14
σφραγίδιον	14
πλουτίνδην	14
δεσμ	14
ΙΗΥ	14
τεχναστός	14
ἀποφυάς	14
ὀστράκιον	14
Ρούντος	14
κληρός	14
Μηλιακός	14
Αέγεται	14
δεκάλιτρος	14
ἀκριβάζω	14
Ἀνδροκύδης	14
λεπτουργία	14
Βάρου	14
Ἄβειν	14
Απολλ	14
εκπλήσσω	14
πειρατήριος	14
ἐπιδήμησις	14
Βέλης	14
προθυμητέον	14
ὑψηλόφρων	14
συνεργ	14
Ὠσή	14
ὀλιγίας	14
εἰσφέ	14
ΡΑΓ	14
Πέντος	14
Λίδα	14
Γεβάλ	14
Αβειρών	14
Γαδαρηνός	14
Κανταῦθα	14
ἔπεσα	14
Ναβουχοδονόσαρ	14
Νεστορίων	14
Θεοσέβειος	14
ὡλως	14
καυτηριάζω	14
Ἐζεχίας	14
Ίνος	14
διτομος	14
Μαναήμ	14
αδροχιος	14
Σέθ	14
συναρμολογέομαι	14
διαμπερής	14
ΧΑΝ	14
καθάπαν	14
Ἐκφαντίδης	14
προσκήνιον	14
Μεταθέμενος	14
σκιαθίς	14
Μενάνδρειος	14
κυλίκιον	14
᾽́Ανθρωπος	14
Δημοκήδης	14
Τέλους	14
Φόρμος	14
ΞΚΟ	14
ὕγις	14
Κνωσίων	14
Ἀθαναίων	14
Βαρδησάνης	14
γαυρίαμα	14
φόρμα	14
ζημίωσις	14
Ὦρξ	14
Ἠλισαῖον	14
βίλα	14
ξημον	14
ἀνθρωπαρεσκεία	14
εἰσάνω	14
ΡΙΓ	14
ιζ᾽	14
εἰδωλομανία	14
Στέα	14
εὐωσίαν	14
ἠπειγμένως	14
μεταδιωκτέον	14
ετοιμασία	14
Εὔκαρπος	14
πενθητής	14
ἔκκλησις	14
γηγιναω	14
Μέντος	14
πολλάχῳ	14
αἰθιοπίζω	14
παρουνη	14
περιπτῶς	14
Ἵπερ	14
Ἀλλοῦς	14
Αὐγῆς	14
Ἐπινίκιος	14
λεκ	14
ἀμφοτέρωσε	14
σετηριανω	14
πολιτάρχης	14
Ἁνανίας	14
στίλβωσις	14
εὐκληματέω	14
Εὔλαλος	14
ἐπιπόθητος	14
αεικινησία	14
διαψευσάννυμι	14
Κῶμος	14
λειτουρ	14
σὐτῷ	14
Πίστων	14
διτάλαντος	14
κατευμεγεθέω	14
εὐπρόσεδρος	14
ἐκθέωσις	14
ἀντιλοιδορέω	14
προανα	14
ὑπερεκχύνω	14
συνδιαγωγή	14
σμυρνίζω	14
Κεντυρίων	14
σιτιστός	14
ἐφρ	14
Ῥωμ	14
Σολομώντειος	14
ὀκτωκαιεικοσαετηρίδος	14
λϛ΄	14
Σατορνίλου	14
Τρόφιμος	14
ἐλπίδιον	14
ἄτριψ	14
παλάτιν	14
Σίμιος	14
τυλεῖον	14
ἐπικλινής	14
ΕΑΔ	14
δΕΗ	14
δΒΕ	14
σξθ	14
ΕΘΗ	14
ΚΓΒ	14
φδ	14
ἐγρ	14
ἱερής	14
γμασιν	14
ἀπεράτωτος	14
Κέλμις	14
κεφάλιν	14
πεθυμά	14
σπαθί	14
ευτύς	14
εμίσσεψεν	14
Ἄρτας	14
εχτρός	14
Κάρλος	14
Ρήγισσα	14
όρεξη	14
οληνυκτίς	14
Μπέι	14
αναντρανιζεω	14
φαρμάκι	14
επιθυμώ	14
νύκτα	14
γιαγέρνει	14
καημένος	14
πατάρι	14
ἐσωφόριον	14
Παλαίστρα	14
Φιλιπίδης	14
Κατάκ	14
ἔζην	14
ὤπα	14
συνδ	14
Ὑρίη	14
ἀμφότε	14
πρωπ	14
Οὐανδήλοις	14
αρνητής	14
Χαλδίας	14
μαγλάβιον	14
αὐτοχείρως	14
μονόθυρον	14
ὀπισθοφανῶς	14
κωδικέλλιον	14
Λεβά	14
Ἄποθος	14
προσαύω	14
Ἱσπανός	14
ὑποψήφιος	14
Πίσσα	14
κλαυδιουπολις	14
ΠΠ	14
ταλήθης	14
Γυμνάσιος	14
εἶτῃ	14
φερεσφονεος	14
ἐπεξῆς	14
Σκύλης	14
Αὔσιτις	14
ἀνέδραστος	14
Νίκο	14
ἐλευσίω	14
Ορρ	14
σέδας	14
Παΐζας	14
Χούρος	14
σκοπελινος	14
ἔμμι	14
βύπον	14
ἀχρου	14
θαλλοφορέω	14
Μεχέμετις	14
Οἰβάρα	14
Φίλουν	14
ὀξυδορκία	14
ἰσθαι	14
αἱμας	14
δυσσε	14
άρρητος	14
πέφηκεν	14
ὀρεμμάτων	14
ἐνενηκονταεννέα	14
Αδάμα	14
χλίδα	14
ἡρμημένους	14
λοιτο	14
κατάνη	14
Ἀμμανίτης	14
γῶρα	14
πάντευθεν	14
ὁσώνπηρ	14
αποτολμώ	14
Μόσχοι	14
κατανδρίζω	14
ὑποστορέννυμι	14
κησαν	14
λασιν	14
ἐπαναληπτέον	14
Ρουβείμ	14
ἀπερικάθαρτος	14
εἴτοι	14
Βοῤῥᾶς	14
ετεροειδής	14
Ουι	14
Βίβλους	14
Μάτου	14
Ἑβρ	14
ἀνυποστατέω	14
ξίλον	14
έκφυλος	14
Ἵππεια	14
πάρσιμο	14
Τούσης	14
Ἱλαρίων	14
ὅθθ	14
ξενόφιλος	14
Σοφαίνετος	14
Ὀφιοῦσσα	14
Κύθηρος	14
αργόν	14
Συράκου	14
ἑκατόμβαιος	14
προκώμιον	14
πολύποινος	14
ὑπόστεγος	14
Ναύτιος	14
Ἀλωρίτης	14
σωμασκίας	14
στοιχειωδῶς	14
Ἀγχίτης	14
Ταν	14
Τύσκλανα	14
ζ̅	14
ἀριθμοστόν	14
επλ	14
Μς	14
πολυπλαω	14
ὑπέρεικος	14
γαλακτίτης	14
δαμασώνιον	14
κοκκίον	14
ἀδδηφαγία	14
Κφύσιν	14
Θελν	14
σύστα	14
δεσμοτηρίον	14
Νικήσας	14
Γνωμικός	14
Μούσων	14
ΔΑΗΛΟΝ	14
Σαδδούκ	14
χρησιμότητα	14
ναυαατος	14
Σπειώ	14
Μαμερτῖνοι	14
Ἄττης	14
συγκο	14
γειος	14
Μότης	14
σίγλος	14
Κίδος	14
ΛΞΜ	14
ΜΩ	14
ΛΞΓ	14
ΒΗΜΛ	14
ΕΘΠΟ	14
ΑΨ	14
ἐπιστρατηγέω	14
φαρμ	14
δυστάλας	14
κατόψιος	14
λαέρτης	14
ὑπέγγυος	14
ἀπόφονος	14
μονόπωλος	14
Ἀγχοῦς	14
δυσώπησις	14
Ἑβραικός	14
συριγγώδης	14
Ἐλκανά	14
Κεειλά	14
βρωτέος	14
Ὑψικράτης	14
Ὀμηρι	14
ἄλημα	14
ἀριδῆλως	14
Απέλη	14
Εὔδιος	14
Κυπαρισσία	14
Λάρδανον	14
Φαλίος	14
ὑπιδέσθαι	14
ποππύζω	14
οίκος	14
αὐτή	14
μοσχεύω	14
πρότμησις	14
Τάτης	14
ἀριστ	14
παικτός	14
πταίς	14
μεθάλλομαι	14
ἀλλόθροος	14
ἐπήρετμος	14
Πορά	14
Κελεστίνῳ	14
μηδενίαν	14
ἀρροσέληνον	14
γύτρας	14
ἀκόλλητος	14
Τμωλίτης	14
Πήγανος	14
αἱμοῤῥαγίη	14
πλατυσμάτιον	14
μαλαγματώδης	14
Κόψας	14
μυακάνθινος	14
καταμηνιάω	14
χλώρασμα	14
πιτύνη	14
νοεγω	14
Κφησιν	14
Σαρβάρου	14
Μαβιάς	14
βουνευρον	14
διφθόγγ	14
Εὐφ	14
Ἁγάρ	14
Δομέστιχος	14
ἡμιχόριον	14
Κνώσσιος	14
θεογενεσία	14
παλίμπρατος	14
Μητρίχη	14
αψκη	14
τόργος	14
φρύγετρον	14
ὀπήνης	14
Κόνης	14
περδικιάς	14
Τῇσεῖς	14
Ὑρτακίδης	14
Μενέστωρ	14
Πεινῶντά	14
ὀλιγείας	14
καθάπε	14
κύλια	14
Φαρμακεία	14
Σαρχάνη	14
ναυμα	14
Κουάδης	14
Παιαζήτῃ	14
Σαμαρχάνδης	14
τηλεβόλο	14
δρουγγιστί	14
ἀπέλκω	14
Κλημάτιος	14
προσαναπλάσσω	14
ἐρημάς	14
εὐχόλως	14
ἀλέη	14
Χλίατ	14
Δαυτδ	14
θεογονεας	14
λόνον	14
ἡμιτέλεστος	14
ταχύγουνος	14
λάσιον	14
Ῥαββεί	14
Τλί	14
γλῆχους	14
κατακολπίζω	14
ΦΔ	14
ΑΚΕ	14
τετράχορος	14
ΠΡΟΚΛΟΤ	14
Κωνσταντιανός	14
Γονθάρις	14
μίνσος	14
ἐβαςίλευσεν	14
ΚΓΔ	14
Δριζίπερα	14
προμαχέω	14
εὐφύλακτος	14
σμιχρω	14
παρδαλός	14
καλαμάομαι	14
ἀνθήλη	14
Καινίνη	14
Βοΐδιον	14
ὑμεδαπός	14
Ίνο	14
πιθανεύομαι	14
Μαντύης	14
βαρῶ	14
ἀμφιχάσκω	14
κήδειος	14
δικτυουλκός	14
φῶρος	14
Ῥύπαι	14
δυσθέατος	14
Ὀρεστεία	14
ναυμάχος	14
Φαιδρία	14
φαυλία	14
νηάς	14
βύνη	14
ἐπικατηγορέω	14
μεταφύω	14
ληπτικός	14
μιζω	14
ἀειλογία	14
σιτόκουρος	14
ἀπόδρομος	14
ῥιγεδανός	14
σταφύλη	14
ακροαματικός	14
δερμόπτερος	14
κολεόπτερος	14
γονιμότης	14
Κάτος	14
ὄρθωσις	14
Μήκας	14
συναφαιρέω	14
προμηθεύω	14
ἀποταφρεύω	14
επιτρος	14
μονῳδέω	14
σκιαμαχία	14
δύσφωνος	14
ὑπάκουσις	14
ἀνάγχω	14
πόρθμιος	14
ἀνιάχω	14
φοινικόεις	14
εὔπτερος	14
Εὐβούλη	14
ἐγχεσίμωρος	14
Θεῦδις	14
ταυρόκρανος	14
δαρτός	14
συνεκπλέω	14
σύνθηρος	14
κουρῆτις	14
ἰωγή	14
σφάραγος	14
πλίσσομαι	14
Γύης	14
Καληνός	14
Ἐρέννιος	14
γλιχοω	14
Φίς	14
σέλω	14
Ἄσος	14
λεβίας	14
αἱμάλωψ	14
κατάποτον	14
προπέρυσι	14
Ὦλος	14
ἐπιμελέω	14
Σαϊτικός	14
φερέοικος	14
Σόλιος	14
ἰσοκέφαλος	14
θυσανόεις	14
κατωμάδιος	14
κροτών	14
ἀχρημοσύνη	14
περισοβέω	14
ὀνεῖον	14
θωμός	14
γαμψός	14
οὐχι	14
Λάβης	14
ἀθηρία	14
ἐξαιματόω	14
σπίζα	14
φιλοινία	14
ἀοχλησία	14
κατάρτιον	14
διακώλυσις	14
παιδοφθορία	14
ακέραιος	14
γογγυστής	14
έναρθρος	14
ἐξαφή	14
φιλογύναιος	14
πετροβόλος	14
λαμυρός	14
δημοποίητος	14
Κρατήτειος	14
Κναφεύς	14
γηθυλλίς	14
ἀρύβαλλος	14
πλημοχόη	14
Λάχων	14
σκανδαλισμός	14
κάτεργο	14
μετακινώ	14
πρῆσις	14
μεθώ	14
ἑρμή	14
κατανεκρόω	14
ἱεραρχέω	14
γρηγόρησις	14
σκάω	14
ἄφευκτος	14
ἐργοδιώκτης	14
Οὐάνδαλος	14
προσδιασαφέω	14
ἔγκριτος	14
Ανάπλι	14
υπέρπυρο	14
δεσποτάτο	14
σπίθα	14
ποθές	14
αναθιβανω	14
τριδάκτυλος	14
κατένεξις	14
άσπαρτος	14
Αλήμ	14
τάρα	14
συκοφαντικός	14
ἀγνώριστος	14
διανάω	14
Γαλαδῖτις	14
Κέα	14
φυσόομαι	14
Ἀχαιμενίδης	14
συσταδόν	14
προκοιμάω	14
ἀπέργης	14
συμβοάω	14
δριζεω	14
προασπιστής	14
ψέλλισμα	14
ἐτασμός	14
ὑπερανίστημι	14
εὐεπής	14
Νόμη	14
Άτλα	14
ἐπανακαλέω	14
κακοτεχνέω	14
Αϊνί	14
Ἐφυραῖος	14
ποδηγετέω	14
Λυσιθείδης	14
σίσυς	14
ΓΥΣ	14
στίλβη	14
νεωλκέω	14
Γενύκιος	14
ἄναψις	14
ἀγχίαλος	14
ἀνθέμιον	14
στῦμμα	14
ἐναφέψω	14
ἀναβράζω	14
βατράχειος	14
Οθμάν	14
Μῄων	14
Δαμοίτας	14
ὑπερεκχέω	14
Καταονία	14
δυσφορώ	14
ἀκτίτης	14
βοηδρομέω	14
πολυσύνθετος	14
ἐξευλαβέομαι	14
αλιάδα	14
ἱππόδασυς	14
Φερετίμη	14
Νεστόρεος	14
ἄλοξ	14
Ἰφιμέδεια	14
Γιβρών	14
μακαριστής	14
δολιχοδρόμος	14
βαλαντιοτόμος	14
καλαμίς	14
πράτης	14
παραπληκτικός	14
ἀποθεραπευτικός	14
ἐπιδιδυμίς	14
σιτάνιος	14
υπέρλαμπρος	14
κερασιά	14
Βρύας	14
Ἱππίης	14
Ἀμομφάρετος	14
τοξῖτις	14
χηρωσταί	14
ἀγωγεύς	14
Ἄλμος	14
θολία	14
εὐάζω	14
φίλυδρος	14
σεκοῦνδος	14
ἑλίκωψ	14
ἀχλύω	14
στεῖρος	14
ἱαρός	14
Θυμή	14
Τόλη	14
Μεσσαπία	14
λοέω	14
σαγιττοβωλος	14
Λαφρία	14
περίτμημα	14
προσγραφή	14
ταυροφυής	14
κυματόεις	14
Ἵππαρις	14
ἀλοιητήρ	14
χαργαροδιδωμι	14
ἀνεξάλλακτος	14
Ἀρτασίρης	14
προσπνέω	14
διψυχέω	14
μοιχικός	14
μουσαγέτης	14
λεώς	14
Στέντωρ	14
ἠπειρόω	14
ἀμφίταπος	14
προσχώννυμι	14
Ἰαωλκός	14
θεόφατος	14
Ἄλβιον	14
ἰωνιά	14
ἀτύζω	14
κνυζηθμός	14
δαύω	14
φαύω	14
Κύριος	14
παναώριος	14
ζειρά	14
κασσύω	14
μυθοποιός	14
ὑπερπετής	14
ἐξιχνεύω	14
δυσσεβία	14
γειτνιάζων	14
ξανθότης	14
ἐξαδυνατέω	14
ακόλαστος	14
γηροκόμος	14
Λευκώνης	14
ἀφιππεύω	14
λεπτόω	14
ἀναπληστικός	14
νοσοποιέω	14
καλλιγράφος	14
ἀνεπίτατος	14
ἀναμασχαλιστήρ	14
Εὐρυδάμας	14
Μαντείας	14
γάριον	14
θαρσαλεότης	14
απαιτώ	14
πέτασμα	14
διατίμησις	14
ὁρκωμοτέω	14
μελανειμονέω	14
ἐπεργασία	14
ἐπίσκιος	14
ὑποκόλπιος	14
βλαυτίον	14
ἁλικία	14
ἀνοχλίζω	14
σύνθροος	14
ἀγελάζομαι	14
ὀπταλέος	14
συμμειόομαι	14
σταδιεύς	14
Ράσι	14
ἀλκήεις	14
θυμηδής	14
θέρμω	14
ἐκτειχίζω	14
Ὀξυδράκαι	14
κατῶρυξ	14
Κλῆτος	14
πλατός	14
ἀσυνάλειπτος	14
Εὐρυπτόλεμος	14
ψιαθώδης	14
Βάλιος	14
τιθή	14
αὐλικός	14
γελιδηω	14
ἐρεθέω	14
ἐπίκωπος	14
Παλαίσκηψις	14
λυσσητήρ	14
λαγιδεύς	14
μισητία	14
παλεύω	14
ἐπισίτιος	14
κρεοφαγέω	14
ὀξυωπός	14
πλακώδης	14
καλαμώδης	14
νομάρχης	14
γήδιον	14
ἀκροθώραξ	14
ἀσαπής	14
δοξόσοφος	14
διωρία	14
Δυσαύλης	14
προτελεύτησις	14
Ἑρμούπολις	14
εὐαρμονία	14
μακρυνάω	14
καταραμένος	14
νυμφοστόλος	14
ἁρπακτήρ	14
παρετυμολογέω	14
σύγκολλος	14
γλαυκίσκος	14
πέπερις	14
κῆνος	14
νεμέθω	14
βαλανειόμφαλος	14
Ὕκκαρα	14
Τελεσίας	14
ἁγιστεύω	14
διάπρασις	14
δουλαγωγία	14
κατάβρωσις	14
ἀπανάστασις	14
Ἀπέσας	14
μαργάω	14
Φυλακίδης	14
πολίαρχος	14
ταμιεία	14
πρωτεύων	14
ἀποκερδαίνω	14
διερμηνευτής	14
ἑβραῖος	14
μετριόφρων	14
Φιλόνεικος	14
κακοξενία	14
νιφετώδης	14
φοινίκειος	14
εὐβουλεύς	14
πανεπίσκοπος	14
λίπασμα	14
Αθήνα	14
πονηριά	14
σίδερο	14
βασιλός	14
Λιόντας	14
κίτρινος	14
διώνυμο	14
Μαδιανῖτις	14
σύμπονος	14
Καβαλλῖνος	14
δόρκος	14
αρχαίος	14
σύλλυσις	14
ἐξεύχομαι	14
ηλιουπολιτης	14
ψυχραίνω	14
μινύρομαι	14
μνήστρα	14
ὑγρόπορος	14
λήδιον	14
προσδιέρχομαι	14
ιαγουπειμι	14
ποδηγία	14
καταπιαίνω	14
συνοίχομαι	14
ἐπαρυστρίς	14
Σεμεΐ	14
ἐπισυνιστάω	14
συγκαταθετέον	14
Ὀρφεῖος	14
Τεισίας	14
δήξ	14
Ἀπρίης	14
Ῥηγοῦλος	14
Μαίλιος	14
Γαληψός	14
παραρρήγνυμι	14
διαναγιγνώσκω	14
Μητροκλῆς	14
Τυρρηνίς	14
ἀνδρόσαιμον	14
πισσέλαιον	14
ὀξίζω	14
ὠκυτόκιον	14
μάλαξις	14
σκλήρωμα	14
ὀφίτης	14
Μονεμβασία	14
περάτωσις	14
Ἐλάρα	14
Εὐρυγάνεια	14
δημητριακός	14
ὑφάντρια	14
ὠρυγή	14
πληροσέληνος	14
Μόριος	14
Πιθηκοῦσαι	14
Ὀτρεύς	14
ὑπόβλητος	14
διαίρεμα	14
άφρο	14
Ἄβιτος	14
Ἄσανος	14
πάνης	14
ἐνδείκτης	14
αἰθάλη	14
κορωνόν	14
αιμορραγεους	14
ἀποπληκτικός	14
πυγαῖος	14
δίκραιος	14
Δαμαγόρας	14
μερινός	14
τρίφυλλος	14
διιθύνω	14
ἀμεσίτευτος	14
Δῖκος	14
μεσέμβρια	14
στόχος	14
ὑπερώνυμος	14
σαβός	14
ποδισμός	14
συγκάθεδρος	14
ὀνοτάζω	14
λάσαρον	14
ἱπποϊατρός	14
Σατνιόεις	14
Πεδάριτος	14
νύ	14
πίσω	14
κυκλοφορέομαι	14
άνισος	14
γαλιαπτην	14
συμπεριγράφω	14
αὐτενέργητος	14
ἔγχλοος	14
μοναστικός	14
μελισταγής	14
τροποφορέω	14
Φαινέας	14
ἄγειος	14
παρασημειόω	14
ἄθλαστος	14
ὀτοτύζω	14
λέσβιος	14
Παραποτάμιοι	14
Ἡλιάδης	14
ἀβροτάζω	14
Βούπαλος	14
ὑπηοῖος	14
διανταῖος	14
συνάρμοσις	14
ψόθος	14
βούστασις	14
ἀκρίτης	14
μεληδών	14
Σάνη	14
κόψιχος	14
φάσω	14
ὤνησις	14
ατενής	14
συγγεννάω	14
ἐδάφιον	14
προσλογίζω	14
ἐξερέω	14
ταριχοπώλης	14
Φείδιππος	14
ἰδιόγραφος	14
ἁλή	14
ἐπαιωρέω	14
σφηκιά	14
συνάπειμι	14
ταυτίζομαι	14
Φές	14
κερδαλεόφρων	14
συνιστώ	14
καριόω	14
ἀπάτητος	14
ἄρριχος	14
ἅλος	14
φαρμακόεις	14
στηθοδεσμίς	14
λευκόθριξ	14
Ἄντικλος	14
ανοίγω	14
Ἐτέοκλος	14
φίλη	14
θαμέες	14
προυφαίνω	14
ῥωγάς	14
ὡραΐζω	14
ἐπωτίδες	14
καταπελτικός	14
δοσία	14
ἀρδμός	14
Χαιρέστρατος	14
λωρίον	14
ἐνδινέω	14
αχροδρυς	14
Βλάδου	14
βελοθήκη	14
ἀεικείη	14
σπονδοφόρος	14
Κύνθιος	14
καταρραίνω	14
κληρωτής	14
ἀκάνθιον	14
ξαλες	14
Λυσάνδρη	14
Ακράς	14
ἐπιλησμονή	14
ψηλάφησις	14
Δαδάν	14
ἀπόσπασις	14
κίνδος	14
συμπασχέω	14
ἐφησυχάζω	14
κωδυναω	14
αγιαστικός	14
τρανότης	14
ἴθμα	14
συμβατήριος	14
ἀνταποστέλλω	14
παιδαγωγικός	14
τεχνουργέω	14
πλαστογράφος	14
ἀκρόπους	14
θύσις	14
Οκάι	14
ἀρτιμαθής	14
ἐπικερτομέω	14
εἰκονομάχος	14
χομιζεω	14
ἐπιγάνυμαι	14
καθαμαξεύω	14
κεκράζω	14
τριφυής	14
πιτυώδης	14
Ἀτλάντιος	14
ῥαφία	14
κατάμεμψις	14
ἀναγκαιότης	14
αυκις	14
τολμηρία	14
Ήλας	14
Χεῦς	14
κέρχνος	14
Πάνταυχος	14
Ἀζάηλος	14
Παιονικός	14
εὐδιοίκητος	14
σιναπισμός	14
Σκιρῖται	14
Χρύσος	14
βροτοειδής	14
προκόλπιον	13
Θάλαμος	13
ἱέρη	13
περισχίζω	13
ἀνάλωσα	13
κατά-ἕζομαι	13
Μαρκία	13
αὐθάδων	13
πτείνει	13
ἀμφοτέρωθι	13
τἀνταῦθα	13
προαπέρχομαι	13
λοῦμαι	13
Καρυστίων	13
παυστέον	13
Ἡρακ	13
ἐγκοτύλη	13
ἀναβράσσω	13
πρωτόθετος	13
αὐτερέτης	13
στέρειμι	13
Λάειραν	13
ὀλίον	13
χιτωνάριον	13
διχρονος	13
καπρώζω	13
καμινώ	13
οὐλοκάρηνος	13
Εὐγαίων	13
Χελιδών	13
βώμαξ	13
Ἰνάχειος	13
Βολβίτινον	13
Ἀργύριππα	13
Χέρρουρα	13
Κολχικός	13
Ἀμφιγένης	13
δότειρα	13
Ἄγυλλα	13
Δυναμένη	13
Ἀγάμμη	13
Ζέλη	13
Ἀκάδημος	13
Χαλδία	13
Ὠκυπέτη	13
Θόη	13
Ἰάνθη	13
Λιβυφοῖνιξ	13
Ἀλαλκομεναί	13
Χώνη	13
ἔφαλος	13
Νήϊον	13
κονειος	13
Τάξιλα	13
δρέπανον	13
Ἀδραμύττιον	13
Ψύλλος	13
νίψ	13
κρύβδα	13
Δεκελειόθεν	13
εὐαί	13
ἰῶκα	13
Τηλεφίδης	13
ἕμεν	13
ἐνόρνυμι	13
Θρᾶξ	13
Πτερέυλς	13
Πολυδήμη	13
Δότα	13
ψευδαιολικός	13
Ἑλικῶν	13
Δημοφόων	13
Καλλιόπεια	13
Ἄβαντα	13
εἰρήν	13
ψύττα	13
ἐλεφαίρω	13
ἀρνέα	13
ἀλευάμενος	13
παρδαλῆ	13
βιπτάζω	13
τειχοποιΐα	13
ὕπερον	13
Μάντος	13
ἄνιξ	13
Διοφῶν	13
ἐξώστης	13
Κιρραῖος	13
ξηραλοιφέω	13
μεσολαβῶ	13
πελάθω	13
ἐκδέκτωρ	13
σύγκωμος	13
λούτριον	13
αἰολόμητις	13
σῦλον	13
Κάλλους	13
λυκιδεύς	13
Ἄθλιος	13
ἀφιστάω	13
ῥινόκερως	13
τραπεζοειδής	13
ἐναλλάγδην	13
Μενετέα	13
ὑπερβάθμιος	13
Σαβώρου	13
σταθμίον	13
τᾶτος	13
αἱρετής	13
σπείρημα	13
τανύπτερος	13
μελέ	13
Ἄετος	13
ἀνεπικώλυτος	13
τπ	13
ματιπου	13
χομεν	13
ὠκ	13
ἀχραν	13
νυεπομαι	13
Νικοκράτης	13
ἐναύλιος	13
Πυθαίνετος	13
Ξάν	13
ἐπομφάλιος	13
Πολήν	13
Ἔλιος	13
ἔψημα	13
Κίτσου	13
ελαιώδης	13
δατός	13
Απτού	13
μονολήμματος	13
ὁποτερασοῦν	13
ρχειν	13
Ντόι	13
ὑποκομίζω	13
ἀρχαιοπρεπῶς	13
τοσονδί	13
στιλπνότητα	13
ἀπαρτιζόντως	13
ρίστως	13
ἐγρη	13
Θερίας	13
Πότος	13
δρακοντώδης	13
σφάκος	13
ἐγχέλειον	13
ἀπηκριβωμένως	13
συντεθλαίνω	13
ἐνδεχ	13
Ἀγαθός	13
υπομνηματικός	13
Σμένη	13
Κάϊος	13
ὑποθυμίς	13
ὑψηλόνους	13
Ἡγησίβουλος	13
φιλόμηρος	13
Μελαμποδία	13
δελφίνιον	13
Κήρυκα	13
Μονού	13
ἠγητέον	13
Περικτιόνης	13
ἐκδοτέον	13
διαρεσις	13
Λακεδαιμονίος	13
Ἀνέμων	13
αυτοαγαθος	13
πατρόν	13
αθάνατος	13
Πυθαγό	13
ὁποθενοῦν	13
ἀρχαικός	13
ἐννεάβοιος	13
Εὐξίας	13
Φροσύνης	13
ῥοῦτα	13
Βενεβενδοῦ	13
ἀνεκ	13
Μελισσηνού	13
Περίβλεπτος	13
Βούρτζην	13
σχίδαξ	13
χαλκοπρατειον	13
τατικιων	13
Μαυροκατακαλών	13
ὀπισθορμέω	13
Μοναστρᾶν	13
δύσοργος	13
ἐπιλα	13
Κούσας	13
ἀντεισήκω	13
σαισαω	13
κοιτωνίσκος	13
Τζιμισκῆς	13
νιδος	13
ἀναλα	13
Χαρτίων	13
φετο	13
ὑπαυχένιος	13
ΓΠ	13
ρὐκ	13
Πάτρων	13
Λεγάτου	13
ΚΧ	13
μήτις	13
Ταρρακωνησίας	13
Βλέμμυες	13
ΣτΕ	13
κήσεως	13
Κολοσσαί	13
ρέμα	13
νέστερον	13
γνεται	13
γλα	13
περίστυλος	13
Ῥητικός	13
συνεστραμμένως	13
στομφάζω	13
μητροφόντης	13
κρειτ	13
γύσει	13
Ἄρεσκος	13
αὐτω	13
οὅω	13
ἀκατάτακτος	13
Νόθος	13
προηγ	13
δημηγο	13
γωνα	13
ζών	13
φιλοπρωχίας	13
ματικόν	13
μιγνύνω	13
αισχαζω	13
ρικόν	13
ὀνθμῷ	13
πτέρυσι	13
ἅνταῦθα	13
λε᾽	13
εὐχρηνείας	13
νοτηταω	13
σμυνοτητη	13
Κορίνθ	13
δια	13
ἀθηρᾶς	13
ουχω	13
Χέρη	13
προθεραπεία	13
μιοι	13
ἀνεπίδεικτος	13
πτιπως	13
παράγ	13
ἐξευρετής	13
ἐρμηνεύω	13
ἐνεργέτημα	13
κημα	13
φυκε	13
ἐπιφε	13
ΕΘΕΛ	13
τιμωρητέος	13
Αἰγή	13
Ἰησούς	13
κάσης	13
πτεν	13
ὑστ	13
ζῶιος	13
μῦ	13
ἀπου	13
τερο	13
ηλ	13
ἴσις	13
Λιβυστίς	13
ἰοδόκη	13
οἰκέτις	13
Φίλη	13
τηλοτέρω	13
Φυλλίς	13
Σώτειρα	13
πολυλήϊος	13
Πυθαγόρη	13
Τηλεφάνης	13
Τύννιχος	13
Κρηθίς	13
ἀοιδοπόλος	13
Θύρσις	13
Σπάρτηθεν	13
παρθενία	13
ὀκριόεις	13
Θανοῦς	13
Τρώιος	13
κάμμαρος	13
ἐϋπλόκαμος	13
ἠπεροπεύς	13
λυκοεργω	13
γλυκύπικρος	13
καταγωγός	13
τεχνίον	13
Ἡλ	13
τυφ	13
Χαρ	13
Σόντας	13
φαρμάκον	13
Κλεοσθένης	13
εὔτ	13
Σθενέλαος	13
Ἀχαρ	13
Ἠρακλῆς	13
Διλ	13
Ονό	13
Χοίριλος	13
Φοίξῳ	13
αχριθεος	13
ἔγχυσις	13
διμοιρία	13
πίσινος	13
κάθεμα	13
συμμά	13
Καυμένος	13
τραχύλος	13
τώνα	13
χθησαν	13
Ὄτων	13
ἄνθρα	13
ὄδωρ	13
Σοφάνης	13
Ἄγνη	13
Ορος	13
φόνω	13
Πρία	13
δυσυλλάβως	13
Περσηΐς	13
Ἐδαλίσκω	13
Ἀμισώδαρος	13
Ἔφυρα	13
Ἀστερίων	13
Μάχης	13
πολύκνημον	13
δενδίλλω	13
Πυανέψια	13
Γελῶος	13
Κώνου	13
ΒΖΔ	13
Θεαίτῳ	13
Σαρκ	13
συγῆς	13
φυκτός	13
ἀπρόφατος	13
οὐλοός	13
ἐπιρρήδην	13
κατεναντία	13
εἰσαγείρω	13
βριμώ	13
καρχαλέος	13
Φλεγραῖος	13
Ἀγῆς	13
μοσύνη	13
Ἄτιτος	13
διεχω	13
ζατρεφής	13
Κόρσι	13
μέτασσα	13
τοιῷ	13
βαθ	13
ὑποτε	13
πανδήμιος	13
πολύκεστος	13
λλοις	13
γ́νω	13
ἀγανόφρων	13
ἐπημοιβός	13
ἔντριχος	13
Ἡσίοδ	13
δημοκοπία	13
ἀμφιλογία	13
Πορκία	13
ἁλύς	13
Σούτριον	13
παράσπονδος	13
ἔβδομος	13
μηδαμόσε	13
ἀναπάσσω	13
σκαρθμός	13
ἐπάρουρος	13
Σόφος	13
δέτερον	13
Κέκα	13
Λέας	13
ἔμβαρος	13
Φορμόφορος	13
Γέρο	13
νμ	13
ἀρυτήρ	13
νεοσσίον	13
Φυσίγναθος	13
λυχρω	13
κρατερῶνυξ	13
γαστρονομία	13
ἀνάνιος	13
ὕμια	13
ὑπέρβλημα	13
ΞΥ	13
ΕΨ	13
ΓΧ	13
ΧΓ	13
ΑΓΗ	13
ΘΑΗ	13
ΒΚΖ	13
ΒΕΑ	13
ΓΖΕ	13
ΖΓΕ	13
ΒΓΗ	13
κέδματα	13
βαρυήκοος	13
ἀποπληξίη	13
ἐπίτροχος	13
πταρμική	13
Σιγνῖνος	13
περίπλυσις	13
ἐκκίω	13
Σέμνον	13
γραμματηφόρος	13
αἴγιον	13
ὅθλον	13
αυτάρκεια	13
Ένκε	13
ομοτητη	13
πολυωρία	13
βαλίς	13
εβίβα	13
Βενδίδειος	13
λωβός	13
ἐξευ	13
Σιδόνες	13
Κλονίος	13
Εἰλέσιον	13
στορα	13
νεκίων	13
γηροτρόφος	13
μέσαυλον	13
Ζηνοδότειος	13
διαχίλια	13
ργβ	13
τετάρ	13
ὑποδώριος	13
Ετό	13
λμ	13
λρ	13
λέμῳ	13
χρότης	13
ἐναρμόδιος	13
μεταβλητέον	13
σύνεγγι	13
ΕΧ	13
καταστηματικός	13
ἀνάπειρα	13
ἐπιστύλιον	13
Αμπέ	13
Ἀμαία	13
Γαδρώσιοι	13
ταχόθεν	13
εκής	13
τέσσαροι	13
δέοντως	13
σθεῖς	13
Γρήνικος	13
ἐξήλατος	13
δαικτάμενος	13
Τρωΐ ̈λος	13
Θέμιστος	13
ποντοπορέω	13
γασι	13
μαρά	13
κίμβιξ	13
στάτης	13
ἄφρυκτος	13
αὑτηί	13
Φρεαττώ	13
σφονδύλη	13
κρονικός	13
Θωρυκίων	13
Λᾶσος	13
περιχάσκω	13
κατάπλεως	13
Φόσεϊ	13
Ὀδρύσαι	13
Μουνιχίη	13
ἀναύχην	13
σκληρόδερμος	13
φαλακρότης	13
Μονό	13
πολυδάκτυλος	13
ἡγνοεέρχομαι	13
Κηφῆνες	13
Κατήρ	13
Ἄστειος	13
γωνιόομαι	13
Πολής	13
Χώνες	13
ἐξοδιασμός	13
δρύινος	13
ἀποθύω	13
βαυβώ	13
λάθος	13
δεκάπρωτος	13
σοβ	13
Φρουμέντιος	13
ἐξέραμα	13
συνθεράπων	13
ὑπόσπειρον	13
ἀσέλειαν	13
προδύω	13
Ἀνομ	13
Βουλής	13
Εὐτύχιον	13
Βίβλοι	13
οιεπομαι	13
ιοβιος	13
Σημ	13
ἀτρεμέως	13
χριστιανῶς	13
ἐνεπαγάω	13
Δεσπ	13
σθην	13
Ἐμώρ	13
ἕνιχα	13
πενθῶ	13
εὔθεια	13
Σελμών	13
αἱραβόω	13
Ἀριμαθαία	13
ἐπιψάω	13
ἐξηγορέω	13
ἀσπορέω	13
γραφήω	13
ξανδρον	13
Χαριστός	13
Πίννης	13
τηρία	13
βλάψις	13
μυγαλή	13
Ἰωσέδεκ	13
σωθ́σκω	13
ρυγμα	13
φελονη	13
Ἵμνος	13
καιμενω	13
ΗΘΚΛ	13
ΣΣ	13
πειχεω	13
Πήλος	13
Λυδίων	13
τήβεννα	13
ἐγκοίλια	13
βότις	13
κάνυστρον	13
προέψω	13
λυκιουργής	13
Ἀδαῖος	13
Ἀτλαγενής	13
στάδην	13
σησαμοῦς	13
βαρδισανη	13
Σαμαναῖος	13
ἀσθεσίας	13
Συντύχη	13
αὐτοδέσποτος	13
ἀκάκης	13
ἐπικεκαλυμμένως	13
ανένδοτος	13
παραδεκτός	13
ρπη	13
εὐσταλῶς	13
συγκακοπαθέω	13
ἀσθεσίαν	13
καλαμόω	13
περιερχομαι	13
ἀταπείνωτος	13
παρεῖμαι	13
ἐπιβλαβῶς	13
αδιωτος	13
κατάφλεξις	13
ῥαθυμῶ	13
δίδραχμο	13
κεφαλοκλισία	13
λαμά	13
συναρμολογέω	13
προφανάω	13
πέντηες	13
περιβόσκω	13
ττι	13
περιστέφω	13
ὠλήν	13
ἀσίγητος	13
Βριμώ	13
ὁλοπόρφυρος	13
Ταυρίσκος	13
Ἀφαρεύς	13
ἀπλημμελής	13
ῥᾳδιούργημα	13
συνθρύπτω	13
Γαμάλιηλος	13
πευστέον	13
στει	13
συνηλικιώτης	13
προανακρούω	13
ἐνδοιαστός	13
πτύρω	13
ἐπαναμιμνήσκω	13
ἐπεσκιασμένως	13
Ἑλισσαῖος	13
ἐχρ	13
λυτρωμένος	13
Λευιτικού	13
σπουδ	13
δυσδιάθετος	13
Πράκτιος	13
μουμην	13
Ὠσεύς	13
Σπάρ	13
ὑμετέ	13
Ἄλωρος	13
πγ΄	13
σπ΄	13
σκάλος	13
Βήρου	13
σμγ΄	13
κτίννυμι	13
σογ΄	13
λεύτησεν	13
πραι	13
σεβηριανω	13
ἀῤῥωστήσας	13
τροπάριν	13
σειροιος	13
ἀκινητέω	13
αρρενιπως	13
ἀετίτης	13
στίβασις	13
αἰκίζομαι	13
καταικίζω	13
ΗΕΚ	13
ΔΚΓ	13
ΘΑΛ	13
ρίαι	13
ἀνομάζεται	13
βεργαῖος	13
Ἀθηναιών	13
ἀποθετέον	13
Ἀκταῖος	13
Ὀλυμπιιάς	13
συνεξακούω	13
βέδυ	13
ἀμφιχορεύω	13
ἀκαλαρρείτης	13
ὀρθριώτερον	13
Σισίννιον	13
αποκρίνομαι	13
ιγονικη	13
αφεντεύω	13
αποδέκτης	13
Μαφρέ	13
αναπολις	13
Μπενέτος	13
κοπέλι	13
Πλούσα	13
σκοτίδι	13
κρουφη	13
λαούτο	13
σκολαζομαι	13
φρόνεψιν	13
μπορετός	13
μελάνι	13
Γονή	13
κονταράν	13
Κρέη	13
Τιμόστρατος	13
ἐπιγρ	13
Κατέλ	13
πόκη	13
Κεραυνός	13
Φερεχράτης	13
σώπου	13
Περιόδος	13
ὑπωκρ	13
ὑστερολογία	13
συμπλ	13
ἀδιαλλάκτως	13
βεία	13
ἀμηραδία	13
Σέρβλοι	13
ἐντάλλω	13
πρωτοασηκρῆτις	13
τοποτηρησία	13
σκευοφυλάκιον	13
ϛς	13
σπαθοβάκλιον	13
βρουμάλιος	13
ΛΑΡΟΤ	13
Σακέλλης	13
Σακελλαρίου	13
τζικούριον	13
ταγματικός	13
σταντῖνος	13
Χρύσα	13
Μεσσαλίνη	13
Βιτέλλιος	13
Θήρην	13
Δημοφάνης	13
ἅλυσος	13
αὔγαρος	13
ἀπερύω	13
ἵσων	13
Χενεφρῆν	13
λοιο	13
Τριβωνιανός	13
Ἐπιδ	13
Βούβαστος	13
Πλαταιικός	13
περιβιβρώσκω	13
Πρότερος	13
σύμματα	13
χέλειον	13
λυχνίτης	13
Σύλλειον	13
Θυμίαμας	13
ἀνάκλιτος	13
τουω	13
επικειλαιος	13
ἐνδιατάσσω	13
χρῆγμα	13
ευκαρπος	13
Θεοδότα	13
κατασίνομαι	13
Ελιακείμ	13
ἄδηρ	13
Πῶλις	13
σχετός	13
ποσαπλῶς	13
τόλμη	13
Ζαμβρῆ	13
Ζύμης	13
ἴδωρ	13
πρυτερος	13
ἀκαλύπτως	13
θασι	13
παντοῦ	13
Μενίν	13
νομηνιος	13
ἀπευ	13
Τυχώς	13
Πένος	13
χρηδεμονίας	13
Τέκνων	13
Γαιβάλ	13
νυται	13
Λευκονοεύς	13
ξενομιδηω	13
Πίθος	13
σιτωνία	13
ριπιδηω	13
Κολώτης	13
Ἄφοβος	13
Μενδαῖος	13
Ἄφιδνα	13
Ὠιδεῖον	13
λλειν	13
ἐπιλήπτωρ	13
πτῶς	13
ἀναστάτης	13
μένδης	13
Μαρμαρίδαι	13
προσαναλαμβάνω	13
Ἀλευάδαι	13
Ταυρόπολος	13
ἐίο	13
ολλάκις	13
τερμέρειον	13
Κίμωλος	13
ἀπολόγημα	13
ὑπέρχυσις	13
συιδας	13
βῦ	13
δυνάδος	13
φλθ	13
φλυκταινόω	13
μότα	13
ἐξαιθριάζω	13
ὀπόφυλλον	13
μελιτίτης	13
συλλαβ	13
δευτερά	13
Ἐτεοβουτάδης	13
Ἰάγγος	13
ὀδωρ	13
ἀνισάκις	13
ἀκατονομάστως	13
πολυμνήστη	13
ὕμβρον	13
μονομάχης	13
ὀρνιθάριον	13
Βάσσου	13
φθίημι	13
γοβ	13
Ἡρίννης	13
καυληδόν	13
θερμοσποδία	13
κατακρούω	13
αὐλίζω	13
σπητίας	13
λευκαλια	13
μακέλη	13
Στύραξ	13
ἡμίδραχμον	13
Φιάλη	13
ἐπιβώμιος	13
Κόπις	13
Βιβλίος	13
Άστα	13
λεπτολόγος	13
Μάγιστρος	13
ἀγῆλαι	13
εννεακόσια	13
ΒΓΚ	13
ΕΓΔ	13
ΕΔΓ	13
ΕΖΚ	13
ΤΧ	13
ΡΦΖ	13
ΟΜΝ	13
ζητρεῖον	13
ἤλυσις	13
ἀπαυδάζομαι	13
τετραβάμων	13
παρεξήγηση	13
Ρούσης	13
ληφε	13
ΔΑΑ	13
Νερούας	13
Δαρωμᾷ	13
πυρίδιον	13
Λούντας	13
σμνῶς	13
παμβῶτις	13
ταυτολογικῶς	13
προσφρῶς	13
κολλητέον	13
ἐξυπανίστημι	13
ομηρικαι	13
ενδοξότητα	13
Ἀλωπεκή	13
βουβῶν	13
Ἀρροδίτη	13
προμη	13
ταίαν	13
στρω	13
γασίν	13
Λάνικος	13
διακεχωρισμένως	13
ὕνθον	13
ἀλιτήμων	13
Τηλέμα	13
λυμαιων	13
ὁλοσίδηρος	13
ἀπομίμησις	13
ΜΜΜ	13
κελεστινοος	13
Ἰλλοῦν	13
στῆσα	13
Ἡσαῦς	13
Βεντίδιος	13
νώσκειν	13
κτους	13
ἰχθυόκολλα	13
ἐέψνω	13
κύβιτον	13
πνῖξις	13
σπονδύλιον	13
φιγκτἰμί	13
περικράνιος	13
φιλυπόστροφος	13
μολύβδιον	13
λόρδωσις	13
δυσαπόλυτος	13
δροσοειδῶς	13
προσδοτέον	13
Ἦρ	13
κουρδουβος	13
εὐγ	13
Καρέας	13
άνηθος	13
Φιλανθρωπηνός	13
Οὐριήλ	13
κοπρώνυμος	13
Πλακίλλης	13
Ὁμηρίτης	13
ἠπλήκευσεν	13
Πωγωνάτος	13
Συλαίου	13
σιτηρέσιο	13
Πέτριος	13
απομελι	13
ξιος	13
ελλόγιμος	13
Σιλβέστρος	13
ἀπαρρίπτω	13
φωτοδοσία	13
βτι	13
Αὐγουστεῶνος	13
Παχωμίου	13
κατά-προίημι	13
ανδριανουπολις	13
κομωδειος	13
ταιον	13
Νεεμάν	13
ὑπερῴη	13
φησλν	13
ἀεροφόρος	13
Σκίρον	13
Κοριττώ	13
ΧΨΩ	13
ραβ	13
αψξδ	13
῾δ	13
τιμήορος	13
Τιμαιογραφέω	13
ατυροος	13
οητινεος	13
καταπλ	13
κυητήριος	13
Αὐρίολος	13
ὀλιγέως	13
Θεοδωτίων	13
άπατος	13
Γάβερ	13
Πορφύ	13
ὀξύρυγχος	13
κατώφορον	13
Μνήσιππος	13
Γφ	13
Χρέλης	13
Θαβώριον	13
επιβατήριος	13
ιανυιος	13
Μεχμέτη	13
Μουσουλμάνης	13
Καραμᾶνον	13
Χασανήν	13
δυσεκβίαστος	13
ουμενω	13
κοντουβέρνιον	13
ἀνελεάω	13
Ὀροάτιος	13
Ρουσελίου	13
Ουλφίλας	13
Ἀρσάκειος	13
Μαρούθας	13
ΠΡΟΓΓΥΜΝΑΣΜΑΤΑ	13
Παρρ	13
ὁμήλυδες	13
ὠκυπέδιλος	13
χ̃	13
Νεσσεῖμ	13
αυσιηρα	13
Δέτ	13
σήγανον	13
γαμφώνυχα	13
ημιχόριο	13
ἐφθιμμερές	13
κέπρος	13
άραχνος	13
τράμιον	13
θρασύφρων	13
μειχαιος	13
Ἁζαήλ	13
ΑΛΑΙΡΕΣΙΣ	13
Ἰηλυκόν	13
θεολόγιον	13
βορρόθεν	13
ἐπιμανής	13
ασφαλίζω	13
ἐμφρονέω	13
σωστέος	13
πεντετηρίς	13
φρίζω	13
θεόμαντις	13
ἀέλιοι	13
ἄμις	13
σμικροπρεπεια	13
μήδεια	13
Γλίσας	13
Κράνιοι	13
Ἀτροπάτης	13
Πίναρα	13
Λητόος	13
ἀνακτόριος	13
πιπλον	13
ἑξάπους	13
νίπτω	13
ξυλήφιον	13
ὑπεμνήμυκε	13
αφηρημένος	13
ἄφερτος	13
ἀμήνιτος	13
πολύθρηνος	13
ἀμφίλεκτος	13
στέργηθρον	13
ἀποφύλιος	13
λογγώνω	13
Ψάμμις	13
φιλόψογος	13
ἑτερόφυλος	13
Φραγγικός	13
ἐγκρίς	13
Σακάδης	13
ἁλύσιον	13
ἐγκολπίζω	13
ἡμίτονος	13
ἀδιάπλαστος	13
ἀπογύμνωσις	13
καχέκτης	13
ἀντισηκόω	13
Ἀμφικράτης	13
γαμάω	13
Λαμιακός	13
προομολογέω	13
άδοξος	13
Ἀνίης	13
Ἀλανός	13
πόσιος	13
ὑπεξανίσταμαι	13
ἑλείτης	13
σύντεκνος	13
κόττος	13
Ἄνθις	13
ἀφιλία	13
κυμινοπρίστης	13
Σῦλος	13
παρά-βάζω	13
θῦνα	13
ἀπαυγάζω	13
εὐπήληξ	13
κύπασσις	13
Κρήθων	13
βώτωρ	13
νώνυμος	13
ἀνείρω	13
Πλουτεύς	13
κακόξενος	13
τανυγλώχις	13
Σώδαμος	13
βαυκίς	13
Ἀναξώ	13
κονίζω	13
πολυφράδμων	13
Μήστρα	13
Πυθόπολις	13
ἱπποχάρμης	13
ἀδυνασία	13
ὁμογνωμοσύνη	13
βλακώδης	13
ἐπιλήνιος	13
μηχανεύς	13
Πυθάρατος	13
πρόταξις	13
κρυφηδόν	13
Ἀτύμνιος	13
περιναιέτης	13
ἔξαιτος	13
λίσκος	13
ἐνεύναιον	13
κεραύνιος	13
λυγαῖος	13
Φιλομηλείδης	13
χυτλόω	13
κραταίπεδος	13
ηλιθιετερος	13
Καλπουρνία	13
Σατουρνῖνος	13
σοφύς	13
κάρωσις	13
πυγούσιος	13
βρωσείω	13
προσαίρω	13
Αίγη	13
λιποτάκτης	13
ἐπικυμαίνω	13
άγευστος	13
υδριιστημι	13
κιονόκρανον	13
Εὐρύβιος	13
διέχεια	13
χρόμις	13
Κυδίων	13
ενδίδω	13
κύος	13
ἀταύρωτος	13
ἀψάλακτος	13
ἄνιππος	13
φορμίς	13
ἀμύελος	13
εὔστερνος	13
ἀπόκρυψις	13
ᾠοειδής	13
πολυτοκία	13
Ὀδάτος	13
ἀντίζυγος	13
τρίστοιχος	13
Συέννεσις	13
δολιχαίων	13
ὕπαντρος	13
ἀνυποδησία	13
λιτειο	13
μελοποιΐα	13
ἐξαμβλόω	13
κατοικισμός	13
αδιάστατος	13
ουκαιω	13
Σφήκεια	13
Σαββατίζω	13
Πέννα	13
τυμπανίζω	13
επιλέγω	13
μαριεύς	13
ἰσοπαχής	13
Πύμα	13
ἀγροιώτης	13
ἀντακαῖος	13
θύννειος	13
σκυθιστί	13
ψωμοκόλαξ	13
ὑποστρατηγέω	13
ὕκης	13
κωλέα	13
χάρμα	13
φιλοθεος	13
ἀχάρακτος	13
φιληκοΐα	13
απαύγασμα	13
ἐφεύω	13
καταλεαίνω	13
χίλιος	13
ὀνείδισις	13
χρίστης	13
σκυτοτομική	13
περιδράσσομαι	13
μεσσάτιος	13
ἀφειδία	13
παραζήλωσις	13
εὔοπτος	13
ἰλεός	13
ὑποφθείρω	13
χρυσοστέφανος	13
Ῥήνεια	13
Παγασητικός	13
κόπρον	13
ἐκπεριπλέω	13
ὑπόγραμμα	13
ἐκκωφέω	13
ἥλκησε	13
κουμανος	13
καβαλλικεύω	13
κάλλιο	13
Πεζόστρατος	13
γενήτημι	13
Ἀγαμεμνονίδης	13
ὀπτιμάτος	13
πατρικότης	13
κυλίστρα	13
Οὐαλεντιανός	13
μισόχριστος	13
ἄμυος	13
Σούρας	13
ἀσύλητος	13
συντελεστής	13
ἐπιχαρής	13
Ἄσβολος	13
Σκόπαδαι	13
Ἥρις	13
στρογγυλοειδής	13
ἀχόρταστος	13
ἀποδίωξις	13
ἄφορτος	13
ανθρώπινος	13
κόλλυβος	13
Λίδου	13
ἀποσπουδάζω	13
καθιερώνω	13
προοδεύω	13
μέστωσις	13
Μυρρινοῦς	13
κενόσπουδος	13
Μαυσωλός	13
Τρόμης	13
τανύπους	13
ὑπεκφέρω	13
Δουκέτιος	13
φιλοτεκνία	13
Χαιρεκράτης	13
τωθαστικός	13
Εὐτέλεια	13
προκαταλύω	13
λώφησις	13
Οὐολουμνία	13
λιχνεύω	13
μεταπορεύομαι	13
ἔγκλυσμα	13
ῥυπώδης	13
κατουλόω	13
Πάχα	13
φιλόθηρος	13
Πιξώδαρος	13
φιλοπροσυνειμι	13
κακοσύνθετος	13
σύνερξις	13
ὑπόξηρος	13
ἀπέφθιθον	13
Ἴμβρασος	13
δελφύς	13
δρομή	13
ξιφοθήκη	13
μύδος	13
ἐπιτραπέζιος	13
ταιαυτος	13
σύγκληρος	13
θρήνημα	13
πέσος	13
κήδευμα	13
ἄνταρσις	13
ὑποσημείωσις	13
ἀλλέγω	13
οὐλόθριξ	13
συμπτύσσω	13
Άπτι	13
δυσόρατος	13
ἐρίω	13
ἀπαρακάλυπτος	13
ὀθέω	13
ἀγκάζομαι	13
μόρσιμος	13
ἀστραγάλη	13
σταθεύω	13
νοσηρός	13
Αγγέλ	13
θεσπιῳδέω	13
δειλιάζω	13
Ἑκάτομνος	13
Ἀμισηνός	13
μαχαιρᾶς	13
Παυλῖνα	13
Οὐίνδιξ	13
δᾴδινος	13
ἀναστομωτικός	13
ἑλ́γω	13
εὐφραντός	13
καρπήσιον	13
τρωγλοδύτις	13
συσταθμία	13
θρομβόομαι	13
κάτηξις	13
αιμορραγώ	13
ἐπιπήγνυμι	13
δολοφονία	13
βιοπλανής	13
Σαλά	13
ἀφιππάζομαι	13
σωκάριον	13
Ἀμύνανδρος	13
ἀμφέρχομαι	13
ορμιά	13
βροχίς	13
τάρροθος	13
ῥακώδης	13
ἀπογυιόω	13
Νηληϊάδης	13
ἐπιμηνίω	13
ἀπροστάτευτος	13
ἀναλείφω	13
παραγινωμένος	13
στάγω	13
ἀτεκνόω	13
αυουτος	13
Δαδάστανα	13
Σερῆνος	13
ΑΠΕΔ	13
ΓΝΑ	13
Τήνερος	13
ἀμερσίνοος	13
παραμίμνω	13
ρυπλεω	13
Σιμέλη	13
Προικοννήσιος	13
Οἰβώτης	13
Γενετυλλίς	13
προσστρατοπεδεύω	13
Ναρνία	13
ἄστατοι	13
πῶλυψ	13
ἀρτοθήκη	13
Ἐφάρμοστος	13
Σαμαία	13
Μυόννησος	13
Μηδοσάδης	13
διαπαλαίω	13
βριάω	13
ἡλιάζω	13
τετρακέφαλος	13
δίκωλος	13
Ἡγεμόνη	13
κυνυλαγμός	13
Λιμηρή	13
καπνοδόκη	13
Παντικάπης	13
μυζάω	13
Εὐδόκιμος	13
Ἀβαντιάς	13
Εὐνείδης	13
ὤζω	13
Τιτώ	13
διακέομαι	13
δωροδόκημα	13
ἀντιθέω	13
ἄθηρος	13
Βούβαστις	13
χορτασία	13
Φυκοῦς	13
ἐπίχαλκος	13
τοκογλύφος	13
πηρίδιον	13
κνισμός	13
κοίμη	13
δαλίον	13
φθίνα	13
ημεροεννυμι	13
ναρκωτικός	13
Ἀλεκτρυών	13
προσαπορέω	13
χαλινοποιητικος	13
συμποιέω	13
ἄπλοος	13
Ταυρέας	13
Πανδιονίδης	13
Σιλανίων	13
εὐσυνεσία	13
συμπένθερος	13
οὐριοδρομέω	13
ἀπειροπληθής	13
Καβασιλά	13
θαλίη	13
ἀνέκδοτος	13
Σαμώνιον	13
άδετος	13
πολυωφελής	13
μνημονευ	13
ἅλσις	13
ὑφορμέω	13
κατηγέομαι	13
ἐσχαρεών	13
Λητοίδης	13
Σώσανδρος	13
Ἵππη	13
Ἀοῦς	13
φοιτάς	13
φιλοχρημοσύνη	13
Θρῄκιος	13
λισσάς	13
Ἀλκάθοος	13
Κόσας	13
Ταρτήσσιοι	13
δυσανάσχετος	13
άταφος	13
Ἀκέλης	13
Σπερμώ	13
Νικίππη	13
Σάρκιν	13
νεκρομαντεία	13
Μνάσων	13
γνάθων	13
Τάλη	13
Βῆσσα	13
ἀνθυπάγω	13
ἐπαρτής	13
ἀστεροπητής	13
γραπτύς	13
περικύκλωσις	13
φαραγγώδης	13
ἔναρχος	13
Σισίνης	13
ἑξήρης	13
Σέρουιος	13
εὐμετάθετος	13
ἰαμβοποιός	13
ἐπίψαυσις	13
ἀπόπαυσις	13
ὄργον	13
σποος	13
θελέω	13
επί	13
λιβόνοτος	13
σφυράς	13
Πανθοίδης	13
μέτρα	13
αντίρρηση	13
κτεατίζω	13
Νεφελοκοκκυγία	13
ἐννεύω	13
τελωνέω	13
ἐξαλίζω	13
Στιλβίδης	13
ἐμβάδιον	13
ἀνανεάζω	13
δρασείω	13
Τελεσῖνος	13
ἀνόσφραντος	13
ὁμοταχής	13
ἀποτομάς	13
καθιζάνω	13
πηδητικός	13
ἀποπιέζω	13
ἀποδεκτέος	13
πολυίστωρ	13
ἀχρήσιμος	13
Θυρίων	13
προσάββατον	13
Σουμανῖτις	13
Κατέχ	13
ἀναχρίω	13
Τελλίας	13
ὑδροπότης	13
τηγανίζω	13
φρεατιαῖος	13
ἀργήεις	13
ἀποθρηνέω	13
συμβιωτής	13
τοιχωρυχέω	13
ἀχρήματος	13
Θεοδωρίδας	13
ἀρχιτεκτονέω	13
μητραγύρτης	13
ἔρρυθμος	13
λατάγη	13
στραγός	13
ἀκτησία	13
προλυπέομαι	13
βαδύς	13
ἐγχόω	13
παρωδώ	13
σύμβωμος	13
γυιός	13
δικτατορία	13
πιστότης	13
κομμαγηνός	13
δημοσιόω	13
ἀποβλητέος	13
ἐκκολυμβάω	13
αριθμημένος	13
κυοιος	13
ἀλοητός	13
απαγόρευση	13
αδιάβλητος	13
ἀριστοκρατέομαι	13
ενισχύω	13
κωπήεις	13
Κελένδερις	13
στικός	13
ἐναποσφραγίζω	13
σιδηρεύς	13
προσυπερβάλλω	13
Ἰδάνθυρσος	13
ζωγρεῖον	13
δεκαμοιρία	13
ωριαίος	13
λάλη	13
φράγκικος	13
ψωμί	13
πεθυεις	13
κοιμάμαι	13
κάμερα	13
στέκομαι	13
μαύρος	13
δξύς	13
Δεχάς	13
ραουσιον	13
ῥεφερενδάριος	13
Παλά	13
κεντυρίων	13
Βερώνη	13
λαφυροπωλέω	13
Περσείδης	13
σάκας	13
παππῷος	13
Ὄπος	13
Μένης	13
περατός	13
Παίονες	13
καλιός	13
Βενδῖς	13
Δόρισκος	13
απαγής	13
ὑπερφύω	13
παραλεί	13
επιεκεινος	13
κακανδρία	13
αἰτίωμα	13
αναδυόμενος	13
τευσος	13
άναυδος	13
ἕκαλος	13
Φεῦς	13
απτικός	13
Τιμαία	13
Ἐργοκλῆς	13
ἄποινος	13
παραδοξολογέω	13
Φινείδης	13
Τριφύλιος	13
διοργίζομαι	13
φιλοβασιλεύς	13
μεταδήμιος	13
βάς	13
ἐμετήριος	13
ἀρτοποιία	13
ὀξυρόδινον	13
ὀρεοσέλινον	13
πικράζω	13
ἔκρηξις	13
ΚΥΠ	13
ἐμμήνιος	13
τάμισος	13
ἀμετροεπής	13
ορθρινός	13
Ὄρμενος	13
φαῦσιγξ	13
γυναικίζω	13
Αλίμ	13
δέργμα	13
μήκοτε	13
ἀποδοκιμάω	13
Ζεφυρῖνος	13
Μακκαβαικός	13
μαξιμιαινω	13
τρικάρηνος	13
δωροφάγος	13
χλάζω	13
δωδεκαμήχανος	13
τόξο	13
αγγελιοφόρος	13
κογχ-ίτης	13
καταφράκτης	13
Χοῦσαι	13
ἔμφωτον	13
παραναλίσκω	13
Μουνυχιών	13
Ὑδάρνης	13
Συλλαῖος	13
Ταΐων	13
καταγμαδικός	13
ἀποστίζω	13
ἐγκανθίς	13
πριαπισμός	13
φρεατία	13
συμπράκτωρ	13
Λαβινία	13
τάκιτος	13
λεκανομαντεία	13
Κωνσταντί	13
Σαπφόος	13
Φλαυϊανός	13
Βρετανικός	13
εἰκονογραφία	13
συνδιάθεσις	13
ἐκδιαιτάω	13
ἀδηλόω	13
ἐπίτριμμα	13
ἀπονήχομαι	13
Ἀπάμα	13
τεί	13
δαφνηφορέω	13
Ἀπρίας	13
βαλανάγρα	13
ἀδιόδευτος	13
πλίγμα	13
λύκειος	13
κερατώδης	13
Ὄκρα	13
ποτιστήριον	13
πρωτοπαγής	13
Ἁμετέρα	13
Αγλής	13
μέδος	13
ἱδρώτιον	13
γρυνός	13
εὔδμητος	13
Πευκέτιος	13
ἁλουργῆ	13
προδιατυπόω	13
Ἰουβάλ	13
τριηρίτης	13
παλαιστηνω	13
Πορκίας	13
ἀποθαρρέω	13
λουτρίς	13
Παρνάσιος	13
βούκερως	13
Ἀψυρτίδες	13
ομόκεντρος	13
καινοφανής	13
κραστός	13
πιαλέος	13
Ἀθανάριχος	13
αὐτενέργεια	13
καισάρισσα	13
ἁμιλλητήρ	13
ἀρτιθαλής	13
αἱμαλέος	13
χεισος	13
ἄος	13
Λεοντίδης	13
Γράγχος	13
δίοψις	13
Γλώνης	13
θεόγονον	13
δρίφος	13
κύμβος	13
πεντηκονταετία	13
δισσολογέω	13
ἀναπολεύω	13
καρδαριγη	13
Ὤγυρις	13
βατταρίζω	12
Ἀστυδάμεια	12
πεταλίς	12
Σμῆνος	12
βασλέα	12
ἀσκέπαστος	12
ἐπιλέκτης	12
ὑώδης	12
Θορίκιος	12
ἡμιμέδιμνον	12
θυήεις	12
προαιρετέον	12
πανοικησίᾳ	12
καταδεῖσαι	12
ταυτηισ́ς	12
Μίθαικος	12
Ἀννίκερις	12
Θεῦθ	12
ἀλογίου	12
ὄσηνπερ	12
Πανσαρίαν	12
λεσβιάζω	12
τηθαλλαδοῦς	12
σμυναω	12
Κλειτόδημος	12
γησί	12
ἥτωρ	12
ἀπόσχισμα	12
έρεισμα	12
βυσσαύχην	12
Δάειρα	12
εἰναετής	12
σφηκώδης	12
ἰχρία	12
κολόκυμα	12
ξιφισμός	12
δίειρον	12
τρύμη	12
τριτύς	12
ἀλαόω	12
καίρωμα	12
φέρνιον	12
κατιλλώπτω	12
ἐγκλινόμενα	12
Ἰβύκειον	12
Χαλκώδων	12
Μέλων	12
Ὑγιαίνων	12
Νάρων	12
Θύτης	12
δαῦλον	12
Λιβυκή	12
δουλίχιος	12
Ὤρικος	12
Πυλήνη	12
Τημένιον	12
Πολτυμβρία	12
αλυβους	12
Πότνιαι	12
βαθύλειμος	12
Δαιδάλειον	12
νακολειος	12
θυραία	12
Τενέα	12
ὀρύα	12
Καλύκη	12
Κάρνη	12
Κριθώτη	12
Κνιδία	12
Μήδαβα	12
Φάλαρα	12
Βάραθρα	12
μῶμαρ	12
Βέχειροι	12
γηρῶ	12
εὐπορῶ	12
φαινίνδα	12
ἔξοι	12
ὑπέρφευ	12
ὑπερδεής	12
ἐπιγράβδην	12
εἶν	12
ἑνδεκάπηχυς	12
περίοιδα	12
Παπία	12
Ἀγάλλων	12
περιπλέγδην	12
ἀτταταῖ	12
ψυχίδιον	12
μίγω	12
πανθάνω	12
καταπονούμαι	12
ψαίρειν	12
τροφόεις	12
τερέντερον	12
ἐμβραμένα	12
χμ	12
φυλατ	12
Φίλιον	12
ρίζω	12
προτίω	12
Σώκρα	12
Πρα	12
εὐτῶν	12
Σόλος	12
κῆ	12
ἐντος	12
συκοφάντημα	12
χλανίσκιον	12
εὐηγενής	12
αὐτορέγμονος	12
κωνάω	12
χυτρίζω	12
διοίχομαι	12
Νιοβίδης	12
ἔγαν	12
Λύσσα	12
καταφαγᾶς	12
σάλα	12
σπίδιος	12
ὑπόξυλος	12
ἀπέδιλος	12
ψευδηγορέω	12
Ἱππίων	12
Καδμογενής	12
ἀγκή	12
Ἰκτῖνος	12
φιλιόω	12
Βές	12
Φυλακής	12
ἀπολέμητος	12
Ἄγνων	12
Σερβωνίς	12
Σπεύδων	12
φιλοσκόπελος	12
ἀνέρομαι	12
μεταθετέον	12
τοπαλαιος	12
ἀναγκαστέος	12
ἀγαπητέος	12
προσαπτέον	12
μισητέος	12
ἐπιτοξάζομαι	12
ἐκ-ἐποράω	12
ὑπόβαθρα	12
βρυαλίκτης	12
Ἰλέα	12
θὐκ	12
υρον	12
διηγ	12
ὠδή	12
στρον	12
Κώπων	12
Λατοίς	12
παραξυνεος	12
Κυχρεῖος	12
Ἰσθμιάς	12
λευκαλιαναξ	12
έλατο	12
παλαιίστρας	12
Θεσπρω	12
μιμορ́ͅσκω	12
ἐξαπναίως	12
σύγγ	12
τριῶς	12
σκαμμυνίας	12
χρήσω	12
ὀφθαλμία	12
τηνι	12
Γίκων	12
ἁμῃγέπῃ	12
εύλογος	12
διατεταμένως	12
ἀνομοιοσχήμονα	12
ζονος	12
κατηγορούμενος	12
προσεπιβλέπω	12
ριμον	12
μόζει	12
ἑπταχῶς	12
κοίλανσις	12
περινενοημένως	12
νεμεσητικός	12
αἰρετός	12
προσδιοριστέον	12
γειαι	12
ἐγκος	12
κάστον	12
ἀντιπαρα	12
κοσμ	12
διδύμη	12
γύλιος	12
Ἀνθράκιον	12
ἡμίφι	12
αὐτοχόωνος	12
συλλογ	12
μεταφορητός	12
συναμ	12
φοτερος	12
ἐμμελέως	12
σκύφρον	12
Πλουτώ	12
τανταλίζω	12
θεοκτιστης	12
ξατε	12
Βασιλίσσα	12
παρήλ	12
Γέτος	12
Γοράν	12
Ἀναξίλα	12
έμπλεος	12
ἐξελᾶν	12
Ποιμένα	12
ἀμφικτυονία	12
θεῖφ	12
στιάζω	12
Θεοδώρειος	12
δήποθεν	12
Πάσε	12
δράστης	12
γζ	12
Ἐλευθεροῦς	12
ἀνάλ	12
προσεχώς	12
ξξιν	12
επικειχεω	12
πασιέ͂ς	12
Τέρψις	12
ἁπλοϊκός	12
ἀβαίνω	12
νεόλεκτος	12
φέστερον	12
Σολυμᾶς	12
Καστοριά	12
Μελισσηνός	12
ισόμετρος	12
ἀκροθιγῶς	12
πορρωτέρων	12
διέλευσις	12
τηγῶν	12
μαλαγιναω	12
γήσας	12
λειπο	12
τελεωτικός	12
Πατριάρχης	12
υποχθόνιος	12
θβ	12
Νότιος	12
επτάδα	12
Γράψας	12
ἀντιστατικῶς	12
φάλη	12
σκηνικό	12
ἀνεπισφαλής	12
δεινόω	12
χηρία	12
Κουμένης	12
ταρχός	12
εἰσακτέον	12
τήσαντος	12
πεπραγμένος	12
βελτιώτερος	12
ληλα	12
ΕΚΚΕ	12
αστειότητα	12
γήσει	12
Δίκου	12
λομεθη	12
νώτερον	12
δειλ	12
ἀνάγκ	12
Λύων	12
ἀλίγα	12
ἀποδιδάσκω	12
σύμβ	12
ὑπομερισμός	12
ἀντονομασία	12
Αλέξανδρος	12
καταγέλως	12
ἐπιλήψιμος	12
φιλοκτέανος	12
απροσκόπτως	12
ρητορεία	12
περιξά	12
πανηγ	12
μέον	12
συχο	12
ἔθα	12
Θέος	12
πεπλ	12
ὕψις	12
ἀκριβ	12
θαυροος	12
κώτατον	12
ἐπανορ	12
διάρκεια	12
χιτωνίζω	12
ῥήτ	12
ἐγκατάληψις	12
ἱγ	12
νόμματα	12
λόντα	12
μεταχειριστέος	12
ἀντιπαραστατικός	12
Φώκιος	12
εισηγούμαι	12
συγχροτεω	12
νικαυτος	12
ἐγχλημα	12
Λιώνα	12
Φιου	12
ευεργέτημα	12
Ρίκου	12
κυπρῖνος	12
ἐγρηγορότως	12
αθαι	12
παραπλ	12
τηλέσκοπος	12
παλίμπους	12
τριέλικτος	12
Χάρμος	12
θέριστρα	12
ἀριστόδικος	12
Αὐγάζων	12
Μόρος	12
ὄϊς	12
παλιρρόθιος	12
ὑπερῷον	12
Χάλαις	12
Ἱπποτάδης	12
ἀπαφίσκω	12
ἐπολισθάνω	12
Ζωπυρίων	12
Σῖμον	12
Ἀρχέλοχος	12
βελτός	12
παροικοπολιτος	12
Νέαι	12
Ἀνδρων	12
Ἀλκμαιονίς	12
Ἀριμασποί	12
δαύτος	12
Λάσιος	12
πίννη	12
σπηίας	12
Λουτάι	12
Ἑλληνοταμίαι	12
βαρυδαιμονία	12
ἐλασσόνως	12
Κύρων	12
εἰστήκειν	12
Μελίαι	12
Φιλοκύνηγος	12
τοῦντεύθεν	12
Μελέλαον	12
λεμίους	12
σκινθός	12
διά-ἐξάγω	12
Ἀρίας	12
Εὐξείνος	12
χρημοῦ	12
Εὐνομίη	12
ἀγορῆθεν	12
λυπ	12
εὐκτική	12
παρανηνέω	12
ἀλεξητήρ	12
ἀπαμείρω	12
συνημοσύνη	12
πολυβενθής	12
προκυλίνδομαι	12
εἰρημ	12
Χένος	12
ἀναβέβρυχεν	12
ἡρμοσμένως	12
ἄργματα	12
βριήπυος	12
δειδήμων	12
ἐρατίζω	12
ἰόμωροι	12
πῆνος	12
διαμε	12
ὅθε	12
θχ	12
πεμπώβολον	12
πολυπάμων	12
πυκ	12
τρίπλαξ	12
φραδής	12
Λιοί	12
οἰέτης	12
φύξ	12
Βάτα	12
Ἄλπειον	12
Φούλουιος	12
Ἄσκλον	12
ὑπόπτης	12
μεγαλοπράγμων	12
Τίβεριος	12
δυσπειθῶς	12
ρομφαῖος	12
Λουζά	12
μότωσις	12
Τόξος	12
αὐτόφι	12
μύσχος	12
Πέρπερος	12
λαχ	12
ἀποκο	12
ἴσημι	12
ἀπανταχῇ	12
Θουγενίδης	12
ἐμεᾶς	12
ρτ	12
Κλίδα	12
Στεν	12
τέμματα	12
πολύζυγος	12
δάμνημι	12
Βένδις	12
ΗΧ	12
ΒΩ	12
ΙΥ	12
ΥΞ	12
ΗΩ	12
ΘΚΗ	12
ΗΘΑ	12
ΘΑΓ	12
ΖΘΚ	12
ΡΧ	12
ΑΚΓ	12
γυθ	12
δχογ	12
ΑΗΖ	12
ΖΓΒ	12
παρακειος	12
ἑωύτου	12
ἔξωχρος	12
Θώρηξις	12
γλίσχρασμα	12
ἀλκτήριον	12
ἀφθαλμοῖς	12
ακριδηω	12
λοιδ	12
ἀποστρ	12
σύχα	12
θυρίον	12
ἐνιζάνω	12
διακόνημα	12
σῶσις	12
ἐπαυ	12
ἐστιώμενοι	12
Μύθης	12
Μουσίν	12
φραστέον	12
ἀμύνη	12
γωγον	12
Ανθρώπα	12
θημιστοκαλεω	12
περιχώομαι	12
ἰκάνω	12
Πόλχος	12
Ἐνίσπη	12
χάρμιος	12
ἠπύτα	12
ἀσημος	12
ἑτέστι	12
τεταμένως	12
ποικί	12
προοιμος	12
εἰκνία	12
θνῆσις	12
ἑβ	12
Λήτος	12
Κύπρονδε	12
Ξια	12
ἐπατα	12
Φόγγος	12
Ἡπάτη	12
οὐμή	12
Μόλι	12
δυσμ	12
παλάγιον	12
Φορ	12
ήττα	12
ανδρώδης	12
περίπτερον	12
ἀττάλλω	12
Πάμισος	12
Σαγχωνιάθων	12
Ὀλυμπ	12
χαμόι	12
δοσάς	12
Πόδος	12
νόφ	12
προθέουσι	12
νδε	12
ἀθετητέον	12
θύμβρη	12
εύτονος	12
σεμαίνω	12
Ράϊος	12
τριπέδων	12
λέται	12
Πάππα	12
τρίπρατος	12
σικελίζω	12
Ἀριστοφ	12
Σφίγγος	12
βαδ	12
ἄστυτος	12
Πραῦς	12
βαβαιάξ	12
ἐτνήρυσις	12
ὑπέρσοφος	12
Θαρρελείδης	12
ἅρχων	12
μακάρι	12
Ἀμβροσία	12
πρόνομος	12
Αἴσιμος	12
δεκάπους	12
ἐπίκλιντρον	12
νομισμάτιον	12
ὑπόθημα	12
γάστρων	12
τροπίας	12
μαζονομεῖον	12
μεσαύχην	12
Βακχεῖον	12
ὀψοφαγέω	12
μαμμᾶν	12
τοὐρανοῦ	12
ἀποψωλέω	12
διέμενος	12
ὀσφρόμενος	12
δημιόπρατος	12
ἑπταμηνιαῖος	12
σκωληκοτοκέω	12
τυμβωρυχέω	12
ἐπιξύω	12
ὀλιγότοκος	12
ὅπαντα	12
αὐτόυ	12
τσῦ	12
ΒΥ	12
ΥΩ	12
προστακτέον	12
αὐξητής	12
καταστατέον	12
ποταγωγίς	12
Πλείω	12
ἀμιτροχίτωνες	12
παχύφρων	12
χορηγεῖον	12
εὔαθλος	12
προεφωδευμένων	12
ὀχάομαι	12
ἀπόνιμμα	12
σκοπ	12
ταὐτος	12
ἐγγιγνώσκω	12
νθρωπος	12
κομητάτον	12
βιοπράγος	12
ἀκμητεί	12
σεξυνδυς	12
διημαρ	12
Ἄνῳμ	12
Οὐοὖν	12
αποδίδων	12
ἀπαρα	12
Ἀνατέλλων	12
ἀρεστέω	12
ἀπεργός	12
νῆφιν	12
μονόβιβλον	12
βλον	12
ακεινοος	12
χακεινοος	12
διαβουλία	12
ἀνάλψιν	12
πρόσδοσις	12
μύπον	12
ἀργυροκοπέω	12
κταβηάω	12
ἐξακόσιοι	12
εδραίωμα	12
ΡΑΒ	12
Θεοδότου	12
γλωσσώδης	12
ναῦλα	12
Ἄνυδρον	12
δουλ	12
Μζ	12
Ασσούρ	12
Ζεβεέ	12
υπερώιος	12
λιπανάω	12
αυτεξουσιότητα	12
Ἰάειρος	12
Ἀντιοχίαν	12
εξασθένιση	12
ὑψηλότης	12
Αἰδ	12
πτενός	12
επεικενος	12
ἀιπτάω	12
προβαλ	12
βίπτειν	12
Ὦπως	12
λβ᾽	12
ὡσαρ	12
Γοδόλιος	12
ἄσσα	12
δεκτή	12
Καλή	12
συγγράμ	12
Ἀβδεμέλεχ	12
βοηθίαν	12
ἀμετάκλητος	12
ΖΗΘΚ	12
ἐκλι	12
δαιμο	12
Φακῆ	12
ἡρωΐς	12
ἄνηστις	12
Ἀνδροσθένης	12
Ἡδύλος	12
κγ᾽	12
κώδιον	12
Γαργήττιος	12
Κλείσοφος	12
φασιανικός	12
νιφόκτυπος	12
κήθιον	12
παραφυλάττω	12
ἀμητός	12
ἡλιόμορφος	12
Σιμωνίδειος	12
Ἀθάναν	12
ἀναστρωφάω	12
διακόνιον	12
Θυέστειος	12
κρούνωμα	12
ἱσης	12
λογοθετέω	12
ἐποφείλω	12
παντεπίσκοπος	12
φιλάνθρω	12
Πελᾶς	12
απειλώ	12
εστίαση	12
σταχόω	12
ἐναδρύνω	12
Ισαΐας	12
πολλάχθον	12
τήρα	12
Δευτέρος	12
προσηγολίας	12
ψαντα	12
ἰωνᾶς	12
Μωϋσῆα	12
ἐνταῦθι	12
ματαιολόγος	12
ἐμπλόκια	12
αχροτηταω	12
μάντοι	12
Ναβαύ	12
Ευψυχίου	12
Φῖρμος	12
λάγω	12
δαπανητικός	12
αχριθειος	12
μονοσυχι	12
εναποκειμαι	12
ἀπόδομα	12
προσκαρτέρησις	12
Βίβης	12
ἐδο	12
πρακ	12
Μονότροπος	12
Μάκρη	12
χόριτις	12
Ἡρακλεί	12
Μέροπες	12
Νύμφα	12
Σκίτων	12
περιλιπής	12
Συννοῶν	12
ἀθυρόγλωσσος	12
ἀποτριτόω	12
προχειροτονέω	12
τοιναντίον	12
ἐξορκιστής	12
ἐχα	12
ἀπογνωστέον	12
σέρνω	12
χριοστις	12
εμπτύσματα	12
σιμπλικιων	12
Θεοδρήτου	12
φιλόκαινος	12
βέτο	12
Ἀφωρισμένος	12
ὁμοπύς	12
Οἰκοτμενίου	12
γαστ	12
επιστηρίζω	12
ἀνακεκαλυμμένως	12
Ἄναρτοι	12
Ἁρμοδία	12
σπιλόω	12
Ζακχαίου	12
ἐννενηκονταεννέα	12
ἀγκυλόω	12
ἐπαγγ	12
προγ	12
Γανύκτωρ	12
Ἴσαυρα	12
Μουντές	12
ἔνιχα	12
ἀδρότητι	12
Λογίζου	12
Πορφ	12
τετραετηρίς	12
Γάμερ	12
Σίλπιον	12
πζ΄	12
Σάσης	12
χλοώδης	12
Βρουμάλια	12
Ἄγκος	12
Γόθων	12
μονοκράτωρ	12
βετρανιοινος	12
Φλωρεντίου	12
αὐγούσταις	12
Μαρίνης	12
πραισέντου	12
δίκορος	12
πνεῖμα	12
νιαν	12
Ἡροφιλείος	12
Στήθος	12
εὐχρήστως	12
φρυγανισμός	12
νουνεχόντως	12
αὐτόρριζος	12
ψυχορραγέω	12
ἱλεέω	12
Ποταμία	12
ΒΕΘ	12
ΑΗΔ	12
ΘΤ	12
υπγ	12
ΔΖΗ	12
ΑΕΚ	12
ΖΓΑ	12
ἀπαῖδα	12
υποσχω	12
ἀρχαντος	12
ἐπανορθωτέος	12
προσιτέον	12
ἔλπισμα	12
διάθεμα	12
μηνᾶ	12
πασσάτζο	12
κεφαλάδων	12
ερχόντησαν	12
έποικος	12
λυπάμαι	12
εσέναν	12
Πάτρα	12
Ρουμπέρτος	12
κάλεσμα	12
Κούρτης	12
Ποτές	12
παιδωμή	12
ἐξάφνου	12
ξημερώνω	12
σιγανός	12
μαχαίρι	12
πορπάω	12
γερατειά	12
Κάνουν	12
αρμηνεύγει	12
κεφάλι	12
Ιντ	12
Φουξ	12
Πανσανίας	12
ὑπομέ	12
κυκέω	12
αρμόζω	12
ἀφαν	12
προειρ	12
πλήρ	12
Αρς	12
ὑποτακτέον	12
αντιστοιχώ	12
Ποίησις	12
θαμνίον	12
ἀντιστοιχέω	12
χαμαιεύνη	12
ὁμότροφος	12
Ἰσίων	12
Χαζαριάν	12
Σάρκελ	12
χαλκοπρατεια	12
Τουρκία	12
Διτ	12
φωνοβόλος	12
εστεμμένος	12
Σαγίου	12
κονσιστωρίῳ	12
γραδηλίων	12
Υπαπαντή	12
Λζ	12
κάγκελλον	12
κουρσώρων	12
Αὐγουστάλιος	12
σενδές	12
πρωτομανδάτωρ	12
ισαυροος	12
ϟθ	12
ΑΡΙΤ	12
Σωζόπολις	12
Οζίας	12
ἰδίωτις	12
Ἀλεξανδρίων	12
Μογγός	12
Σενέκας	12
ἀριστοκράτεια	12
ἀντίταγμα	12
νιοθεσίαν	12
ὁμονίας	12
συνωμία	12
φυγ	12
Χάρ	12
Νόνος	12
προνόμιο	12
ἀσοῦρ	12
Ἀσενέθ	12
ἀνάζημα	12
κατακλαίω	12
τύμ	12
ἄλχην	12
Χῶνις	12
τέγνας	12
χουροος	12
ἐρωμανέω	12
φεραυγής	12
Ἰμεῖς	12
ἴχ	12
κατοικικός	12
συμπεριέρχομαι	12
Κυνίσκος	12
προκώνια	12
Ἀρκεσίλα	12
ἐξιδιόομαι	12
ἀφθαλμῶν	12
τοιαύθ	12
Μιθραδάτης	12
χρυσίτης	12
δλῶν	12
περίαμμα	12
Πτώχιας	12
ἀφορί	12
ἀπόφοιτος	12
Άρτιν	12
ἀναντία	12
ἐπίχρουν	12
ιερωνυνεος	12
περίσσευσις	12
ἐπικεισίας	12
θόρυ	12
Θυρίδης	12
Πυρός	12
Δεξίας	12
πλημμε	12
Γινώθι	12
πρότος	12
ανθρω	12
συννόμως	12
ἠλήημι	12
Θυῖος	12
ἀκρυπτος	12
συμμεθιστάω	12
ἀνήλατος	12
Τηρεῖν	12
πρόσθεμα	12
καρπογόνος	12
κισσάω	12
ὡραισμός	12
ἀποκατα	12
δογ	12
Λεόν	12
Τουτός	12
νυκτ	12
ΔΔΔ	12
δευος	12
φωτερός	12
Τότης	12
ουργίας	12
ἰδρύω	12
διετλην	12
Ἐνάς	12
τάρτα	12
Τάρτη	12
Δηίλοχος	12
Θουκυδίδειον	12
ρακλῆς	12
Ἄμμος	12
φλεγύης	12
Ἀριστόνοος	12
Σάνθου	12
Μεγ	12
ἑδασίλευσεν	12
Τανίτης	12
ὀξυκέφαλος	12
εὐδόξως	12
θρους	12
παρακαταβάλλω	12
Νικίδης	12
Ἐλευσῖνάδε	12
Κυδαθηναιεύς	12
καταπεφρονηκότως	12
ασ΄	12
σνϚ΄	12
ξϚ΄	12
ἰδρέω	12
ΝΦ	12
ἀδόντες	12
Στάρχου	12
Ὀρθωσία	12
Κιθ	12
ἐπίγονοι	12
Σόλιοι	12
πέλτης	12
Βαρσίνη	12
κεφαλίζω	12
Ρέυ	12
Θαλ	12
Λεοντάριον	12
Ὀνᾶς	12
ὀφελός	12
προποιέω	12
τραυλίζω	12
ἐπιρροθέω	12
τιθός	12
προπροκυλίνδομαι	12
διαμφίς	12
παρακελευσματικός	12
βπλ	12
Δκ	12
τξα	12
τετραγωνῶ	12
Δγα	12
σονος	12
ψπδ	12
δκς	12
ἀντιπεπόνθησις	12
ὀξυδερκία	12
ἑρπετόδηκτος	12
ὑέλεος	12
ἐπισχίζω	12
αφέψημα	12
προμαχώνας	12
Ἑξαμίλιον	12
Τουραχάνην	12
Κόλιν	12
ἄμοιος	12
ἄγι	12
Ἔκφαντος	12
ἐνεαῦθα	12
Μετέωρα	12
ἐκτελέθω	12
Ἡρᾶς	12
Δίας	12
ἀνεπανόρθωτος	12
τριβ	12
Ἱερ	12
εἰμαρ	12
βότρως	12
Βεργίλιος	12
ἀερσιπότητος	12
λύγνον	12
Βάχου	12
σφάρα	12
Λακεδαιμό	12
ὑφαῖνπάζω	12
πολυανδρεῖον	12
οὑκ	12
καταληπτέος	12
Φάλεκ	12
Σαμένου	12
σπατίλη	12
Μάσας	12
Γάργαρος	12
Γαῦρος	12
Γενέθλιο	12
ἀσπιδής	12
φθισίμβροτος	12
Κέας	12
Μήκων	12
Σκιάς	12
ἐπίσκυρος	12
στίμμις	12
Ἠλ	12
περάσιμος	12
Σικελ	12
παρότι	12
ἴημα	12
χυν	12
Λώρα	12
οἴσμα	12
Μερίς	12
ΕΖΔ	12
ΔΒΑ	12
ΒΘΑ	12
ΓΘΑ	12
ΩΨ	12
Συναγ	12
ΝΗΞ	12
τωτέστι	12
πλούταρχος	12
τοὐνθένδε	12
τετράμοιρος	12
Ἀγχούς	12
Φάκεε	12
νωτόφορος	12
προσφωνητικῶς	12
Λαχείς	12
καθείργνυμι	12
ἀειδεῖ	12
Διαλεγμένου	12
φόλλις	12
Ῥαββάθ	12
λεοντιάω	12
Θῆμος	12
θόγγου	12
Στύρα	12
νέκνας	12
Ἀλαστορίδης	12
Βοιβηΐς	12
ὀ	12
Μύριννα	12
παρλαγοναω	12
προεκθετικῶς	12
ὀρίδρομος	12
βότον	12
Νείων	12
μελίχιος	12
ικιεπομαι	12
χειρότερος	12
μογθηρίαν	12
δυσαριστοτόκεια	12
ἄμωτον	12
ξινός	12
σιτ	12
ἀστροθεσία	12
Λύμαιος	12
Δίχων	12
ἐνασχολέω	12
Χρυσταλλού	12
παρακερδαίνω	12
Οἰδάρας	12
ἔνθενπερ	12
Δεβώρα	12
Σάδωκος	12
Ἀσαμωναῖος	12
Ἀγριππῖνα	12
Ἀδίαν	12
Ὀσροηνή	12
ψυκτέον	12
Τερμινθίνη	12
κστ΄	12
Βρυτία	12
λινόσπερμα	12
πυριατέον	12
ἱππομάραθρον	12
δυσπνοικός	12
προσεπισκέπτομαι	12
ἐπόμβριος	12
βήχη	12
μωλύνω	12
Παφνουτίου	12
Ἐπιφί	12
σευτλομόλοχον	12
ἐλκωθῇ	12
διαβο	12
Ταρχανειώτην	12
Μελενίκον	12
φλγ	12
Ὀρνά	12
Εῆς	12
Ερκούλιος	12
Σίλβεστρον	12
θασιλέα	12
κοῦρσον	12
Ἅννας	12
Στουδίτης	12
σύλλαβον	12
Ὕαντες	12
Φάγρης	12
αὐθενσίαν	12
ὑπέρθεος	12
Δαυλδ	12
ὑποστάτις	12
Βέκκου	12
Χούμνος	12
λιοπειδιδωμι	12
πορεῖον	12
ἐξίωσις	12
ἀφραδής	12
ΡΗΘ	12
Σαφρά	12
αγόρι	12
ἅμιπποι	12
τριπτήρ	12
Νάγιδος	12
Νηρίς	12
λαμπρισκω	12
Ἀρκεσίλεως	12
Πλαταιεῖς	12
ωογ	12
ΚΑΛ	12
βαρύκτυπος	12
Ἀτταλίς	12
Ἰόβακχος	12
νεῖχος	12
ἀντιφάρα	12
τηλέφιλον	12
προφήσεως	12
χαρπουμεθη	12
Διωτογένης	12
Σωπάτρον	12
γράστις	12
Αἴθρη	12
ΔΔΗΔΟΝ	12
Κύρν	12
Ανδραγάθιος	12
Αρβογάστης	12
Σαοῦλ	12
πρισκιλλα	12
λαχανόπωλις	12
αὐποῦ	12
Χαναανᾷ	12
ευτελής	12
Φουά	12
Ἄβ	12
μεσωρί	12
αειθαλής	12
διαμειδιάω	12
ανερριπιζετος	12
Κωκαλᾶς	12
Τζαμπλάκων	12
Σηρική	12
Μομιτζίλου	12
Γεννούᾳ	12
ούζο	12
ἀσάμβαλος	12
Σπεκτάτος	12
Σπεκτάτῳ	12
καλλιοπιον	12
ύντα	12
Βαλαμήρου	12
τ̃	12
Καμάρ	12
Ζέρξης	12
Ζήμαρχος	12
ανδιγη	12
κουδρουβος	12
βΑΡΙΤ	12
ἀπορροιβδέω	12
θεηγενής	12
Καδμῖλος	12
κεραελκής	12
ἐπισεύω	12
Χεισῷ	12
άδηκτος	12
ἐρέττω	12
δίπολις	12
σίλψιν	12
απαλοσαρξ	12
σῆρατα	12
ἁματίζω	12
Τόνιου	12
η΄΄	12
Περπετούα	12
προποτιστέον	12
Ὀστ	12
Φιλαίνων	12
Τάκι	12
τάλλω	12
αρναχιδηω	12
Πομπίσκος	12
Μεγαλέας	12
Ἐγνατία	12
εἰσφύω	12
ἐσιτητός	12
ΟΛΡ	12
ἀποτρίζω	12
πλειονεος	12
ὠία	12
διαβεβαιωτικός	12
Ζήν	12
Γάζερ	12
Ἰεροβάαλ	12
Ἀγσεις	12
Κέμμενον	12
Συντίπα	12
σολοικ	12
Ἀχροδίτη	12
ἐγκυλίνδω	12
Vεσπασιανυς	12
τετανόθριξ	12
προεξέρχομαι	12
αὐτόχειρος	12
Κυάνεαι	12
ἀστάνδης	12
ἀμφιφῶν	12
καιρόω	12
διφρίον	12
Ὁδίος	12
μύλαξ	12
τεμενίτης	12
Κάλυδνα	12
Ρᾶρος	12
τρικόλωνος	12
Κύναιθα	12
μηδίκη	12
ἀραχναῖος	12
Γαυγάμηλα	12
ἀτίω	12
Πλάτωσι	12
κοχλίδιον	12
ἀναύξητος	12
Χάροπος	12
Δικανίκας	12
συνδιαλύω	12
προσποιητής	12
ἄθυρος	12
τρισευδαίμων	12
παίδειος	12
ἐμπυριβήτης	12
Πανιάς	12
ὑπέροπτος	12
ἀρθμός	12
ῥινηλατέω	12
τάβλα	12
ὑπόχρυσος	12
διλιμνιος	12
μελάνωσις	12
Ποδᾶς	12
τριλοφία	12
καλύπτης	12
Μύρκινος	12
Πίασος	12
Ἀσωνίδης	12
θριδακίνη	12
ἀνισοταχής	12
ἀοριστέω	12
Ἀντιφέρων	12
αδόξαστος	12
ἀνάπνευστος	12
παλαιστικός	12
φυσιογνώμων	12
ἐμφιλόσοφος	12
ψαλτικός	12
προθνῄσκω	12
Φρόνας	12
Ποτώνης	12
δοκόω	12
ἀμφικτυονικός	12
καγχάζω	12
σφαιροποιία	12
ασωτία	12
ἐλαττωτικός	12
ἀντιδωρέομαι	12
Παγαί	12
αλυατη	12
ἀκυρολογία	12
ἀνθυποστρέφω	12
τεκνοποιία	12
αλιευτικός	12
ἐπίτονος	12
ηλιδιος	12
Θαλάσσω	12
Γεράσιμος	12
ἑτερόφρων	12
Χρύσιλλα	12
αὐλεία	12
Λεόντιχος	12
συμπαίστωρ	12
Κεκρόπιος	12
οὐατόεις	12
σκῦρος	12
θελξίφρων	12
Πάνημος	12
εἰνάς	12
ὠμόθυμος	12
ὑστερόφωνος	12
σκωληκοειδής	12
μηλονόμος	12
ἀκρατισμός	12
Σκιάποδες	12
κῶνα	12
εἰσαγωγός	12
Κουσάν	12
Οζάν	12
Πόλτυς	12
Εὐρυπύλη	12
ἐνναετής	12
Θεσπρωτικός	12
Κρίμισα	12
ἀφρονέω	12
ὑδέω	12
μελειστί	12
ἀχλυόεις	12
αχανές	12
ενάντιος	12
ἐλεφαίρομαι	12
ἄριζος	12
ἱστοπέδη	12
Τέτη	12
προβλήτα	12
ῥυστάζω	12
τετράγυος	12
ὀβριμοπάτρη	12
ὀρσοθύρη	12
προΐκτης	12
Βαίβιος	12
πόλιτις	12
ἀναστέφω	12
Ἀκύλιος	12
Ἀρουακοί	12
Δορύλαος	12
προστερνίδιον	12
ἄλεκτρος	12
Μινώα	12
κραπαταλός	12
τραχηλοκοπέω	12
πικέριον	12
ἐπίγρυπος	12
ἀντιτυγχάνω	12
Σκαμβωνίδης	12
σπονδικός	12
τριπόδης	12
νωθρεία	12
βολαῖος	12
κατάσχω	12
Στασάνωρ	12
Ἰνάρως	12
Ὀρμενίδης	12
ἐνίσσω	12
ἐπεσβολία	12
μισολογία	12
μασχαλίζω	12
ἀποθριάζω	12
ἐπύλλιον	12
προκυλινδέομαι	12
Πελλάνη	12
εὐσωματέω	12
κενταυρικός	12
γονεύω	12
διδυμοτοκέω	12
ἰσοδρομέω	12
διαθιγή	12
ὕστριξ	12
καπράω	12
φασσοφόνος	12
κεραίω	12
στασιωτικός	12
ἐκκαυλέω	12
κηπαῖος	12
Πόντας	12
συμφλέγω	12
πάτρων	12
συμπαρέρχομαι	12
καθυποκρίνομαι	12
ἐμετός	12
συζῶ	12
Ραθ	12
υποτάσσω	12
πνευματομαχος	12
Τάφνας	12
κατάκλεισις	12
ὑπόθεμα	12
μεσοστάτης	12
ἰχνευτής	12
ἐρινός	12
Βοιωτίς	12
ἐπέσθω	12
ἐπάϊκλα	12
ἐπαποστέλλω	12
ὄρφος	12
θυννοθήρας	12
τανυσίπτερος	12
ἱερώνυμος	12
Σκυθῖνος	12
παγκαρπία	12
ἐκτόπιος	12
θεόγνητος	12
κατασιγάω	12
πεφυσιωμένος	12
Σουφείρ	12
ἑτεροδοξέω	12
ἐπιστενάζω	12
Ἀμασεύς	12
μύρμαξ	12
ἐμβρίμησις	12
προσκατασκευάζω	12
ἀγγελιώτης	12
θαρσήεις	12
Τευκρός	12
κοντοφόρος	12
Ταρράκων	12
Νέρουα	12
ἀνάκρουσις	12
χείρωσις	12
Δομιτιανός	12
συμφοιτάω	12
συνεπισκέπτομαι	12
ἐμπερίτομος	12
ἐπιστύφω	12
Μέσι	12
ἐνανθρωπίζω	12
παντρόφος	12
εἰκονισμός	12
Ἀμεσσίας	12
μονογαμία	12
φωταγωγέω	12
Ἰεκτάν	12
ἀνθομολόγησις	12
ἐξυδατόω	12
προσχαρίζομαι	12
ἀπομιμνήσκομαι	12
ἀνερπύζω	12
ὀξυήκοος	12
Λευκάτης	12
παμπλούσιος	12
συμβαδίζω	12
ἀφαιρετικός	12
νευροκοπέω	12
ταυρόμορφος	12
κωλυσανέμας	12
προσομιλία	12
κάπνος	12
ἔποικα	12
δοξάρι	12
μανᾶς	12
Μάνας	12
συνθηράω	12
δαρμός	12
δηλοποιώ	12
ἀβουλῶ	12
Διόκλεια	12
στέψιμον	12
στεφάνιον	12
ἀραβίς	12
Βαλέριος	12
ἄκερος	12
Στρατήν	12
γυμνάς	12
Ροτ	12
μέλησις	12
περιχαράσσω	12
ἐξακισχίλιος	12
Δράγγη	12
Ἀρσίτης	12
ἰχθυώδης	12
ποδαγριάω	12
ματαιολογέω	12
Αγιασμένος	12
γονάω	12
χροίζω	12
Γίς	12
μεταδρομή	12
καταβροντάω	12
κυνάρα	12
βδελυγμός	12
βαλλίζω	12
καινουργία	12
γηροκομέω	12
ζήλωσις	12
ἀκιβδήλευτος	12
ἰσοφυής	12
διακος	12
Ψηφή	12
Γηρσάμ	12
αφομοιωτικός	12
ψυχίον	12
ἐξορμίζω	12
Ἱστιαία	12
κατάβλημα	12
Μαρωνίτης	12
ἠλάσκω	12
ἐρεσχηλέω	12
κρομμυών	12
δυσείσβολος	12
Παρθυαία	12
Ἀδραμυττηνός	12
κιλίκιον	12
Ἑρμίνιος	12
προοιμιάζω	12
ἀστεροειδής	12
θρόμβωσις	12
γωνιώδης	12
σησαμοειδές	12
λευκάνθεμον	12
ελκυσμός	12
ἀνισόω	12
ἱλάειρα	12
σπηλαιώδης	12
Ἱστίαια	12
Βύβασσος	12
Φόρμις	12
προσφιλοτεχνέω	12
άπειρος	12
προχόω	12
ζῶσις	12
Ἀμιναδάμ	12
δευτερόω	12
συνδημιουργέω	12
ἑορτάσιμος	12
φυλλοβολία	12
ψυκτήριος	12
πρόμαλος	12
κηκάς	12
λειτός	12
Άντον	12
τραγανός	12
δυσέκπλυτος	12
σκάλλω	12
καστάνιον	12
χλευαστής	12
ὁμορροθέω	12
ἀροτρίασις	12
ἐκβράσσω	12
πολύχορδος	12
ἁλμός	12
αχός	12
ὑπερπαίω	12
κρυπτάδιος	12
σιασμος	12
προκόσμημα	12
Ἄναια	12
ἀποπλάνησις	12
ἀποπειράζω	12
ἀστραγαλίζω	12
πολιμος	12
ἐλαστρέω	12
εἰκοσινήριτος	12
Σαλμώνη	12
Δαφίλης	12
διστακτικός	12
πείνω	12
διαπλαστικός	12
ὗβος	12
ἴδικτον	12
κάρανος	12
ἄορνος	12
Χοράσμιοι	12
Δάνδαμις	12
Βεροιαῖος	12
γειτονεύω	12
δύσοδος	12
ἀπερίοπτος	12
Ἡλιοπολίτης	12
ὄχρα	12
ἐπιτροπία	12
ἀφορέω	12
Ντιν	12
χρυσοποιία	12
παλαιστρικός	12
προσαυξάνω	12
Κράνων	12
Περιγένης	12
Πασικράτης	12
διανοσέω	12
καταπορέω	12
γρυπόομαι	12
ἀποβλαστάνω	12
πολυχρονία	12
ἔκροια	12
ἀρχιεπισκοπή	12
Ἀμοραῖος	12
ερημικός	12
σκίρτησις	12
ἀνάρρωσις	12
Λούπερκος	12
καταπλουτίζω	12
μεγιστασις	12
συμπόσιος	12
ἀγαθοπρεπής	12
πάναγρον	12
ποικιλτικός	12
υπέροχος	12
Μάλλα	12
κρατήριον	12
Λυσίθεος	12
καπρία	12
ὑποβρέχω	12
πεντηκόντερος	12
Λευτυχίδης	12
Βοῦλις	12
ισόπλευρος	12
συσμηρίζω	12
δυσηλεγής	12
ἁλιόω	12
νωτοφόρος	12
θρηνώ	12
λάσθη	12
ἀπατεύω	12
ἀπομαραίνω	12
χρυσάνθιον	12
δραχμίς	12
ὑποχωρητικός	12
προσπεριβάλλω	12
ἀρθρόω	12
ουδιος	12
Ἔννομος	12
ἐξεσία	12
καλλίρροος	12
Εὐξένιππος	12
ἐνδυναστεύω	12
Γεσέμ	12
ἀνάπνοια	12
Ἰωσῆς	12
διεισδύνω	12
Ἑρμαϊκός	12
σύμπεψις	12
μόρα	12
θαλαμεύω	12
περιθεωριον	12
Τζιμισκής	12
ἀργυρισμός	12
ὁλκεῖον	12
συμπιλέω	12
ὑποβιβάζω	12
Δωριστί	12
πρωταγωνιστής	12
ἐπιχαλάω	12
λιθιακός	12
Σαχαλίτης	12
ἀπάπη	12
δεκαδικός	12
περιλάλημα	12
πολύγλωσσος	12
ὑψιτενής	12
σερvιλια	12
φυγόδεμνος	12
ἑώιος	12
Κανδιδιανός	12
χρυσορρόης	12
σιυπλικω	12
Κρότωπος	12
Ἀριστότιμος	12
φιλοπαθής	12
δορκαλίς	12
κατατιλάω	12
Κνῶπος	12
ἑλεδώνη	12
Παλμύρα	12
Ζάμης	12
Ἰλδίγερ	12
χρυσοκόκκινος	12
Κυταῖος	12
Λακωνίς	12
μαλειητω	12
ἀντίπετρος	12
παπύριον	12
Χελωνάτας	12
Ἀλκυονίδες	12
ὀρνίζω	12
κόσσαβος	12
πολυόφθαλμος	12
ἐκλακτίζω	12
διάβαθρον	12
τονθορύζω	12
κιβδηλία	12
συρτός	12
παππάζω	12
ἐπίζευξις	12
Ἰτώνη	12
Μάμας	12
χονδρός	12
Μάλος	12
Ἔντελλα	12
Καλαύρεια	12
Τουρδητανία	12
Μαρμάριον	12
Ἡρακλοῦς	12
μάομαι	12
διαδέρκομαι	12
ἵλημι	12
βεῦδος	12
καιδέκατος	12
νωτίζω	12
προφωνέω	12
ἀπένθητος	12
Σίνδα	12
ναύφρακτος	12
τηρός	12
ἐξιδιοποιέομαι	12
ἐκτοπισμός	12
ὀλολυγών	12
δαίδαλμα	12
ἐκμέλεια	12
ἰάμβιξ	12
ἄμφωτις	12
κατερῶ	12
Ἡρίππη	12
βρομέω	12
χορδαψός	12
βοηθεμ͂ος	12
σφυγματώδης	12
ὀσφρητικός	12
αντιτιθέμενος	12
Ἀντικός	12
ἐπιμαχία	12
ὑφόρασις	12
ἱερομόναχος	12
θολοειδής	12
δημοκριθη	12
εὔοχος	12
σκοτοδίνη	12
ψάλλιον	12
αποσε	12
ἐξιππάζω	12
νεκροφόρος	12
μυωπίζω	12
ἄντος	12
ὑπογραμματεύς	12
ἀντιρρητικός	12
σακεσφόρος	12
αδρός	12
άμαθος	12
ὀψοποιέω	12
Παρέχο	12
Γλυκύς	12
μπα	12
τραγόπους	12
Σμερδίας	12
βιβλιακός	12
νήριθμος	12
πολυκτέανος	12
σοβαρεύω	12
Ἀνῦς	12
ὑπεροπτέον	12
Ἰαπετονίδης	12
πολύκριτος	12
φοιβάζω	12
Δυσπόντιον	12
Λάων	12
λάχνος	12
Πιτυοῦσσα	12
καλλίζωνος	12
Κυνώ	12
Ἐρασινίδης	12
Ἡλιουπολίτης	12
δέφω	12
Εὐρυμένης	12
κισσεύς	12
σπέρω	12
ὀνήας	12
θελήμων	12
μνης	12
νεοπολίτης	12
διαθροέω	12
συνεπηχέω	12
ὑπέρπαχυς	12
Μαχάρης	12
Ὀξάθρης	12
Φέα	12
κυλίνδριον	12
αρκαδικός	12
κατάφορος	12
Κρῖνις	12
Δόικα	12
Δαμᾶς	12
μεταγραφή	12
συνωδά	12
δίχαλος	12
Λέαγρος	12
Γογγύλος	12
Δάτων	12
πάρδαλος	12
ἄνθημα	12
Ἀραχώσιος	12
εὔπηκτος	12
ἀτιμαγέλης	12
μελανόπτερος	12
ἐπαναίρω	12
καπανικός	12
τεράτευμα	12
ἰσωνία	12
Ἔλλο	12
γνωρισμός	12
κυανοειδής	12
τραγάω	12
σκυτικός	12
ἀκολουθητικός	12
Λέγα	12
Κύθνιος	12
προχώρησις	12
ἄποδος	12
φαρισαϊκός	12
κουφολογία	12
μόλυβος	12
Χάρμον	12
τοπογραφέω	12
Φυρόμαχος	12
εἰσκωμάζω	12
βεμβράς	12
πλώς	12
ἀγερμός	12
Χρυσόγονος	12
ἐπισχετικός	12
φυλλώδης	12
κατάλειψις	12
βλαστόω	12
γελαστός	12
δυσπιστία	12
γελοιαστής	12
ἀνθολκή	12
προσδεής	12
πολυγαμία	12
κλαυθμυρίζω	12
τετραπρόσωπος	12
δικαίος	12
Ὀλμειός	12
ἐφοδηγέω	12
εὐέμπτωτος	12
ἐγκυλινδέω	12
Μάρτις	12
εἰσβατός	12
ὑπόπετρος	12
τρυφητής	12
ἐνδελέχεια	12
απρεπής	12
βότανο	12
γιαυος	12
τιμόνι	12
σκυτεῖον	12
παρέπω	12
ἐξανιστάω	12
Κύβιστρα	12
Σουσάν	12
Ῥαγουῆλος	12
εὐτρεφής	12
άχυρο	12
δυσθυμέω	12
διαφυσάω	12
καταθρασύνω	12
Εὑρέτης	12
σομνα	12
ἀλόησις	12
βολέω	12
δυναμφοτερος	12
χροταφος	12
κυμβαλίζω	12
λαγώ	12
Αἴθικες	12
Κιμ	12
συναλαλάζω	12
Ἀμυνόμαχος	12
ἀναισθέω	12
ἐλευθεροστομία	12
κατασταλτικός	12
προσαντλέω	12
πλημυρέω	12
Λεοντάρι	12
Χίρων	12
ρίμα	12
ἀπαιωρέω	12
πλησιέστερος	12
διαμέμφομαι	12
Αἰλείμ	12
επαρχικός	12
ἐπαναλίσκω	12
Μελανεύς	12
Γυγαία	12
Ἄργης	12
ἀβαθές	12
ταμειόω	12
ρόδινος	12
ὑποτίθω	12
χυλόω	12
συνδικαστής	12
περιτρομέω	12
Βασιανός	12
Ἀρτάνης	12
Γαλαδηνή	12
ἐξεκκλησιάζω	12
Σκυθοπολίτης	12
Σεπφωρίτης	12
Βιτέλιος	12
ὀγδοαῖος	12
αιμορραγικός	12
ἀπάλλαξις	12
διμηνιαῖος	12
μελισσών	12
συχάζω	12
Μαιῆτις	12
ἀναφυράω	12
ἀποχαράσσω	12
Κρουνοί	12
Δαμοφῶν	12
Ἀμαζόνιος	12
ἐπάθλιον	12
γενεαλογικός	12
Κολχός	12
Ὀκταούϊος	12
λεπιομερα	12
Τρῆρες	12
Βουλινός	12
Ῥηναίη	12
παντιβιβλος	11
Ἀκέστωρ	11
νυμφόβας	11
ῥοδῶπις	11
πέτρη	11
ἐπαποθνῄσκω	11
αὐτόθε	11
ξενοδοχεῖον	11
σιφορος	11
ἀμαράντινος	11
λαδουω	11
μεγαλόνους	11
ἑτερόχροος	11
φαίδρα	11
Λευκάτας	11
τοιπ́ω	11
μηδένων	11
Κλυτομήδης	11
συμφερτός	11
ἀριστεροστάτης	11
λυσιτελούντως	11
σωθαίνω	11
τρικάρανος	11
Γοργίδας	11
κλεισίον	11
κατακλισμοω	11
Ήτος	11
ὠτοκάταξις	11
πέδιον	11
ἐπακτρεύς	11
χορακη	11
Διονυσίος	11
ἀμφιτάπης	11
προπόλιος	11
ὀθ	11
χειμάμυνα	11
Ἄορνος	11
μονῶ	11
Ἐρίγων	11
Καλλικῶν	11
πλούταξ	11
Πήληξ	11
Πίηρ	11
Ἑκατόγχειρ	11
Ἀμύνται	11
Ῥάφεια	11
Ἰλλυ	11
Φιλωτέρα	11
χις	11
θυν	11
Μινώιος	11
Τέρμερα	11
Δερκετοῦς	11
εὐκαρπέω	11
ἀμαζών	11
Βέλβινα	11
Κυπάρα	11
λαΐνεος	11
Φιλιάδης	11
Αἰολίη	11
Μοψοπία	11
Τελχινία	11
Χαττηνία	11
Καρύα	11
ἀπαιόλη	11
Ματιανή	11
Προχύτη	11
Θορικός	11
Κήναιον	11
Γερούνιον	11
Ὀνύχιον	11
Ἀμαζόνειον	11
ἑκατόμβοιος	11
Κάλυνδα	11
Τρίκαλα	11
ῡσ̄	11
λάψ	11
νήχομαι	11
φιδῶ	11
προιτίδες	11
ἰδνῶ	11
λιμπάνω	11
φνεί	11
πρῴραθεν	11
κουρίξ	11
κᾶτα	11
ΚΟΘ	11
πολύχειρ	11
βολίτινος	11
εἴρυμαι	11
φίν	11
περίκηλος	11
φιλοφρονητικός	11
τοὐκ	11
λατόμιον	11
εποχούμαι	11
τοσαῦτος	11
Στέας	11
Λεώς	11
νεωλκία	11
ἀπεκ	11
ΓΟΣ	11
Κλένιας	11
οἰκειόομαι	11
Ἀργᾶς	11
Ἀγαπᾶς	11
Ναυβάτας	11
Ἀγαθᾶς	11
ἀναγκαῖον	11
Πυθόχρηστος	11
ἐναροκτάντας	11
Ὅπλων	11
ἀγκυλητός	11
Γενέθλιον	11
κῖκυς	11
Ῥύπες	11
στόμις	11
Αἰσχύλειος	11
μανδύα	11
εὐνητήρ	11
ἁμάρτιον	11
ἀντευεργετέω	11
ἀπιτέος	11
μεθιᾶσι	11
Ἀλώπεκος	11
φοσσάτον	11
ὄπλον	11
λήλη	11
Σαρδῷος	11
Αἰλανίτης	11
Περίκλεια	11
ἀγλάϊσμα	11
εὐόμιλος	11
εἴσδυσις	11
σμένοις	11
Βάλας	11
ὑποκάρδιος	11
τιά	11
ἐγκεφάλος	11
Ὀμηρικήν	11
τριλάγυνος	11
πεντηκοντακέφαλος	11
δάκτυ	11
κεράμειος	11
βλίσσω	11
φωνος	11
Ρόντι	11
Σμικρίνης	11
νίως	11
πρατός	11
παρεγ	11
χαιρέτωσαν	11
Μάνθα	11
Καλυ	11
κάρρα	11
Κλη	11
Ἀπριάτης	11
μουνιος	11
Ὕδατα	11
φοῖτος	11
κύμ	11
μίλη	11
Μενάλχαν	11
Αἰόλιος	11
Ἄψος	11
Μάγνησσα	11
παραχώρημα	11
ερυθειος	11
ἀπόπρο	11
Οἰκιάδης	11
Πάντις	11
ετυγε	11
πίστη	11
Ἐπῶς	11
ὕνα	11
δυνατέω	11
Κακονά	11
πηοός	11
ἀνδριαντοποιηδικός	11
Φρύννις	11
ειοος	11
Άνας	11
αἰτητέον	11
ἰσχνασία	11
τοπόω	11
συνεπεκτείνω	11
σημβρίαν	11
σύμφασις	11
πυρακτωμένος	11
μυλίας	11
νά	11
Καΐνο	11
ἀκροχορδών	11
διαπασῶν	11
αἴνημι	11
κεδαιμονια	11
λέξανδρος	11
τοιούθ	11
σείσων	11
ἐπωνύμιον	11
Θεμοῦς	11
Πίννας	11
καύσιμος	11
ἀντίνυ	11
γυμν	11
Ἡμέρη	11
Κωμική	11
μακρολόγος	11
μετατύπωσις	11
ὄφιλω	11
ἀδυνά	11
νιμον	11
λεπτουργέω	11
Σωχράτης	11
χείω	11
πρόπος	11
δυσαντίβλεπτος	11
φθόριος	11
μάρ	11
παιθητικον	11
Χαμαλέων	11
αβρός	11
Τιμόκριτος	11
εὐπρε	11
Ἀνάνιος	11
ἰστέρας	11
δύγχος	11
περίνησος	11
ἀδωνιάζω	11
Ἀνάκειον	11
αἰτιάζω	11
ἰσογράφος	11
Φλ	11
ὁμοιομερῶς	11
αὐτόγονος	11
Άντου	11
περυαν	11
κινούω	11
ρ́ω	11
δειπω	11
ἀχρων	11
ἐμμενετικός	11
Ξενοφάντης	11
Κόλουν	11
ὁμιλητέον	11
ποιγθήσκω	11
χαρπουντ	11
χάρμης	11
Οὐρσέλιον	11
εἰσόδιος	11
ὁπλι	11
χοιροσφάκτης	11
αδαής	11
διεκφεύγω	11
Κουράτορα	11
κατασυστάδην	11
πλείστως	11
ὑπογραμματεύω	11
Ἰσαγγέλη	11
Ἰσαγγέλης	11
Καμύτζην	11
ὁποιδήποτε	11
Ανεμάς	11
αυταδέλφη	11
σουος	11
Κανίνα	11
ξυρός	11
Βαλδουίνῳ	11
ἀστένακτος	11
ἀστακτί	11
ὑπερκύδας	11
παραινετικώς	11
δώρο	11
ΚΨ	11
ἐπείτοιγε	11
ἰδιόκτητος	11
πρόσφυγος	11
Ἑλικωνιάδες	11
βησσήεις	11
Ἀπάτην	11
Εὐδώρη	11
ὀκτακισμύριοι	11
προμύθιον	11
τειχιστέον	11
λατταν	11
ἀωρέω	11
ἀποτέρω	11
ποικιλεύς	11
ὁῆμα	11
φιλοπ	11
ὕμβρων	11
λωσε	11
μανίκια	11
Βόλια	11
Εμάρ	11
ὀλιγαχοῦ	11
προλαμ	11
εὐπεριόριστος	11
Μέιρα	11
ἀνιᾶσι	11
πεντηκοντάδραχμον	11
εὐάερος	11
αψύς	11
σωφ	11
ἀπόδεξις	11
ερμογενη	11
Ρομέν	11
ἀναφέσεως	11
επιδίδομαι	11
μητριάω	11
πολυσυντιθημι	11
ράομαι	11
τῶθος	11
ὕμβρου	11
ἀρμοδιώτερον	11
προοις	11
Καλί	11
Κρινομένης	11
ἔρετο	11
ξτι	11
Ἀρῖνα	11
ππος	11
ἐπανάλγησις	11
Λισίας	11
Κλεωνᾶς	11
ἰσοκράς	11
προυπαρα	11
τουνἐστι	11
ελλείπων	11
μητρία	11
ἀνταύω	11
ειλογαω	11
Τύρων	11
γορος	11
Ρουμένη	11
Πεννή	11
γύναιο	11
ἀντιπα	11
ἀσύ	11
καταστοχάζω	11
εὐαργετέω	11
βίπτει	11
Ἰοραήλ	11
Ἰκονιεύς	11
σκευ	11
ἑπτάζωνος	11
Ἰωνίς	11
πρωτόμαχος	11
εὔλαλος	11
κρᾶ	11
Λαμπρῆς	11
λαγωβόλον	11
ῥύτωρ	11
ἕλιγμα	11
κἀκ	11
κάσιος	11
Λευκοθέη	11
πολυστένακτος	11
ἀρκτοῦρος	11
τῇδε	11
Μακηδονίη	11
φθισήνωρ	11
φιλεύιος	11
λᾶα	11
Πολύφαμος	11
Μελίχρους	11
εὐνάν	11
χἁ	11
ἀνδρείκελος	11
Θεόπομ	11
Απολλωνίου	11
σκθ	11
Βούπλαγος	11
Βελίας	11
Ληναῖος	11
Τηλεγονία	11
ομηριδαις	11
δίχρους	11
Ἰθώματας	11
ἀστρονο	11
Ἀρείων	11
μολίσκω	11
αναγράφω	11
Μαχαρεύς	11
παρά-σχάω	11
ἰδιοπραγέω	11
εὐποιητικός	11
ἄσχος	11
τήδειον	11
ἐφίππιον	11
δημνιος	11
Χοιρίων	11
λειποθυμάω	11
Κελ	11
πτρον	11
ράδειγμα	11
ἀφρῶ	11
νυμφ	11
πορφυ	11
Σινωνίδα	11
Λάφριν	11
ἀπαλώτερα	11
τοξάριον	11
Τίτυρος	11
σποτα	11
τέθαρπται	11
Σεϊάν	11
ὅποτ	11
Μάρτυ	11
ξασα	11
ῥάχος	11
ἐπάζει	11
ἔλοψ	11
Κρίου	11
ὑπερηφάνεια	11
Μέρμερος	11
Πολύκτωρ	11
Δυνάστης	11
Πολύξενος	11
Καλλιγενεία	11
Χῶνες	11
Αἴγεστα	11
δοικε	11
σακκοπήρα	11
ἀγχόθεν	11
εὐρυκρείων	11
ΑΘΒ	11
Θαυμασίων	11
Κόσσα	11
ἐπιτάδε	11
Λάττη	11
μέξεως	11
δάμασις	11
δυσκατούλωτος	11
Τερ	11
καταΐγδην	11
Δολίονες	11
αὐτόγυος	11
καρπάλιμος	11
ἐξέφανεν	11
στήω	11
καταζαίνω	11
ἄμπ	11
ἀποβρίζω	11
δυϊ	11
ὡκ	11
δίσκουρα	11
ἴκετ	11
ἐπαραρίσκω	11
ξοιξ	11
πινύσκω	11
ἰοδνεφής	11
λλε	11
γασιν	11
Ἰφ	11
καμμονίη	11
κατηφών	11
κυνάμυια	11
λίρος	11
πᾶλος	11
Μέμο	11
υρίως	11
σφαραγέομαι	11
χάδος	11
Βάκχευμα	11
Κῶνος	11
Κολωναί	11
Σίλφιος	11
σιλvια	11
διακλήρωσις	11
ἐρέθισμα	11
χρήστων	11
ἐκπαθῶς	11
Σεπτίμιος	11
κατάσκεψις	11
εὐτρεπῶς	11
ἐσπευσμένως	11
ἐστ́ω	11
ἡμερα	11
λιθολόγος	11
ἀναπλήρωμα	11
φιλοσκώμμων	11
ἀπάνωθεν	11
Ἁρχεῖς	11
Κέδρων	11
αλειμμένος	11
ανακτώ	11
φάβδος	11
λλος	11
μέντα	11
παραωνυμαω	11
πεζής	11
ἀήσυλος	11
παλίντροφος	11
ἀίνω	11
παρενόχλησις	11
Στρατής	11
ἆγε	11
Δρόμων	11
Φαιδ	11
ἐπιδινέω	11
αλιπαστος	11
Ἀνθίας	11
εἵρκεν	11
λέκος	11
τραγῆλον	11
δίνυρον	11
ἀπότμαμα	11
ΩΟ	11
ΡΨ	11
ΩΘ	11
ΑΕΙ	11
ΦΒ	11
τοσαυταπλασίων	11
ΦΖ	11
τραυλότητα	11
δίαιμος	11
ἄλθεξις	11
διαείδω	11
ἀσηρός	11
Εἰρίων	11
περιχαίρω	11
προδιηγέομαι	11
Σίκιννος	11
ἑταιρία	11
ὁμίας	11
δύσχηστον	11
Μέλιττα	11
ἅνιχα	11
ἐντεχον	11
Ἄριος	11
Ἑλληνιστί	11
γυμνασιαρχία	11
ἀποδοῦ	11
περικείρω	11
ὀρθαλμῶν	11
Αρχόντας	11
Ἔξαρχος	11
πάλλα	11
εἰκοσαπλάσιος	11
ΚΖΓ	11
ΥΑ	11
μετόπισθε	11
ἄλχη	11
οποποτος	11
χορυ	11
χερμάτης	11
ἀμέθυσον	11
Ἀωρίδος	11
βότρυνες	11
βοτρυναω	11
φυχῶν	11
Κρίσσα	11
δυναμῶς	11
αγώγι	11
διάμεσος	11
Βελημάς	11
σνη	11
ΔιάτονΘ	11
ἡμίᾳλφα	11
ῥύ	11
ὑποφρύγιος	11
ὑπλίον	11
πώτης	11
πρεπῶς	11
πεζ	11
γλύκων	11
Γέργιθα	11
θήριος	11
Ῥήσος	11
συγγρ	11
Ἄρρα	11
ἀπαλότητι	11
μοψουεστια	11
ρπζ	11
φαρμακοπωλέω	11
Μίλακα	11
μισέλλην	11
ἐπῆρα	11
στωρ	11
ἐπιστενάχω	11
ἐπιμειδάω	11
ἀσπουδί	11
ἐβδο	11
ἐνθ᾽α	11
ὑποταρτάριος	11
στρεύγομαι	11
λαχάνω	11
Αρίσταρχου	11
μάσημα	11
δεκάχιλοι	11
ἀπειροπλάσιος	11
λακές	11
προσχ	11
ἀνεψιαδοῦς	11
Δεμίς	11
κρότημα	11
βαυβάω	11
Μαίσων	11
ἐπιτετευγμένως	11
κανθ	11
μιλτόω	11
Εὐριπίδιον	11
Φασιανός	11
ὀμβροφόρος	11
Μελιτέα	11
ψυχρολουτέω	11
ὕρχη	11
μητρίδιος	11
πραγμάτιον	11
ἡμιτύβιον	11
τρύγοιπος	11
ἐξηγρόμην	11
ἄκουρος	11
ζῳογονία	11
λαβρότης	11
κηδεύσαντες	11
ψύσιν	11
ἀπηράσσω	11
Ἄγνοια	11
χύριος	11
τοῷ	11
ἐπιπόλασις	11
μαλακόδερμος	11
Βαρεύς	11
περιφύζω	11
Πειρίας	11
καθαπερανεί	11
χώννυμι	11
Ἀριστογένης	11
Καικίας	11
Σπαρτίων	11
περιαιρετέος	11
ἀκοινωνησία	11
ἀκερδῶς	11
φρονηματίας	11
περιορύσσω	11
παρακοπά	11
κύναστρος	11
ἄτρυγος	11
ὑπερβόρειος	11
Κριθηΐς	11
ἰήτης	11
ἀσυμφωνέω	11
ὑπόθερμος	11
περιπάτησις	11
ἀμβολιεργός	11
ἀπραγία	11
συκάζω	11
διεκπεράω	11
φιλόπρωτος	11
Δελφίνιος	11
καταπλύνω	11
λεπύριον	11
ἀνδροφονέω	11
Παραλλή	11
τερῶ	11
Ἀδαμά	11
ἀπινάω	11
Ἤθελος	11
πρόσκοψις	11
χρέγμα	11
ἐπισπορά	11
ἔργανα	11
Ἄνῶμ	11
καιποιεω	11
δοιπος	11
σχυ	11
ὕραξ	11
δεξαθαι	11
κεράζω	11
Κεντημένος	11
συνεπίσταμαι	11
διδασμάτων	11
ὀχλή	11
ρχθ	11
εὐφωνέω	11
τεχνήριον	11
ἕχρις	11
ανεπαισθήτως	11
ἀνενδεῖς	11
λαξε	11
αναπέμπω	11
κόκχος	11
Σηλῶμ	11
Μόρφω	11
τουνἐστιν	11
Βηθ	11
δῆπ	11
κατευόδωσις	11
ομοψυχία	11
ὅπαξ	11
ασέλγεια	11
ἀσυκοφάντητος	11
εὑρέω	11
γαλί	11
πηγ	11
Ἀπόκρ	11
ευτοριον	11
Ἄβραχαμ	11
Δεβόρρα	11
Κατάχ	11
Σοφωνίας	11
Θερσά	11
ἀπάντημα	11
ἐξέξω	11
περιβλέπτως	11
Γήρας	11
ἀγλῶν	11
εὐθύτονος	11
κατακλείς	11
δΗΓ	11
πεῦσμα	11
τῆχος	11
ἐπιλαμ	11
τευθός	11
Κύναρος	11
Ἀμφικλῆς	11
Θεόγνητος	11
Λυκέας	11
ἐξημοιβός	11
οἰνοποτέω	11
Ἀνδρείας	11
ὀκλαδίας	11
σίρις	11
μετά-ἀμφιέννυμι	11
πότις	11
ἐναποθνήσκω	11
ἀχόρευτος	11
Βήρωσος	11
ψήν	11
Ἑλλώτια	11
συνδιαιωνίζω	11
πρόσφαγμα	11
ΔΘΖ	11
Θήβα	11
Κίρ	11
Ὀσροηνῇ	11
κερματιστής	11
Πλείστων	11
Ρ̓ᾶρος	11
Εὐκλεῖς	11
πανηγυρίαν	11
Δόνης	11
γυμνωμένος	11
πτωχή	11
πεπρωμένη	11
ἐπισκέπω	11
ΕΥΝΟΜΙΟΥ	11
ηδισαω	11
ΡΙΖ	11
Σία	11
ανεχόμενος	11
κα᾽	11
ἀπροσπαθῶς	11
λόμενα	11
Χαρίτος	11
ἀνταπο	11
δουλευτέον	11
ρισμένα	11
κατηρτίζω	11
συμμερίαν	11
παρασχάζω	11
σκίασις	11
επανακάμπτω	11
ὀστρακίνον	11
ἀπαρεγχείρητος	11
εὐχρησίαν	11
επικειλαας	11
Πολυτρόπος	11
εὐξείας	11
καταπλαγής	11
εἰστιτρώσκω	11
Ἰούστος	11
ἀποτεταγμένως	11
ἀπάξιος	11
θαυματόω	11
ἐπίσιν	11
Ἁδέα	11
διαδηλόω	11
δυσχ	11
νεκρό-χρως	11
σχέλιος	11
ἰχνεία	11
Ἀηλίος	11
Σεβεννυτικός	11
Μέλαιναι	11
Καλλιφῶν	11
Κροτωνιήτης	11
Κάνδιδος	11
ἐρεβώδης	11
ἀνάδημα	11
Πομ	11
ἑκασταχόθι	11
περίνεως	11
Ποτίτος	11
ὁοςς	11
τριώνυμον	11
φελώνη	11
γύπτιος	11
βολίζω	11
ταβέρνα	11
Φιλουμένα	11
προελπίζω	11
ἐκπερισσοῦ	11
ἐδι	11
προκυρόομαι	11
Βέβα	11
εξημμένος	11
προχάραγμα	11
ἐξήνιος	11
παραπαροινέω	11
οἰωνίζω	11
κανταῦθα	11
Πλείστη	11
συνυπακουστέον	11
Συμπάσχουσα	11
Αόγον	11
σπιλώνω	11
Κούει	11
παρακεκινδυνευμένως	11
ταλανισμός	11
αμώμητος	11
δυστρόπως	11
τεσσαρακονταδύο	11
χίστη	11
ἐκρ	11
Τρυγώνα	11
εὔμητις	11
μονουχοω	11
Καλλιρόης	11
Ἐνταῦθεν	11
σωφρό	11
συγχο	11
αὐθ	11
Δέγει	11
ἑξκαιδέκατος	11
κοσσαῖος	11
πῖκος	11
υλ΄	11
ἑκατονταετής	11
ρμ΄	11
σκ΄	11
Ἰοθώρ	11
Χετταῖοι	11
εἰκοστοτέταρτος	11
τετραρχέω	11
προρρέω	11
Δαλμάτιον	11
Νισιβηνῶν	11
Δομνινός	11
Αλυπίου	11
ὑπι	11
κώδικας	11
ννν	11
ἀποσκοπεύω	11
Θεοκτίστη	11
ἐφεκτέον	11
ἀκατ	11
αἰτιωδῶς	11
νύξις	11
ἀποχάραξις	11
χαλκουργός	11
Ἔαρ	11
ὀκταμερής	11
συσπειράομαι	11
Πρασίων	11
σρ	11
πεπεισμένως	11
ΕΓΗ	11
ΒΗΑ	11
περιγειοτερος	11
δ΄μ	11
ἐξακοστάω	11
τοχῶν	11
Σεμιράμ	11
γάνωμα	11
ἀσυνετέω	11
κολλυρίς	11
πορνοκόπος	11
ἐμπόλημα	11
ἔνορχος	11
Βλύσων	11
Δεινόμαχος	11
Ἀτλάντειος	11
καταφθινύθω	11
αἴκισμα	11
κατασκοπεύω	11
παμμήτωρ	11
γηροτροφέω	11
σύνδακρυς	11
ἀντίνοος	11
κομπώνω	11
Τρεις	11
οκτώ	11
κοντάδες	11
Λουμπαρδίαν	11
υπάουν	11
μισέρ	11
Αλλαμάνους	11
Ανσελής	11
Στέκου	11
θάμασμα	11
γερνάω	11
Ρωτόκριτε	11
ἐρωτιάω	11
τρομάρα	11
ανάδια	11
τραγουδωρ	11
Ρωτόκριτο	11
τέσσερεις	11
κυνήγι	11
Μακρά	11
βαραίνω	11
αποκοτιά	11
ἀποκάτω	11
Μαλιάν	11
αμάξι	11
αλύπητα	11
ποιής	11
κούτελο	11
Κάνεις	11
Βάνος	11
δαχτυλίδι	11
γάιδαρος	11
Ἀῆλον	11
αὐτόχορμα	11
Οντόι	11
χωμιπου	11
προύνεικος	11
Μελιτίδου	11
λυπρότης	11
ξυρίας	11
αμφισβητήσιμος	11
ψυγός	11
σκέπαρον	11
ῥυθ	11
τοῦναντίων	11
ἀθενείας	11
Ἡγέμων	11
Σαπ	11
Σμ	11
σχι	11
Χάζαροι	11
ωορυφημι	11
ζαχλουμεις	11
πρωτόκλητος	11
σαυρομαω	11
Τριβουναλίῳ	11
βλαττίον	11
σωλέας	11
μαγίστωρ	11
γυναικίτης	11
σωλαίας	11
ΔΑΡΙΤ	11
φλαμουλλος	11
Κένταρχος	11
ΛΑΡΙΤ	11
ουρβικιος	11
Κυΐας	11
κλο	11
γιώρας	11
θεσμοθεσία	11
Λίτας	11
ἀγιωτάτοις	11
Ζαριναίᾳ	11
Λυκ	11
τοιούδῃ	11
ἴχον	11
Ὀρόντας	11
Νομία	11
ἄμπωσις	11
ταυτομαω	11
ἐξάλλως	11
Μας	11
ΣΕΑ	11
πανθ	11
εὐαπόδεκτος	11
υπεισέρχομαι	11
μωμέω	11
Παρθενίων	11
Μάλε	11
Μεῖνος	11
συνῆλιξ	11
ὑπόχρεσιν	11
ἐνθόδε	11
οδυσυς	11
Μέμ	11
Εὐδ	11
φενάκη	11
ἀειπαθής	11
Ἀσάνεω	11
πειαν	11
Ἀρτασύρας	11
Ἀμύντης	11
ἁλικάκαβον	11
ὀπτώ	11
βύπου	11
Πύλωνας	11
πτοειντα	11
ὀράομαι	11
ακούγομαι	11
εὐρεθέντες	11
αμεινοος	11
φιλοχωρεῖν	11
ψαντος	11
πλήρως	11
μελέξει	11
μονοου	11
ἀνάγκως	11
Ψαλόντος	11
ασθενώ	11
ἡγαπημένῳ	11
Πάυλ	11
προαγγελία	11
δίχνῃ	11
ἤχω	11
χιόω	11
αἰσχυν́ςζω	11
ῥόθιον	11
Σόφου	11
Δεξαμένη	11
ἐναγῶς	11
ἐξουςίαν	11
ἀείπως	11
δυσαχθέω	11
ΕΛΟ	11
ἀπολυ	11
εὐκλής	11
λευκόχρους	11
Αριστοξένος	11
εὐρίσκοντες	11
ὀνυχιστήρ	11
ταχυθάνατος	11
περίθεμα	11
Ανάρ	11
Δόγου	11
ὁμογένεια	11
ἐνεμέω	11
Δόσας	11
κορσεύς	11
Ἄγαρος	11
μοτερος	11
Μασέκ	11
Διδούς	11
μετρ	11
υδρισος	11
ἀνόμιον	11
συνουσιόομαι	11
ἡνω	11
Πυθαγο	11
ἰσλάμενον	11
ἀνεπισήμαντος	11
ὑπόσλασιν	11
πώτερον	11
ἕλις	11
γίδα	11
αναδιπλασιασμός	11
παόω	11
Ανάπας	11
Δελφύνης	11
Οἴη	11
Προβαλίσιος	11
βαρβ	11
ἄχρει	11
ἠλεκτρίς	11
καθέω	11
δεζ	11
βελονοειδής	11
γιιστημι	11
κοῦφρον	11
συνθύω	11
Μειδυλίδης	11
Καλαυρεία	11
Ἀλκισθένης	11
γραμματοκύφων	11
στερεομετρικός	11
ψκ΄	11
ἀργαίνω	11
Πτολεμαῖς	11
πυλαωρός	11
δίστον	11
προλα	11
σκεπτοσύνη	11
Εὐναίη	11
υζ	11
ἤλεκτρος	11
Ἀλθαιμένης	11
Κρίσων	11
Ἀέροπος	11
βοιωτάρχης	11
παινόυνυμι	11
Κοσσαῖοι	11
ἐννακισχίλιοι	11
Λυκίσκος	11
Μέλο	11
ύναται	11
Χρηστ	11
ἐπετ	11
κυλ	11
ρατ	11
φόντω	11
Βελλερο	11
Ἀντρώνιος	11
Σαρδώνιος	11
διαταχέω	11
φρᾶτρα	11
καλλιλογία	11
Ἁλικαρνασεύς	11
δυναμοστόν	11
ιγ̄	11
πξ	11
Δ῾	11
δκ	11
ὀξυμυρσίνη	11
σμηκτικός	11
χιμέτλη	11
Κείου	11
θερμοσποδιά	11
ἄλυσσον	11
προεκνιτρόω	11
ὀροβιαῖος	11
ἐγχυτέον	11
Ϙ	11
Εὐφόρβιος	11
λιφιλος	11
Εὐρύανασσα	11
Ἀδοῦρνος	11
Τέτε	11
κονοσταῦλος	11
ἀνάδησις	11
ἄσθημα	11
τεσςάρων	11
ἐπιγαμβρίας	11
αγχιος	11
ἔνδρα	11
νοσοκομία	11
περιμανῶς	11
ειμαρμένη	11
τρίου	11
Χαίριον	11
θλον	11
συνδημιουργός	11
ἐλευθεροστομέω	11
ἐβίων	11
Ἀχαμώθ	11
Βηθαβαρά	11
Ἐπιφανείων	11
ζκ	11
κυφόομαι	11
κολλώδες	11
Αἴτνα	11
ἡοῖος	11
Κάλλη	11
λευκάριον	11
λιλάω	11
πρῶγμα	11
Ζῶος	11
κεράμιος	11
Μάτιος	11
αυτοβοεί	11
δόμημα	11
ἔμμορος	11
δξυτονη	11
εφόσον	11
θημωνία	11
κωνες	11
βύπος	11
προπαραλήγω	11
ἐπιβόημα	11
πυγών	11
σύνοχος	11
Ἴπνος	11
γοντι	11
ΑΓΚ	11
ΖΗΕ	11
ΛΗΘ	11
ΤΠ	11
ΔΞ	11
ΑΒΓΔΛ	11
ΨΚ	11
ΩΑ	11
Σπόρος	11
θερι	11
γενέτειρα	11
Βάκ	11
ὑπόροφος	11
πατροφόνος	11
ὕπαφρος	11
δεδηλωμένος	11
δυναμής	11
Ναβαῦ	11
ἆισμα	11
ἀνθρωποκτονέω	11
ἀποσταςίου	11
ληφεν	11
αποατολη	11
Ιθ	11
Ἰούδ	11
θεοποιία	11
ἐξαμαυρόω	11
πῖρ	11
στῶτος	11
ραληγουω	11
Ἡρόδο	11
Λακεδαί	11
ἐπαναληπτικῶς	11
Πανσανίᾳ	11
ἀμφοτεροδέξιος	11
ἄωτος	11
Κιόνος	11
ἀθρούς	11
Λίλιος	11
οἰκότης	11
παρείργω	11
γυνεος	11
μιχέω	11
ἄγχων	11
αὐρ	11
ἐμπνεύζομαι	11
Δόνες	11
Βοίας	11
θωρηκτής	11
ἀχρόομαι	11
προῦνος	11
χωμικοιξ	11
σθεις	11
ξθος	11
αἴγινος	11
ὅλι	11
Γαμίων	11
ὑλ	11
βολικός	11
τῆδες	11
ἀγρυ	11
ἀναστήλωσις	11
θαμίας	11
ἀσπαίως	11
γυναιχαω	11
πορ́ρος	11
στοτελος	11
φιλαρ	11
Εὐφράσιος	11
τκβ	11
Βοσπορανός	11
Ἀρραβαῖος	11
Φρουρᾶς	11
ἐξεισμένω	11
παρακαθεζόμενος	11
Μενναίος	11
Μονόβαζος	11
Γαβαώ	11
τυραννεῖον	11
παρορίζω	11
Θαμοῦς	11
ἐλύδριον	11
ὁποῦ	11
Φουρμάς	11
ἀσθέστου	11
ἀπόθερμος	11
δάρσις	11
συγκατασχίζω	11
καρποβάλσαμον	11
Βρυττία	11
ῥύψις	11
ἐξανάλωσις	11
Λείον	11
σύκωσις	11
λέκυθος	11
Σκυβελίτης	11
λουστέον	11
κακόρχυμος	11
ὑποστροφάς	11
ὑποκενόω	11
ὑποσκέπτομαι	11
αἱμοῤῥαγίην	11
μακρόπνοος	11
ἰδιοπάθεια	11
ἀλειπτέον	11
ἀνοιδίσκω	11
Κορακήσιον	11
ἑλκεχίτων	11
συναλύω	11
μελιλατος	11
Σύκα	11
χριστέον	11
γογγύλι	11
Φύλλας	11
Αἰγυπ	11
μουζαλωνω	11
στρατηγοποιαλλω	11
πολλος	11
Ζαμβρῆς	11
ἀνοικοδομή	11
σθλαβιναω	11
ἀντεπέξειμι	11
Βαάνην	11
Ἡράκλειον	11
σισινιον	11
Ταράσιον	11
Σαββάτιον	11
κουφαρος	11
Μελιτηνός	11
τετραῴδιον	11
γαβριηλοποιαλλω	11
πολό	11
εὔπρηστος	11
ὁθενδήποτε	11
βεστάρχης	11
ἰσοςυλλάβως	11
δωδεκαέτης	11
μονοσύλ	11
ξριον	11
Ρίνος	11
προσπ	11
πύρτης	11
Ἀρτεμίῳ	11
ἀνιέρως	11
ἀπηχημάτων	11
αὐτοκακός	11
ἄογκος	11
Πνεῶμα	11
Λαχανᾶς	11
μαρκεσίου	11
Βοστίτζαν	11
βδελυχλεος	11
Βίβλων	11
παρεξηγώ	11
λοίμη	11
χρησιμονια	11
καλλιόω	11
Σαββατίου	11
θυγατα	11
Ἐπίδοξος	11
Φίλικος	11
ΟΤΑ	11
ἀσκέρα	11
Φωκαίη	11
Τελέσαρχος	11
Πελοποννήσιοι	11
Κοῖλα	11
δίωστρα	11
ἐννάγωνον	11
πλευρ	11
Πλόκιον	11
Μακεδό	11
Άτρα	11
διαύλιον	11
ἑρμοκοπίδης	11
ἐφέδρανον	11
ἀσελ	11
συγχριτιπως	11
Αϊμάν	11
συλλογράφος	11
Αφελάι	11
απολλώνιος	11
αλλομενος	11
δ΄΄	11
παραμήρια	11
νέας	11
φύξηλις	11
Εὔστομος	11
Σιμιχίδα	11
Ἁρμάτιον	11
ναζηραῖος	11
ἔμπασις	11
ἰρ	11
Ἀρσακίας	11
φθίγγεσθαι	11
εύγλωττος	11
κατιδιος	11
Ἐλιούζ	11
Γεωμέτης	11
Βῶνος	11
ὅμολος	11
επίκεντρος	11
λισχινη	11
κλογη	11
Σαβωΐας	11
Σίσμανον	11
μασινιεννυω	11
Κλλων	11
ῥακενδύτης	11
βροντεῖον	11
πλαταγώνιον	11
φλέως	11
Ταρακῶνος	11
Πραΐμεω	11
Νείου	11
Βάκχ	11
Φλόγιος	11
ναλ	11
νθρώπων	11
πποι	11
αριστοφημι	11
Φύλλης	11
Πύρανδρος	11
Χοιρίλην	11
διοπειδιδωμι	11
Κλεοβούλη	11
Καράμβιδος	11
κελτογαλατια	11
Λουγδουνησίας	11
Σηκοάνας	11
Πασίλειος	11
Θουκυδ	11
ἐπιτύφομαι	11
παρθενεών	11
ζύμωμα	11
θράιξ	11
Σαβώρῃ	11
Κμᾶλλον	11
Δαλματίῳ	11
ελευθερουπολις	11
Χρυσορρήμων	11
Ἀψυρτον	11
ἐπιμαστίω	11
ἀναπτοέω	11
δορυσσόος	11
επισολης	11
Εβρ	11
Σιμέλης	11
Πελοποννη	11
Βέου	11
τουπιπας	11
μασλίχη	11
γλήχυνος	11
εὐφαής	11
Ράτης	11
κήγώ	11
κόσα	11
ὑηνός	11
ἀποχειροτονία	11
κυδάζω	11
χόρεος	11
Κιννσίας	11
τιμαγις	11
γνάψις	11
δυσχρήστως	11
Βοῖοι	11
Ὥστιος	11
ἡπτερεῖ	11
μιρράνης	11
Ἰεφονός	11
κοπανήσας	11
Βότις	11
Δόμων	11
Αἰθι	11
Ἀταίος	11
Ἀρχαδίᾳ	11
νεανίσχος	11
χίναδος	11
Παταληνή	11
ἀνατινάσσω	11
Ἐφράθα	11
Μεισάχ	11
Μοολείς	11
λάβωμι	11
Ὡσῆε	11
Ἁρμαθάιμ	11
Σάπειρ	11
ΚΞΑ	11
Λοέ	11
ΔΛΜ	11
ονασμῷ	11
Στυμφάλιος	11
προέκκειμαι	11
ἀναθορυβέω	11
προσεξεργάζομαι	11
Εὔνεως	11
κωπεύς	11
Λυκάμβης	11
λευκόπυγος	11
ἐγκάπτω	11
στυλίς	11
αιολιχω	11
πολύσκαρθμος	11
αννιχωρος	11
πλύτης	11
Περιθοίδης	11
βομβυλιός	11
Ποτάμιος	11
Ἕρμαιος	11
Αὔσων	11
Τηλύγετος	11
Ἐλλοπία	11
Καβύλη	11
Ἄνακος	11
υπερσυντέλικος	11
πτάξ	11
πατραλοία	11
Χάρου	11
βοϊκός	11
γραφείδιον	11
κολωνία	11
περικαίω	11
βραγχιάω	11
ἀντιπροηγέομαι	11
στυράκιον	11
ἀναντίλεκτος	11
Πένι	11
ἄνδα	11
ἀπονέω	11
ἴσχα	11
Φιλοχάρης	11
Πύρρανδρος	11
παρακατατίθημι	11
πάλλευκος	11
λεοντεία	11
κάκαλον	11
ἀραία	11
ναρός	11
Σάλη	11
σκηπτουχία	11
δύσορμος	11
Βίβλινος	11
αὐτόβουλος	11
ἀκριδοφάγος	11
καταψήχω	11
βοσκηματώδης	11
Κουρ	11
ἱππόπορνος	11
τεχνιτεύω	11
ἄδαν	11
σκαφεύς	11
Βεμβινάτης	11
μαλακίζω	11
θῖβις	11
ἀναχαλάω	11
ἐπιξηραίνω	11
μαθητικός	11
ἀνομολογία	11
ὑφημιόλιος	11
ἑξάπηχυς	11
συναπόφασις	11
διαπόρημα	11
θητόν	11
ἀποσπινθηρίζω	11
φρυγεύς	11
θρεπτός	11
σημερινός	11
προσαρκέω	11
Ἐλείων	11
ἰχθύδιον	11
Ἀπολλωνιακός	11
κούφισμα	11
απολαιος	11
αἰσχυντηλός	11
ἐποικίζω	11
ἐξοιδέω	11
ἀρτιφανής	11
δεκάρχης	11
συνεφέπομαι	11
ἀνύστακτος	11
σμικρολόγος	11
χειροκοπέω	11
εὐφραντικός	11
ὑστεροβουλία	11
Κιμβρικός	11
Παροπανισάδαι	11
ελάττωμα	11
αρπακτικός	11
προγυμνασία	11
προοιμιακός	11
ἀντερωτάω	11
εὐανάτρεπτος	11
ἀλληλουχέω	11
συνεπικοσμέω	11
ἀνάμπυξ	11
πεδέω	11
ἀντιφερίζω	11
σύρρηξις	11
Τουρ	11
Όρτον	11
ἑβουλον	11
Σῶτος	11
ἀμνημοσύνη	11
ῥοδόχροος	11
Ἡλιοδώρα	11
Νοσσίς	11
σησαμίς	11
ἀγκυλόδους	11
ἀτράχηλος	11
ἀγχινεφής	11
Κλείτων	11
διαντλέω	11
ἁλίζωνος	11
Ἠμαθίη	11
λειμώνιον	11
Πολυξείνη	11
ἀτραπιτός	11
Τανταλίς	11
ἀρρενογόνος	11
Σόος	11
Ἄργιος	11
χοιρίον	11
ἄκαστος	11
ενπλοκαμνω	11
νίμμα	11
συλλείβω	11
οφθυεις	11
Ἀργιόπη	11
Μενοίτης	11
καθυμνέω	11
Κασσανδρεύς	11
ἐφημοσύνη	11
Ὁμόλη	11
ἔπαυλος	11
ἑψιάομαι	11
μεταστείχω	11
λίβυς	11
ἄφαλος	11
θώρ	11
μορύσσω	11
πατροχλεω	11
Λάγγας	11
ἄθριξ	11
οἰκοφθόρος	11
Τίλλιος	11
Πινάριος	11
Σεγεστανός	11
Δελμίνιον	11
ὑπερμάχομαι	11
ἐπορχέομαι	11
ἀκρίβασμα	11
Λεός	11
καῦρος	11
φιλαλέξανδρος	11
Βάχος	11
μαστίω	11
ποτίστρα	11
Τίφος	11
Ἀφρόδιτος	11
ταρ	11
Ἄδριον	11
κόβω	11
τεκτοσύνη	11
Κηφισίς	11
μωρολογέω	11
οὔη	11
γαστρολογία	11
περίλειμμα	11
Προνάπης	11
ἀναχάζω	11
αποπληρώνω	11
ἐρετμόω	11
Άστον	11
περιφθάνω	11
διαστάζω	11
διακομιστής	11
ἐλαδάς	11
υπερασπίζομαι	11
κολπόω	11
θάπος	11
ἐπήλυτος	11
περιττοσυλλαμβανω	11
χαλκόκρατος	11
θηβαϊκός	11
πενέω	11
ανωφερής	11
συνασκέω	11
ἐνδοχή	11
αιτωλικός	11
ἱερολογέω	11
Δημαροῦς	11
ελικοειδής	11
προσκέπτομαι	11
ἐγκώμιος	11
Ἐπεῖς	11
περίβασις	11
αὐλητήρ	11
πατροκασίγνητος	11
προφορέομαι	11
Νικόβουλος	11
ἀναπηρία	11
δυάκις	11
Πραξιδάμας	11
μεγασθενής	11
σπυράς	11
ἀποπρίω	11
καλλιεπής	11
πωλευτής	11
καταρρυπαίνω	11
Κάστης	11
νευστικός	11
ἀπάρτησις	11
ἀποφυτεύω	11
ἀφροδισιασμός	11
ὁπόσσις	11
ἀνάπλυσις	11
ἀποστεγάζω	11
αὐταρκέω	11
περυσινός	11
ἐριώδης	11
πορέω	11
Χιωνίδης	11
πολεμοποιός	11
ἐξαγγελτικός	11
προσήνεμος	11
περιθραύω	11
Δρυμός	11
παός	11
φθονερία	11
ἀπανθίζω	11
Διάνιος	11
αἰσχροποιός	11
ἀντιδύνω	11
ἐκθαμβέομαι	11
χληρονομια	11
πολυχρονιότης	11
ἡμισεύω	11
Σίας	11
λιπάνω	11
ὑποστρώννυμι	11
ἀπερυθριάω	11
ἀποσυμβαίνω	11
Κῶσις	11
ἀδιάτρεπτος	11
αρχαγγελικός	11
συγχλεισος	11
ἐξαίτησις	11
λαχή	11
Εὔνικος	11
ἀρτόπωλις	11
εἰροκόμος	11
ὀρόφωμα	11
ἐπαφροδισία	11
συγγελάω	11
γαζοφύλαξ	11
ἀπεραντολογία	11
Κτησικλῆς	11
ἐρυθρῖνος	11
ὑποτρίβω	11
εὐτράπεζος	11
ὀχετεύω	11
Κασάνδρεια	11
δίωτος	11
κοτυλίσκος	11
Εὐρυτίδης	11
χηνίσκος	11
ὀστρακίτης	11
θύωμα	11
οἰνάνθινος	11
καταναίω	11
ευταξις	11
ζητῶ	11
ὀκνηρία	11
ἐνδιάστροφος	11
κάταξις	11
ὁμολόγησις	11
ὑπαριθμέω	11
βουκολία	11
ἀπαράλογος	11
ἐνεθίζω	11
μαυθνησκω	11
ὑποσπείρω	11
καθάρεσις	11
θηροκτόνος	11
κώρα	11
ἀποτυπόομαι	11
μᾶλις	11
διθυραμβικός	11
Αἴδουος	11
ῥωμαϊκός	11
θαλασσουργός	11
βροῦτος	11
προσράπτω	11
εὐθυδρομέω	11
ἀνετάζω	11
κάλυψις	11
συγκάτειμι	11
συνυποκρίνομαι	11
διαλευκαίνω	11
προσκαρτερώ	11
συμμεριστής	11
ὑπονοθεύω	11
Εὐελπίς	11
Ἰαρέδ	11
μειωτικός	11
περαντικός	11
συνερώτησις	11
ἀερομιγής	11
εὑρεσιλογέω	11
θήσσω	11
Ἐρυκῖνος	11
Κερύνεια	11
Μυλασεύς	11
προσείω	11
κιθάρισμα	11
Λήλαντον	11
Ἀρχωνίδης	11
παρακίνησις	11
ΠΡΣ	11
ἀπειροσύνη	11
Ἡροφίλη	11
σμίνθος	11
σύλλεκτος	11
καθοδηγέω	11
ἀντρώδης	11
εὐσχολέω	11
ἑπτάτονος	11
κορφή	11
πολυγραφία	11
Παρίς	11
αρχοντόπουλο	11
εκλεκτός	11
δημηγέρτης	11
Καβαλλάριος	11
αρέσω	11
χαράκι	11
Βιάν	11
βούβαλις	11
δαρθάνω	11
ἀποκνίζω	11
εὐηθία	11
Ἀμάδοκος	11
καταπεραιόω	11
ἐποίκιον	11
αιολικός	11
ἀναδιπλασιάζω	11
Ἀθής	11
συναπτής	11
καισαρίκιον	11
φωνοβολέω	11
ἀξινάριον	11
Λῶτος	11
Φινεέσης	11
ΔΑΔ	11
συμπροθυμέομαι	11
Πομπηΐα	11
Ενέν	11
Ἀγριππίνα	11
βίνδιξ	11
Λούσιος	11
ἐξωτικός	11
ἀναμονή	11
ῥογή	11
τεχνουργία	11
ἄρμενος	11
χρυσαυγής	11
νεουργός	11
αὐτόχυτος	11
Αἰγεΐδης	11
ὑηνία	11
βρύτινος	11
συμφιλοτιμέομαι	11
παιανισμός	11
πιστοποιέω	11
συγχρηματίζω	11
ἀποτελεστής	11
πλαστουργέω	11
απαράδεκτος	11
ψηφοφορέω	11
Καταράς	11
διαπτύσσω	11
γραΐδιον	11
Πέσι	11
Ἀμμανῖτις	11
ἀνατλάω	11
ἀποθερίζω	11
Ἰαβόκ	11
εσώτερος	11
χωνευτής	11
ῥύθμιος	11
θυμιαστήριον	11
σοφισματώδης	11
Γέσιος	11
ἐμφυλλίζω	11
Ἀγλαϊτάδας	11
Οἰναῖος	11
Μοιροκλῆς	11
στύω	11
άποιος	11
Ἀλᾶς	11
κρατηρίζω	11
ἀκάμας	11
δῶλος	11
κιθαριστήριος	11
δίπαλτος	11
ἑταιρεῖος	11
πρόσος	11
προησσάω	11
Λοκρήτιος	11
συμφράσσω	11
Γρύνιον	11
Πισιδικός	11
Ἄζιζος	11
Ἀριστόδαμος	11
φορμοφόρος	11
ληστεύω	11
σαρωνίς	11
Ἀκυλῖνος	11
ΑΣΜ	11
δύσθραυστος	11
φλοιώδης	11
λεπρώδης	11
ἐντεροκήλη	11
κροκίζω	11
μάδος	11
ψωρικός	11
πιτυοκάμπη	11
κλινοπόδιον	11
κοτυαιω	11
ιμος	11
ἐκθερίζω	11
ἐννεόω	11
διάχρισις	11
Δῆρις	11
διερείδομαι	11
εἰσαγωγεύς	11
ἀγκύριον	11
ῥᾶγμα	11
ὑποκαθίζω	11
εὐελπιστία	11
Χριστόδωρος	11
ὦσις	11
τευομενω	11
Γεών	11
ἀλέξησις	11
Προύνικος	11
Περσηιάδης	11
ἀντιταλαντεύω	11
ἕψεμα	11
Ἀσταβόρας	11
νεοκράς	11
σιγματοειδής	11
ἐκθύω	11
κόκκαλος	11
κνῆστρον	11
ἐναποψύχω	11
Λάτρης	11
Σῦς	11
ταρβαλέος	11
Ἄσων	11
κατελέγχω	11
ἀμαλός	11
ὁδεῖνα	11
μάγνης	11
ῥέφηνος	11
άγνωμος	11
φορμίον	11
ῥαχίζω	11
αἴαγμα	11
ὑπεκπέμπω	11
Ναυπλιεύς	11
γενεσιουργία	11
προσευκτήριον	11
Σεβωείμ	11
κηραίνω	11
δευτερουργός	11
Αὐτομά	11
θήτης	11
γαμβροκτόνος	11
πολίπορθος	11
ευειδής	11
συζευγνύω	11
Μενέσθης	11
δαστός	11
διεξοδεύω	11
φωσφορέω	11
αντίμαχος	11
Ἀργεάδης	11
μεσοπαγής	11
μυλωθρός	11
ειρμός	11
ἐπαρά	11
λάδι	11
Τηλέπυλος	11
Βήρ	11
μελιτόω	11
ἀφανδάνω	11
πασχάλιος	11
θεότευκτος	11
δημοθοινία	11
Ἄκουφις	11
ὠρείτης	11
παραμηρίδιος	11
δορατοφόρος	11
αὐτοψεί	11
Νάθας	11
Εἵρωμος	11
Ὀθλία	11
Σαραίας	11
Ἐλισαῖος	11
πελεκίζω	11
δυσπαραίτητος	11
Τίρων	11
διανεπαύω	11
ἐχυρότης	11
οὕτερος	11
Ὀνόμαστος	11
ἀνδραποδοκάπηλος	11
δελτοειδής	11
μασσητήρ	11
ἀναδέρω	11
ὀμφακός	11
ἀπολεπτύνω	11
περιφρυγής	11
πιτυρίας	11
αδενώδης	11
λαμβδοειδής	11
ἄναντος	11
ἀλειτουργησία	11
ἁδρομερής	11
ἐμφρακτικός	11
ἐσχαρόω	11
δαφνοειδής	11
Ἡρακλειανός	11
προσμανθάνω	11
κηρόω	11
Ἐράτων	11
ἀνάχρεμψις	11
κρησέρα	11
φθορός	11
ἀσφαλός	11
Μάδυτος	11
ἔνοδος	11
εξαβουλις	11
διαθλάω	11
σιταγωγός	11
ἐκτύφλωσις	11
ξυλή	11
κάδιον	11
κρατός	11
Βουλγαροκτόνος	11
ἀμύω	11
πλημμύρα	11
ἀληθότης	11
ἀπείρω	11
Ρύπη	11
ους	11
προαγωνιστής	11
ορκίζω	11
μέσσαβον	11
περίτρητος	11
γίγγλυμος	11
ακλινοος	11
ἀνάβλυσις	11
ὀρεσσινόμος	11
σιχυω	11
αὐτογένεθλος	11
φῆλος	11
Ἐνόχ	11
λακίζω	11
Μίσης	11
σπερχνός	11
ελεατικός	11
βούγλωσσος	11
ἀνθρωπιάω	11
ἀπαινέω	11
σμῖλος	11
ἀξουγγία	11
ὁλμοκοπέω	11
ἀποιδέω	11
ἐξιδρόω	11
ὀπώδης	11
ἀναβατός	11
ἐνστηρίζω	11
ἐρυσίπτολις	11
πυθμενικός	11
ὑποδιπλάσιος	11
δότις	11
λεσποος	11
υπομάζιος	11
δουλέω	11
δικέω	11
συμφαίνω	11
αποστερώ	11
Εφεσίους	11
σιδηροδέσμιος	11
χόλιον	11
Φαντίας	11
κωφεύω	11
ἀνεπιστασία	11
ἀποδοτικός	11
καταπρίω	11
σωμασκέω	11
βαναυσικός	11
ῥευματίζω	11
Λύγκος	11
ἀχιά	11
ισόπαλος	11
πρωτοπρόεδρος	11
καθυπερτέρησις	11
φιλόδακρυς	11
στεφανηφορία	11
γαλακτοποσία	11
οἰσύα	11
προστίθω	11
Γερανεία	11
σαλάμβη	11
Χαλαστραῖος	11
κατασκέω	11
κορινθιακός	11
ουιστουλη	11
ἀμφιθάλασσος	11
φοῦνδαξ	11
ὀττεύομαι	11
λάκτις	11
Ἀκυλία	11
Ἀκυιτανοί	11
συμφρόνησις	11
διαδόσιμος	11
θεοδέγμων	11
μαῖρα	11
οἰνόχυτος	11
εὔθυρσος	11
τελεσσίγαμος	11
Καβειρώ	11
Λιού	11
κανωπικόν	11
ἀψίθιον	11
κατάστιχος	11
Τραχίνιος	11
Ναυκύδης	11
Κασσανδρεία	11
Αἰγειράτης	11
ἀνεπιδεής	11
ἐξείργω	11
ποδίσκος	11
σκηνέω	11
ποτάω	11
ἐκπυνθάνομαι	11
Ὡράτιος	11
Ἱπποσθενείδας	11
Ἄρπινα	11
Ἀστυμήδης	11
ἀποπληρωτικός	11
αθηναϊκός	11
περατοειδής	11
Πικηνός	11
Θουριμούθ	11
ἀσίδα	11
προκοπιάω	11
θεοπτικός	11
Εὐφρῦς	11
διακορεύω	11
ἀελλής	11
Φυλεΐδης	11
μνηστηροκτονία	11
Ναρβωνῖτις	11
Σιγγιτικός	11
ἁρμή	11
Μάδι	11
Σῖφαι	11
ἐγκράζω	11
Ἀκέσανδρος	10
Κώνωψ	10
ὀδών	10
Καλός	10
Νέρβας	10
φάρ	10
δουλίς	10
Ξανθικός	10
ἀρθρώδης	10
θερμόβουλος	10
Μόνεϊ	10
δυσμαθέω	10
καλλιπάρθενος	10
ἐνεῖδον	10
ὑπέρευ	10
παράσειρος	10
δεῖν	10
ἀνετέον	10
ἀναρπαστός	10
συν́ιω	10
Κρίασος	10
λωτέω	10
εἱλόπεδον	10
Ζος	10
ἀθήρη	10
Δημαγόρας	10
Αἰδύμος	10
ὕσπληγξ	10
βασιλίνδα	10
ὀβρίκαλα	10
ἐμβόλιον	10
Φορβάδας	10
ξυλοφάγος	10
Ἰππεύς	10
κάρδαξ	10
στάμμη	10
ὤφελος	10
σκεῦδος	10
ταλασιουργέω	10
μαμμόθρεπτος	10
τόρμα	10
σχώματος	10
ἀσφάλισμα	10
πώλυπος	10
κέφρος	10
ἀλφεσίβοιος	10
πολύαρνος	10
Μήλων	10
Θόρναξ	10
ἀμφιάχω	10
Γραίξ	10
Βέχειρ	10
Νοῦβαι	10
Βουτάδαι	10
αποδοτέος	10
Χέμμις	10
κϛ΄	10
τοξόκλυτος	10
Ἰάμνια	10
κνύος	10
Μύριλλα	10
Κύδιλλα	10
Μηκύβερνα	10
Νῶρα	10
Ψυτταλεία	10
Ἀλέα	10
Κεκροπία	10
Φαβία	10
Ἀζηνιά	10
παγκληρία	10
Κριώα	10
Ἄκη	10
ζάγκλον	10
δεέλη	10
Ἄττα	10
νυγμή	10
ἄγκοινα	10
Λιταί	10
τάγυρι	10
ἡνίον	10
Ποπλώνιον	10
ἀνδράγρια	10
κατάγαιος	10
Λαύρειον	10
χαλκουργεῖον	10
Ἠμωδός	10
Κύβελον	10
Ἄβιλα	10
Ὄμανα	10
φέρετρον	10
Γρής	10
δράψ	10
κορύπτω	10
Μαχώ	10
κιρνῶ	10
ἑξῆμαρ	10
Πιερίηθεν	10
Πραξινόα	10
κόκκυ	10
Κανών	10
ἀμφηρεφής	10
παροξυντέον	10
ὑπόρρηνος	10
προμίγνυμι	10
προτατικός	10
φεψάλυξ	10
κρῖμνον	10
εὐμαθία	10
ῥιπίδιον	10
Ἀερώ	10
αναρροφώ	10
Ἀπολλό	10
ἧνται	10
ἀλέρα	10
ληίδιος	10
μέδεα	10
θρι	10
ἐπίκριον	10
Ἀχαιιάς	10
ἡμιτύμβιον	10
Βατῆθεν	10
ἀργᾶς	10
Δημίας	10
συμπέτομαι	10
Τιμόξενος	10
πονητέον	10
Τόλμαιος	10
Πολάκις	10
Πασιφῶν	10
Ἀτρόμητος	10
διέτης	10
Σφηττοῖ	10
εὖγμα	10
ἀπαιόλημα	10
νισμα	10
ὀρθόκερως	10
ὑπερτενής	10
ἆς	10
κατακτ́ω	10
Προμη	10
ἀντίδουλος	10
δίπολος	10
ἀντίσταθμος	10
κατακαίριος	10
πυραύστης	10
ἑστιοῦχος	10
στρυμών	10
ἰάν	10
γέλασμα	10
σιδηρόφρων	10
παρηίς	10
δυσαίων	10
ῥύσιος	10
ὑπόβαθρον	10
Ἀράχνης	10
Ξένη	10
Βέσβικος	10
λεωπετρία	10
ἀκαρτέρητος	10
κροκόττας	10
ὑπολα	10
μινναῖος	10
τιτανώδης	10
συμμε	10
βιβλιδάριον	10
προποντίς	10
χξ	10
Σίγριον	10
ῥέμβομαι	10
Θεμίστων	10
παριτέον	10
σμένους	10
μεσόω	10
διεδάσαντο	10
Στέιν	10
θέστερον	10
ἐκταδόν	10
Προικοννήσου	10
δαμώματα	10
ἀέτωσις	10
παραχάω	10
ἄλλυι	10
τρίγαμος	10
συγκατ	10
μετι	10
Κόντι	10
κίκιννος	10
Σκύθις	10
περισκάπτω	10
Κουτόν	10
ἀγρίδιον	10
Πέριθος	10
ολετήρας	10
ὀμβρία	10
φυσάδεια	10
Τέλευς	10
Μαλ	10
Σίτης	10
φτ	10
αγρός	10
προκειμέ	10
Νᾶ	10
Κόρυθος	10
ἀμφιγύεις	10
μάλθαξις	10
Γλυκών	10
χωράζω	10
σφέδρα	10
πρώτηραν	10
ὀριμύ	10
Ζομένης	10
δυσμετάθετος	10
ελλέβορος	10
Αμέλ	10
γνυος	10
ἀντιτυπής	10
κτητική	10
ἐπισύνδεσις	10
ἀπρονοησία	10
διφορούμενος	10
Συμπεράς	10
παρελκόντως	10
συγκριτέον	10
ὅρισις	10
Ἀρχήν	10
τοῳδ́ς	10
πλασίον	10
ἐσκεμμένως	10
Νάδα	10
δυοποιός	10
αὐτοεῖδος	10
βραχυβιότης	10
γουμένως	10
Πανίων	10
μέστε	10
κόλουθον	10
σθήσεως	10
Μέμι	10
πανηγύ	10
ἡπάτιον	10
Χαιρέφιλος	10
κρατία	10
αὐτόπυρος	10
μανδραγοριζομένη	10
Τιθύμαλλος	10
παραπάλλω	10
στραγγεύομαι	10
πρόσηβος	10
φιλοκάθολος	10
ἀντιστρο	10
κνάξ	10
ἀδιάτμητος	10
ἀρρενόθηλυς	10
στεφανίσκος	10
Μελίσης	10
μελίχρους	10
Ιερομονάχου	10
μικρομέρεια	10
κανεύς	10
Διάρα	10
αιδιοτητη	10
πανταχό	10
ἀποβλεπτέον	10
ἀνέμπτωτος	10
ενδέκατος	10
σύμπλεξις	10
ἐγκοιμάομαι	10
νοιμηνις	10
ὀκταέτης	10
ἐντατός	10
ἀναίσθησις	10
πλόκιος	10
Φιλομάθεια	10
ἀνωμαλῶς	10
αμυχασκω	10
σωφρότερος	10
τιστος	10
Τορνίκιος	10
προσονειδίζω	10
εἰκος	10
Γαριδᾶν	10
πετροβολώ	10
Φιλαρέτου	10
ἀρχισατράπης	10
τζουρουλας	10
καρτός	10
νεοτήσιος	10
Πατριάρχου	10
χοροσαω	10
ἐχεμυθέω	10
Τόντας	10
ἔτυμα	10
αβελτηρία	10
Μανιχαϊκός	10
εἰσιτήριος	10
κουκούλιον	10
δαιμονιόω	10
διαδράω	10
Τάτας	10
ᾔνεκα	10
τκ΄	10
ἀντεισαγωγή	10
τεχνο	10
σύγγυς	10
ἐξαπατῶ	10
προγυμνήσματα	10
αιρετός	10
ὀνθμόν	10
συνεστραμμένος	10
δύσπιστος	10
φιλοχρηματέω	10
Πλήξιππος	10
Μουντάς	10
μήματα	10
τικώτερον	10
αἰσχρολογέω	10
Ἡροκλέα	10
ἀγαμένως	10
σασί	10
νουος	10
ἐπιπό	10
Αἰσύμηθεν	10
περιλαμ	10
έργο	10
θρωπιναω	10
γύσιν	10
μαλιθεος	10
ψευδογράφος	10
προσφυώς	10
Ἡρώος	10
ἐγκατάσκενος	10
Ζυγάς	10
ἀνθρωπῶς	10
σωφροσύ	10
ἀπαγο	10
οἷοις	10
ἐξαχής	10
σμνότητι	10
σμυροτηταω	10
προσδοκή	10
προσεξετάζω	10
ἀξίμιος	10
πορρώτερω	10
πτην	10
φυχῇ	10
ἀναμεμιγμένως	10
ἀχρο	10
Ὡραῖος	10
Ἰδίων	10
απόχη	10
διερευνητέον	10
ἕκατεροςς	10
ἐνδιάσκευος	10
κατευστοχέω	10
τριχαῦτα	10
ἀδυνατῶ	10
στικεω	10
αντιδιαστολή	10
φέτο	10
τριαριστευς	10
ἅνιξά	10
ἀπολογ	10
χρημ	10
νάγκη	10
Ράννος	10
τουλαττω	10
ἀνατρέ	10
μονικός	10
ἀντιπίνω	10
μειόνως	10
βροῦ	10
ἀτδίου	10
ὑπότε	10
Χαλάνης	10
ψευδοπροφητεία	10
πεπαρρησιασμένως	10
φλεγμ	10
ἀρτ	10
διαφορ	10
Κερκέται	10
συμμέ	10
πινυτόφρων	10
ἀκεστορία	10
φυτοσπόρος	10
βαρύποτμος	10
Μενέχαρμος	10
πολύϊδρις	10
Μναμόσυνον	10
Βερενίκα	10
μετάβα	10
ὕπνον	10
Βαίτων	10
κότινον	10
Σωκράτεος	10
Λυαῖος	10
αὐτοφόνος	10
θδ	10
Εὐκλέας	10
Βουπάλειος	10
Νικοτέλης	10
εὐρυβίας	10
Φαίδρη	10
ἀρειμανής	10
δυσμήτηρ	10
Χοίακ	10
μετανίζω	10
ἀπαπαφίσκω	10
χῖ	10
ἄρητος	10
ἀκεσώδυνος	10
καρκαίρω	10
λάμβδα	10
εὐγένητας	10
θήρα	10
ἐκπρολείπω	10
ἀποθρίζω	10
ἀμοιβαδόν	10
ἐπάνθησις	10
χὠς	10
Ἀνδρομέδην	10
καλλιόπη	10
ὀλβία	10
Ἱππασίης	10
τραυ	10
άχρεια	10
φάνη	10
Παροικόπολις	10
Ἀρρούντιος	10
μηται	10
Ναυπα	10
Καλλιθόη	10
μενίδην	10
Ἄρχιον	10
Κρόκων	10
ὕλλος	10
κελέβειον	10
Πανδώρη	10
Αἴσωνα	10
Αἰσών	10
σπι	10
λυσιμάχη	10
πολυλήιος	10
θύσιμος	10
ὄφρον	10
τριγλίς	10
χλῶς	10
Φρεάρριος	10
κάθημα	10
Ἀπάτης	10
βίχον	10
Λάνας	10
οἶχε	10
ΕΚΝ	10
Έντυ	10
ἐκραγή	10
γύπτῳ	10
Συνηγόρος	10
Ἀλῶς	10
Λάφρις	10
γηροβοσκός	10
ρίσματα	10
γφ	10
πῖπος	10
Εὐνίκη	10
Θηδᾶς	10
Πτῶος	10
ἀσέδειαν	10
πέρσος	10
Εὐήρης	10
Ἐλεοῦς	10
Ἄτρομος	10
Ἠδωνοί	10
Καλυδώνιοι	10
κελεός	10
Τελευταγόρας	10
Νηπείας	10
αθάπερ	10
Ἡραίστον	10
αμφιαροω	10
κλέβδην	10
ὁστισδηποτοῦν	10
αἴσχιστος	10
καυνεος	10
αμφιτρεω	10
κεῖσε	10
κηληθμός	10
μεταδρομάδην	10
λῃστήρ	10
καταυτόθι	10
Σάπειρες	10
περιάγνυμι	10
ἐπαλάομαι	10
κερτομία	10
Σαλμωνίς	10
αἰγλήτης	10
αἶθρος	10
κήματα	10
ἀμφιπέλομαι	10
διαμπαξ	10
ἀπολιχμάομαι	10
λοισι	10
σφεῦς	10
ἔξιος	10
Εὐνίς	10
ἐριουργός	10
ἰμ	10
ἰόεις	10
ἰσοφόρος	10
ἄλοφος	10
νεηγενής	10
συναγα	10
Φαινώ	10
τριχάικες	10
λευκανθίζω	10
νιξ	10
Θῖνα	10
Γλαῦκα	10
βαλανεύω	10
ηλιβαινω	10
ὀψιαίτατα	10
Λαιτώριος	10
κατάχρεως	10
Κορφίνιον	10
Πετρήϊος	10
χερής	10
ἀντιπαρασκευάζω	10
κληρουχίᾳ	10
Κοκκήϊος	10
Κομίνιος	10
Πλαύτιος	10
ἀνακωχεύω	10
ἄσπειστος	10
ἀναφο	10
αγιάζω	10
ἐνοπλίζω	10
ὕμβροι	10
φόβημα	10
διαπόνημα	10
νωγάλευμα	10
ἐμμενές	10
κυνοσουρίς	10
Ἀμμῶνος	10
τρικαιδεκατος	10
διφθό	10
κάπηλις	10
μυρόω	10
Δᾶς	10
ὁμόπατρος	10
ξηνός	10
παπαί	10
σινδόνιον	10
βαδί	10
σμοιός	10
φρυ	10
τυντλάζω	10
τύντλος	10
ἱματίδιον	10
Χαιρ	10
μυροπώλιον	10
Ἡτίων	10
χίμεθλον	10
ἠερόφωνος	10
ὀψοδαίδαλος	10
δουρικλυτός	10
πόσθων	10
τόκιον	10
Ἰππώνας	10
ΣΜ	10
ΤΖ	10
ΘΒΓ	10
ΠΨ	10
ΥΚ	10
ΘΚΖ	10
ΤΜΝ	10
ΓΗΝ	10
ΝΞΟ	10
ΗΟ	10
ΤΓ	10
ΘΒΚ	10
ΖΕΘ	10
ΘΕΖ	10
Σελήνιον	10
φιλόλαος	10
καναχηδόν	10
Εὐθυμίη	10
Χαρίων	10
φιλαιος	10
οἰχ	10
αμειναω	10
Καλλοῦς	10
λιθανωτοῦ	10
Θυμής	10
σωφισμαω	10
Νύκτιος	10
ΚΡΑΤΗΤΟΣ	10
Τάχας	10
μετράκιον	10
ἐπακολου	10
Στέφας	10
ασυγνωστος	10
τουργίας	10
Ἡγίας	10
ομοτηταω	10
συμπαχίας	10
ἀνάδεξαι	10
Φύλλις	10
γοργιάζω	10
βελτιώνω	10
ἀποκτίνω	10
Διονυ	10
αποτείνω	10
συνεπιμελέομαι	10
ἀφαράω	10
ΒΖΑ	10
σιϛ	10
ἱπποκέλευθος	10
συστρ	10
διάζωσις	10
μοιρ	10
ἐπήλυσις	10
αἱμοπότης	10
Λερναία	10
εἰω	10
Άνιστον	10
μέχελ	10
Δεξίων	10
πίν	10
τέτραξ	10
σμζ	10
͵	10
διεζὐγμῶν	10
ποικι	10
λπ	10
ἡρεμαίως	10
ἀπρε	10
συνεργείο	10
Ῥοδοῦς	10
Ἑρᾶς	10
μαζονόμον	10
δίκερας	10
ὀκτάπηχυς	10
Τρωαδεύς	10
γνώρι	10
Κίγκιος	10
Παλάντιου	10
βλίον	10
κοντοπορεία	10
Λυκόη	10
Χάρπου	10
Κύρτος	10
εναυος	10
σλγ	10
θησαυροφυλάκιον	10
μεμανία	10
Εύδος	10
θυντιπως	10
φρος	10
Ἀμμόνιος	10
κεκοπώς	10
κατακλείδα	10
γελιοῦν	10
Μενέλαου	10
Ήφαιστος	10
λάρυξ	10
τέγμα	10
Μέτοικος	10
Φύτας	10
μασχαλίσματα	10
ἐποποῖ	10
τιοτίγξ	10
τοσουτον́ς	10
Κοννᾶς	10
Μόθων	10
ὀρχίπεδον	10
λύχνιον	10
σοφελλευς	10
παυσικάπη	10
Ἴσθμιος	10
καπάνη	10
φήληξ	10
Μεγάλλος	10
μεσαύχενες	10
κύσθος	10
σαμφόρας	10
ταρίχιον	10
ὀπτα	10
καταπαραδέω	10
προβάδην	10
τοφλαττοθρατ	10
Ἁγάθων	10
δουλάριον	10
προξενῶ	10
Καρδοπίων	10
πυριγενής	10
λιμνόστρεον	10
ἥπατος	10
Ἐνίων	10
διακινώ	10
περιφερόγραμμος	10
παράφυσις	10
τραγίζω	10
ἐχθύες	10
μονόθυρος	10
τήθυον	10
ὀβελισκολύχνιον	10
αἰσχροκερδία	10
ἀνεστραμμένως	10
Δακτύλης	10
βομβύλιος	10
Πολέμιος	10
βρένθος	10
ύτως	10
εἰδήσω	10
Κέραμος	10
διόρισις	10
ἀντιθετέον	10
διασκεπτέον	10
περιβλητέον	10
ἰσχυρότης	10
στρυφνότητα	10
ὑπέρη	10
Κορκυραία	10
Ἰθαγένης	10
περικάμπτω	10
ἀντακολουθία	10
κινώπετον	10
τετραπόδης	10
ὑδρόμηλον	10
ἀσχημόνησις	10
εὐμάραντος	10
Βέλλερος	10
ἀντιμεταλαμβάνω	10
νερῶς	10
Οὐρσακίου	10
Λούκιλλος	10
Λουκιφέρος	10
ἐνσαρκον	10
ιουδαιζω	10
συγκτίζω	10
Καιάφας	10
Θεωνᾶν	10
προαπαγγέλλω	10
Ὦρθ	10
οὐχὡν	10
ἀνύπτον	10
τρά	10
ερωτώμενος	10
Ναός	10
Γεννέτος	10
Ακρίδης	10
φλασιά	10
Σωρ	10
αἴριον	10
Θαυμῶ	10
ὑπερδυναμόω	10
εὐθής	10
δίχνυ	10
λγ᾽	10
ἔκταμα	10
ἡμίσφαιρον	10
Χωρηβ	10
Εὔθων	10
Ριδ	10
συνεστώ	10
Χαναανῶν	10
αμέτρητα	10
ἐξουδένημα	10
ἀποτιννύω	10
καταπανουργεύομαι	10
Σισάρας	10
Ἰαβίς	10
αιφνιδιος	10
ΡΙΗ	10
Σάλος	10
ἰναία	10
Λευίς	10
κατάπτωμα	10
Ἁγγαίου	10
λέστερον	10
άτολμος	10
ἡχμαλώτευσεν	10
Μίγας	10
Αστερώ	10
ἐπιγινώσκω	10
Χίλια	10
Ααρόν	10
ἀείως	10
Κρίστον	10
μελίσσιος	10
ποίνυν	10
Έυτον	10
Μαθουσαλά	10
Ἐλδάδ	10
Θωλά	10
μετωνο	10
συγγεγραμμένος	10
Ἀκκάρων	10
απροσκυνεος	10
παραμυθητέον	10
συνθυμέω	10
Λισάν	10
κάπωθεν	10
εξαειλεω	10
βελοποιικος	10
δακτυλεύς	10
έκατερ	10
ἀδιανοήτως	10
γ́λνυμι	10
Αλύ	10
δακτυλήθρα	10
κάνδυλον	10
Τιβουρτῖνος	10
Διθύραμβος	10
ἀνήνοθε	10
δρακοντία	10
μελαινίς	10
Χαρακηνός	10
ψυχαστής	10
ἀποδάκνω	10
ὑδρήχοος	10
Κοριαννώ	10
ὑσγινοβαφής	10
κνωπός	10
μίμαρκυς	10
προίσχω	10
μετανιπτρίς	10
Πελείας	10
λαγύνιον	10
Ἑκατόμπεδον	10
στωικός	10
Ῥάριος	10
ἠλέματος	10
ἀμοιβεύς	10
ταγηνίας	10
θυόω	10
Γόργων	10
ΘΝΚ	10
ΖΘΓ	10
ἀποπλ	10
τ̣	10
Σατ	10
πάκτων	10
μητρογαμέω	10
ἠμέρα	10
εναγκαλίζομαι	10
ὑπέρμεγας	10
Ἰσρα	10
προξένησις	10
ἀντιστρατηγέω	10
Ξύλος	10
Ἄπιστος	10
ισόμετρα	10
Εὐεργέτας	10
ράπλησιος	10
δηποτε	10
πεισ́ςζω	10
ἐγρηγόρως	10
μεριμης	10
Σπουδᾶς	10
ιε᾽	10
εναέριος	10
ἀχρίδειαν	10
Κυρίων	10
ἐπίστατον	10
διακωνέω	10
τιγ	10
Δούνας	10
στίοις	10
Ἄμη	10
Λίτι	10
βεται	10
Πάρτος	10
ὀνείδιος	10
ολοκληρος	10
ὀστερον	10
ενοδραω	10
ἐναφανίζω	10
ἀστραπαῖος	10
γήνοις	10
τριχός	10
σάφρων	10
σύμπτυξις	10
σειρομάστης	10
διανάπαυσις	10
ὁστέρον	10
ξίρει	10
εἰσ́λημι	10
ἀμέθυσος	10
πρεσβυγένεια	10
Ἄτριος	10
Λύβης	10
Δυνάμος	10
πομένων	10
ἀνέλεος	10
καταργούμενος	10
εαντου	10
τραγυτερος	10
ΕΠΑΣ	10
φανεται	10
βύπτον	10
κπ	10
Σάρκον	10
Παλείς	10
ὤρεα	10
Σκυθίς	10
τηλαυγέω	10
ἐπαμφέρω	10
καρήματα	10
Ἰόλεια	10
ἀθεεῖ	10
πόληι	10
δισχιδής	10
ἡφ	10
ὑποστολίζω	10
δνα	10
ἐχγονος	10
κάτουλος	10
ἰστριανός	10
ὁπλοφορέω	10
Λυκαίων	10
ἀμφί-ἀμφισβητέω	10
φιλοστρατιώτης	10
Δρουσίλλα	10
Σέξτιος	10
Νέρουας	10
παράγγελσις	10
Δέλλιος	10
μαεξενας	10
τεμένισμα	10
Ματθ	10
χργσοστομοω	10
Μόνια	10
ἀφελότης	10
μοσχοποιΐα	10
βαπτι	10
ἀκενόδοξος	10
δυσδιακόμιστος	10
Ἰουδαΐζω	10
πορφυρόπωλις	10
Δερβαῖος	10
ἔκβρασμα	10
ἐπιτο	10
καταβραβεύω	10
φιληδονέω	10
ὀφθαλμοδουλεία	10
συγκακουχέομαι	10
νεύρωση	10
ὑμνητός	10
ματικός	10
ὑπτιόω	10
ἀλλήλου	10
Έγκεν	10
τρεῖος	10
ἐπαισχύνη	10
σκανδα	10
ἐπιγνωμοσύνη	10
κατασεμνύνω	10
ὑπέρακμος	10
ἀφιλοχρήματος	10
εὐπάρεδρος	10
Ἰαμβρῆς	10
ἀθεία	10
ἀβεβαιότης	10
τεφρόω	10
ἀντιπαρέρχομαι	10
Κλεώπαν	10
συκομορέα	10
Γέρασα	10
Πώλ	10
ρβ΄	10
βάκχευμα	10
ἰαμβεία	10
Αὐταριᾶται	10
Ζαρίασπα	10
ὁρεία	10
καλλιρόη	10
ἀπολίτευτος	10
οἴχ	10
συνηρ	10
ἀδελῶς	10
εξάδα	10
στίγος	10
ἀναπλ	10
Πρώος	10
φλβ΄	10
ὑπερθετέον	10
κατακληρόω	10
Ἴα	10
Γεργεσαῖοι	10
φξ΄	10
Βεθήλ	10
Ἀσᾶ	10
Αβδιού	10
Ἀπῶσμαι	10
Σορ	10
Τόμυρις	10
ρθ΄	10
ρμη΄	10
Ἰτουραία	10
Κρήσκης	10
ἔμπονος	10
σπη΄	10
Αὐγουσταῖον	10
ἀνθρωποτόκος	10
τλε	10
Σοφιανῶν	10
δεκεμβρίῳ	10
υπομνηστικός	10
Ἀκαδημιακός	10
Γοργιππίδης	10
φροντ	10
Χρυς	10
μηνιαίος	10
ἀγέστρατος	10
κήλησις	10
Ἀκεστόδωρος	10
ποίμνιος	10
Ἁλιάδας	10
Ἑσπέριον	10
ὑποστρέπω	10
φιλολάκων	10
ἰσημε	10
συμμεσουράνησις	10
διπλασιεπίτριτος	10
ἡμιμοίριον	10
ΔΓΖ	10
ΔΕΘ	10
ΖΓΔ	10
ΔΗΒ	10
παρυσσω	10
ΑΔΗ	10
ΑΖΔ	10
σοδ	10
΄γ	10
ΓΗΜ	10
φιλαργυρέω	10
ἀμαχύς	10
Ἡρόδ	10
Φάσις	10
Θωθ	10
Σεβεννύτης	10
Χρυσοχόου	10
ἐκκοπτέον	10
καταλειπτέον	10
καθαρευτέον	10
περιχρυσόω	10
ἀνοσιουργέω	10
φοινικήϊος	10
ἀνθρωπογονία	10
Ὑπερβόρειος	10
ὑπεράνθρωπος	10
παραστατέον	10
κάραι	10
αφηγούμαι	10
Φιλάντριας	10
λογάρι	10
επεθύμα	10
λιμιαναξ	10
σαλπίγγιον	10
τριπουτσέτα	10
μηχάνιος	10
χωριό	10
φαρί	10
Τέντες	10
ολημερνίς	10
μιλημένος	10
άμοιαστος	10
κάρβουνο	10
απονιά	10
κάποιος	10
κρούγει	10
αθιβολή	10
Τραγουδιστή	10
Σανέ	10
περασμένος	10
απιλογιος	10
μαστοριά	10
Νιότης	10
καταπώς	10
Καβαλάρης	10
πληγώνω	10
προξενιό	10
πρέπει	10
κατάσαρκα	10
ΛΗΜ	10
Λειβήθριος	10
δυσώνης	10
Λιόνυσος	10
συνεκ	10
κλήσιος	10
πραγματίας	10
ὀνόμ	10
παροεις	10
ἠχος	10
λιπ	10
τέχαις	10
κραμβίον	10
ὀρύζιον	10
αδιος	10
Σύνοδος	10
Φρας	10
ετυμολογώ	10
τηγοῦ	10
Εὔθετος	10
Ἀδρηστίνη	10
εμπίπτω	10
ἀντιγονίζω	10
ξέριον	10
Φρύνυχος	10
διάφ	10
υπογραω	10
αιθριβους	10
Οὔμαρ	10
Πίερες	10
Σέρμιον	10
Χαζάρας	10
ακαταγώνιστος	10
Ἀποσεβατᾶ	10
ζυγή	10
πτυχίο	10
χρυσοΰφαντος	10
μεσοπεντηκοστη	10
Μαυριανού	10
νουμεράριος	10
Κάθισμα	10
λαργιτιονος	10
γανωτής	10
φακιόλιον	10
εκείθε	10
βασιλίκι	10
ὀνυχίτης	10
δισολδιο	10
Ἑλενόποντος	10
πισσιδιος	10
ἰλλούστριος	10
φωσφόριον	10
Ῥούβηλος	10
δαπαν	10
Ὀχοσίας	10
Κάτυλλος	10
Ἰουβενάλιον	10
Σαβίνα	10
Μαμαία	10
φανλοτητη	10
Μάρχος	10
Καρχη	10
συμμεταπίπτω	10
συνεξακολουθέω	10
Ἀνδρωνίδας	10
σφίσιον	10
χαθάπερ	10
ἀθωῴζω	10
ἀρχιγένεθλος	10
Ποιμάνδρης	10
γῆσον	10
ψασα	10
Σέτος	10
σχῆπτρον	10
Πρωτόγονος	10
πῶμος	10
Ἰριδάμας	10
Νῦς	10
Φλωρεντῖνος	10
ῥοικός	10
χαλυβδικός	10
σκιρόω	10
ταχύχειρ	10
Καραμάνου	10
Χασάνεω	10
ὑλοτομέω	10
Ἕψος	10
τράχωμα	10
ψωροφθαλμία	10
Δεινή	10
διδυμεύω	10
Παντοκράτορα	10
ληλον	10
Γειών	10
σύννοδος	10
ὑπεράτῃ	10
φθαρ	10
ἀρχιέρεια	10
πραγματευμένος	10
πάνθεος	10
μεσόριον	10
ἀπανταχόσε	10
δέτης	10
οδοπορις	10
αδόκητος	10
απόβρασμα	10
χρηγματος	10
βοηθίας	10
Παντέχου	10
αἱμορ	10
ἀπόδηλος	10
ραήλ	10
Δεσπόσιος	10
ἐνευδοκιμέω	10
υπομεις	10
Μεθίστας	10
προεπταισμένων	10
κεραύνωσις	10
ὑπολ	10
ἐπισύνειμι	10
παναληθῆ	10
ἄνοτος	10
καταδονέω	10
ευκοος	10
Θαλάσση	10
ἱερωργίαν	10
Πλείστας	10
λίμν	10
χολαζοι	10
Γήρον	10
επιτοαυτος	10
Μωυςῆς	10
Φούλα	10
διεσταλμένως	10
Ἁβράμ	10
συνομαρτέω	10
ὑβρίστρια	10
δυσαπόνιπτος	10
τληπαθέω	10
ἀγνοήσειν	10
ψυκῆς	10
πεφυρμένως	10
Ἰεβοῦς	10
ὐδείς	10
Ἄδραάμ	10
Ελί	10
ἀνεξίτητος	10
ἐλεθρον	10
μυστήριος	10
επομεις	10
ἀπολυπραγμόνητος	10
ἀσύνοπτος	10
ἴχει	10
Οὐχὧν	10
ἀοτίως	10
ἐνόρκιος	10
ἀρρω	10
ἀπροσδεῖς	10
Γνώσιος	10
ἐντεύδεν	10
ἀγλῆν	10
ἀσύνηλον	10
εἰμαρμένα	10
φῶν	10
καθείργω	10
διάλλομαι	10
πουος	10
νυσιν	10
απορρητοτερας	10
γλυκάνω	10
σκέος	10
δικαιοκρισις	10
ΔΔΛΟ	10
κουτός	10
ἐγερτικός	10
σιλάσιν	10
τέτλαρα	10
συνηρημένος	10
ἄζωνος	10
διασλάσεως	10
σοφροσυνειμι	10
ιλλυρικός	10
μονονούκ	10
παρομοίωσις	10
περιεξεισμένω	10
ἀπόληξις	10
τευομένων	10
Λουσιεύς	10
Βουτάδης	10
Ευγενεία	10
Μουσικανός	10
σύμβο	10
σπδ	10
Βαχυλίδην	10
υμενώδης	10
πάμμετρος	10
ἐξαπάτησις	10
μοιχίς	10
Μνησικλῆς	10
καταχαρίζω	10
Πέριλλος	10
Γλαυκοθέα	10
ἀνδρολήψιον	10
Ἀνδρομένης	10
Ρώνος	10
Μήτης	10
Αἰχμάλωτς	10
νέοικος	10
Ἰολάεια	10
Ἄνοπος	10
ἀστρονόμημα	10
Κῆυξ	10
Κνῆμος	10
Οἰσύμη	10
παρακομιδή	10
διατροπή	10
δεισιδαιμονέω	10
παρακέλευσμα	10
φυλλόω	10
λευκόχροος	10
σέρ	10
διασημότατος	10
Θεμίστη	10
καταπο	10
φροσίν	10
ἅλας	10
Λίνδιοι	10
Μολιονίδαι	10
συγκαθείργω	10
ποιαυτος	10
οικείος	10
ἐκλιπής	10
κυβοστόν	10
δυναμόκυβος	10
Μξδ	10
ἴσωσις	10
Μ̄δ	10
Ὤις	10
ΑΒι	10
δυνάδι	10
μόσυλον	10
ἕλμεις	10
σηπτός	10
κερατῖτις	10
μαγύδαρις	10
σησαμοειδής	10
παραλημράω	10
βάκχαρις	10
σκίλλινος	10
ζωύφιο	10
πελεκυφορος	10
ἐξελληνίζω	10
Μωράτ	10
εγχειρίζω	10
Ούγγρος	10
ὑπόγαιος	10
Τέρνοβο	10
χαλινωτήρια	10
γενέλη	10
ἐμπεδόκαρπος	10
Ἐριππος	10
ἐμπορεῖον	10
σφιν	10
Κέυ	10
σιτοπόνος	10
ἀδύλου	10
ὕνειρον	10
εὐδές	10
Όκον	10
χιιστημι	10
ΣΙΜΜΙΟΥ	10
θεοδωρις	10
ΔΑΜΑΓΗΤΟΥ	10
πολεμαδόχον	10
ναυτιλέῳ	10
ΑΙΓ	10
προπαροκορυς	10
Τάκιτος	10
απάνθρωπος	10
θῆξις	10
Ἡρῳδιανός	10
Πανεάδος	10
φλορα	10
μελλητικός	10
ΔΑΥ	10
λόδωρος	10
συναποφαίνομαι	10
Βλέμυς	10
ἐκπλήρωμα	10
ὀνυχογραφέομαι	10
ὑποκεφάλαιον	10
κύαρ	10
Ἁλίπεδον	10
ἀρμώ	10
χῆνα	10
Μαρώ	10
Ζάραξ	10
οὖτις	10
Δημοκόπος	10
κύφελλα	10
Λαγῶς	10
Μνεία	10
Πειρεσία	10
Συκῆ	10
κλάνω	10
περιαγείρω	10
ἱπποβουκόλος	10
Κόννος	10
ὁμόδρομος	10
μυχ	10
Άγγελ	10
βλείης	10
Φεγώρ	10
ὑποκο	10
ἀμβλωθρίδιον	10
ἔλου	10
Ἀτθ	10
Σωφάνης	10
Ἡρίων	10
Μεζάν	10
Μέλαντος	10
Ματώ	10
ὁμνόντες	10
Φλέβες	10
Νήσιος	10
χέλος	10
διφρόν	10
ΖΕΓΗ	10
ΛΟΜ	10
ΓΖΝ	10
ΔΨ	10
ΕΖΗΘΝ	10
ΕΖΗΘΚ	10
ΟΨ	10
ἀνισοπλατής	10
ὀκτα	10
κομικως	10
κατηβολή	10
ἀλαίνω	10
μεγαλόσπλαγχνος	10
Φθιάς	10
ἐξαυδάω	10
ποικιλόνωτος	10
δυσόρφναιος	10
βραβεία	10
ἀσπιδοφέρμων	10
λύσσημα	10
ἀιαστῄσκω	10
Ἐλώμ	10
Εζεκία	10
Φούδ	10
Άχρας	10
διακομιδή	10
Αἵδης	10
Ἰώσιππος	10
Ἀράδ	10
Αὐώθ	10
θάζω	10
χλευ	10
Ανέλα	10
εγχελευετης	10
ὕπειξις	10
γλάφυ	10
δυσδιεξόδευτος	10
πωτάομαι	10
ὑποβολεύς	10
Νήρικος	10
Λαρδάνου	10
ἀντιπέρα	10
ετυμολόγος	10
ἀποπλάνημα	10
ψύθος	10
ἐξολκή	10
προσωπίς	10
φόβονδε	10
πολύνους	10
θυμοδακής	10
ἀμφίφαλος	10
ὀδύνημα	10
πρόγμα	10
Λαγέτας	10
Ἡδία	10
Γαργαρεῖς	10
ἀριδάκρυος	10
Κλυτίας	10
ἐπιπο	10
γαλήνιος	10
ὄργ	10
τλητικός	10
προϊστορέω	10
ὁδό	10
γονυαζομης	10
αἴχ	10
ὀσσές	10
Σάνθον	10
τεκμη	10
σεῖα	10
Κυν	10
ἄθροος	10
ἀδίας	10
Νιφ	10
Βενέτιος	10
ξῶον	10
αμυδοχος	10
Σπαρ	10
αὐξο	10
σκεύασμα	10
ἰχρίον	10
Ἄλτος	10
ανατολικός	10
Τήλεμος	10
χρονι	10
πριστός	10
μῖζον	10
ἰχθυβόλος	10
συμβεβηκότως	10
πτουω	10
πρόσπταισμα	10
ἀπολαμ	10
ἐπίμωμος	10
οἱκ	10
ΚΑΕ	10
θεουπολίτης	10
Ὁρμίσδην	10
ομόζυγος	10
Βόγος	10
Πολεμοκράτης	10
Δασκύλειον	10
Πηγάσιον	10
Νάβωθος	10
ἄκανος	10
Ζοροβάβηλος	10
Σισίννης	10
δόμησις	10
πρόφαντος	10
Κορδύβη	10
τιμι	10
ζημ	10
κουβικυλιω	10
Νήσων	10
κειλευω	10
Κασσίδας	10
Διαφόρος	10
ζυγ	10
Στάκτη	10
αφευκτω	10
μασσατήρ	10
Κασίας	10
κενταύριον	10
Χυλόν	10
Πετροσελῖνος	10
φθινωδῶς	10
αὐθαρκές	10
Μνασαῖος	10
Μαρκέλλας	10
ἀναξύω	10
ἑδρικός	10
βρύτιος	10
διαμίγνυμι	10
ὑπεκτήκω	10
ἀποσμάω	10
διαπήδησις	10
ἀντιβατικός	10
ἐλίννυμι	10
ἴλλωσις	10
αἱμοῤῥαγήσῃ	10
ζιγγίβερ	10
ἀνάτρεψις	10
κρεηφαγία	10
περίσφαλσις	10
ψηλαφώδης	10
ἀφθώδης	10
ᾑμοῤῥάγησε	10
ἐπιπυρέσσω	10
καταρραγή	10
ἐπιρριγέω	10
πτερύγωμα	10
Θεόγνιον	10
ζωγρα	10
Βαρώνος	10
πολυγ	10
γλή	10
Ταχαρίων	10
τζεπαινεος	10
Μουζάλωνος	10
Στρατηγόπουλος	10
ἔλεγξις	10
βδωρ	10
Δαβλδ	10
Νεκτεναβώ	10
φξ	10
Ζβ	10
γαλλερίας	10
εἰγάρ	10
Σιλβέστρῳ	10
Αγαθονίκου	10
γαληνότατος	10
Εὐφρατησία	10
Τέρβελιν	10
Κασσιτηρᾶν	10
ἀνεῤῥιπίσθη	10
θφ	10
Φιλοπάτιον	10
ἀπαναινόμενος	10
Κωσταντῖνον	10
Τοξαράς	10
μλν	10
βορισης	10
μοσυνοπολις	10
Αλουσιανός	10
Σουάνων	10
λιπαρειμι	10
Κεγένης	10
Σαπφόα	10
μονοσυλ	10
ξρ	10
ντικως	10
υντικως	10
στίχη	10
γγον	10
δλου	10
τζιμιεχω	10
θεοφάντωρ	10
ναβουσαρδα	10
ἀκολάζω	10
τόμιος	10
Σαῖος	10
μισθῆναι	10
ἔμπαν	10
εικόνισμα	10
ἡγῆ	10
θεωνυμία	10
ἱλαρύνω	10
Νογᾶν	10
ἐξιλέωσις	10
Τζαμπλάκωνα	10
χαρτοφύλαξ	10
Ρίζα	10
ευεργετώ	10
καλλωπίζομαι	10
Ὑπερέχιον	10
ὁθλον	10
Ἐπίστασις	10
προσῳγρίας	10
ακέραια	10
προστηγορίας	10
φιλόθρωπος	10
Παρακλῆς	10
ἀτδιον	10
οφιόδηκτος	10
Ιατέρα	10
ἄνδηρον	10
Τιμο	10
Χάραδρος	10
ζωγρεία	10
πάλα	10
βιβλαρίδιον	10
λαῖτος	10
ἀναθορεῖν	10
Ἀκυλήσιοι	10
Θηβέων	10
Σάλμοξιν	10
ἐξελίκτρα	10
Ῥόμβος	10
βχα	10
θαυματός	10
χαμαιγενής	10
Ἀγοραῖος	10
Αἰγῆδος	10
ἀντεῖν	10
Βερενίχη	10
ἀνδράχη	10
Ἔλειος	10
φαινόλη	10
Φυλάσιος	10
κάβη	10
βασανίαν	10
πανδῖος	10
πινάχιον	10
ταφοηρα	10
ἐπωφελῶς	10
περιυκενος	10
ποτέρωσε	10
Νόβας	10
Ἴαρχας	10
βακ	10
θηναίων	10
ὕσσόπου	10
νόσευμα	10
ἱππόφεως	10
ὑπερφεύγω	10
διασυρίζω	10
ἐννεαδικός	10
Ἑρυ	10
Ὀῆς	10
Τρωιός	10
ἄδητος	10
Γι	10
Τριβιγίλδου	10
βηριναω	10
Κιζ	10
γένεση	10
ἀντίχλος	10
ὤθλον	10
παροξυμοῖς	10
Θεσσαλονικεία	10
γείνω	10
θλ	10
τόχου	10
ἐπαμ	10
Κορινθ	10
Αβακούμ	10
ευσεδη	10
Βαρβάρα	10
βασανισμός	10
Αγαθαγγέλου	10
Πολιάς	10
ὁμόυλος	10
ὑποθράττω	10
Λισχίνῃ	10
φιλιβω	10
ἀμβλακίσκω	10
Συργιάννου	10
Νικομηδεῦσι	10
Κατελάνους	10
Σαρχάνην	10
γυναικοκαστρον	10
ὑπερελαύνω	10
Κατελάνοις	10
Λαουίνιος	10
αγριππιναω	10
Κόσσιον	10
Ῥεμμάθ	10
σευαειρω	10
Ρουσελίῳ	10
συμφόρημα	10
πομπηιουπολις	10
βακχευτηρίας	10
Χαλίλης	10
Αλφόνσος	10
πανσεβάστου	10
Χαμβδᾶν	10
τουνομος	10
καστήριον	10
Ιέ	10
Μακέντης	10
Ζάρηξ	10
κατωφερῶς	10
Θηβ	10
πρεττανικεω	10
διζαβοιαλλω	10
περιωδύνως	10
Κἡμᾶς	10
Κμοι	10
Φς	10
προπόρευμα	10
μέλων	10
Εὐμολπίη	10
τουλοιπος	10
ΟΑΡΒΤ	10
ζΑΡΟΤ	10
αυξουμιτος	10
κίστις	10
Πάνπων	10
μαρκέσιον	10
ἐπιδείπνιος	10
Καϊχοσρόης	10
ὁμόφοιτος	10
ψευδαλέος	10
τελεσσίγονος	10
ἀνερύω	10
ἐπισφηκόω	10
ποινήτωρ	10
κισσήεις	10
Μορρῆος	10
Θεοσέβεια	10
Κφησί	10
Αιατί	10
σιρύχνου	10
Ἀέτ	10
αυσιαροω	10
Θύμου	10
χρησιειμι	10
νάπτους	10
σίυραξ	10
κυσιηως	10
σήχεως	10
χρησιλεων	10
Σκα	10
κοριός	10
ΛΘΕ	10
Φιγαλία	10
Κρῖσος	10
ἀκριβωτέον	10
ξαστυς	10
ἀρμα	10
πλν	10
κιώλων	10
Ζήρινθος	10
Βάχαις	10
ενοπλεον	10
Ἀρεταφίλα	10
Κλεόδωρος	10
Σκερδιλαΐδας	10
Ἴνσομβρες	10
Λούνα	10
συνημιολος	10
ἀπημελημένως	10
Σισαυράνων	10
ἐπιγονάτιον	10
συρματέῖνον	10
ὡράριον	10
επιθεώρηση	10
τρῶμα	10
ἀμιλλητήρια	10
Λγγ	10
λύκειον	10
ΕΤΜΕΝΙΔΕΣ	10
μιγουνος	10
Κύταια	10
κυκνόπτερος	10
Τζες	10
τζετ	10
Αὐσίγδα	10
σαπφικός	10
Τόνα	10
σύνκρισιν	10
Ἰθαμάρ	10
Γέσεμ	10
Ζέβεε	10
Ἀχειμάας	10
Ἀδωνείας	10
Λουδίας	10
γγου	10
ἐκσκουβίτωρ	10
κιβυραιους	10
πρωΐκαρπος	10
Ἀριστογάνης	10
μελιτοῦς	10
μέλυδον	10
κεντρόω	10
συγκατάγω	10
κωμῳδικός	10
ἀργυρολόγος	10
πηρίον	10
κνόω	10
καλαμαῖος	10
αὐτοετής	10
συμπαράκειμαι	10
διαθλέω	10
τραπεζώ	10
ὁμόστιξ	10
Νάρυξ	10
Πηλιώτης	10
πρυμνώρεια	10
ἑξέτης	10
Ταμίαθις	10
Πλοκαμίς	10
Κάμιρος	10
ἄξιφος	10
Φρικωνίς	10
Ὑλαῖος	10
Βιστονία	10
Λευκαί	10
νεοθαλής	10
βαρυντικός	10
ἔνδιος	10
δάνα	10
πελέκυος	10
επαλληλία	10
ἀνείμων	10
γενειάζω	10
τοξοθήκη	10
ψυχρία	10
ἐφεύδω	10
ὀμφύνω	10
βρόχθος	10
θρίζω	10
γραϊκός	10
ἀλάω	10
Ναυκλείδης	10
πρόσθη	10
ἀπόμισθος	10
Δημομέλης	10
Προναία	10
Αὐτοκλείδης	10
Μάκιστος	10
Σύλλη	10
κάτευγμα	10
αἱμός	10
λείβηθρον	10
ῥάρος	10
γλώσσημα	10
ἐπῴζω	10
παντοτρόφος	10
πτῆμα	10
δύσχιμος	10
περιλείχω	10
ἀπαυδάω	10
ἁλιτενής	10
λαυκανίη	10
προνεύω	10
ἀπρόσοδος	10
νεφθαλιος	10
προαγωνίζομαι	10
καλύβιον	10
Λήναιον	10
θορή	10
θηλύμορφος	10
Φίλτα	10
αὐλίν	10
Μήτα	10
μονοκάλαμος	10
απέριττος	10
εἴσω	10
Μετάλη	10
ἐρωτηματίζω	10
προαπορέω	10
φροιμιάζομαι	10
ἐπαλλαγή	10
ἀντικαίω	10
Γέμινος	10
συναναλίσκω	10
νέτος	10
κυλιστός	10
ταγηνιστός	10
τοκιστής	10
κλιμακίς	10
ἐατίν	10
ἔκπομα	10
ἑτερόμορφος	10
ὑποπόλιος	10
κακοτροπέω	10
μαλθακία	10
Τιμόχαρις	10
καταπετάννυμι	10
προσποιητικός	10
δεινολογέομαι	10
απονέμω	10
τρίγλυφος	10
ἄπεκτος	10
ἐλεεινολογέομαι	10
ἀποσταλάω	10
Μεσοποταμίτης	10
ὑποψιθυρίζω	10
ἑπτακισμύριοι	10
υποβάλλω	10
Χῆσις	10
δακτυλοδεικτέω	10
χρυπετομαι	10
περιχλυος	10
επιλογικός	10
προδιορισμός	10
χαρακτηρισμός	10
κομμώτρια	10
Ἱεριχούντιος	10
Σινδική	10
ὅπης	10
στρατίαρχος	10
δολοφροσύνη	10
λύγδος	10
τρηχαλέος	10
δονακεύς	10
περίβωτος	10
ὠμόφαγος	10
πολύγναμπτος	10
πανδερκής	10
κλινάριον	10
ὑπώροφος	10
συγκατακαίω	10
Ὁμήρειος	10
ἁπαλόχροος	10
βαρύφρων	10
δυσπερίληπτος	10
ἀνθοφόρος	10
πάμφωνος	10
ἀπτώς	10
κράνον	10
ἐκτορέω	10
ἀποπλήσσω	10
καταβαρύνω	10
Χρόνα	10
τίτυρος	10
Ἀμαρυγκεύς	10
Εὔνηος	10
Μενάλκης	10
οἰνοποιία	10
Νώνακρις	10
ἐκθεόω	10
Θέσσαλος	10
δυσκέλαδος	10
αἰολιστί	10
ἑτερόζυγος	10
δαιδάλλω	10
Κλωδία	10
σκληραγωγέω	10
Ἀβαρνίς	10
ἐγρήσσω	10
διαπτοέω	10
ἐπιψεύδομαι	10
ὕδη	10
άγμα	10
Ρίκος	10
αξίζω	10
καταθρῴσκω	10
τετράπτυχος	10
σμάραγος	10
Αντίρ	10
Μίτη	10
ὀβριμοεργός	10
Μυρμηκίδης	10
ξεναγέω	10
προσοφλισκάνω	10
Σαλουιδιηνός	10
Δρομιχαίτης	10
ὑφέλκω	10
Ἰεμένες	10
Ἄρετος	10
πύραυνος	10
μέθυσις	10
Στρυμόνιος	10
ὄφελμα	10
Λεβέδιος	10
Ἐνιπώ	10
ἁμαρτωλή	10
πρόσαρσις	10
μάσησις	10
πυρίαμα	10
κήρωμα	10
Τάλος	10
αχάριστος	10
φιλονειχιος	10
διαδύω	10
Τέρη	10
παιναω	10
ἀμετάληπτος	10
τελώ	10
τετράβραχυς	10
αχραγαντινοος	10
καπήλιον	10
σεληνίτης	10
Μόντα	10
δίχω	10
ιταλικός	10
νοσφισμός	10
ἀνόλεθρος	10
πρῷος	10
Λαομεδοντιάδης	10
ταὐτολογέω	10
ἀκατάσβεστος	10
κιχοναω	10
ῥαθαπυγίζω	10
φέψαλος	10
τρυγῳδία	10
σκάλοψ	10
κωδία	10
οἰσπώτη	10
Πασίας	10
λωβητής	10
εὐαπάτητος	10
ἀφηλικής	10
ὑπορρίπτω	10
ασαυος	10
νομευτικός	10
ἀποσχάω	10
ὀπισθουρητικός	10
ἀφαιρετός	10
σμῦρος	10
ἀπόδεσις	10
σκίαινα	10
εὐόργητος	10
πρατεύς	10
ἐλαιηρός	10
περσέπολις	10
Μανδρόβουλος	10
μισανθρωπέω	10
Ἀτταλεύς	10
πολύκμητος	10
άσωμος	10
Ρωτός	10
Ἑλκανά	10
Εὐλογήτος	10
επαρκής	10
πνευματομαχομαι	10
χριστοκτόνος	10
χιονόομαι	10
Κτίστη	10
ῥοφάω	10
Ἐλωί	10
φαρμακεῖον	10
Θαμάν	10
ἐναπογράφω	10
Σελλούμ	10
κλήτωρ	10
χειρολάβη	10
ευχρω	10
εὐδιάβατος	10
ἐκδοχεῖον	10
ἀνακίρναμαι	10
ὄνωνις	10
ἱμαλίς	10
Φάνιος	10
ὑπερτέλειος	10
ἄρδευσις	10
σώρευμα	10
τριοδῖτις	10
Δημύλος	10
ἄσσιος	10
ἀρρηφόρος	10
Θεόκλεια	10
Φανώ	10
βηματίζω	10
προσκύνημα	10
καταδοκέω	10
ἀσυνείδητος	10
χόλιος	10
χάρτος	10
αναμφίβολος	10
ἀνερῶ	10
κατακηλέω	10
Ἰασσά	10
Νικοπολίτης	10
κρυμώδης	10
ἐπανατίθημι	10
λοῦπος	10
Ἀδρανός	10
ἐξαναχωρέω	10
μεσεύω	10
διατελής	10
ποροποιία	10
κατηχημένος	10
καταδεσμέω	10
ἀμυδρόω	10
μεθυστικός	10
πεῖσος	10
Αχού	10
χριος	10
ἐπελαφρύνω	10
σινόω	10
ἐπιδιαμονή	10
περιξύω	10
μαχητικός	10
ἐπιλεαίνω	10
Σκοτοῦσσα	10
χέλυδρος	10
εὔμουσος	10
εἰλείθυια	10
ἐπιτέχνημα	10
Ἀβόρρας	10
εὐεπίβολος	10
Ἡγέστρατος	10
πορρώτερος	10
φυτώριον	10
παρεκτρέπω	10
ἐκβακχεύω	10
σκοτόεις	10
ἀπρόγνωστος	10
περπατάω	10
δέση	10
εξήντα	10
λακοδαιμονιος	10
θρονί	10
ανέγνωρος	10
ρήγας	10
εἰκοσάς	10
σφρίγω	10
ἐντορεύω	10
ἄστρις	10
καδμείος	10
σταδιασμός	10
ἀντιμηνύω	10
αὐτοκέφαλος	10
εἰσοδεύω	10
σάγισμα	10
καθέζω	10
συγκατασπάω	10
Ἀβιγαία	10
Ἐτέαρχος	10
Τισάμενος	10
παρεπιδημία	10
δημαγωγικός	10
γυναικοκρατέομαι	10
ἐναβρύνω	10
Ἀστίς	10
κλαυδιανός	10
ήμερος	10
ἀοιδιάω	10
κυρηβάζω	10
αποπνίγω	10
νοθετέω	10
βούλα	10
διαπταίω	10
παραρτάω	10
πιχραω	10
ἀδυναμέω	10
ἀχυρώδης	10
πλανιέμαι	10
ὀλιγογνώμων	10
Αντίνα	10
ἄπολος	10
Ευαῖος	10
παρευθύνω	10
ἀθῳόω	10
πρ́ουργιος	10
εἰκαιομυθία	10
τετράστιχος	10
νεοφανής	10
ἀπόλιος	10
ἄχυλος	10
γεωφάνιον	10
ἐξοπλισία	10
Ῥαμεσσή	10
τοπρωτος	10
χαιτήεις	10
Πυθόδοτος	10
ἰδιόω	10
ἁλιάδης	10
ἀφιδρύω	10
διακυβεύω	10
κατακληρουχέω	10
ἀποκτέννω	10
Σωπείθης	10
κορυνηφόρος	10
ἀσκίον	10
ὑμενόω	10
ὑπερβούλομαι	10
ἐπιθαλασσίδιος	10
μύαξ	10
μετασυγκριτικός	10
λογχῖτις	10
πυραμητός	10
θύμιον	10
τηλέφιον	10
φρέριος	10
Φυσώ	10
ΤΕΔ	10
Γώγος	10
τροπέω	10
Κρατίδας	10
Εὐιλάτ	10
Ἡρακλειωτικός	10
συνελίσσω	10
ἱμάω	10
ἔκθυσις	10
δαδύσσομαι	10
ἐπιώψατο	10
Πλίω	10
Φλεγραία	10
αὐνή	10
σκεδάζω	10
ξυρίς	10
Τάρος	10
τερψίμβροτος	10
Βοῦνος	10
ἀμφώβολος	10
ὁμόπτερος	10
πυργηρέομαι	10
μεγαλορρημονέω	10
ἀντοικέω	10
ἐπισκοπεύω	10
ἐξαναγκάζω	10
Ξανδικός	10
φιλοζωΐα	10
πειθανάγκη	10
κατακωχή	10
λακωναρία	10
νεόδαρτος	10
ὑπανάπτω	10
διοιστεύω	10
πιθανολογώ	10
κναφεύω	10
ἄωρ	10
ἐξερείπω	10
αἶκλον	10
υνειροος	10
σεμνοποιέω	10
σπουδαίος	10
Γολίαθος	10
Μύρρα	10
πλημμέλησις	10
πατέλλιον	10
ἀγκτήρ	10
ἄκορος	10
καταβάπτω	10
καταιόνησις	10
αἰόνησις	10
προσεθίζω	10
σμηγματώδης	10
παχυσμός	10
πτυελισμός	10
ψέφας	10
ἐμφυλλισμός	10
υπέργειος	10
χωλίαμβος	10
αμερουμνεω	10
Μαγεδδώ	10
ψευδάργυρος	10
Πανέας	10
ἄστεκτος	10
θεομιμησία	10
ὑποκλάω	10
τίννυμι	10
υδριζεω	10
ρόδι	10
ἐπευφραίνω	10
ὀδοντωτός	10
δασύστερνος	10
εξερευνώ	10
νυμφοκόμος	10
σχορδιναω	10
ἐμπλεκτρια	10
Δάρνη	10
ἐκροφέω	10
Νέριος	10
λιπαροπλόκαμος	10
παρθενόω	10
ἀφατέω	10
διασχηματίζω	10
ἐχθρεύω	10
Γοργόνη	10
Λεύκουλλος	10
Οὐηΐοι	10
Βαλανέαι	10
πλευρωνία	10
Ὀφιονεύς	10
ποταμηΐς	10
ἐρημόνομος	10
βοόκραιρος	10
ἀπόσπορος	10
ἀναζωοποιέω	10
σιρυφω	10
πεντηκοντάς	10
ἡμιτρίγωνος	10
Τιμάσαρχος	10
Λιγυστῖνος	10
χαναράγγης	10
αἱμαγμός	10
πλακίτης	10
Μακεδονιών	9
Ἄχαιος	9
Πέλη	9
Μέλλουσα	9
έμφοβος	9
πράος	9
αθέμιτος	9
μαργοσύνη	9
βαθυγνώμων	9
ἰσομέτρητος	9
Πανάκεια	9
Παρδαλέων	9
παρατείχισμα	9
παραιτητός	9
Κέλερος	9
συνεῖπον	9
Σεσώστρις	9
ὠκύροος	9
Εἴπατος	9
ὑποφόνιος	9
Ἀκούμενος	9
ἑλλανοδίκας	9
ἐπαινετέος	9
ἀθῶς	9
τετυφωμένως	9
πάραντα	9
μαγνητίδος	9
ὁητορικῷ	9
ἔνδεσις	9
παραξύω	9
αἴγεος	9
ἀλέτης	9
διμητηρ	9
ἀνάπωτις	9
παραμπυκίζω	9
παρώπια	9
τιτιγόνιον	9
κασσυτερος	9
Γόνη	9
χορως	9
ευζωρος	9
ἐμπαλάσσομαι	9
θαλάμιος	9
Ἄμυρις	9
ἰατρίνη	9
ἱππάκη	9
θελητήρια	9
ἐπιπόρπημα	9
πυριάτη	9
ὑπόζυλος	9
ὁμογέρων	9
τουνεστίων	9
πετάζω	9
ἰλυσπάομαι	9
αὐτοκάβδαλος	9
ἀνέγκλιτος	9
μοιρηγενής	9
πατροφονεύς	9
ἀχήν	9
Γέρην	9
Πικεντῖνοι	9
βαφεῖον	9
Δεξικρῶν	9
Βρύχων	9
Τάρχων	9
ἱππαλεκτρυών	9
Τέμμιξ	9
Φαρύγαι	9
ἀκραής	9
Κειριάδαι	9
Τρεμίλου	9
χαριματη	9
Κοραξοί	9
Γεν	9
Λώτης	9
ἀγκυλόχειλος	9
Ἄζιρον	9
Τιβουρα	9
Λάας	9
ἅζω	9
Μέταβον	9
νίδου	9
Κροκύλιον	9
λαμητινοος	9
ὀγδ	9
Μιλύαι	9
Ἀγυιεύς	9
Δούριζα	9
Τίνδιον	9
Βέμβινα	9
̄ρ	9
Λάμυρα	9
Αἰνία	9
Λάμπεια	9
Μιδέα	9
νακολαιος	9
παρωρεία	9
πηρεία	9
Κολχική	9
Κύτα	9
Βρέα	9
Ἀλωπεκία	9
κανθήλη	9
νήλιπος	9
ἀρμένος	9
Μέταβος	9
Κηφηνία	9
μαριανδυνός	9
Καβείριος	9
ζεφυρίη	9
κύρβη	9
Χαρμάνδη	9
Ξάνθη	9
Οιάνθη	9
Λεύκη	9
Πετεών	9
τρώμη	9
Βάτναι	9
καταχήνη	9
Αἰητίνη	9
μολυβδίνη	9
Περραιβικός	9
Ἰώνη	9
Κορόπη	9
Ὑψώ	9
πρόπομα	9
φίτυμα	9
πτύχιον	9
μύδιον	9
Ῥύτιον	9
Λάκιος	9
Μόψιον	9
Εἰκόνιον	9
προνώπια	9
Ἰταλιῶτις	9
Δρίλων	9
Κοτύλαιον	9
φικαιω	9
κήτειος	9
Κυκλώπειος	9
Ἄλινδα	9
Γέβαλα	9
Ἀρίνδηλα	9
Ἄριμα	9
Λώρυμα	9
Παλιμβόθρα	9
Ἀρτάξατα	9
νῶκαρ	9
γλάξ	9
Λύγξ	9
ἀκριτόφυλλος	9
Πάρθαξ	9
γράψ	9
διαφῶ	9
ἁμιλλῶμαι	9
λιλαίω	9
πενταχῇ	9
μίξ	9
Παλλήναδε	9
Κριῶθεν	9
ἀκλαυστεί	9
ὁρκικός	9
ταναύπους	9
Ἀμοπάων	9
Ὕρτακος	9
ἰοδόκος	9
ἐρύγμηλος	9
τέτραπος	9
κόμμιδι	9
διφθογγογραφέω	9
Ἀλκίφρων	9
Ποιάντιος	9
γωνίδιον	9
ἀκρατία	9
Ἀρταῖοι	9
Γαζίτης	9
Εὐκαρπία	9
φλίβω	9
ὔτ	9
Ἀλίζωνες	9
εὐαπόλυτος	9
ζψων	9
ἀποβλητικός	9
ἴψηλος	9
αἰπολικός	9
πέρδω	9
ὀνοματοποιΐα	9
περιεσταλμένως	9
γυφτιά	9
αὐτονοῦς	9
ἀκριδῶς	9
Μακεδαιμόνιοι	9
ἡμερόσκοπος	9
προσύγκειμαι	9
ΦΕ	9
ΟΙΚ	9
ἰσπῶν	9
ἰστί	9
Ἰππόνικος	9
Σωκ	9
πολυπλ	9
βουλαία	9
Χαιρώνδας	9
τειχοποιός	9
Εὐβοικός	9
ἀγόρασμα	9
Μισγόλα	9
ζήλωμα	9
προστένω	9
Ἄτας	9
τιμαλφέω	9
δυσήλιος	9
αὐτόπρεμνος	9
οἰοῖ	9
παράκοπος	9
αἴσω	9
περιανίστημι	9
Εὐβοΐς	9
ἐμφύρω	9
ἴτηλος	9
πετροκυλιστής	9
εὐληματέω	9
Κερβήσιον	9
ἀργυρήλατος	9
ἱππογνώμων	9
λέστης	9
πεπαίτερος	9
θεοίνια	9
πολυθρέμμων	9
ἀφ́αλλομαι	9
ἱππηδόν	9
θερί	9
πολυαίμων	9
βόες	9
Γέννημας	9
Ἔριφος	9
ἐπιστρα	9
αὐός	9
δυναστής	9
μεγιστᾶνος	9
αἱματεκχυσία	9
Γαιανή	9
Ἀγάπιος	9
μυθωδῶς	9
ὑπεργέμω	9
ἐπιτερπῶς	9
προσαμόω	9
κήπευμα	9
Ἴμαος	9
φκ	9
Βαλιαρεῖς	9
κόλασμα	9
εὔσταχυς	9
λευμα	9
Βουτιλῖνος	9
ὁτῳδηοῦν	9
καταμίγνυμι	9
Σάβηρος	9
συσπειράω	9
ἀντεπιβουλεύω	9
σωσμένος	9
ἐγγε	9
συγγνωστέον	9
ἐμπεδάω	9
ἀσκέδαστος	9
πέρχεται	9
Μύρτα	9
καλλιπρόσωπος	9
διγ	9
αολιπως	9
Σάναξ	9
Ἄμον	9
πώποκα	9
Ανθούσας	9
λιποθυμέω	9
Θεμισταγόρας	9
φφ	9
Ἀνέπ	9
κεχυμένως	9
Θρυαλλίς	9
ὑπήνεμος	9
φιλί	9
θαλασς	9
αριξις	9
κοδύμαλον	9
κηρόδετος	9
ἀλαῖος	9
Ναύαιθος	9
Δυμαίναι	9
βύριον	9
κεβληγονοος	9
ιππαρινοος	9
ναξιακός	9
ρόσωπον	9
Ἄκτιος	9
θεοσιτεω	9
Θύμβριος	9
Οἰωνός	9
πύρρα	9
μαλακόω	9
Μηλά	9
ἀπτερέως	9
Ἀπᾶς	9
σπλάγχοις	9
βύσις	9
μίγχε	9
προξυράω	9
πᾶνις	9
σφδρα	9
δυσχρείαν	9
ἐπιπωματίζω	9
ἀναζωγράφημα	9
καταζάω	9
ἐνορμάω	9
ειδικός	9
ἐπουσιώδης	9
Ασυλλογίστου	9
προσπαραλαμβάνω	9
ἐπιβλεπτέον	9
πηρψνις	9
πολύκαμπτος	9
βαγ	9
νοσωδῶς	9
μεταβλητή	9
σκος	9
διάφασις	9
λειότητα	9
ΚΜΗ	9
μεικτεω	9
ὑπακτέον	9
πολλάκ	9
χότες	9
προσκω	9
γῖνος	9
μηνυτέον	9
χερόος	9
Βυζ	9
Σόλω	9
Εὔδικος	9
ἁδίων	9
Πονῆρα	9
κάγαθῷ	9
Κλεομέδων	9
ἄτμενος	9
φάσκ	9
ανυπαρξία	9
ἐκφορικός	9
ευεπιχειρητοτερας	9
επαγωγικός	9
ἑρμ	9
συνταγματικά	9
λογοποιΐα	9
Δευτέρων	9
ἐμψύ	9
τυρσηνός	9
Ῥησά	9
πραγματώδης	9
Αἰθίο	9
Ρουμένης	9
Δαιμόνιος	9
ξενοπρεπής	9
μαγάδης	9
λώτινος	9
ὀχάνοιο	9
ἐπιστρ	9
συγχριναω	9
ἥθω	9
χόρμα	9
φωτοφόρος	9
δένδρεον	9
Ἀναῶν	9
χρειόω	9
γῆνιν	9
Χιος	9
Ἀσκληπιόδωρος	9
ψευδοκλητεία	9
Ἐλευσινόθεν	9
ἀξία	9
διαφοροί	9
ἀϊδιότης	9
Καρτερία	9
Ἀθανασία	9
Βέβαιον	9
βιώσκομαι	9
οὐραχός	9
διασιλλαίνω	9
Πριαμικός	9
ἐπίχρονος	9
Στοιχειώσεις	9
μέθεσις	9
Ωστ	9
ὑπείρ	9
Φαιστίς	9
Καχῶς	9
φιλοτοιοῦτος	9
σμυός	9
υπερβάλλων	9
ἀρμωδίως	9
σούω	9
Φροντίς	9
ἀπροσύνῃ	9
ναυκληρικός	9
Ῥογέρην	9
Νέμιτζος	9
συμμίγδην	9
επαπειλούμενος	9
πανυπερσέβαστος	9
κινάβαρις	9
ὁποτέρωσε	9
μόσυνος	9
παρέλευσις	9
Ευστρατίου	9
ὅμευνος	9
σολυμη	9
ἔξου	9
μεσαίχμιον	9
ααα	9
νηπιόθεν	9
Τζαχάν	9
Απόκρεω	9
αὐτοχειροτόνητος	9
Βαάνης	9
κάχληξ	9
υψηλόφρων	9
ἀστείζομαι	9
Πέων	9
υπερισχύω	9
Ταγγρέ	9
δραματούργημα	9
εὐσυντάκτως	9
ἐνδύναμος	9
συναπ	9
μειζό	9
ὑπαυγάζω	9
Νάντα	9
ολυμπιονίκης	9
ἀπλος	9
προσωπικῶς	9
κῥ	9
μετάξι	9
αὐτοβούλως	9
Ἀκταίη	9
εὐαερία	9
αχ΄	9
Φοινίκιον	9
Πρισκίλλα	9
Κτείνας	9
ἀμίμων	9
ομονυμαω	9
απίθανος	9
τηρικαυτος	9
παραλαμβ	9
αρνί	9
ῥέμω	9
αντιληπτικώς	9
φραινω	9
Μεριάς	9
ἀδιάστολος	9
λαστος	9
περσία	9
συγγνωμονέω	9
μαχητέον	9
Πρόκο	9
βικίον	9
λάρτιος	9
τϊκός	9
Ἴασις	9
νεμητικός	9
ἑκατόμβιος	9
φαύλος	9
συνθηρεύω	9
σμένως	9
συνεπινεύω	9
σκῶλον	9
συνθετέον	9
σοφιειμι	9
Βαρή	9
ῥέδιον	9
χαρτηρία	9
κεδοναω	9
Νοίων	9
Κόμος	9
ἐνδιδάσκω	9
ἀσύγ	9
εκνευρισμένος	9
φροος	9
ὁῆτωρ	9
νδρες	9
εξαίσιος	9
προσανα	9
νεωτός	9
ἀντιλέ	9
χορηγή	9
ευφυη	9
βουλόμ	9
νότητι	9
μυθι	9
Κανός	9
μδ᾽	9
τουτού	9
ηδιζεω	9
περιβ	9
σμνοος	9
λφ	9
ποιῶς	9
Πεντάς	9
σύντο	9
Ἑλλήσπον	9
Μίκου	9
Θαυμάσιος	9
ἀναίσιος	9
εὐρισκόμενα	9
γήσαι	9
ἥγημα	9
Σόντα	9
ὑνόμασεν	9
Ζήτη	9
ερμηνευτις	9
χρησιμ	9
Πατροφῶν	9
Ξενή	9
ἀντίχρους	9
τούνη	9
σχολιααω	9
διεξαιρέω	9
κήτα	9
Φανοῦς	9
πολυτευιημι	9
Λάγων	9
παρανοίγω	9
διαγρηγορέω	9
περιλαμπής	9
ὄστερον	9
ἐνταῦδα	9
φιλοπρωτεία	9
Κώνωνα	9
ἐμμαίνομαι	9
γομ	9
προσνέω	9
ρύ	9
βρος	9
συνδια	9
Σεβαστούπολη	9
πειθήμων	9
ἔικτο	9
ἀφώνητος	9
φερεσσακής	9
ῥοδόπηχυς	9
Ἀλκίδας	9
λάληθρος	9
Προδίκη	9
Τιμάριον	9
λίτομαι	9
φυταλιά	9
δίχηλον	9
φυτοσκάφος	9
Κλεόλαος	9
ἀνόρεος	9
ἄγκειται	9
Στροῖβος	9
Εὐαίνετος	9
εὐώδιν	9
Δαμάρετος	9
ἐοῖσα	9
πρηεῖα	9
Μακέτις	9
ἄπηρος	9
Πολυξώ	9
λαθρηδόν	9
αἰνόμορος	9
προσπέλασις	9
Μυρώ	9
Τιμονόη	9
Χαρίδας	9
ἀποτῆλε	9
χὤτι	9
ἀγριόθυμος	9
ἀποχάζομαι	9
διακείρω	9
πολεμαδόκος	9
ἀφοβέω	9
χερσόθεν	9
κᾶπος	9
ἐπίσταθμος	9
προθρώσκω	9
πλψιάς	9
Κυπρόθεν	9
Ἄρητος	9
περίστεπτος	9
παμβασίλεια	9
ἄμπαυμα	9
γαργαρής	9
μελισσεύς	9
συναιχμάζω	9
ἀποστηρίζομαι	9
Μεμνόνιος	9
ἰκτίς	9
μεθημέραν	9
Ερύθεια	9
Σάντας	9
θηλυτοκέω	9
Μαχάτου	9
ανοιζευς	9
προσεγγελάω	9
Κορβίνος	9
Λάπιθος	9
αἴχε	9
ἴχται	9
κάριστος	9
Βρυξέλλες	9
Ἀνκούργον	9
ἐξαίνυμαι	9
Καμειρεύς	9
Ἀρίαιθος	9
φιλύρη	9
πάρ	9
Πυρραῖος	9
τεχμαίρω	9
ἕσμα	9
κάδη	9
οἰσόντων	9
Οἰνώ	9
πρια	9
Λευκιππίδες	9
πωρέω	9
ἀπαρέφρατον	9
Ξάνθης	9
Ἀμφιβία	9
αιολιδηω	9
πολύρρηνος	9
Φράστος	9
Βουταλίων	9
πόρχος	9
σμῆμα	9
μετάνιπτρον	9
γυνάθους	9
ὁμνύντος	9
ἔμβρωμα	9
ἀναμιμνῄσκων	9
Ἔμβιος	9
ἡδυλόγος	9
Χε	9
ἀνανάγκαστος	9
ὀλίην	9
Κλους	9
Χάνεν	9
ἄλλφ	9
Στρος	9
άστρωτος	9
Σᾶνδρος	9
δέσποι	9
Θεοσάνδρου	9
ἐκχειρίαν	9
Φιλτᾶν	9
μασία	9
ἐγλλυμ́	9
συγκατάκειμαι	9
πτ́ων	9
δυστυχ	9
ΑΝΕ	9
ἀπυστρέφω	9
μακροπαράληκτος	9
καλύκη	9
Πρώ͂ναξ	9
επταμηνιαιω	9
εὐρυγάστωρ	9
Αἴμων	9
Ἐχέφρων	9
συνευνάζομαι	9
Περιφήτης	9
κορυβαντικός	9
Ἰάλεμος	9
Χαλκητορεύς	9
Ἀτταλός	9
ἡμίκυνες	9
Γαῦδος	9
γλῶττα	9
ἐκραίνω	9
σιππος	9
προσεπισπάομαι	9
ἥδην	9
περιγραπτέον	9
οἰνοβαρείων	9
ἐπικαζω	9
ἐπίσαμος	9
ἀργάνου	9
περιμ	9
προσφρονεος	9
πατροπάτωρ	9
κηκίω	9
λᾶιγξ	9
Ὀφίων	9
μυλήφατος	9
κορθύνω	9
ἀμοιβηδίς	9
προσλέγομαι	9
ἐπινίζω	9
μυχόνδε	9
αὐίαχος	9
ότητι	9
ἄζα	9
ετυμολος	9
πολύφυλλος	9
ἄλγησις	9
οἰνόπεδος	9
πεπμαι	9
νιάσι	9
ἀνήνωρ	9
ἀποναίω	9
ἀρητός	9
χεῖιανω	9
ἄφημαι	9
δολίχαυλος	9
εἰνάνυχες	9
ἐπιμύζω	9
θρασυμέμνων	9
κοιλάματα	9
ἰθυπτίων	9
προσήνδα	9
κατάνομαι	9
καταέννυμι	9
Κίση	9
δμοιον	9
τέττις	9
Δέδα	9
χλαῖ	9
πολυπ	9
τρίλλιστος	9
ὑδατοτρεφής	9
ὑδραίνω	9
ξμπροσθεν	9
ὑπερέπτω	9
ἄζον	9
ἐά	9
ἐκφθίνω	9
εἰσμαίομαι	9
πρηγής	9
πολυάιξ	9
Χαριξένα	9
Πράσου	9
Βενεβεντός	9
πολυανδρία	9
Μάρσοι	9
προεπιχειρέω	9
Κατιλίνα	9
προσψηφίζομαι	9
Κίρτα	9
Πειθαγόρας	9
λοχῖτις	9
συστρατηγέω	9
Ἰππώνιον	9
ἡγεμονίδης	9
Σέξστιος	9
ἀπόκλεισις	9
πρόπλους	9
Νωρικοί	9
Οὐακκαῖος	9
Ἰάποδες	9
στύππιον	9
ἀναβολεύς	9
νυμφαγωγία	9
Εὔμαχος	9
Τορκουᾶτος	9
Ἀχαίων	9
ὑετίζω	9
ἐπταπλασίως	9
απαλοτητη	9
άσπλαχνος	9
κατοικητήριον	9
ἔντοσθε	9
ἄγωνος	9
ξῆλος	9
θηγάνη	9
δέτερα	9
Νόης	9
πληγ	9
παράωνυμα	9
σκύ	9
Συριστί	9
εἰκοσάβοιος	9
σχος	9
κλιμακίζω	9
σκελίζω	9
συνεκφωνώ	9
αναπετώ	9
κάγαθόν	9
ἀμπελουργέω	9
τεταγμέ	9
γνώση	9
Μέλλον	9
φήτωρ	9
νησύδριον	9
νύμφ	9
δόμια	9
ἐμοιγ	9
ὑπογάζτρια	9
πυθαγορίζω	9
κύβδα	9
ὀρχ	9
τέρσω	9
ὀτρυηφάγου	9
γυναιπως	9
ΞΟΠΡ	9
ΥΣ	9
ΗϠ	9
ΓΘΚ	9
ὁποιαιοῦν	9
ΑΘΖ	9
ΒΓΛ	9
ΠΟΡ	9
ΒΖΚ	9
ΑΡΓ	9
ΗΓΒ	9
ΗΖΓ	9
ΓΒΗ	9
ΓΒΖ	9
ΖΒΑ	9
ΒΜΖ	9
λυγγώδης	9
ἐπάνθισμα	9
τυμπανίας	9
ἐτοῖμος	9
ἰατήριον	9
ἠήρ	9
ἡδύοσμος	9
σκοτοδινίη	9
αδυκεω	9
Ὀστρακίων	9
Σέρξου	9
σαρδανάπαλος	9
Πόχα	9
Μνήσων	9
προαλῶς	9
αναίτιος	9
Κότινος	9
ἀγρίς	9
ἐρείω	9
προφράζω	9
ἀρελῶς	9
παραγήραμα	9
Παταρεῖς	9
πίδι	9
κάχεινος	9
λογικεύω	9
επιστατώ	9
ξενοδοκία	9
Ἀμφίας	9
Πελλαῖος	9
Παῖτος	9
τέγνης	9
ἐσάγω	9
Ἀπολιᾶς	9
ἐπιθυμ	9
χήρυγμα	9
ανιεπομαι	9
Ταχί	9
απροσυνιημι	9
ικετεύω	9
καρπίς	9
τήντῶν	9
καθυπερέχω	9
ἀχρειότης	9
ἐργείζω	9
καιος	9
συμβούλευμα	9
ὁποιοιοῦν	9
ἄεπτος	9
ποσσῆμαρ	9
δολιχόδειρος	9
ένεκα	9
Μίνας	9
Ἀτρεΐων	9
ἄμφο	9
Πηνέλεος	9
παρθ	9
ὁπλ	9
λίμη	9
αἰολόνωτος	9
συνδενδρόω	9
παραώνυμον	9
συγγυια	9
ὄθριξ	9
προσλ	9
χαριεστέραις	9
Εὐτέλης	9
χαιμαλεω	9
ὀκμελεῖς	9
δίπνοος	9
Παραγνῆτη	9
λική	9
πέρατον	9
ρυθμός	9
Αἰτίας	9
πνῦμα	9
μέχρ	9
ιΓ	9
δοχ	9
Πανατίου	9
κακοζηλία	9
Μυλλίας	9
Τρόπης	9
προμετωπίς	9
Πρυτανίδος	9
Φαύστυλος	9
σικελικός	9
κυπριακός	9
Τενάγη	9
Νικάτα	9
Ἀρχάγαθος	9
Κοιλιάς	9
Χθόνια	9
ἐννεάχορδος	9
αμφιτρως	9
γυμνοσοφιστής	9
ευιημι	9
ἀγαμίου	9
αξιπιστος	9
ἐνενηκοντάπολις	9
ἀδιαχώριστος	9
ἀκριβολογέω	9
νῦντωρ	9
Λαμπετίδης	9
Αντής	9
ἔνωμος	9
τόπι	9
συρίγγιο	9
καταμ	9
Πυλόνδε	9
Φρόνιος	9
ἀμβατός	9
ἐνηείη	9
Ἄσπετος	9
μότος	9
Κωνστ	9
ψάκαλον	9
ψακαλοῦχος	9
κυνηγ	9
ἑπτάδουλος	9
λαπίζω	9
πέπλωμα	9
Πίτταλος	9
δέημα	9
πέλεθος	9
διαρραγείης	9
τοιαυτί	9
περιστίαρχος	9
ἡδί	9
καταπροίζομαι	9
δεδειπνάναι	9
προάγων	9
ἠτριαῖος	9
κυσολάκων	9
φυτευτήριον	9
Παντακλῆς	9
κενέβρειος	9
δεσαύχενες	9
πάγκυφος	9
ἔγκαυμα	9
ζυγωθρίζω	9
οἰναρίζω	9
φιληδία	9
ἐξομματόω	9
ἰχθυηρός	9
βουλεία	9
λογίδιον	9
κυνέαι	9
κύτταρον	9
πρασοκουρίς	9
δικάρδιος	9
κατακορέω	9
πανθοινία	9
Πάρδαλις	9
μυοκτόνος	9
περισχίσκε	9
εἰσροή	9
ἐπιθόρνυμαι	9
ἀπόφημος	9
ὕπτος	9
τιμωρ	9
δορ	9
Ιλί	9
ἀπολα	9
ἀρθῶς	9
ἈΒ	9
δυσκινήτως	9
κονιορτώδης	9
ὀλιγόθερμος	9
ἐξαυαίνω	9
εὐδίοπτος	9
μελανόμματος	9
ὑπεκρέω	9
ἄκαυλος	9
βοηθητικός	9
Ἴσων	9
οιαῦτοι	9
τητάομαι	9
ἐκπέταται	9
τω	9
εὐδαμονίαν	9
ΩΥ	9
ΑΔΖ	9
ἀσυνήθεια	9
κατακτός	9
εὔθλαστος	9
πλεθριαῖος	9
Ἀντιμένης	9
θάσσω	9
νομοθετητέος	9
ἀποικισμός	9
προσφος	9
ὑπερθερμαίνω	9
λυκόποδες	9
Ἑλλανίας	9
Ὑπέρας	9
καλλικύριοι	9
υἱος	9
πεπιστευμένως	9
δημοκοπέω	9
Ἀμάδαθος	9
ἅλλ	9
μυροπώλης	9
σάγγαρον	9
ἀρτοποιΐα	9
Σίκος	9
Εὐφρατησίας	9
Σκηνῖται	9
ύτης	9
ἀποδημῶ	9
ευημερώ	9
Βαλέντα	9
Φρουμέντιον	9
ὀσφραν́ͅζω	9
χλοηφορέω	9
προασφαλίζω	9
ποτηρία	9
Πρέπων	9
δαβίδ	9
Στρατίας	9
ασάφεια	9
προβινεω	9
διος	9
Θεότη	9
υπάρχω	9
ἐγκρα	9
σωτηριωδῶς	9
Βίλας	9
ἀγιασύννης	9
αδιοτηταω	9
ὀλίως	9
ἀσυ	9
Ἀριμαθίας	9
Μωϋσῶς	9
βυτίδα	9
ποιμίνθημι	9
εἰδωλολατράω	9
μακροθυμῶ	9
αδυναω	9
τετυρόω	9
Κύνας	9
Ἠθάμ	9
μαελέθ	9
Ἰάφετ	9
πένθια	9
Ἀναστάσις	9
καταβαλλόμενος	9
Σαχάριος	9
περιουσιασμός	9
ΡΜΑ	9
λωνιος	9
Ψαλμ	9
Σιλωμ	9
σκοτάω	9
Βότα	9
ἐπιθάω	9
ἀπεριγράπτως	9
ὀκοδομέω	9
προσεύομαι	9
ατιδιος	9
χαμινοος	9
Ἀμβακοῦμ	9
ἄρραφος	9
ἀφθαρ	9
ἀχμαλωτεύω	9
Οὗοι	9
ἄδις	9
Ρήτα	9
Αστέρος	9
σόλο	9
φωστέρων	9
Άγγελου	9
ρχδ	9
ενδίκως	9
ἡνωμένος	9
ἄρρατος	9
Ἰεφθά	9
Ἰωάθαν	9
Ἄσσα	9
Μωδάδ	9
ἀμέριμον	9
τίδε	9
τίχα	9
Τέχων	9
ἠθούλοντο	9
ΜΝΞΟ	9
πυροβόλος	9
πλιν	9
Ελασία	9
Ἄσκλη	9
Χαρίας	9
Πλειστόνικος	9
ἀκρόδρυον	9
μαργαρῖτις	9
ψευδυποβολιμαῖος	9
πάνια	9
ἄϊκλον	9
εὐπερίτρεπτος	9
περιστάσιμος	9
συμποσία	9
Καλλίξεινος	9
ὀπτήρια	9
Ἀπολλώνιον	9
Σμινδυρίδης	9
κεκολασμένως	9
Τουβέρων	9
Ἀμάραντος	9
ὀψαρτυτής	9
Σακάδας	9
κώψ	9
Κατακολλώμενος	9
ἀωτέω	9
Κροκωνίδης	9
Κινύρα	9
φίλοψος	9
οἰνιστήρια	9
ἰδιόστολος	9
κρεανομία	9
Κλύτος	9
Ὤκιμον	9
κατάκοιτος	9
κριδδέμεν	9
Πρόνομος	9
Βαβυλωνιακός	9
ἀπομίμημα	9
τρωκτά	9
νεήλατος	9
ὀπωρίζω	9
τρώξιμος	9
στεφανωτικός	9
λυχνίδιον	9
πεντ	9
Κολπ	9
δέπω	9
αρχηγία	9
θρωπίας	9
Παιδεύτης	9
φυτοκόμος	9
εἰδύλος	9
Κυβερνήτου	9
Σέρξης	9
Μητρίας	9
Έσπερ	9
θλεβρον	9
Ἀγνοῦς	9
ποταποῦς	9
ρπα	9
ρπγ	9
σκζ	9
σμβ	9
σνθ	9
σξγ	9
ἐμπόρευμα	9
προσβ	9
εὐλαβίας	9
ἀφονίᾳ	9
ἐπηρεαστικός	9
συμμορφούμενος	9
ὁποιασδήποτε	9
μύπου	9
Λίμος	9
Χαλούς	9
Ἀδουλήτης	9
καταμαλακίζω	9
Αββακούμ	9
φιλοχωρέω	9
γήνια	9
Κρίνουν	9
Ἀχιτοφελ	9
ισομης	9
φρεναπάτης	9
ἐμπλόκιον	9
Εὐγενεστάτη	9
ἐνανθρω	9
ἐκλύτως	9
Χαλάνην	9
εὐχωρία	9
Ἐλεαλή	9
γισμόν	9
ἀῤῥωστήματι	9
συμπεριένειμι	9
ἀμβλωθρίδιος	9
καταστρηνιάω	9
πανοικεί	9
αγνοημένος	9
νιοθεσίας	9
συντεῶς	9
βηρύλλιον	9
ἀχρη	9
μονοσυλλ	9
όστια	9
ρᾴδιον	9
Δόλα	9
οἰαδήποτε	9
Πίνος	9
Λαλεῖν	9
κατεσταλμένος	9
ἀπόπτωμα	9
λιβάνον	9
υπερένδοξος	9
διχο	9
παρεκβατικός	9
στρέψις	9
παραδράω	9
ἀντίθημι	9
σηματίζομαι	9
ἀθρῶς	9
Βαρσαβᾶς	9
ἀπορφανίζομαι	9
διάδεσις	9
πορρώτατον	9
Βηρωσός	9
ἀνάλημμα	9
ἄμολ	9
τριπέτηλος	9
ἀγακλειτός	9
πακόν	9
Τυφ	9
ἑλικῶπις	9
Ἀγαθέας	9
Ἄνασσα	9
προμαντεία	9
ἀχαρακτήριστος	9
ποντίφεξ	9
ἰσοκρατής	9
ὁμιχλωδής	9
Καισαρίων	9
Στρατονίκεια	9
ὑπερεύγομαι	9
Σετήρου	9
φαράω	9
Θεοφανία	9
οίσ̔ουδηποτς	9
ἐβαπτί	9
δωδεκάφυλος	9
μητρ	9
στρια	9
ετͅναι	9
συγκαταβιβάζω	9
ταλαιπω	9
τασμα	9
ἀπόταξις	9
οσυνεος	9
ἰερωσύνη	9
Ἴλεως	9
ΝΑΣΑ	9
ἀγωνιάζω	9
ἀδρανῶς	9
χαρακ	9
πολυοδία	9
σύμβου	9
κωσιν	9
Κούαρτος	9
τωλός	9
συνδιόλλυμι	9
Ἐπιμένων	9
επονομασία	9
ἀθυμητέον	9
χειραγωγούμαι	9
θορυ	9
Κάλως	9
Θεολωρητου	9
ἀνακηρύττω	9
κεχρ	9
θεμελίωσις	9
κατηγλαϊσμένοι	9
ἀπαραλλαξία	9
δευτερόπρωτος	9
τροχιός	9
μάτημι	9
Ὁχοζίας	9
ραπίζω	9
Σαλμανάσαρ	9
καταφρ	9
ζηλ	9
λεγομ	9
Ῥαμᾶς	9
Φιδηνάτης	9
πολυπραγμόνησις	9
ἐπιβόησις	9
λελυμένως	9
ητικός	9
κάγαθοι	9
δύνω	9
Τερμίν	9
ναιτάω	9
θρέμ	9
δυσέκνιπτος	9
ἀπεικώς	9
ρζ΄	9
τλθ	9
κοχύλι	9
ρκθ΄	9
πθ΄	9
τθ΄	9
Ὀφνί	9
φαλακρότητα	9
Πομπήλιος	9
ὁράθημι	9
Ἐξάμυος	9
Λενάτου	9
ρδ΄	9
Πούλχρου	9
Ἰωάνθης	9
Νέρβα	9
πενῦμα	9
επαρρησιααω	9
ορφιος	9
Φλωριανός	9
εἰκοσαετηρίς	9
Φιλοθέου	9
ἀδέλφιον	9
Ἐφραίμιος	9
Ίβαν	9
ορφανοτροφείο	9
Κανζάκων	9
Καστέλλια	9
Φιλομαθεύς	9
ἀπέμφασις	9
ταρταρίζω	9
στιγμιαῖος	9
σύμμιγμα	9
οσφραντικός	9
ἄνοθος	9
Κτήσιος	9
σύμβλησις	9
ἀῤῥωστήμασι	9
Ἴκκος	9
Κροκοδείλων	9
Ἀλεύας	9
ἔμπηρος	9
Λαόδοκος	9
θνησείδιον	9
Παμφάης	9
Διάκου	9
πάναισχρος	9
ΔΕΑ	9
σμδ	9
ΖΕΔ	9
ΘΕΚ	9
ΔΘΚ	9
ΚΦ	9
ΘΖΚ	9
ΗΜΘ	9
ΓΕΘ	9
ΒΗΛ	9
ΑΔΘ	9
ΑΓΘ	9
ΘΑΕ	9
ρϚ	9
ΕΒΘ	9
ΖΕΚ	9
ΚΑΜ	9
ΑΒΚ	9
ΕΝΑ	9
ἀργικέραυνος	9
Πελάτης	9
βραθυεις	9
ζωροαστη	9
μωμητής	9
σταλτέον	9
φειστέον	9
πυγοστόλος	9
κατιθύνω	9
Ἰαβείμ	9
Ἀμαθί	9
Ἀλκή	9
ἐναπεργάζομαι	9
ἐκτρώγω	9
ἀπαύδησις	9
πάρωρος	9
θεσμοφόριον	9
ζάψ	9
ἀπεικαστέον	9
ἀγαθύνειν	9
ἐπίκηρος	9
νωθριάω	9
επιστήθιος	9
αννουβιων	9
τρίτονος	9
δεντρόν	9
απέχω	9
ὀμπρός	9
ἑβγαίνω	9
ἀντάμα	9
Ανατολή	9
Παρηγόρα	9
μουφαρος	9
Προσκυνάς	9
Γιαλού	9
πιστεφω	9
μουρτζουφλω	9
επικαλεω	9
φλαμουριαρίους	9
εκαβαλλίκεψαν	9
Καμπανέση	9
Κούρση	9
Μακρέα	9
βελιγοιστημι	9
λακκοδαιμονιος	9
Ρουμπέρτου	9
ξύλο	9
Κούρτη	9
εκαβαλλίκεψεν	9
Κλαρέντσαν	9
Κάρλου	9
δῴζω	9
ᾄσσω	9
αυταν	9
κοπελιά	9
τραγουδιστός	9
σωπαίνω	9
Μαλιάς	9
απαρθινά	9
ερμάρι	9
ψοματη	9
κανίσκι	9
Φιλιά	9
αλλιώς	9
βυζί	9
πρίκαν	9
αποκατωθιό	9
ἀγριεύω	9
κουσε	9
άδικο	9
οχθρόν	9
Κυπριώτης	9
ρθε	9
Ριζικού	9
αγκάλη	9
τίποτες	9
Ἄμμη	9
ιστόρηση	9
κώδικος	9
νεμεσίζομαι	9
ΔΗΜ	9
πολεμαρχέω	9
Ἅβρον	9
δορυφόρημα	9
παράλ	9
ἄχιλος	9
ἀφίνθιον	9
σκορδινάομαι	9
γεννήτρια	9
λεοντόκρανον	9
Φιλάργυρος	9
κατασέω	9
συγκρότημα	9
παρασκ	9
διφθόγος	9
συνειδείᾳ	9
διακρ	9
ὑπερκαταβαίνω	9
ἐπιρρ	9
συσσημαίνομαι	9
Φιλογράμματος	9
ὅδεως	9
πτοι	9
ὀρόβιον	9
Ἐκτόρεος	9
νηπτάριον	9
παράωνυμον	9
ταῖρος	9
καράτομος	9
ἀναχωρητέον	9
τοτυπος	9
ομοιοπτυος	9
κρειττοναω	9
μεγάνωρ	9
Χι	9
Ὦμρος	9
ἐπήτης	9
ἀνεμώνιος	9
απευκταίο	9
Ἰάσιος	9
καλλιγραφία	9
Χαζάρους	9
μαυροφόρος	9
ἰδιόρρυθμος	9
Σέρβλων	9
τορνικιων	9
Ἀρδανουτζίου	9
Ἀρδανούτζιν	9
Ρούσιας	9
λιβελλάριν	9
μάστωρ	9
παρακρατούμενος	9
Σκῦλα	9
Σκύλων	9
καταβάσιον	9
στιχάριν	9
Βεργίων	9
Τριβουναλίου	9
φατλίον	9
τουμβικαι	9
Ἀνανάϊα	9
νωτοφυλακή	9
ῥοδόσταγμα	9
λωρωτός	9
Ἀρχόντισσα	9
ἀρμαμέντον	9
ὀφφικίῳ	9
καμπάγιον	9
Κοτυαείου	9
Τρόπη	9
προεσητέυσεν	9
χαρπουω	9
Αβδεναγώ	9
ιερατείο	9
ματαιοφροσύνη	9
ταράκτης	9
Μαξιμώ	9
μειονέκτημα	9
Πιστέας	9
Ψευδοφίλιππος	9
Ἰάμ	9
Νάναραν	9
Εξάρχος	9
Ὀαξός	9
σπαρ	9
φνομένων	9
Κλειτόριοι	9
φέως	9
αντινοος	9
ἀναργύρως	9
ἐλ	9
Θηβαϊκός	9
Ὀφιοῦσα	9
ακοπιαστος	9
σαθρότητα	9
Ιππεία	9
ἀνθρακας	9
καυχιος	9
ἔκφαντος	9
συνομας	9
Κούρα	9
παιανευ	9
Ὦλδιος	9
πανδαμάτειρα	9
τοδ᾽	9
Ἀρχαῖος	9
μετοχίτης	9
κερός	9
ἀμετρόβιος	9
τέλεσις	9
Γελάσιος	9
ργον	9
σχέδος	9
ἀπρόσεκτος	9
βειθρης	9
Κίρκος	9
θινώδης	9
ουδός	9
αντιφανος	9
ἐγώδα	9
πύας	9
παρατηρώ	9
λόχια	9
δωδεκάκρουνος	9
Χασάνης	9
Δέρβιξ	9
προσορίζω	9
ἀνεπικαλύπτως	9
σπό	9
Ἀρδάκης	9
τριόβολον	9
θαμνοειδής	9
αποκρούω	9
καπνέλαιον	9
στροφάω	9
ὕσωπος	9
Χάτα	9
σαρκίς	9
τουργίαν	9
λαξευτός	9
Λαμπάτος	9
ΕΔΔ	9
Μόνις	9
ἀνασεύω	9
σύνοπλος	9
μονονοχῇ	9
προκόσμιον	9
επικείμενος	9
λέγχει	9
ἀνάχρωσις	9
σφμι	9
αποφοιτήσας	9
ἀλλήλην	9
δῆπον	9
εὐτολίαν	9
Αἰχμίας	9
ἐπαίπερ	9
προφημι	9
Γίδος	9
Πλη	9
ἔνεκεν	9
παγχαλειπως	9
ασεβής	9
διαμανθάνω	9
μαρόν	9
αισμαω	9
ἐντομίς	9
εὐθυσία	9
θεσπιθεος	9
πλεονείας	9
διαδέρω	9
άσηπτος	9
ἅπαρ	9
σιλις	9
αποστάτης	9
μονονυχί	9
ἵσος	9
φύρασις	9
ἀποκέντησις	9
δυσαχθής	9
χρησμῳδημάτων	9
ὀσφραντίθημι	9
Λάχεις	9
φιλαμαρτέω	9
σχοίνιον	9
ἀνυπό	9
ἀθέτημα	9
εξολορευτιθημι	9
εοχατεω	9
παιδοῦσα	9
ἐφέστα	9
ἀλληλίας	9
συνανατίθημι	9
Σαλώμ	9
ἐλαιόδευτος	9
Δαιβών	9
φιλοκρινέω	9
δανίζω	9
περιπέτασμα	9
εὔχρως	9
σάρξα	9
Καντές	9
Γλυκεῖα	9
ελλιπώς	9
πρωτογενής	9
ἀγιώτερον	9
πρᾶψ	9
Λαμπροῦς	9
Ψηφής	9
Ἀηλοῖ	9
πανθεῖν	9
ασάλευτος	9
ρπς	9
τρισμακαρίας	9
Ἔχθρων	9
χροσυς	9
ρχν	9
ἐνευθύτητι	9
Ἀφθόνητος	9
Ἀπότρεχος	9
Βέβηλος	9
διαπλάθω	9
προσαρτύω	9
ἀπέρεισις	9
συναπολύω	9
Φυσικόν	9
οὐσιοποιέω	9
τετλάρων	9
σλάσις	9
Ἀνουσίων	9
ενοοραω	9
δεικτός	9
Αὐτίχα	9
δηλητηριώδης	9
πέδονδε	9
ἀπυνδάκωτος	9
στρας	9
Σωτάδεια	9
ἀνθρά	9
Πειραία	9
Δηίλογος	9
Φάντος	9
μάχτρα	9
ζαλευχοω	9
Εὐρώπαν	9
ἐφήσεως	9
πούλυψ	9
ψώα	9
γχα	9
Λευκονοιεύς	9
Θεμίστα	9
Τύφων	9
αὐτοχείριος	9
κούφρον	9
ξαγοηρα	9
φβ	9
συμψαύω	9
βόλιον	9
καταδιαιτάω	9
ἀνεψιάδης	9
Σωκρατίδης	9
Ἀγορά	9
δυσπολέμητος	9
Ἀστεῖος	9
πεζότητα	9
παραθραύω	9
πᾶσοεῖς	9
Ϡ΄	9
Ἰκίων	9
Μεντί	9
εὐήμα	9
Βατύλη	9
γραμμαδιδασκαλίδης	9
Τόρρα	9
Δίζας	9
τάλαιρον	9
Βηρίνα	9
θρωπίᾳ	9
Κάρπιος	9
κάλυξις	9
ἡνιόχησις	9
Μήλης	9
ῥινάω	9
λειψυδρία	9
τρισώματος	9
φιλόφρονος	9
Τοῦσκλον	9
ἀπό-ἱστάνω	9
Θρασυδαίος	9
Ἰμίλκας	9
Σόφιλος	9
Βήϊοι	9
παρασχάω	9
εἰσπλοος	9
ὁμόψηφος	9
Λεόννατος	9
Λυγκησταί	9
ἀποθεωρέω	9
Κρατεύα	9
Παπείριος	9
Βορμίλκας	9
Ἀντιγονία	9
βελόστασις	9
Νῶνος	9
Πόη	9
Ώτας	9
Μουσίκ	9
Κάστου	9
τορικ	9
Ξενοφῶντες	9
ποτθέμειν	9
δυσπάλαιστος	9
παραγραμματίζω	9
ἀρεστῶς	9
ἀταρακτέω	9
ἐπιπροσθέτησις	9
συγκύρησις	9
δικαιογενος	9
Ἀγέλαστος	9
Ἀνάγυρος	9
ἐμποίνιμος	9
Ἕρμαια	9
πραξιδίκη	9
Ἱπποκράτεια	9
βουφόρβια	9
Νέβιος	9
Ἀρχεστρατίδης	9
συνδικάζω	9
Γλάνις	9
Οὐετουρία	9
ἐνάτεος	9
ἀσπάθητος	9
φυλακτήρ	9
νευρή	9
κεκρατημένως	9
εἰσποίητος	9
σιαλώδης	9
πισιδηω	9
Τερμησσός	9
δυναμοδυναμοστόν	9
συναμφέω	9
Μδ̄	9
αῠς	9
ΔΥδ	9
ζτ	9
Δβ	9
ρζς	9
ιζ̄	9
ΔΚΟ	9
ΨΑ	9
ἑλένιος	9
ἅβροτονος	9
λευκάκανθα	9
εἱλκόω	9
πρόσφ	9
γιγγίδιον	9
ὑπόκοιλος	9
βρυώδης	9
ἀρωματίτης	9
καυστέον	9
τιτράομαι	9
ἀδιάχυτος	9
πλαδάω	9
ἐρετριάς	9
κατούλωσις	9
πανέρημος	9
ἀπελάτης	9
Αστρά	9
ἀρχηγία	9
οργιά	9
κονοσταύλου	9
τρεπτικός	9
παλαμιδιδωμι	9
περιπλάνησις	9
πίζω	9
συγγύσεως	9
πολυμέρεια	9
οινώδης	9
Ερίον	9
σύγκραμα	9
Μητρ	9
φιλανθής	9
ἀναγρ	9
πολυμιξία	9
φοντος	9
Σίκου	9
Ήριννα	9
Ριάνος	9
γεμινοος	9
Σαρδιανού	9
Κρητ	9
Αρμόνη	9
Αλασσά	9
υγινοος	9
στραγγαλιώδης	9
ρινοκουρουροος	9
Λούδ	9
Μήτρας	9
διαδρέω	9
ΕΠΕΚ	9
Αρχοντικής	9
παρουςίας	9
δικαιοςυνη	9
ἐκκληςίᾳ	9
περιιάπτω	9
Συνέφη	9
Βλανδίνα	9
ἐκταῦθα	9
Αρτέμις	9
τοσθένης	9
Σῶς	9
Ἄνδριος	9
λέγνον	9
φλεδονώδης	9
χιστα	9
Ἀθα	9
Ἁτήρ	9
Ἀήτης	9
Φηρητιάδης	9
ἀλδήσκω	9
Ἄμαθος	9
ἀνουτητί	9
δυκοφρεω	9
Βρόχος	9
Δίσκος	9
Ἐλοῦρος	9
Ἐπήβολος	9
Εὔσωρος	9
Ζον	9
Κόθορνος	9
Πηδάλιον	9
Τριτοπάτωρ	9
Σώνος	9
ξφορος	9
μηχ	9
μίδας	9
Βούνας	9
λαοργός	9
Όχη	9
Φθ	9
ἀσπαχῶν	9
ἐστρα	9
κολόβιον	9
τουκης	9
Γείτων	9
συνηθία	9
εὐδίνητος	9
Ἰδιώτης	9
καλλιέρημα	9
οἰνοπώλης	9
ἀποτί	9
κεφαλοδέσμιον	9
πιάδης	9
φιλητικός	9
νῦμα	9
Μήν	9
Παίδευσις	9
Πόλος	9
τέγνην	9
μάστιγξ	9
Χόνδρος	9
Θαλία	9
ΖΗΚ	9
ΑΔΕΒ	9
ΗΑΒ	9
ΖΚΓ	9
ΔΤ	9
ΜΘΝ	9
ΑΒΝ	9
ΦΚ	9
Μάντα	9
Τιμάσιος	9
θεόσπορος	9
ἀντιάζω	9
δυσεκπέρατος	9
ἔγκληρος	9
ἔκβολος	9
Μυκηνίς	9
προχορεύω	9
ἑβραϊκός	9
παντελέως	9
τεθεωρημένως	9
ὕδρευμα	9
ἐγκαταπαίζω	9
Νερωνιάδος	9
σειρέω	9
Οὐρβανός	9
Πάτι	9
ἄγαλ	9
Κρυς	9
Μαργαρίτης	9
δαξεν	9
Βίεννα	9
Κωφήν	9
ἀνθρωποθυτέω	9
ραγδαίος	9
γίαι	9
συμβατικός	9
ἀνακυκλόω	9
συντυχικός	9
ἐξορ	9
Ἀχερουσιάς	9
τυπωτής	9
μηδένες	9
γελμα	9
Ὀϊλιάδης	9
Κίλλος	9
ἀοτι	9
Ἑκατόννησοι	9
εὐλύγιστος	9
στοιχειακῶς	9
ζητητός	9
ερμήνευμα	9
ἑκατόμ	9
Ὀδυσσίαν	9
κρεωδαισία	9
λογία	9
Πανή	9
πολλαχῶ	9
δῦρα	9
ξολπα	9
Πανελλήνιον	9
ὑπαρχικός	9
Φωχίων	9
ευβοιδης	9
Οιχαλιώτης	9
προεκδέχομαι	9
Ἀήμων	9
Γυρτώνιος	9
Ἐνιῆνες	9
Ὀράκης	9
τιμωλος	9
σμιναω	9
αἰολόπωλος	9
διασαφηντικόν	9
πελοπιδαω	9
βαφείο	9
κάχη	9
Ἀομίδην	9
συγγύας	9
ἐνστρέφω	9
Δημήτρια	9
λόγφ	9
ἄμπρον	9
εὐτύπωτος	9
μεθημοσύνη	9
μονυχαω	9
γλανκώπις	9
Ἥρό	9
ἀλοιμός	9
φίρων	9
επικαιω	9
Βαρής	9
στερά	9
βασιλίαν	9
μίθον	9
ὑπεξαίρω	9
ἐπιλέγδην	9
διαζύγιον	9
μειωτέον	9
Στιχίος	9
ξυτοναω	9
ἄφαρος	9
παρακαίριος	9
ἐπισχύνιον	9
βοέω	9
Κρήσιος	9
Λάμπος	9
σοντο	9
Ἀμάτα	9
δίγα	9
ἐκητι	9
φαιασις	9
προσοεις	9
ἵππα	9
Παμφύλιος	9
ημειλις	9
ἐμπλος	9
Φρῖνος	9
ταφ	9
ἄγνιος	9
λάμψη	9
Πύλονδε	9
Πόχας	9
Εῦ̓νος	9
φημος	9
ἐκμοχλεύω	9
νομιμότητα	9
επανορθωτικός	9
εὐφρ	9
μέςῳ	9
ὁνόμος	9
ΜΑΥ	9
ΟΚΠ	9
ΛΒΕ	9
Καλανδίων	9
Αἰθέριον	9
Κιρκήσιον	9
Ιερου	9
Οὔξιοι	9
Σούσιος	9
Ἀβίσαρος	9
Εὐλαῖος	9
διαγνωστέον	9
Ἀρχίης	9
Θέσβιτος	9
Καπρέας	9
Ἔζδρας	9
ἑπταστάδιος	9
τριχόθεν	9
δηνεκής	9
Ιουστινιάνης	9
πανταχῶν	9
Δικαῖς	9
ἐρυθριάς	9
προσγορίαν	9
κακοργίαν	9
προσηγουμενοω	9
Ἰουστινια	9
Λίσαι	9
καθάπας	9
μίμψιν	9
Ἰώνιος	9
μωρίαι	9
ἐξάγιον	9
κυβεία	9
φηρμάκιτς	9
ῥοφητός	9
ὑπόρρυσις	9
ἐͅνθάδε	9
περιτόναιος	9
πάρυγρος	9
λεαν́ω	9
δορκαδίζω	9
ἀζανίτης	9
φαρμακῖτις	9
μυράκοπον	9
προανατρίβω	9
Τιτακαζηνός	9
ἀνήθινος	9
χαλκάνη	9
ἐξαρθράνω	9
ἐπαφαιρέω	9
διάπνοια	9
κᾀνταῦθ	9
ἑωύτῳ	9
ἐκτάννυμι	9
ἐκτότης	9
προταριχεύω	9
ἀποψίω	9
συναρθρόω	9
ἀρυταινοειδής	9
καρωτίς	9
γιγγλυμοειδής	9
λιθοειδής	9
νεοβρώς	9
Κόκκος	9
Μύλης	9
ὀξυγαλάκτινος	9
κωνωπεῖον	9
σκορδινισμός	9
ἔμφραγμα	9
ἀῤῥωστίης	9
διανάστασις	9
ἐργωδῶς	9
παχεῖος	9
παρειρύω	9
ὑποδυσφορέω	9
ἔμεσμα	9
κατάκλασις	9
εὐανάληπτος	9
λαμπώδης	9
παραλήρησις	9
ὑπάφωνος	9
Μηνόφαντος	9
Καρθαγένης	9
Ἀσκληπᾶς	9
παράλλαγμα	9
νύνας	9
λλοειντα	9
πιδηω	9
Τίλις	9
Μελιώτου	9
ἰσημ	9
Δένδρων	9
ντου	9
δραμή	9
χαλβ	9
επτακοσιοστός	9
Σγουρός	9
Ζίχνα	9
Πριλάπου	9
Τορνίκην	9
Δαφνουσία	9
εξαγγελία	9
Ἀβεσσά	9
Ἰσαῦ	9
Κμόνον	9
συνευνέτης	9
ευθυμιαω	9
σκηνοπήγιον	9
Σαρβαραζᾶς	9
ιακωβιος	9
Ἡρακλωνᾶς	9
Μαρτίνη	9
Ἡρακλωνᾶν	9
Πολυχρονίου	9
Τέρβελι	9
Μωσηλέ	9
φιλόμιλος	9
θεοφανέω	9
Βαρδανίῳ	9
προικονησος	9
πρόκοιτος	9
εὐνουχισμός	9
Δένδερις	9
Βασιλική	9
Κουρκούα	9
θασιλειος	9
Βατάτζῃ	9
καταφυγᾶς	9
χέλι	9
νόνι	9
Υπερέχιος	9
αλώβητος	9
Εἰμαρ	9
Μαρᾶς	9
σπλ	9
Πλακιλλαν	9
Χοσρῶν	9
υπολαω	9
Δαρ	9
Ζων	9
λαδν	9
βν	9
Ὀρνιθείας	9
πολύπορος	9
Κυρίσυ	9
ἀφερμηνεύω	9
εὐθάλεια	9
διηνεκώς	9
σωζόπολις	9
Παχώμιος	9
ταχρηστιπως	9
ἐξίλλω	9
αναντιοραω	9
τοπρόσθεν	9
Νύκτας	9
λάτριος	9
ευγετης	9
φδῆς	9
Βλάβης	9
ἑμαντοῦ	9
έμπυρος	9
δασμοφορέω	9
συντίμησις	9
Μενήν	9
αιδιοτω	9
βαφ	9
ἀνάδεμα	9
υμοτητη	9
Βαλάχ	9
Χρίτης	9
κεκρυμ	9
ἀρχιτελώνης	9
ἑόρτιος	9
ποιαύτη	9
γαληψός	9
Αὔσιγδα	9
Τραχῖνος	9
Καρπασία	9
ἀνομοιόστροφος	9
Ἀνακρεόντειος	9
νεούτατος	9
Ἥρανος	9
ἐγκωμιαστέον	9
αρκεσιλαος	9
περιτρόχαλος	9
Γοβρύεω	9
Μασίστιος	9
διώστρα	9
ΗΘΓ	9
περιφερόγραμμα	9
κβ̅	9
έκθεση	9
γεϊκός	9
ΑΗΒΘ	9
ἐπίρρευσις	9
ὔψος	9
γλαυκιάω	9
ἀναζυγόω	9
ἀνακυμβαλιάζω	9
ἐπιτρ	9
Στέφαν	9
εὔοργος	9
κρυβάζω	9
Ἠπιόδωρος	9
κακοδη	9
Ἴρα	9
κάγχαμος	9
μεταμε	9
λαβρεύομαι	9
Λάρυμνα	9
Συνετή	9
Λέλη	9
λεμεέω	9
Μελάμφυλλος	9
μηλόω	9
ἐλαιάζω	9
Ἀρτεμίσιος	9
Ὠμίας	9
σχυνη	9
σχύλος	9
αὐτόχρους	9
μέμφ	9
τραχήλια	9
ἀρυσάνη	9
Πάλαιρος	9
ὁμομήτωρ	9
γαλκοῦν	9
Ὀνήτης	9
ΟΥΝΟΣ	9
Κηρεύς	9
βινθινεος	9
αμίνη	9
πετρ	9
μίζαντα	9
λιθάρυρον	9
νεοπυρίητος	9
κάναστρον	9
χολωτός	9
εὔπωλος	9
δαμνάω	9
ῥωπήϊα	9
ἀμιχθαλόεις	9
ὑποπολλαπλάσιος	9
διπλασιεπιτέταρτος	9
ΑΡΑΒΙΟΥ	9
Ῥεκίμερ	9
πολλουος	9
Ὡταν	9
ἥττ	9
ἀνώπιον	9
ὁρελος	9
Τώνας	9
ἀρθονίαν	9
ἐσωτέρω	9
προσηγριας	9
συνοια	9
Βαβαλ	9
ἀνέλασεν	9
εαντοις	9
Πῖσις	9
ὄγκμα	9
σκολιάζω	9
Ὡσως	9
πάνθηρος	9
Κατάκος	9
σπινθηρίζω	9
ἄμωσγέπως	9
οἰκειοπραγία	9
Φανία	9
Θεαίττῳ	9
Χρέλη	9
βουκελομαι	9
Ἐμπυθίου	9
Φακεωλάτον	9
κραλαινεος	9
Τιμόκλεια	9
Μασινίσσος	9
Σαρβάρῳ	9
Χρυσοῤῥήμονος	9
Οθτω	9
Ἵππιος	9
Ναβάρης	9
Μπελογράδην	9
Ὀμάρην	9
τάπος	9
προυπαντάω	9
Ἀρσακίῳ	9
διφένσωρας	9
φλάμουλον	9
νορος	9
ψν΄	9
Ἀργυ	9
θρεττανελώ	9
Καστόρειος	9
Λύξος	9
Λογχάτης	9
Καναστραῖον	9
αβροσυναω	9
Λάμπρον	9
ἄγίσδεο	9
Πάμφως	9
Στρομβιχίδης	9
Ἅιθην	9
εὐκλεέω	9
χόραξ	9
Ἀριστίς	9
Κώθων	9
αφ΄	9
Ἀλβιών	9
Μαρνείου	9
παρηγ	9
δημοκόπιον	9
λιογειτων	9
λοιῶν	9
Μεβώδου	9
Διζάβουλος	9
πρωϊβλαστέω	9
Θεοπάτρα	9
χρυσοῤῥήμονι	9
αὐπῶν	9
χρυσοῤῥήμονα	9
λόνος	9
ηλυπως	9
Ἀλεῖς	9
Νίχανδρος	9
Βρεκέλλων	9
ΚΟΑΡΟΤ	9
Ὄπτιμος	9
ΟΛΡΙΤ	9
ἀσωματότης	9
Ζεύγμινον	9
Δηιφόντης	9
ἀναιωρέω	9
δαφοινήεις	9
ἄνθορε	9
ὑψίπορος	9
φρενοθελγής	9
πενθαλέος	9
ἀγχικέλευθος	9
οριδρομος	9
Σκέλμις	9
ἐριπτοίητος	9
χοροπλεκής	9
Ἰωσείαν	9
μβυ	9
ὁδαμῶς	9
ΓΕΝ	9
Ἀρτ	9
ἀντικαταρρέω	9
σλῦφει	9
χρησίδν	9
Δετ	9
ἀπόζωμα	9
σφέρατα	9
μασλιχεω	9
σκαμμανία	9
μελικρ	9
σπερέως	9
Λιζ	9
υδρωτικοιξ	9
ἀφέλημα	9
κάχρυσος	9
φλισανη	9
σιτυινεω	9
Σελάγια	9
προσευκτέον	9
γχ΄	9
τυῦ	9
σιλαρος	9
ἰχάδων	9
Κύκων	9
Μαρκέλλινον	9
Σκῖρος	9
Μέθανα	9
φάραι	9
πεντελίσιος	9
Σαρπηδονίη	9
κίβησις	9
Ἀρηίθοος	9
θεοπλαστέω	9
ὀλιγοδεία	9
ΒΛΑ	9
λησίον	9
οιμ	9
ΜΟΩ	9
ἀυθ	9
Κέλτης	9
ἐρέψιμος	9
σιληπορδέω	9
μεγαλόπολις	9
μονοποδία	9
Ἄννος	9
χρητικοιξ	9
Βτ	9
Φιλοχλέωνα	9
μονοκληρονόμος	9
παράγρα	9
γρυτάρης	9
Φυλλίδας	9
Μασαισύλιος	9
παμινῶώνδας	9
οπορεω	9
ἀρχαλλήτων	9
μινάν	9
σχυμνιον	9
Βιμινάκιον	9
Ἀππία	9
Μουνδίλας	9
Αὐδουίς	9
μαργέλλιον	9
κλόρε	9
Τριεφῶν	9
Κάι	9
πεντοχιος	9
ξύσιλος	9
ἄχραι	9
προχία	9
χομμάτιον	9
ἡσύγως	9
ἀναρριγᾶσθαι	9
πρόσορμος	9
ολυνθιακός	9
μανιάς	9
ηροκλεος	9
ηροκαλεω	9
ΜΟΩΔ	9
κοφρεω	9
εφαρμοστός	9
χισσυδιος	9
Μενάλκας	9
ευαιω	9
Ῥαμώθ	9
Βαιθωρών	9
Δανοῦβιν	9
μᾶλλονέ	9
Φαγρήσιος	9
λύβιος	9
ἐθνι	9
Κομ	9
Ἐρυσιχαῖος	9
Κέμμενος	9
φαινόλιον	9
Πυλαμένει	9
ΧΦΨ	9
ελυξ	9
Βινδόην	9
καρποτοκία	9
ἀπάνθησις	9
πανσέβαστέ	9
ἐπιτόπως	9
γενεσιακός	9
ἀνοικοδεσπότητος	9
Λύκηρος	9
Τριβιγίλδῳ	9
Σαρωνία	8
Φαναῖος	8
Ἔποψ	8
ᾖξα	8
Βακχεύω	8
ἐκθορέω	8
αἰρετικός	8
Δρουσιανός	8
γενέσθα	8
Ὀφιανός	8
λεόπαρδος	8
προσερ	8
ἐπαμύντωρ	8
Καινόν	8
δονία	8
Χαρίσιον	8
συναγωγεύς	8
συμπεπιρασ́σκω	8
Ἠπιόνη	8
ἁσθιͅω	8
Κλάριος	8
Εὐάρεστος	8
σύρδην	8
ἀντίθυρος	8
ἐπιστρεπτέον	8
διαχειροτονία	8
Σαμοθρᾷκες	8
ἠέπερ	8
προηροσία	8
ἐθέλεχθρος	8
ὀγδοηκοντούτης	8
παρασκήνια	8
ἀμφιγνοῶ	8
προσεγκαλέω	8
ἀθεραπευσία	8
αὐτοκαλός	8
δυωκαιεικοσίπηχυς	8
παρασπιστής	8
ἔνθρυπτος	8
φιλανθρώπευμα	8
ρικῷ	8
κομιχεω	8
στραβίζω	8
ἀμφιφῶντες	8
ὑποσακίζω	8
Ἡρακλεῶτις	8
φιλανδράω	8
ελικωνιον	8
ἀλετριδες	8
διεγγελάω	8
Ἀλκίππα	8
ὁῆτορες	8
ἀπόψυξις	8
προβατοβοσκός	8
διανλος	8
φράτριος	8
τεττίγιον	8
βριμάομαι	8
γέραιρα	8
θεσμά	8
πεντέτης	8
Αὐλείος	8
πάλλαξ	8
παστή	8
Παγασιτικός	8
ἐπιζυγόω	8
Σωκρα	8
χρεάγρα	8
λαχεδαιμονος	8
ἐφόλκαιον	8
ξιφίζω	8
ὀνεύω	8
πρόσθημα	8
τόρμη	8
ἀντορχέομαι	8
ξάνιον	8
πούλυπος	8
σείριον	8
ἀποσκοτόω	8
Ἐπιάλτης	8
κάπραινα	8
κελέοντες	8
σιλλόω	8
ἐπαναγωγή	8
ἐνεκλιθάω	8
Αἰγίπαν	8
τρίγων	8
Πηλαγόνες	8
Ῥίζων	8
Λάκμων	8
Γυρτώνη	8
εἰνάνυξ	8
κυαμοτρώξ	8
ἵππορ	8
Μενεκίνη	8
Οἰνειάδαι	8
Ἱν	8
Ἠμαθίου	8
τόλιν	8
Τάος	8
τονούμενος	8
φόριον	8
Διάπυρος	8
Μύκοι	8
Κόλον	8
Ψυττάλεια	8
ποτιολος	8
πολύκνημος	8
παντοδα	8
ἄμυρος	8
Ἄταρνα	8
πεδότριψ	8
ταρφειαί	8
πυρκαεύς	8
Βόρυζα	8
Τυρόδιζα	8
Κάλυδνος	8
Μεμβλίαρος	8
φλεγέθω	8
εὐέριος	8
ἐντερόνεια	8
Λυκώρεια	8
Νεάνδρεια	8
Ῥαφανέαι	8
Τρίτεια	8
Βίλιππος	8
Κεβαλῖνος	8
Καραμβύκα	8
ἁμαξαία	8
Βοιαί	8
Ἀονία	8
Πικεντία	8
χιτωνία	8
Ἀμαζονία	8
Πανία	8
Μολυκρίη	8
Μινῴα	8
Κορυφή	8
Ἀνθήνη	8
δρέμω	8
Ἀδρήνη	8
Λάμπου	8
Ὀφρυνίου	8
δροίτη	8
Ψεβώ	8
λειποπατηρ	8
προπαροξυντέον	8
κολλικοφάγος	8
Θύριον	8
μιδαις	8
ἀρτοπώλιον	8
Ἱππώνιον	8
Μεταγώνιον	8
Ρίπιας	8
Μετάποντος	8
φυτιον	8
κοινεῖον	8
Διόμεια	8
θωρακεῖον	8
ἀμφίκοιλος	8
Ἄμβλαδα	8
Λάρανδα	8
Δίνδυμα	8
Ἀβάκαινα	8
Αὔαρος	8
Πάταρος	8
Κοτύωρα	8
ἔδαρ	8
κοτάω	8
ὀλοφύζω	8
ἐκφοβῶ	8
Βελώ	8
ἀκαχύνω	8
ἀφορῶ	8
ἐθείρω	8
ἀγαῖος	8
μητίω	8
Αὐξώ	8
καταλοφάδεια	8
μέταζε	8
Μυκήνηθεν	8
κιονηδόν	8
ἐκδεξιῶν	8
παραπληρόω	8
Ἀβαρβαρέη	8
νέαξ	8
δηρίω	8
Ἀθήν	8
ἀντίτιτος	8
Ξένα	8
ἀλλεπαλληλία	8
Καμμῦ	8
Ἀλφροδίτη	8
γρεῖ	8
καδδ	8
Πόλου	8
Κόμητα	8
ὀνκ	8
Ἑρμέου	8
Φάνιον	8
γόνυα	8
πτωχεῖον	8
φνει	8
γνωμίδιον	8
φράγνυμι	8
κολῳάω	8
Ἑκτόρεος	8
ἡρωίνη	8
εὐκέατος	8
Κλιτόριον	8
κρεοδόχος	8
γέλγη	8
βομβάξ	8
πανῆμαρ	8
πολύπικρος	8
Ἡρωδία	8
ἀκίναγμα	8
ἐμίνη	8
Κοικόα	8
ἀφέωκα	8
ὑπεραής	8
μεμόρα	8
Πριαμύλλιον	8
Ἀετίων	8
Βιθυ	8
Ἀκταία	8
Ἄριοι	8
αὐδάζομαι	8
Βέλιτρα	8
ῥυπόομαι	8
ὁμοιοκαταλήκτως	8
Ἐπιστήμων	8
Ἡφ	8
Θι	8
ἔνρυθμος	8
ἀνασκευαστέον	8
δυσμνημόνευτος	8
ἀποινάω	8
τουσωμα	8
μεταμπίσχω	8
Γράδος	8
ἡλίδιος	8
περιοδία	8
ἀνολκή	8
ἑκατοστύς	8
ξενοτροφέω	8
πρό-ὑποτίθημι	8
γτ	8
Κλεοκράτης	8
Κήρυξ	8
Ἀζηνιεύς	8
ναυκράτης	8
ἐκπάτιος	8
πρέσβος	8
σφαγεῖον	8
ἀμφιτόμος	8
περίθυμος	8
συμπενθέω	8
σωκέω	8
ἡτέρα	8
Σπονδαίος	8
ξύγαστρον	8
σίκινις	8
λυκηδόν	8
Ἵκετις	8
ἄδασμος	8
δακτυλόδικτος	8
αὐτόφορβος	8
κατευθύς	8
πισσοκωνέω	8
φθιώτης	8
ακάρπιστος	8
σκύφωμα	8
ὑπόσκιος	8
αἱμόρρυτος	8
πλέκος	8
ἄειλος	8
φυξίμηλα	8
Ποιμάνωρ	8
βρύχιος	8
ἀπαράμυθος	8
ἀνσχετός	8
Ποντομέδων	8
κακόμαντις	8
κατά-θοινάω	8
Ἀετός	8
ἡμιᾶς	8
αἰδοῖον	8
παράκυψις	8
Λάρος	8
Σκόλοψ	8
διενοχλέω	8
καταπτοώ	8
Τηρηδάτης	8
ἑξήμερος	8
Ἡρακλεοπολίτης	8
ὁλον	8
εὐκοπία	8
συρρυσάω	8
ὥστι	8
ὀχύρωσις	8
ἀδημιούργητος	8
Στρουθοφάγοι	8
Βάσιλις	8
ἐξημέρωσις	8
ἐγγἰζω	8
Βασιλέας	8
Μίο	8
δάκετον	8
Ἀντίρριον	8
καλλιρέεθρος	8
ἤλιτε	8
ἐπιμάζιος	8
Καλλιμένης	8
ἀπέθρισε	8
Αἰνεαδῶν	8
ἀγηνορία	8
Κουαδράτῳ	8
Τζάνων	8
ονογουρις	8
ἐπιθιγγάνω	8
ἀξιαφήγητος	8
Βάβας	8
βρενθύω	8
βιβλάριον	8
διαιτητέον	8
συστρατεία	8
αὔχω	8
Οὐτίγουρος	8
συναπολήγω	8
χρειεννυω	8
δοκίμιος	8
οἰκειωτικός	8
ὑποδωριστί	8
τριγ	8
ἐνναπλασίαν	8
κρωτωνιατη	8
Λεώνυμος	8
Οὐχέτ	8
μενέδουποι	8
πεδάορος	8
κάλιον	8
Κήτειον	8
ἀναμέ	8
μανδροβωλος	8
κορδακίζω	8
Ἐχεκρατίδης	8
τοὐπτάνιον	8
ἀόχλητος	8
Ἀρητάδης	8
Δωσιάδης	8
ἀκκίζομαι	8
πετρίδιον	8
Μοσχάριον	8
ἀρις	8
ευτρεπισμένος	8
Ἀλκμάων	8
Καρνίος	8
ρφ	8
εὐβύριος	8
Κλέος	8
Οὖπις	8
μῶσθαι	8
Λασιώνιος	8
Χράτης	8
φοριώθω	8
ἕλινος	8
Ἀρτεμ	8
μυλακρίς	8
στάφυλον	8
ευγνώμων	8
λαγήνι	8
Προμέδων	8
Ρούντι	8
Εὐλιμένης	8
μυθ	8
Ἅρπυς	8
ψύω	8
πεντεκάδεκα	8
Αμαλία	8
καΐλα	8
Γόλης	8
Χηρίων	8
δύνος	8
ωφελώ	8
παροξυρμοῖς	8
ΜΣΤ	8
ἀπρόσληπτος	8
ἀσυλ	8
γιστος	8
ιοια	8
παραδεικτέον	8
παρέμφασις	8
ἀνικία	8
ὑπεπιμόριος	8
συνειλημμένως	8
συνδιϊστάω	8
στρογγυλότης	8
αὐτοδίπουν	8
τουτέσιιν	8
ριστόν	8
μαγειρεύω	8
αὐτοτετράς	8
ἀνθρώτων	8
ὅτα	8
αὐτοτρίγωνον	8
ὑελινᾶς	8
Κύλλων	8
Αἰδηψός	8
πραγματεύω	8
ἀνίατρος	8
διπηχυς	8
ὁμοήθεια	8
απόξυσμα	8
ματική	8
βλεπτός	8
Ἀμπελιῶται	8
ὠμοτάριχος	8
παλλακός	8
ξρία	8
Κόρυς	8
τέφνις	8
ἀριστόδειπνον	8
ἱερώσυνος	8
Ἀναχάρσης	8
κατάχυμα	8
υχῆς	8
ἑργάζω	8
πολυούσιος	8
τετραχμοῦς	8
περιουσιαστικός	8
ἰσοστροφή	8
ῥητορικόν	8
συνταγματικός	8
μεταύριον	8
συνανάγνωσις	8
ἐξόφθαλμος	8
ἔσθαιον	8
προυφεστάναι	8
συνᾳδόντως	8
νύμου	8
ἐπιορ	8
δίοτι	8
ἀναπαλαίω	8
ἐπαναβεβηκός	8
σχημ	8
κριτιω	8
ὀρσόλοπος	8
Λευκολόφης	8
φειδ	8
τρυκαυτος	8
ηδυπαθής	8
χαριτοβλέφαρος	8
ἑλικωνιάδες	8
Νεότης	8
ἀπεναντίος	8
Ἐρύξις	8
χῶπως	8
προενδημέω	8
ἐνδηλόω	8
συμμίγω	8
τοιουτοσί	8
Περών	8
Νεσσᾶς	8
ἀλέξανδρος	8
Γυμνοσοφισταί	8
Πουλυτίων	8
Κλειγένης	8
Ἱστιαιῶτις	8
εὖσα	8
οὔα	8
ἀψυχέω	8
ἀμάρτησις	8
Ἐκαδήμου	8
εἶδρα	8
Ἀλκυών	8
δοικενος	8
παγεύς	8
Εὐγένεια	8
Εὐκαιρία	8
Διάλεκτος	8
διμελεταω	8
καταθορυβέω	8
ἀφαρός	8
καλαίας	8
σχολιος	8
ατημέλητος	8
μητροδίδακτος	8
ναυτι	8
Άντερ	8
κίνομαυ	8
Θεοφράτῳ	8
ὁμωνυ	8
Αγαλή	8
ὀργιστέον	8
λευτέω	8
Πείθουν	8
οὔχέτι	8
ηλιθιοτω	8
ἀχραι	8
επικεικα	8
τῶλλα	8
Εὐβουλία	8
ἰδιογνώμων	8
ὀψοποιητικός	8
γῶσιν	8
Χαρᾶς	8
Εὐθυμία	8
μεταχοιος	8
ὑπερωμίας	8
Τόλλα	8
προσγενής	8
Ξιφιλίνου	8
συνδέχομαι	8
εναπομείνας	8
Ἐπισᾶς	8
εὐνοι	8
Φιλάρετος	8
βεβαιώνομαι	8
χαριουπολις	8
Δάνουβις	8
ἀρτιφυής	8
αἰφνηδόν	8
Εὐμάθιον	8
Βολκάνος	8
πελεκᾶνος	8
Βουτουμίτῃ	8
παρατώ	8
κριοφόρος	8
τροχίας	8
Λάττων	8
λατινικά	8
ὑβριοπαθέω	8
Ἀτραμύτιον	8
Τουρκικός	8
ἐπανε	8
πνιγμονή	8
ἀρχοειδῶς	8
διαπιπράσκω	8
στήριξις	8
Φέρουσα	8
Νημερτής	8
ἀποτερματίζω	8
βφ΄	8
βαρβαρία	8
Ἀντιγενίδης	8
μογένης	8
κατεσχευααω	8
βέλς	8
Ταρί	8
ἐντεχνάομαι	8
πειριχλεος	8
γοῦνος	8
Ἐρατοσθέ	8
ἀσυγ	8
γουμενοω	8
Σήμων	8
εὐδαιμονισμός	8
ὑπουρ	8
ζωνάριον	8
μήματος	8
συνδεσμεύω	8
γοργία	8
πυρίχαλκον	8
συλλυπούμαι	8
ἔμμε	8
Σκόντος	8
κανδήλη	8
Σκόντι	8
προσαρ	8
μουγκρίζω	8
Σκόντας	8
γήσεως	8
τευτάω	8
ὠχρίας	8
ἐφήπλωται	8
διαπορητέον	8
Ψιλός	8
δυσαφαίρετος	8
κησιν	8
γιούτα	8
σκαπτήρ	8
λειῶ	8
αὐιοῦ	8
φιλοπόνηρος	8
προσηχέω	8
προσφιλοσοφέω	8
παροπτέος	8
ανδροπους	8
Συράκουσα	8
απιθάνως	8
εὐφράδεια	8
ἐνδιασκευῶς	8
κλιμακόω	8
Σεμναί	8
μαχρο	8
λάμβους	8
συγγυεις	8
Λάμπε	8
ξημος	8
χρειττοναω	8
χολοφωνη	8
ἀπαριστάω	8
γιξέσκω	8
προυσσω	8
ὑπαλ	8
ηρασιτιω	8
Ἰσοκρ	8
λδ᾽	8
ρότητι	8
ὕχον	8
σμυροος	8
εξάχρονος	8
Ἡραϊστος	8
τέδειξεν	8
φθοσος	8
εὐχρησίας	8
δξυος	8
κλαυσίγελως	8
Κυρσίλος	8
ὑπολή	8
Παντωλοῦ	8
προσχορεω	8
σχερός	8
τησα	8
ἐγνώρει	8
σμυνοος	8
ἐμφύχους	8
μακεδαιμονιον	8
βεια	8
γόρας	8
γησις	8
ταχθή	8
ὕρον	8
ευρεθεισος	8
παραγρα	8
ἀντέχλημα	8
τυχιος	8
συνεκλείπω	8
ὀητοῦ	8
Σαρές	8
ἐξώκοιτος	8
Κάκεις	8
Βασλειος	8
μυριόλεκτος	8
ανέσπερος	8
θστερον	8
βροτειο	8
ταβάλλω	8
ρίσθη	8
Πάνος	8
ἀρτος	8
ἀναλαμ	8
γενόμ	8
ΑΘΛ	8
Πάγραι	8
πυελίς	8
ΖΒΔ	8
κλυτόμητις	8
ιουλιανός	8
ἀτρεκία	8
λιγύθροος	8
αὐτογενής	8
αποπνέω	8
εὐάνθεμον	8
Ῥοδόκλεια	8
ὑποπόρφυρος	8
Σκαῖος	8
ἁλίκτυπος	8
ἐχενηΐς	8
οἰνοδόκος	8
αὐτόφλοιος	8
κεραοξόος	8
Ἀπελλίς	8
ὑπένδυμα	8
δισσάκις	8
Κριναγόρης	8
ἀκρόπτερον	8
στέρφος	8
πάρκειμαι	8
Ὠφελίων	8
Μεγιστεύς	8
τετράπαλαι	8
ἔπλων	8
Μολπᾶς	8
ἑξηκοντούτης	8
μνημήιον	8
τηλοτάτω	8
ᾅδης	8
ἄμορος	8
ἀώριος	8
ποιηρός	8
παρακάτθετο	8
Κλεύας	8
ἀρτιτόκος	8
ἑκατονταέτης	8
Βασιλιώ	8
διοκαισαρευς	8
Μαρτύρομ	8
λιτάζομαι	8
ὀρόδαμνος	8
αἰετός	8
δούλη	8
τανυπτέρυγος	8
ὠκυρόης	8
βρυχηδόν	8
Μεσορί	8
χαλκεόφωνος	8
ἀλάμπετος	8
φύκιον	8
εὔβοτρυς	8
ἀπέδραμον	8
ἀπαγχονίζω	8
Μηνοφάνης	8
εἰκόσορος	8
φαρμακίων	8
συφόρβιον	8
κεραυνοβόλος	8
Ἀρχιλόχειος	8
Ἀθανᾶς	8
λυκοκτόνος	8
Γαιήιος	8
τετράπος	8
ἀποτηλοῦ	8
δυσξύνετος	8
ἀποστείχω	8
Κλεοπάτρη	8
νυμφών	8
ἰσαυδής	8
ἀγλαόθυμος	8
Κραῦγις	8
ἀρτιλόχευτος	8
ἀποπρολείπω	8
βαθύσκιος	8
Ἀγελάδα	8
διφρεύω	8
ἀρχητικός	8
τριπόλιον	8
συστρο	8
καταύλησις	8
Κοττίνα	8
Μέστος	8
Ἀλεξίκακος	8
Κέκρωψ	8
Κρητίνης	8
τάρανδος	8
θαλέθω	8
χρυσόκερος	8
Φάνων	8
Βολισσός	8
αἰολόδαφοι	8
Ξενόδαμος	8
Οἰνεΐδης	8
Φαισύλη	8
ποδηγέτης	8
λάγνα	8
οἰνοτρόποι	8
Λιλ	8
Ἐλλάνικος	8
ησιαοιδος	8
Πεπηρώσθαι	8
Μίλιος	8
Ἀγαμήστωρ	8
Δέλας	8
Οἰνωτρός	8
Μόργητες	8
βραχύνωτος	8
Ἀστίων	8
σμύραν	8
νώγαλα	8
σφύραινα	8
θύννα	8
μελαγχρής	8
ἔνταυθ	8
νεοσσίς	8
μυθρους	8
οἶσμα	8
καθηδυπαθέω	8
μεθέορτος	8
πολιτοκοπέω	8
πρωταγορω	8
ξιμενω	8
πλίν	8
λουδοριας	8
προσάλληλος	8
βλος	8
Μεγαμήδης	8
Παρατόνιον	8
Φίλοττος	8
ἐπάζεις	8
κουφ	8
ελέφαντας	8
σόι	8
αδυρετος	8
τέλα	8
Φεύγωυν	8
νόντες	8
παρακλέω	8
ἀρτιγένειος	8
Ἄστυλος	8
κάγαθοῦ	8
κάνταυθα	8
τελευτημι	8
κεῖα	8
Στεφανοῦς	8
τευμαι	8
κώμιον	8
Ἀληκτώ	8
Ὠλενίη	8
εδασιλευω	8
Ἀμφιθέη	8
Θύων	8
Τελέων	8
κιθαρῳδέω	8
γενειθή	8
ἑξαμηνιαῖος	8
Πληϊόνη	8
Εὐτύχης	8
Σθενέλη	8
Νίτωκρις	8
Παγχαία	8
Πυανόψια	8
καναχηδά	8
ἔξαλμα	8
σευτλίον	8
λωνίου	8
κακολογῶ	8
ἄξυνος	8
ὐλ	8
Φν	8
ΜΞΝ	8
ΑΝΒ	8
ΕΔΗ	8
ΗΔΕ	8
τύγης	8
εἰνεκ	8
πρέσβ	8
καθυπέταξεν	8
πράσιος	8
Κομήτης	8
Λαπίθαι	8
Κάνθος	8
Δαήμων	8
Φάληρος	8
Ναυβολίδης	8
Ναύβολος	8
ἐπάκτιος	8
πήχυιος	8
Ἀφεταί	8
ματία	8
δηρείζω	8
βουτύπος	8
ἐπισχεδόν	8
εὐαγης	8
οἰόθι	8
Κοιογένεια	8
Μυσίς	8
ποταμόνδε	8
ἐπερεύγομαι	8
Νεσταῖοι	8
Εθέλ	8
ἐπιπίλναμαι	8
δρμητιπως	8
ξργον	8
ὑπερφ	8
ἀκροπόρος	8
ἀλήιος	8
θώρηξ	8
Ἰσθ	8
ἀποδοχμόω	8
ἀσπουδής	8
ἰσόζυγος	8
αὐτάγρετος	8
σύγχορτος	8
βροτολογός	8
ἀνθρῶ	8
παρακολ	8
εἰσίθμη	8
Ίλια	8
ἐπιληκέω	8
ἐπιβώτωρ	8
Πελέ	8
θρυλίσσω	8
ὀκτάκνημος	8
μεταφορίζω	8
ῥύπασμα	8
ἀπομ	8
λυκῶς	8
μέρμις	8
νεόστροφος	8
θκ	8
εἵλησις	8
παχνόω	8
πεντηκοντόγυος	8
γαιαγω	8
διξ	8
ἄραξ	8
τερμιόεις	8
λεπός	8
Μαλάκ	8
Θεαρίδας	8
θερμολουσία	8
Βλάτιος	8
Πάπιος	8
Σαυνῖτις	8
Κούριος	8
παράφραγμα	8
Σίττιος	8
Καλουῖνος	8
ἀποικίς	8
ἡφαιστεῖον	8
Ἱππώνειον	8
σιτολογέω	8
Τεύτων	8
Τεύτονες	8
Ταυρίσκοι	8
φίλα	8
παραινε͂ω	8
Εὐπατορία	8
ἐφέμικτος	8
Ἀρίστος	8
Πολυξενίδας	8
Σκάρφεια	8
ἑβδομηκοντούτης	8
οποηρα	8
άνοιγμα	8
ἄφθαρ	8
Γαζέρ	8
ἄκαν	8
ῥώμα	8
Ὠρήβ	8
ἠνεκής	8
πολυτειρής	8
ὤεον	8
καταπολιτεύομαι	8
Μεγιστόνους	8
σάλαξ	8
ἄγκων	8
προβατών	8
οὐδαρ	8
προπερισπαζω	8
λαχανοπώλης	8
κεῖος	8
ὑποστρέ	8
ἐνδότερος	8
τρίμηρος	8
ταρτος	8
σπάτιον	8
μονοσυλλαβέω	8
Γηραῖος	8
Θάλλω	8
πτερό	8
φόγος	8
ἕνις	8
προσαποδοτέον	8
κατερικτός	8
Πωλουμένος	8
ἀναλφάβητος	8
Κακούμενος	8
Εὐδάμος	8
υτοῦ	8
θυγατ	8
Δαφίλη	8
ἡρώμην	8
ἀμίμωνα	8
αστυαναξ	8
σάφρονα	8
ἀσχήματος	8
Χλή	8
ὑπογάζτριον	8
ἐριστάφυλος	8
φοίτης	8
διζ	8
Βατουσιάδης	8
ἀποστυπάζω	8
καταπροιζω	8
Μέζα	8
ελικαύτος	8
ἑκαστός	8
ἀρτιόπλευρος	8
ἔλασσον	8
τριταμόριον	8
ΞΟΠ	8
Κύκλων	8
ΨΖ	8
Ιϡ	8
ΩΡ	8
ΘΑΖ	8
ΑΘΗ	8
ΑΚΒΛΓ	8
ΛΚΘ	8
ΗΒΖ	8
ΑΒΕΖ	8
ΨΘΚ	8
βτλδ	8
ΗΑΓ	8
ΦΛ	8
ΦΝ	8
ῥάιδιος	8
Λαμίσκος	8
αφιβ	8
Νεοτέλης	8
Ἀρχέτιμος	8
διασφίγγω	8
ἀσινέως	8
ὑγείη	8
ἐπην	8
τεκμαρτέος	8
Τήλιος	8
κογχάριον	8
σκότωμα	8
ἰτρίον	8
Ἐρατ	8
διήπου	8
ἀσθμα	8
Ὀριβάσιος	8
Εὐχαρίστη	8
ευχαριστήριος	8
σαχάριος	8
τραπεζιτεύω	8
εύσημος	8
μελιττοῦτα	8
δυσανταγώνιστος	8
Καίτη	8
ζύλον	8
καταχθέω	8
αδρότητα	8
τοιαροω	8
ἐπικουρίζω	8
Βᾶνις	8
ἀμφιδέα	8
μεθεκτέον	8
γυμναστήριον	8
ἀτορέω	8
Περίνθιοι	8
γρείψω	8
ἀφαλῶς	8
βάδια	8
ἐλαφρόω	8
Φαρμακά	8
τοῦρανοῦ	8
ὑπεῖδον	8
Κράτις	8
καταθαρσέω	8
Ψυχιάς	8
τοιγαροὖν	8
Άνδεις	8
Βαβρίου	8
ἔνδαλμα	8
στίου	8
ζημίωμα	8
Παυρόλα	8
ὀλιγίαν	8
Τιμαγόρα	8
μελής	8
νικοχλευς	8
ΗΖΛ	8
ΓΕΚ	8
ΚΒΘ	8
ΗΒΕ	8
ΘΓΒ	8
Μρκε	8
χοδ	8
Φυλείδης	8
ὕσμίνι	8
καλλίρους	8
περιά	8
μεταταῦτα	8
εὐξ	8
Γεδρωσῶν	8
διαχώρισμα	8
ὀλίων	8
Ῥοδιακός	8
ἐνοσίγαιος	8
ρησειδιος	8
Μελανθεύς	8
γυνία	8
μήτειρα	8
ζωγρία	8
Ὠγυλίη	8
Φαλέριος	8
Ἰάλυσος	8
δεισιδη	8
Εὐχάριστον	8
ἐλλιμένιον	8
σωλ	8
Χρώμων	8
πασάρων	8
ἐκάπτερα	8
πραγμασίαν	8
Φθόγ	8
Φόγγοι	8
Φόγγον	8
τέττων	8
καθολ	8
τηζα	8
αλάγιον	8
διγαμμον	8
ἡμιόνιον	8
ἀκροῦν	8
θρυ	8
σμυροτερος	8
ἀσπαστέον	8
ἀρρεν	8
ἡλῦ	8
εἰχῇ	8
Θεραπόντος	8
Ἡδεῖα	8
χρυσοποίκιλος	8
συγγραμμάτιον	8
Λυρκεῖον	8
κτήσιος	8
τόπιον	8
ἀλόγημα	8
νεστορίς	8
Τεκτόσαγες	8
ιουθοαλαλυγξ	8
ταλαιπώρησις	8
κενόφρων	8
λιπερνής	8
πλούτος	8
Παιονίδης	8
Πατρόκλειος	8
μέλαινα	8
Ἀσχύλος	8
χάλαιαν	8
σεπτικός	8
Ἑλεών	8
Κλυτίδης	8
Θρυόεσσα	8
Ἀσιάδης	8
ἐμβρέμομαι	8
δοίον	8
διατακτικός	8
ὑπέρεισμα	8
διυγρος	8
ἀμίμονος	8
ἐρινέον	8
Βάλων	8
ἀμβλήδην	8
λαβραγόρης	8
Ταλαιονίδης	8
ἀποδρύπτω	8
νημερτέως	8
ἐκθνήσκω	8
συσχολάζω	8
ἐγκυλίω	8
Γνώμων	8
ἡμιονικός	8
τύχος	8
δεκάπαλαι	8
ἄδρυα	8
στεγανόμιον	8
Ἀγέλας	8
βρῦν	8
διόπτης	8
ἐμαι	8
κωδωνοφορέω	8
Στρούθιον	8
μηλοσφαγέω	8
κατακελεύω	8
πασός	8
Λαμίας	8
χῖος	8
Κλωπίδης	8
σκευοποιός	8
ζώμευμα	8
ἐριώλη	8
ἀποπυδαρίζω	8
θαλασσοκοπέω	8
ὀστρακίνδα	8
ἀναφλάω	8
σχοίνινος	8
γευστήριον	8
σακίον	8
πανούργευμα	8
πυξίδιον	8
καταβατέον	8
κυδοιδοπάω	8
ἐκεινώ	8
Πλαθάνη	8
παραξόνιος	8
μανδαλωτός	8
πόσθιον	8
Χαρμῖνος	8
Βδελυκλέων	8
Δρακοντίδης	8
ὀροφίας	8
Φλυεύς	8
Διάκριοι	8
Αἰγόπτου	8
βουβαλίς	8
αἴγαγρος	8
λάγνης	8
μυωπία	8
Ὀρθαγόρας	8
ἐξουρέω	8
προεφίστημι	8
ζευγίσιον	8
φυλοβασιλεύς	8
Κρόν	8
ἐπιχειροτονέω	8
Μάντε	8
διαψηφίζω	8
ψευδεγγραφῆς	8
πύρινον	8
συνακούω	8
χοροειδής	8
ὁλόχροος	8
κολόβωσις	8
ἀποβιάζω	8
Τρέχας	8
πενταχῆ	8
κλαδάσσομαι	8
ἀνανήχω	8
Παῦλα	8
φίλυπνος	8
τοὔλασσον	8
ἐπιζητητέος	8
δίκρους	8
ἀττέλαβος	8
γλάνιος	8
Ψᾶρος	8
Εὐβίοτος	8
ἰουλίς	8
Δυρ	8
κνίς	8
ΘΩ	8
ΩΒ	8
σάλευσις	8
ἕσπερ	8
παρδάλειος	8
πυριμάχος	8
ἑλκεσίπεπλος	8
δοκλεις	8
μεθεκτικός	8
Μυννίσκος	8
παμβασιλεία	8
Τηλεκλῆς	8
ἀνήδυντος	8
πυριατήριον	8
περικάλυμμα	8
πίστιος	8
πυθιονίκης	8
Ἰήτης	8
λιχ	8
ἐγγύησις	8
ἡδυπαθής	8
ὀψιμαθία	8
συνῳδία	8
ἀξιόκτητος	8
Τέλη	8
ἔπανδρος	8
Πέπη	8
Δορυλαεύς	8
Σινωπίτης	8
ἐξονυχίζω	8
πρόσκτησις	8
ὑγύς	8
πενταθλέω	8
Σύαγρος	8
Περγαία	8
Πρωτονόη	8
Κρεοντιάδην	8
γωσιν	8
δείκνοσιν	8
Ὠβαρηνοί	8
Φλαμινία	8
ζξ	8
τεκνοποίησις	8
τΜ	8
Νεμέσιος	8
παμψηφί	8
Θεογνίου	8
ΑΠΟΛΛΙΝΑΡΙΟΥ	8
προϋπαρχή	8
Ἀμείλει	8
Ὡσαρ	8
Ὀλίγος	8
πρόφρασις	8
Ἄμειλι	8
Εὐδόκιος	8
Οὐαλέντου	8
παντοκρης	8
Πείρασος	8
Πολυτίμα	8
ἰαχρός	8
επομενω	8
γῆνα	8
Βασιλώ	8
μαχόμενος	8
ἐβδομηκοστῷ	8
ρουσαλήμ	8
καθηλόω	8
υἱοποιός	8
ὀλιγίᾳ	8
προλήγιον	8
Ἵπόθεσις	8
Ιεζεκήλ	8
Λέοντας	8
Εἴδορ	8
Ἰδοῦμ	8
Προστάτης	8
νυ	8
ΡΔ	8
ΡΛΕ	8
Πολλήν	8
ανακήρυξη	8
Δόσιας	8
ἀπόρριψις	8
χρηύγματος	8
φθεξομης	8
Πλάνης	8
πτενιναω	8
ἀδεστος	8
άλεφ	8
Κόπος	8
ρισμοω	8
Κασία	8
προσαφή	8
ἐώα	8
προσῳρίας	8
Τέκτων	8
ἀνθρωπολάτρης	8
Κρίστος	8
διώροφος	8
ἀείδιος	8
Σάρκος	8
πανταχω	8
επτακαιδεκατος	8
ἀδιάρετος	8
Ερώτ	8
συνουσιασμός	8
σκέτος	8
κύλλας	8
Πόση	8
εξορίζω	8
ἐκσφράγισμα	8
ξαποστέλνω	8
Ἀχιέζερ	8
Βανέας	8
Ἰωσαφάθ	8
Σηίρ	8
σίλευσεν	8
καμψός	8
Ἀρτεμᾶς	8
Ισαΐα	8
Λοτ	8
επιμεις	8
εκτελώ	8
Θεμέλιος	8
ὑπογάστριος	8
πτιῶν	8
διαμείγνυμι	8
Πήχος	8
τρύπη	8
ἔνταξις	8
θωός	8
σιαγόνιον	8
πολυαινος	8
ἐκνήχομαι	8
ἀνανακέω	8
Καῖος	8
θημισοκλεις	8
αναδοχή	8
βαθμηδόν	8
Δάφνος	8
Ἐπαρχίδης	8
εἰσαύριον	8
γεργέριμος	8
συκαλλίς	8
Κίναρος	8
πουλυπόδειον	8
ἀλλοίωμα	8
ὅμωρος	8
πλυτέον	8
Μνημάτιος	8
Πρωταγορίδης	8
κωραλίσκος	8
κατειστιτρώσκω	8
καρυκεύω	8
Ἐοῦς	8
ἀρτιχάρακτος	8
Πύργων	8
αὐτων	8
ἀγλαφύρως	8
δωδεκάπους	8
διώξιππος	8
γεργῖνος	8
δραχμιαῖος	8
ἀκρόνυχος	8
λινεύς	8
αἰολίας	8
ἀπειρόγαμος	8
ὀξύρρυγχος	8
Ἑλλησποντίς	8
ἀδιάψευστος	8
ἄγερσις	8
σιδηρόω	8
κέρδων	8
πίπερι	8
Ἐρυσίχθων	8
κυνάς	8
πίσα	8
ἀπότακτος	8
ποτικός	8
Κυλικράνων	8
γυάλας	8
κρουνεῖον	8
ἀμολγεύς	8
Ῥοδιάς	8
κατά-ξυράω	8
Σισύμβριον	8
χρυσοκόμης	8
Ἄστεος	8
ἀπαρθένευτος	8
Κορίσκη	8
λεύκοφρυς	8
δέλετρον	8
ΑΕΖΒ	8
αἰχμοφόρος	8
̣	8
χται	8
Εὐχάριστος	8
σθι	8
Κάντας	8
ἀρχαιότροπος	8
συσκαω	8
Εὐπρεπεία	8
Γάλης	8
κιδωτης	8
ἐπάζω	8
μονοσυλῆ	8
φιλοπρωτία	8
ἐπίβ	8
παρηγι	8
Άρτη	8
Ἰσχυρός	8
ολίγιστος	8
Ὑγίστου	8
επαγωγιζω	8
ανεξερεύνητος	8
ἐξαρ	8
οἰωδήποτε	8
δυσχλῶς	8
τουκυριος	8
ἀμεριμνέω	8
ἀσθερεῖ	8
Ἐπεδήμησέ	8
Πολύτροπος	8
σξα	8
σξδ	8
σπάρτα	8
Αποστολιάς	8
πρόσκαυμα	8
άσειστος	8
εύχρηστος	8
ἰσοδυνα	8
Ἐξεκίου	8
Μάλ	8
ἐξαρχέω	8
μαμμωνῇ	8
σύμπληξις	8
ἀντιλυτήσεως	8
Καταβάς	8
Χαλάνη	8
ἀρελῶ	8
ἱστιάω	8
μεταωνυμιπως	8
Σεβαμά	8
κηρόπλαστος	8
μεγαλαυχής	8
πολυκίνδυνος	8
Χεττιείμ	8
ἀρρητοποιΐα	8
Ἀψευδής	8
Στένων	8
Μελιτινή	8
Δος	8
ἐπινολίας	8
Πλάχα	8
ὕδος	8
εύληπτος	8
ἡνωθαι	8
βλαῖς	8
ἐπιβλαστάνω	8
εντεριοινος	8
ἐντέρινος	8
πλωτήρας	8
εύληπτα	8
ανιαρός	8
βιαλῶς	8
ἀκαταίσχυντος	8
ἀνθρώποδα	8
ἀνέρικτος	8
Προβάτου	8
ἕνα	8
βαττολογία	8
ἀπλοϊκώτερον	8
διατήρηση	8
οβριζω	8
Φίλιππ	8
δαῖσις	8
ἔφελος	8
αφευδηω	8
κραυπάλῃ	8
ἡδικημένοις	8
εξουρια	8
ἀσυνδυάστως	8
ὑποτα	8
Ναβονασάρου	8
ρτον	8
ἀρνεῖος	8
τόρφα	8
Ἰνωπός	8
λευχοω	8
Μελιγουνίς	8
ἔμμουσος	8
δύσηχος	8
λευκάσπιδες	8
ὁμοφράδμων	8
ὠστία	8
τριτημόριος	8
Καλῆνος	8
ὁμόχωρος	8
πρό-κατεργάζομαι	8
Λεντοῦλος	8
χειμάδιος	8
τραπέμπαλιν	8
οὐδετέρωσε	8
Νωρικόν	8
Σέντιος	8
ἁμηγέπη	8
ἁδρομερῶς	8
σευαροω	8
λουγδομοσσυν	8
νυσι	8
Ῥεφάν	8
ζους	8
ἀνωτερικός	8
φιλοστοργοτερος	8
Στοιχεῖς	8
φυλακίζω	8
ὑποπλέω	8
διθάλασσος	8
μακροθυ	8
Χρίστο	8
διαβαστάζω	8
πυκνώνω	8
εὐχαριστητέον	8
άλλωστε	8
ἐπισυλλογίζομαι	8
διαμιμνήσκω	8
ἀπαύ	8
οψιγενής	8
αμεταποερχομαι	8
σαβ	8
Χανανίτιδι	8
Ἅβραμ	8
Ἐσχώλ	8
ἐκκόπτης	8
Ἔπαινος	8
παραβουλεύω	8
ἀφιλοθεΐα	8
ἱερία	8
θεοφωρος	8
Ἰουνία	8
ἐκλυτρόω	8
αιτιαμασις	8
πονήρω	8
βλάσφη	8
άφθορος	8
κιθαριζόμενον	8
ἀπολέγδην	8
παμφαοῦς	8
ἐπίπλαστον	8
᾿Ἰωαννου	8
Λότον	8
ὑπεραυξάνω	8
ἀποδιορίζω	8
ακλόνητος	8
μυωπάζω	8
αὐτορίζα	8
τνγ	8
ἁγιοπρεπῶς	8
πέζις	8
βιότης	8
θρώπινον	8
προσηλώνω	8
ρπε΄	8
φαντ	8
ἁφ	8
οσυνη	8
περιβραχιόνιος	8
Ἄδικος	8
διψ	8
Ἀνείας	8
αγαπητός	8
Ὀμηρίοις	8
λαχαίνω	8
πομπταῖς	8
γωγίαν	8
ὀδίνος	8
τελεσφόρησις	8
Παράτεϊ	8
ὁλί	8
ἥφως	8
προσάντως	8
σλ΄	8
νετ	8
Καλαβροί	8
Ἀκυληία	8
γιγαντογενής	8
πς΄	8
αγάρ	8
ρκζ΄	8
Ἀμβράμ	8
Γαλααδίτης	8
σιβ΄	8
Σελλήμ	8
κατατέρπω	8
ιαῦτα	8
τγ΄	8
αενοβαρβος	8
ρμθ΄	8
Γέται	8
Φιλόλογος	8
θινός	8
βίτελλος	8
νουμεριανός	8
Ὁνωρίαν	8
κιστέρνα	8
Ὀλύβριος	8
σκευοφυλάκιο	8
δοτίδωμι	8
σελάριος	8
μυθοποιέω	8
παραδιαζεύγνυμαι	8
ὑπόστατος	8
ἀντανακλάω	8
ἐνσφραγίζω	8
κρανεών	8
ἐπαοιδή	8
χωρητικόν	8
περιπετάννυμι	8
προεπίσταμαι	8
μετιγιιλήσχω	8
ἀμφοτερόπλοος	8
Εὐτελίδας	8
Λεωπρέπης	8
Μάχλυες	8
ὑπερθορεῖν	8
λιτυέρσης	8
διειλημμένως	8
δράστας	8
ΕΔΑ	8
ἐπιλογιστέον	8
σνγ	8
ΓΚΔ	8
ρῑθ	8
κανονοποιία	8
δΖΒ	8
ἀᾶ	8
σξη	8
ΒΕΞ	8
ἰσημερι	8
Τοζ	8
ςδ	8
πϚ	8
ΒΘΚ	8
σπγ	8
ΗΖΚ	8
ΕΘΞ	8
έγγιστα	8
ΗΒΚ	8
ρμϚ	8
χοβ	8
ΛΑΜ	8
βοηλατέω	8
Γραμματεύς	8
ὕδριος	8
στάμπου	8
γρον	8
γνωρ	8
καταντία	8
Ἄγνωστος	8
προκέντημα	8
ἀταλάφρων	8
ὑπερνεφής	8
κάρταλλος	8
σπαρτέον	8
ἐκμιαίνω	8
ἐπιμνηστέον	8
Νόμιος	8
Φανοκλῆς	8
Μελαγκόμας	8
ἐπιπλανάω	8
Ἰκαριεύς	8
Ἀβδιού	8
Ὄλβιος	8
τιη΄	8
παλαστιαῖος	8
κατάθεμα	8
προκαθέζω	8
δυσσυνειδήτως	8
ἀνοικονόμητος	8
εἰδέα	8
ἐπίδακρυς	8
ορθριαιτερος	8
εὐγενίς	8
δωδεκαδάκτυλος	8
Γοργόνειος	8
Κλειτώνυμος	8
μοιράδι	8
ξέρω	8
μαντᾶτον	8
Σκόλη	8
Νασάι	8
Τουλούζας	8
Βατάτσης	8
πιάστης	8
Κούρσον	8
υπάμε	8
Σαλονικίου	8
Καμπανέσην	8
εμίσσεψαν	8
Νικλίου	8
τέσσαρους	8
ἀκριβός	8
συμπάθησις	8
καλοκαίρι	8
Δρόγγου	8
Γιάννινα	8
Σέρβια	8
σπουδαχτικός	8
μοναξά	8
έβγη	8
Πρινίτσαν	8
Ζαμπέα	8
Προβέντσας	8
Πούλιας	8
Γγαλεράν	8
Ζαμπέαν	8
Κοντοσταύλου	8
ἐσεῖς	8
αναπαημός	8
Φιλιάς	8
καμάν	8
Ουρανός	8
καβαλάρης	8
Αφεντιάν	8
Κλαδιά	8
Φωτιάς	8
παραυος	8
ανάπαυση	8
ομορφιάν	8
μερώνω	8
ξενιτιά	8
σγουραφιάν	8
Ἄφις	8
βαρισκω	8
ρωτώ	8
μάνητα	8
θωριάν	8
Νικοστράτη	8
Συχνιά	8
ύπνος	8
εγνοιανος	8
Λαμπύρη	8
γονατίζω	8
Βυζά	8
Άντρα	8
κίντυνος	8
Πάντης	8
ἀσυντελέω	8
δαμίν	8
Πουλία	8
Ἀμυκλαῖον	8
κριθανιος	8
πόλυψ	8
Ἄττος	8
τριάζω	8
κατάληκτος	8
κομῳδία	8
κοχλ	8
ὑπομόχθηρος	8
ὀγεία	8
βαλλ	8
μελίχα	8
ἀχυρών	8
κέσκος	8
ὀριμέα	8
μεσοφέρδην	8
πύππαξ	8
δολιεύομαι	8
Καλίων	8
Πίδανος	8
Γάστρων	8
Παννυχίς	8
Ἰᾶς	8
Κωμωδία	8
ἠνωμένως	8
ἀνεπέκτατος	8
Ουέν	8
ἐπαίσσω	8
Εμπλ	8
ἀδῶ	8
Εμπεδοκλή	8
γλαυ	8
συνδέμου	8
εἰδήπερ	8
ἰσόστοιχος	8
Πανθοΐδης	8
Λαγίδης	8
Ἀλκμ	8
λαλητέος	8
κρύδην	8
περιττ	8
ανεκτός	8
ὑπόσιμος	8
αναδιπλασιάζω	8
αίως	8
Ολ	8
έστερος	8
ἀτμήν	8
λύξ	8
Ξανθός	8
Ξίφος	8
Κάμων	8
αυχένιος	8
Ἰζίδ	8
Σολδανοῦ	8
Σερβλίᾳ	8
τορνικιος	8
Φασιάνης	8
Λυκανδοῦ	8
Ἡμέριος	8
ἀφυπνόω	8
βαπτιστήρ	8
πρωτοασηκρήτης	8
αποκομβιον	8
προκύπτων	8
ἀπροσμάχητος	8
στράτορας	8
σπέκιον	8
Τριπέτωνος	8
τζιτζάκιν	8
τριτοέκτη	8
Νϛ	8
ἀδμηνσουνάλιος	8
γειτονιάρχης	8
πλεγμένος	8
πρέσβης	8
ΟΑΡΤ	8
Πασχάλιος	8
προσαπειλέω	8
πρόσφυξις	8
φουνδάτα	8
λοιαλλω	8
σολομώντειος	8
Πουτούς	8
ταστάσεως	8
Μαρτίνα	8
ΚΕΒΑΛ	8
αχπ	8
ἀναβι	8
λητ	8
βανδοφόρος	8
λευκοφόρος	8
Πεντηκοστή	8
Καρύαι	8
Ἄπρων	8
αυγουστοπολις	8
Τόμις	8
Διοκλητιανούπολις	8
φιλοτ	8
Ἀβραάμου	8
Χανααναίαν	8
Ῥουβήλος	8
χοργίαν	8
Φρούριος	8
Μανέντι	8
ὄρις	8
ὀνειρώδης	8
δρακοντοειδής	8
ἑορτ	8
Μαῖσα	8
μόσιον	8
αργοναιτης	8
ἄδημος	8
μεγαλόπλουτος	8
ἐχθ́ρεος	8
ἀσυχάζω	8
ἡγεμο	8
φανλοτηταω	8
θηριματη	8
αημνιος	8
Ἀδρ	8
ουσινομαι	8
φάς	8
Ἀμφίδαμος	8
Χόχλια	8
Βραχύλλος	8
Κορβῖνος	8
φροδιος	8
ξργων	8
ἰδιόομαι	8
χορφαῖος	8
πηγεύς	8
Νεδουσία	8
Ἰσαάρ	8
θινιος	8
πομπαῖος	8
τ῀ιΗ	8
δέξο	8
γάτηρ	8
ἄκεσις	8
θῶκος	8
τούσδε	8
βύστου	8
ἀτρεχής	8
Φαρής	8
χειλέος	8
εκκριος	8
φλεδών	8
ζωηφορέω	8
βατραχομυομαχία	8
Γίπτε	8
προϊάλλω	8
ὤχ	8
ἀλαπαδόν	8
ἀνυστής	8
Ῥουτιλιανός	8
κυμ	8
Βουλᾶς	8
τρυσίππιον	8
Κράτ	8
Μήτριος	8
Θύλακος	8
ῥιζοτομικός	8
ἀργεμώνη	8
λαγνισός	8
Φαλαίκειον	8
μαχουμουτεω	8
Παλτόγλης	8
ἀνοικτί	8
νοταρας	8
ευνοϊκώς	8
δυσάντης	8
Λουτάτιος	8
Σταβροβάτης	8
Φάσιον	8
διαψιλειος	8
Ἀτραδάτης	8
εἰνούχος	8
Κυρανός	8
ἐκβλάστησις	8
ὀροβίας	8
Ναυκράτης	8
Πορφύρα	8
μυδρίασις	8
ὀγγ	8
γραμμάριο	8
πραυντικός	8
ἐκλείβω	8
νωσκε	8
έντρομος	8
Θαμάρ	8
Ἰορ	8
ἐμαλλον	8
ἀκλόντητον	8
εἰκίν	8
φιλαρίας	8
σαθρότης	8
ειδώλιο	8
θεοποσις	8
ἀνδίων	8
ἀσύνθες	8
δωρητικός	8
ενηυλιζετος	8
Λάζαρου	8
Νωε	8
Ἀντοῦς	8
ἀμελίκτος	8
Βελτ	8
Ῥαασσῶν	8
ἀνεγγελάω	8
Σενναχερίμ	8
διασάφρησιν	8
ἀνοῦθεν	8
Μαχάριος	8
τρύγω	8
ἀσφάλειος	8
Σίτου	8
χλε	8
καθιγμένον	8
Ἰσαράηλ	8
ὑπομνηματογράφος	8
ἐπάκεινα	8
αμογητης	8
Βάθρος	8
ἀθρητέον	8
Εἰκόνιν	8
βόμη	8
ασέβεια	8
ισόσταθμος	8
ψευδορκία	8
ἀφρονεύομαι	8
ἀποσκέλλω	8
Ὀφ	8
Ἰσραή	8
καταθλίβω	8
διαθῶ	8
ἀποσταλάζω	8
τερματίζω	8
γομφιασμός	8
ὑτοῖς	8
τάντως	8
ἀναφοίτησις	8
κατασφίγγω	8
καταγεραιρους	8
ἐξωφανής	8
ψαρός	8
ἀνθοπλίζω	8
Ἀκκαρός	8
Μίκα	8
όι	8
ἐπαιδέομαι	8
Μελίτης	8
απειριος	8
Θεσπεσίων	8
κεχροπους	8
ακροδυο	8
προσβατός	8
μονογ	8
ἀναλῶς	8
τεσσαρακαιδέκατος	8
Ῥαμεσσῆ	8
διαμαχέω	8
Πελοπεία	8
ἀγχιθυρέω	8
συμβολοκοπέω	8
ὀρθοεπέω	8
ἐρυθροδανόω	8
Ἐξαίρετος	8
Ἄρσην	8
νοσσός	8
ἐπεισφρέω	8
ὀστόν	8
Δόγον	8
ὑπου	8
λήβδην	8
Σαρῶς	8
μονιμότης	8
υπεροβαινω	8
Μαδιανίτης	8
αὐχμή	8
Παντέλος	8
πικῶς	8
σκείας	8
σκιρτητικός	8
Μωσῶς	8
τριπυθῆναι	8
ἐπιπρείας	8
Σαμαρίας	8
Πάσσαλος	8
πραυτητη	8
δοξίμων	8
συντυ	8
γηπονία	8
ἀποκυλίω	8
δέρις	8
αυτόκλητος	8
Αί̓θιοπισσα	8
ισβολαω	8
σταυρωμένος	8
προκόσμιος	8
σαφέω	8
δόνος	8
πεπληθυσμένως	8
ἐκμηρύομαι	8
χρεῖτλον	8
ἀνομ	8
ἀντιμετέχω	8
πολλοποιός	8
ἀπρόοδος	8
κώτατος	8
ὀλικωτέρας	8
ὁμοταγῶς	8
νόνα	8
πλειονάκις	8
ἐκάσῃ	8
ασύμβατος	8
τοτητη	8
προσυλάω	8
τοτηταω	8
μνην	8
κατασαίνω	8
σχολις	8
Φανόν	8
δλην	8
Στύγιος	8
νυκτινόμος	8
προσδεσμέω	8
ὀξυτέρως	8
ζῳότης	8
πεφασμένως	8
ἀνταποδίδω	8
ταλικοῖσδε	8
τριτοπάτωρ	8
Σαλιᾶς	8
ραμνουθεος	8
μυρίκινος	8
Δήμαρχος	8
Μόρα	8
Χρηστός	8
με᾽	8
ἀποστέφω	8
πολυτρόφος	8
ἡβητικός	8
κάγαθοῖς	8
γλωσσοτομέω	8
Κεραμεῖς	8
Τάρσιος	8
Δαῦνος	8
ἐνήλικος	8
Πανδαία	8
Ἄλυκος	8
ἱπποπόταμος	8
Τύρις	8
σοζ	8
Θούθμωσις	8
νεφεριος	8
βψος	8
Σεσόγχωσις	8
Κτησίδιος	8
τέχους	8
μελάνοστος	8
Θράικη	8
ἀπεριφερής	8
Ἀριστόνους	8
Θριάσιος	8
Πολυκλέα	8
παιδαγωγεῖον	8
κινδυνευτέον	8
προσοφέλλω	8
ἠέ	8
χαλκέντερος	8
Γυ	8
κόρχορος	8
ὀρφός	8
πλήξ	8
τελῆως	8
αργιλώδης	8
Αἴδνμος	8
ζεφύριος	8
δυμος	8
μελοποιέω	8
Μιξίδημος	8
ματρυλεῖον	8
λέσχα	8
βασιάνους	8
Αἰδῆς	8
Ὀμηραπάτης	8
ἐνέρτατος	8
εὐκυκλής	8
μίγχειν	8
πλακτός	8
πολυαίματος	8
σχέδυνος	8
Κρίνων	8
βιγιλαας	8
φζ	8
ξψρυς	8
κατάτριψις	8
χοροιτυπία	8
οἵηπερ	8
Σκύλλας	8
ὑποπίμπρημι	8
Πίκτωρ	8
χερσεύω	8
Ἀμμωνίων	8
συμπαραπλέω	8
νεκυομαντεῖον	8
Ἀγυριναῖος	8
μονοπώλιον	8
Γυμνήσιαι	8
Βαλιαρίδες	8
κηπεία	8
Ἰμίλκων	8
Φύτων	8
διλογέω	8
Λακράτης	8
Οὔξιος	8
Ἁρπαλείων	8
κοινοπραγέω	8
Δόκιμος	8
Πασιτίγρις	8
ἀρχάγαθος	8
Όικεν	8
Λαβό	8
ὑρράδιος	8
Ξεναίνετος	8
Ρίτης	8
φαντασμός	8
ἰνδαλμός	8
ἐπιβλητικός	8
ἔνστημα	8
ἀντροειδής	8
διαπορίαι	8
Εῦ̓ρις	8
ἐπιστατεία	8
πίπρα	8
κερκωπίζω	8
Ἀβοριγῖσι	8
δεχήμερος	8
Ὠστία	8
συγκατορύσσω	8
Αἰκανοί	8
Γεγάνιος	8
λόρος	8
μητρικώς	8
ρ̅	8
ὄμβριμος	8
βορέηνδε	8
Χελιδόνιαι	8
βοοτρόφος	8
Σινδοί	8
Τορέται	8
βραδῶς	8
τράγωνον	8
ὑρεῖ	8
Άχπα	8
̄ζ	8
ἀναξηραντικός	8
πολυγόνατον	8
ἡμίξεστον	8
σινάπινος	8
λουτηρίδιον	8
ξανθόω	8
τόρνευμα	8
Ῥωμαιστί	8
πορφ	8
ἐφίδρωσις	8
χύλωσις	8
ὀξαλίς	8
κατάχρισμα	8
ἐλώδεσι	8
ὀπισθοτονικός	8
ἀνανθής	8
κλύμενον	8
ἡμιμναῖον	8
ἡμιχοίνικος	8
ἐπουλίς	8
τραγορίγανον	8
Θαλλία	8
ἐκτε	8
αλβανιος	8
Πανίδου	8
Μουσουλμάν	8
ἔγκλειστος	8
σιτοδοσία	8
Χαμζά	8
μέχρε	8
πλησιότης	8
τωτέστιν	8
ἀπρωτον	8
Νικομάχεια	8
πλακῆναι	8
πᾶγος	8
Τρυγῆς	8
Ἐλεατικός	8
ἀνταυγέω	8
ἀνθρωποφαγέω	8
ἐμίγχα	8
Ἀλεκτορίδης	8
μιω	8
Γύαρα	8
μαινο	8
ὑπόκυρτος	8
νδρον	8
οἰστρώδης	8
Γαιτουλικός	8
Νικό	8
Βωμοί	8
χορυμβεω	8
ΑΔΔΑΙΟΥ	8
ΑΙΓΥΠΤ	8
Πολώ	8
ΔΗΛΑΟΝ	8
γμηῦͅσκω	8
χαΐρι	8
Γάζαρα	8
ἄμυγμα	8
Μελέα	8
ΣΡΙ	8
θανός	8
δείρα	8
Πείρας	8
Τεσσαρεσκαιδεκατῖται	8
Ξύστος	8
ἀείνους	8
μεγαλότολμος	8
κίκω	8
ἀγυ	8
ἀφθαρςίαν	8
χαλκολίβανος	8
ὁπάρχει	8
ὀργής	8
Ἑρατοσθένην	8
διαφω	8
ἐξιάω	8
Κάρνα	8
τέρφος	8
μαχαίτας	8
Βαχχεῖός	8
εὐσταλέως	8
ὑπεροειδής	8
ἰχθυῆμα	8
ξυσμός	8
σχυτινω	8
ἐπίχνους	8
Ἄμυχος	8
Ἄωρος	8
Βραδύς	8
Δαίς	8
δειδία	8
Ἐλευθῆρ	8
Θρήσκος	8
Θυμέλη	8
Κερκίς	8
πλατυκός	8
Μύωψ	8
μῶλυ	8
ὑπερβασμῷ	8
Πόσις	8
Σκόπελος	8
Σπόγγος	8
σπασινοος	8
Φιλτέας	8
κοπ	8
Βάτου	8
Κλῆς	8
λιλί	8
Ἄζης	8
θροΐζω	8
αἰνίσσω	8
ὄφρις	8
ἀπεδανός	8
ἄλξω	8
ἄναυος	8
εισπράττω	8
ἀποτύπωμα	8
Άρτις	8
δύφρος	8
Γέφυρα	8
Φροντίδας	8
γνέθω	8
Ἐρίων	8
ἐπίστιχος	8
πεδανός	8
Φύλλιος	8
ᾟσις	8
Ἰαννός	8
Μύος	8
Καΰστριος	8
Καλλίμα	8
Δολίος	8
Κράτιστος	8
ὀρέμματα	8
Ἀφροδι	8
Πάσος	8
βεβαι	8
Μύστης	8
ναιέτης	8
κριθώδης	8
ψάμ	8
Πανοῦργος	8
παραβλητικός	8
φύσος	8
Σχεδία	8
Φανός	8
χλι	8
ὕρους	8
ἡμῖνος	8
ἀλαχοῦ	8
ΔΓΑ	8
ΓΔΖ	8
δΗΕ	8
ΘΗΛ	8
ΗΘΖ	8
δΒΖ	8
ΛΓΔ	8
ΝΩ	8
ΔΘΑ	8
ΕΟΖΠΗΡΘΣ	8
ΚΞΝ	8
ΨΧ	8
ΞΗΟ	8
μερέδεσι	8
προσάρτησις	8
ευτροπινω	8
Τυφρηστός	8
περιττός	8
διστιχία	8
Πεσοῦς	8
χὡς	8
ὁμευνέτης	8
Κενταύ	8
ἀπάρθενος	8
εὐνέτης	8
ἐπιζαρέω	8
ἑρμήνευμα	8
καλλιπόταμος	8
ἄναυλος	8
συναίμων	8
προκλαίω	8
θεομανής	8
ἰσόνεκυς	8
πινώδης	8
χιλιόναυς	8
Κυκλωπία	8
ὤμοι	8
ἄσεπτος	8
Φοιβάδα	8
Θυμβραῖον	8
ρμϛ	8
επιμακρος	8
ὑψηλοκάρδιος	8
διασκόρπισις	8
Ζείφ	8
περίφραξις	8
μυαλόω	8
φοβερισμός	8
πιλόω	8
ἐθναρχία	8
Ἀρεόπολις	8
Αρεόπολη	8
συμπανηγυρίζω	8
φυχάς	8
ζωοθυτέω	8
κατατόξευσις	8
σύνθρονο	8
κατασταλάω	8
φύαεως	8
Ἡράκλα	8
Γελγέλ	8
Ἰέθερ	8
Ἐννόμ	8
ὀνομαζός	8
παθέω	8
οἰκητής	8
ἄμνηστος	8
Ράταϊ	8
ρόντως	8
ἐψευσμένως	8
ἱστορητέον	8
Ἀφάκοις	8
ἐπιδαψιλεύομαι	8
σπουδεω	8
Ἰσδιγέρδου	8
ἐλλόγως	8
δρώμα	8
λανός	8
Ἁρμέις	8
κλισίηνδε	8
λωριπως	8
Λαναοῖς	8
πλασμός	8
σταθμόομαι	8
ὀνοστός	8
Ἀναῖος	8
σμενύνει	8
Βάχαι	8
ῥαφωδίᾳ	8
χορυφαῖος	8
ιλαρότητα	8
ἀχειρότευκτος	8
Ἀσφαλίων	8
αβάντα	8
φιλήτης	8
χοργοτηταω	8
Λάρδανοι	8
μεσσηνιακός	8
ἀνόμασεν	8
Ἥραίστοιο	8
Ὑποθῆβαι	8
ἐπτάπυλοι	8
Ἀρχαδία	8
Ὀδυσοῦα	8
Ἀμφιτρῶνι	8
Σικωνίας	8
παραπέρνημι	8
παραωνυεις	8
ἀντιφραστικῶς	8
διηλόω	8
χορυανθος	8
χαριστατος	8
Ήλια	8
σμνυναω	8
Θαλυσιάδης	8
ἀστροθέτημα	8
απαυτεω	8
νιέος	8
Ἀπαισός	8
σύντα	8
ἀάατος	8
καθύφεσις	8
διόρθωμα	8
ὀζω	8
ἀπαλθαίνομαι	8
Ἀθηναῆς	8
Πακάς	8
στάχνας	8
έψημα	8
επιεπομαι	8
θημοῦ	8
ἐλλι	8
ορνίθι	8
Βαρδάριον	8
ὁσμίην	8
ὀπλίων	8
Λιμναῖος	8
αλιπλοη	8
σμινυναω	8
προβιβάω	8
μέρδω	8
αφυχοω	8
λιογενη	8
υπέρεισμα	8
μετάγγελος	8
τύ	8
ταβάλλει	8
Κοπρεύς	8
ὁπλί	8
Ηλιάδα	8
περιστένω	8
ἀγχ	8
ἰδύους	8
ἄουτος	8
σύμμα	8
κριθανωτῶν	8
Φῖνος	8
προσπίνω	8
τάγιστα	8
σκαλίς	8
Μέθων	8
τήδειος	8
Κέος	8
ἀκάμπιος	8
ἐλικοειδῶς	8
λωβητός	8
χνος	8
Τηλέμαχου	8
πεντάγραμμο	8
Χόραν	8
πίδαλα	8
ἀναλί	8
Ἀθηναῖσι	8
πεντέκλινον	8
Ανάστη	8
ἰσπίραν	8
Ἄναϊς	8
τριςκαίδεκα	8
χύδρα	8
ἔφημα	8
ὑποδο	8
Μαλλάν	8
αυθισος	8
καιο	8
μάρμας	8
Μάμων	8
ὕλαιον	8
Οἴκων	8
δευτος	8
συζώτης	8
Οἰδί	8
Ηρωδία	8
Κυκᾶς	8
φιλόθρωπον	8
οὐκένι	8
τριχάϊκες	8
ριδιος	8
ὧδωρ	8
βάλλος	8
ρισμένως	8
σιαειδω	8
μελαγ	8
φοᾱ	8
Ξεναΐας	8
εἰσιτητός	8
Ὁρμίσδης	8
ἀκαινοτόμητος	8
Σιγγηδόνα	8
δευτερέω	8
Θυεσσός	8
Γαδαρεύς	8
Ὄνυς	8
Κίλι	8
Ῥαίτης	8
Κωφάς	8
κωφεύς	8
Πολλακόπας	8
Χώβος	8
Ταμυράκη	8
Ῥουβῆλος	8
Γῖσσα	8
Παρεμβόλη	8
Χουθαίος	8
ὑπερβιάζομαι	8
ἴος	8
Γαδαλίας	8
τριακονταπέντε	8
Ἐμμαούς	8
Σόαιμος	8
συμφυλάσσω	8
Μανάημος	8
ἀποκαραδοκέω	8
Ἰωτάπας	8
προεντυγχάνω	8
Θεοπίζομεν	8
βελισαρια	8
τριω	8
Βανδήλους	8
Αρμένια	8
ΟΤΕ	8
ἀρεῖλετο	8
Βρ	8
τένας	8
ἀποκατά	8
ΠΙΣ	8
νρ	8
τραπ	8
Νηλείδης	8
χαμευνέω	8
τιθύμαλος	8
σινῶπις	8
κυάς	8
κόμαρι	8
ὑελον	8
Ξέστης	8
στίλβων	8
νομώδης	8
ἐσχαρώδης	8
σκιρράω	8
διαπυΐͅσκω	8
ἀῤῥεπῆ	8
ἀγκυροειδής	8
σιγμοειδής	8
ὁρμινόυ	8
τόρδυλον	8
λεανύνω	8
ἀποπυρίας	8
Ἀγάθινος	8
αἱμοῤῥαγοῦντας	8
Ἔπαρος	8
καυσωδῶς	8
παρηγορητέον	8
ἀποτίλλω	8
διάρροδος	8
τονωτικός	8
βρογχία	8
σκυβελίτης	8
διεγερτέον	8
συναναστόμωσις	8
διασάττω	8
πομφολυγώδης	8
ἐγκαταβαίνω	8
βραδύπορος	8
βραχύπνοια	8
μακρόπνοια	8
Ἱπποσθένης	8
κατασχασμός	8
Μαρτίαλιος	8
ῥηκτικός	8
αἰονάω	8
ἐπιπροστίθημι	8
αρρωστουειντα	8
ἰητρεύω	8
κᾀγαθός	8
ἐρεθιστέον	8
ἀδενώδης	8
Πλάτανος	8
ἐμπροσθότονος	8
αὐτοπτικός	8
ὑπέμνημαι	8
αρρωστιειμι	8
ὀροβοειδής	8
δυσκάθαρτος	8
ἰητρευῖμαι	8
καταρτάω	8
ἐπιπωρόομαι	8
φλάσμα	8
ἐνακούω	8
ψίλωμα	8
ὀξύγλυκυ	8
ἰκτερόομαι	8
Κωακός	8
ὑδατόχροος	8
ὑδαταινούσεͅι	8
περίσκληρος	8
συνεκχυμόω	8
εὐσημία	8
ἀνυπόστροφος	8
μεσόκωλον	8
σύμμ̈ος	8
κύπριον	8
χηραμίς	8
σνϚ	8
Νικομηδέα	8
μολίβεος	8
λευχαω	8
ἥμισος	8
πιδιδωμι	8
ἡμίμναιον	8
πρόχυμα	8
ἀφινθίου	8
ἀπίδιον	8
πικρίδιν	8
λυμνός	8
στήρος	8
πτερ	8
επιτοπολος	8
Θέρμο	8
ανακειμενω	8
ττω	8
μοσυνουπολις	8
ανδραποδισμός	8
Τζουρουλόν	8
Αἴγυς	8
Λἰγύπτου	8
Ῥτι	8
Μωθσέως	8
πληαίον	8
Θαβωρίου	8
οοι	8
Ἀχιάβ	8
μρε	8
Ὁλοφέρνης	8
Σαραφθίας	8
Μέτας	8
δομήτωρ	8
μεσῆλιξ	8
Σιβά	8
μεδιολανον	8
Ἀνδράγαθος	8
Ἀσχολίου	8
ειρηνοποιός	8
Ὀλύβριον	8
Μαϊορῖνος	8
Νεοκαισαρείᾳ	8
τροιαλλω	8
μαρτιναω	8
ηπληκευσαω	8
Κλεγεν	8
Προκοπία	8
σιδηροπέδη	8
Μορτάγων	8
Ιαύλου	8
εὔπυργος	8
καταταχέω	8
Συρακούσα	8
Σανδαβαρηνοῦ	8
καβάλα	8
Ευλαμπίου	8
πατοιαρχη	8
Βαλάντιος	8
κρυσταλλόω	8
πρωτόθρονος	8
Βρίγγας	8
Ἀνάζαρβος	8
στρατοπεδευμένος	8
νωβελίσσιμον	8
κροτερος	8
Λειχούδης	8
στροβιλοειδής	8
Αριανίτης	8
ὕτα	8
Λαχητᾶς	8
ἅμαι	8
μοσθένην	8
ἄπλ	8
όμηρος	8
Ξενοφ	8
Καπφοί	8
μίδος	8
Μελίτος	8
μακαιροος	8
Θεοφιλίτζης	8
Θεοφιλίτζῃ	8
Ἀσυλαῖος	8
συνηγμένος	8
Κντα	8
αὐτρῦ	8
Λαμέχ	8
πάνυθεν	8
Θόβελ	8
Ἥφ	8
Γελβοῦε	8
Μανή	8
περισυσίας	8
Χρήτης	8
Ἰσίας	8
ἕνδα	8
προάστιος	8
ἀκάλαστον	8
Ἐπαφρό	8
ὅπαντας	8
φωτοχυσία	8
ἱεροτελεστής	8
ἀεικινησία	8
θεομίμητος	8
θεοείδεια	8
πληρεστάτως	8
διλ	8
παιγνιωδῶς	8
λλη	8
τλος	8
Λυναμοῖ	8
Μουζάλων	8
Γαλήσιον	8
Μυτζῆ	8
δυσνοέω	8
Ἑλενόπολις	8
ἔμφροντις	8
Ξιφιλίνος	8
παρῳχηκίσκω	8
ἐπενεκάλει	8
Τέρνοβον	8
Ραιδεστός	8
νοέμβριος	8
αὐθεντόπουλος	8
Ιλαρίωνος	8
Γλαρέντζαν	8
Ῥαμφίας	8
υπερφυής	8
χρυμαι	8
ἀγάστονος	8
ὁμόγνωμον	8
μίμη	8
ὀκλάς	8
ἐχιδναῖος	8
ἀτίμιος	8
Ακίν	8
Ἀπόλλως	8
χαρπουος	8
ιχυροτερος	8
ἀσαρκία	8
πενθύνω	8
εἰμταρρα	8
εὐρισκομένην	8
ἡλόγησας	8
Θανάτη	8
ἀδιώτερον	8
χρηγμάτος	8
ανεπίγνωστα	8
εὐχληρίᾳ	8
οὖνον	8
Ισραΐλ	8
μέγα	8
δρασκάζω	8
ἐπεπόνθει	8
Παναθηναικός	8
Σφηττός	8
μαστιαπτην	8
Μαριανδύνος	8
Πηγασεύς	8
τριφάσιος	8
Βησσαεύς	8
ἐφόρμησις	8
νεανίς	8
ταρίγους	8
Σάρδιν	8
Ἐριώπη	8
Ἀνάβιος	8
Ἀνδίας	8
Κιθαρίζων	8
ΕΡΜΗΣΙΑΝΑΚΤ	8
ιπερειδηω	8
Ναννάκης	8
λερρονησος	8
ἀνοικισμός	8
κοριττω	8
Βασσιανός	8
ἀνθυπατεύω	8
Ἀσσυρίη	8
Μοίριος	8
Προσωπῖτις	8
Ἀρτύβιος	8
σιδήριος	8
κλειθρίον	8
ἁλυσείδιον	8
ρξξ	8
τριγωνικός	8
ἐφέβδομος	8
ψχ	8
φκζ	8
ὑφαίρω	8
βχε	8
οίσ̔ονδηποτς	8
μέργω	8
῾λ	8
λεβητάριον	8
Ἀστερόπη	8
ῥοδόπαχυς	8
νάϊος	8
Πολυρρήνιος	8
ἀποκοιμάομαι	8
βάννας	8
γυμνοπαιδία	8
στερνόμαντις	8
κυκλοειδῶς	8
ἐπισίζω	8
ἑτερομάσχαλος	8
καπυρώδης	8
στῆριγξ	8
κωφέω	8
ἐπιλ	8
θότως	8
μᾶσσαι	8
νεόφθιτος	8
νιφόεσσα	8
κόρνος	8
αἰχμ	8
ἀμφίμαστα	8
ἄνεγμα	8
Κις	8
Πεμπᾶς	8
περάγην	8
ἀναγρά	8
σάρητον	8
ταφεύς	8
καπί	8
Φάλης	8
Ἰειήλ	8
Ὁνωριάδος	8
Παράλιος	8
αἴχλον	8
Πίνων	8
Φλεύς	8
Ὑψαῖος	8
εὐγεσθαι	8
ἱππαγρέται	8
Ἴάρχας	8
πίρος	8
Αἰξίας	8
Τιμασίῳ	8
Πάνας	8
αἴδομαι	8
Καρχ	8
μειονος	8
προστιχεω	8
μεσουρα	8
Ρίστα	8
ναρδόσταχον	8
αψυος	8
ἀναξέω	8
ιεροχλεος	8
πικρ	8
ὑποπέλιδνος	8
ἐπτακαιδέκατος	8
μελεδαντίθημι	8
τρωσμός	8
νεόλουτος	8
εἰσαφάσσω	8
Δημοκρίτης	8
Χρῦσος	8
τελητός	8
βαδδίν	8
φυλλοβόλος	8
Ἀλαλκομενηίς	8
ἐκπαιφάσσω	8
εἰσθρῴσκω	8
Πολυίδης	8
δμητήρ	8
ποντοπορεύω	8
φύξιμος	8
ἑκατηβόλος	8
δηΐφοβος	8
τιθαιβώσσω	8
Ἀμέλης	8
στειρώδης	8
Ἀγησίδαμος	8
εφοσονοος	8
ἐπιτριμερής	8
ἰουδαῖσμος	8
Νειλαῖος	8
αμμιανω	8
ΔΑΗΛΑΟΝ	8
Παλίων	8
κυνισχαζω	8
διάγγελμα	8
ευφρόσυνα	8
προβολικός	8
Κάσας	8
Σέλος	8
Παύλος	8
ἄσαφος	8
δρελός	8
ἐμαλλεν	8
γεσία	8
πενταχίλιοι	8
ἐπαδείκνυτο	8
δημοκατάρατος	8
πρόστριψη	8
Εὐτέλων	8
ἀπόρρηξις	8
Ἄχιτόφελ	8
ἀναπέσσω	8
εἰσαίνω	8
λυτῆσαι	8
τανοια	8
εαντους	8
Ἰησῦ	8
δεικα	8
Ἄλυπος	8
καταφρόνητος	8
καταρόω	8
ὠλεῖον	8
κάλυμα	8
ἀγώνισις	8
γάλος	8
Σιδράχ	8
ἐπολ	8
ἀρτεμία	8
εκρήγνυμαι	8
πάλλιον	8
βλαστά	8
Λάφρην	8
ταια	8
Μάρδης	8
Σάαρ	8
Χοιάχ	8
Σείρ	8
αυτοχειροτονεω	8
Αντίχριστος	8
Κρᾶνος	8
ἀνάγαιον	8
ἠρεμί	8
ζώφυτος	8
ἀνόρατος	8
ὀκτάσφαιρος	8
διεξιτητός	8
σμνοῖς	8
Χήτα	8
κυβερν	8
λυφιλος	8
δαμοτελέας	8
απαίσιος	8
Μεγαίρα	8
Ἀπόκαυχον	8
προσεταιρίζω	8
αποχαλκος	8
Ιβάνης	8
τζερνομιανω	8
πανυπερσέβαστον	8
Χρέλην	8
Μπένετον	8
Σαρχάνης	8
Δονᾶτος	8
Γυναικόκαστρον	8
γαβαλάν	8
Φακεωλάτος	8
Ἀδαμάντιον	8
ἁρμάτιον	8
προιάπτω	8
Ῥωμᾶνος	8
Θερύ	8
Κνθα	8
Τώμης	8
κερκίζω	8
ποδοκάκη	8
περιπόλιον	8
απρόοπτος	8
μοῦλτον	8
Διάνης	8
Ἀρδελίου	8
Ὀμάρης	8
δορυστολος	8
Οὐαλεντινιανῶν	8
ὄρδινον	8
αμφικτυαδων	8
κτιπως	8
Θεμιστός	8
ευθηριον	8
Ὑπερεχίῳ	8
φν΄	8
χν΄	8
στιλ	8
ετωί	8
πενταράβῳ	8
δορίμαχος	8
Σάμιππος	8
ἐξορμῶ	8
Αἰοῦς	8
Πράξανδρος	8
κύλλαρος	8
Καρόν	8
Μαλίνα	8
εξηχεστιδηω	8
Ἀδέα	8
δμοία	8
αριστοτιλλω	8
λθεν	8
ξανθριος	8
Γυμνοπαιδίαι	8
Νέτη	8
μελησιγενος	8
ὀρνιθιακός	8
ζωπιροος	8
ἀρετηρίας	8
Ἀνακοῦς	8
Ἀπόκοπα	8
Καρπέλλης	8
δυ΄	8
οιαισσω	8
Γαρούνας	8
Αλανός	8
Βαρωχᾶν	8
Μαρνεῖον	8
ψιάθιον	8
αιωνόβιος	8
πολυπαίπαλος	8
Πελοπ	8
Σικωννίῳ	8
ΚΑΠΛ	8
Ὁτιγούρος	8
Σιγγηδόνος	8
ΟΥΑΔ	8
Μαντζικίερτ	8
Λάμπης	8
Αἰλώμ	8
εξαήμερος	8
Σριστοῦ	8
Κγε	8
καρπογονέω	8
πυθ	8
Συνέ	8
παραχ	8
εὐδαλῆς	8
Οὐσθαζάνης	8
Μουρσῶν	8
Ἀσκληπᾶν	8
ΟΔΡΟΤ	8
Οὐλφίλα	8
Ιάντα	8
Χαλήλ	8
Μιχαήλος	8
ενθρόνιση	8
ἀνακάπτω	8
βρανιτζοβαινω	8
Στυππειώτην	8
προσακος	8
ΠΡΟΓΓΜΝΑΣΜΑΤΑ	8
νωμήτωρ	8
μεσοφανής	8
ἐπιβομβέω	8
οἰστρομανής	8
ἀστερόφοιτος	8
ορεσιδρομος	8
ἁβροχίτων	8
ἑρπηστήρ	8
κεμαδοσσόος	8
ἐυρραθάμιγγος	8
χοροίτυπος	8
συνεστρατόωντο	8
Ἁλιμήδης	8
ἰθυκέλευθος	8
Χαλκομεδείης	8
ἀλεής	8
Χεισῶ	8
Χεισός	8
λόγΘ	8
Πίχα	8
ἐπισολῆς	8
ἀπρεσβύτερος	8
Θεοφιλεσάτων	8
Νεστέριος	8
μετροπολιτος	8
Γωάννης	8
σωσμοῦν	8
καπτι	8
Τιλί	8
παραμύθ	8
επιστοααω	8
Ἀδάουλφος	8
Δούβιος	8
ἐκκυβεύω	8
ἀγλεῖον	8
Σιένα	8
Σιεάρ	8
σίψιν	8
κόσλου	8
έμμηνα	8
σιρογγύλης	8
ἀποσλήματος	8
ανάπλατος	8
ὠλείονος	8
σιυπηριον	8
Σεπέρης	8
μήνυγος	8
Όσλο	8
ωλησίον	8
τελαμωνίδιον	8
αμματισος	8
ὑποκισίδος	8
λινοςπέρμου	8
ὑποκιτίδος	8
σιυραξ	8
ὑποχόνδιον	8
ἰβίσκος	8
αφευημαρ	8
ἐπίκαυσις	8
Ἰαραήλ	8
πτιζάνης	8
μίυος	8
βυσσάχηρ	8
Ἐλευθερολάκων	8
Ὀνάτης	8
Τριταιεῖς	8
καταπνεύζομαι	8
ύναμιν	8
προχ	8
εὐχερία	8
υπεράγαθος	8
λᾶος	8
κνῦσα	8
ΟΟΣΘΤΙΟ	8
κσοντ	8
ἀδιαρέτους	8
δυσυχιος	8
ζαθερά	8
δξυθυμιαω	8
σκιμβάζω	8
ῥῶξ	8
ῥιγνόομαι	8
ἐφάρμοστος	8
Σκέλλιος	8
Ἱππόθαλες	8
σπονδαῖον	8
τριποδία	8
ἀκαλήρη	8
Κιλικιώντος	8
μετόργιον	8
Νιτάριος	8
βέχ	8
περεοπολις	8
παρακαταβολή	8
βουκόλημα	8
μυρισμός	8
νιταρα	8
βάττιον	8
Σώκλαρος	8
Ἀτροπατηνή	8
καφειθεος	8
Νέφθυς	8
Ἀμφιλοχία	8
γροσφόμαχος	8
ψΦΘ	8
πλασίῳ	8
ἐπιγδόου	8
ὑπατάτον	8
αὐτενεργήτως	8
Ἐδέκωνι	8
αὐτοαρμονία	8
ἔνυδρις	8
ἐγκο	8
Σεόσης	8
Ναβέδης	8
Οὐλίαρις	8
Ἀδραμητός	8
Χάβερ	8
Κγῆς	8
βλατί	8
Αἰμονία	8
ἀπερίτροπος	8
Βυβασσός	8
ἐρίθυμος	8
ἀνηλεγέως	8
Γυν	8
αλφιειμι	8
δυσθάλαι	8
ἀσχέδαρος	8
αμελειος	8
ἀναχρονισμός	8
Λθ	8
χατ	8
γγος	8
Καρχίνος	8
ἀχρωτήριον	8
νενευχυτος	8
σῦχα	8
διεσπεχλωμένη	8
ζωκτήρ	8
ἀπαρέμ	8
πατρός	8
διορθοω	8
ΓΟΩΔ	8
ΚΟΦΡΟΝΑ	8
ΟΦΡΟΝΑ	8
Βανίος	8
Μόρσων	8
Γενήτης	8
ΙΙαντοκράτωρ	8
Ἁδέρ	8
Ιαντοκράτωρ	8
ὑπερυμνητός	8
Κελκείας	8
Αἰλεύς	8
Λούζα	8
Γάλαδα	8
Ἀβειγαία	8
νεάς	8
οχοζεια	8
Νωεμείν	8
ἐφοδευτικῶς	8
ὀλγε	8
Στόχασμος	8
ἐνιάκις	8
καταῖος	8
ευχέλαιο	8
εὐδίοδος	8
Ἀχιλᾶς	8
ἐξαπλῶ	8
Θεόρ	8
ΖΑΕΒ	8
ΒΖΘΔ	8
προσαιθρίζω	8
μλνξ	8
Βινδόης	8
Τατίμερ	8
Κροῦμμος	8
μονόκαυλος	8
Γεο	8
ἐπιστολεύς	8
Γούδουϊς	8
ἀεισίνδην	8
μορμολύπη	8
δρμιζοντ	8
γαμοστολέω	8
Φαλῖνος	8
Κοιρατάδας	8
λευχωσις	8
Αἰγηΐς	7
Ἀννήδωτον	7
πολύθροος	7
Μύσχων	7
κυλιχνίς	7
πρωτόπειρος	7
Κορίων	7
περισκεπάζω	7
ἀσκανδάλιστος	7
τριακός	7
διά-νεύω	7
μαριαμνη	7
ἀφοδόω	7
σουκης	7
εὐχαρής	7
Ἰοφῶσσα	7
Συντέτα	7
πυρρότης	7
δυσμάθεια	7
εὐλαμπής	7
βραδυκίνητος	7
κουφόνους	7
ἐπικεκλασμένον	7
κλασμένος	7
γύλον	7
φλο	7
μεμοιχέω	7
Ὀστρακίνη	7
μαλθακίζομαι	7
ἐπαλλάξ	7
προετέον	7
προοφείλω	7
σχετλῖάζω	7
ἀφροδίτη	7
αἰπολέω	7
ὀλυμπιόνικος	7
ἑκάστοθι	7
σχέθω	7
Πυθώναξ	7
συγκράω	7
παραμυθόομαι	7
εἱληθερέω	7
θοίξ	7
βλεπεδαίμων	7
ἐθελοπρόξενος	7
ἀρδαλόω	7
σπογγίζω	7
κέφρους	7
χιζεω	7
Ἀθνῶν	7
ἡπῆσασθαι	7
ψώθια	7
Δριμώ	7
Κανάστραιος	7
Σποργίλος	7
αντήλιος	7
κνοῖν	7
δήτωρ	7
ἡμερωρέω	7
ἀνύφαντος	7
πόχαι	7
βάμβαρον	7
ὑπολύριος	7
παλλάκιον	7
σταχίων	7
ἡδυλίζω	7
τριαυνη	7
χόρση	7
κεφαλαργία	7
Στάμης	7
τεχμαιρομης	7
πτερνίς	7
φατριάζω	7
περιρρηδής	7
ἡπίαλος	7
αλχιεγω	7
ἀφομιλέω	7
καλάμιον	7
ὄρυμα	7
σποδησιλαύρα	7
μελάνδρυον	7
Ἰατρός	7
μεθυπλήξ	7
ὑπαντάξ	7
χορταῖος	7
ἀοριστωδῶς	7
παροͅχάω	7
τονίζω	7
Ἰάν	7
Τερηδών	7
μάλθων	7
Ἀργανθών	7
Αὐλών	7
Αὐξάνων	7
δράπων	7
Πτέρων	7
κέκραξ	7
Λέλεξ	7
τετραχοίνικος	7
Μαρικᾶς	7
Κώφης	7
παντοπώλης	7
Πατριαργάδαι	7
Φιλομηλεΐδης	7
Τρεμίλη	7
τρικόρυνθος	7
Τίβυρα	7
Ἄφυτις	7
φις	7
πεπονήατο	7
Αἰτώλιος	7
Ὄρειος	7
Τουπ	7
Ταύγετον	7
φρουρίον	7
Σχοινεύς	7
Ἄρποι	7
εὐήροτος	7
Κύρρος	7
αβληχρός	7
Μάζαξ	7
διαμετρητός	7
Ἀμφιγένεια	7
κατῆλιψ	7
Ὀξεῖαι	7
εὐπάτειρα	7
Κάψα	7
Βέννα	7
ἅλινος	7
Γόργυρα	7
Λίμυρα	7
Πάλμυρα	7
Ταρράς	7
Λύττιος	7
Αἴγειρος	7
̄θ	7
Βυζάντειος	7
Αἴνεια	7
Ἀγάθεια	7
Εὐμένεια	7
Φιδαλεία	7
Φαναγόρας	7
Ὀρνειαί	7
Ὠκαλέα	7
θριοβόλος	7
Θριώ	7
Μαριαμμία	7
Τερβητία	7
Τορρηβία	7
ἀεργία	7
Λακινία	7
Μαριανδυνία	7
Εὐπορία	7
Λαγαρία	7
παναίθη	7
Νινόη	7
Κολόη	7
Καλαμένθη	7
ψιττάκιον	7
ἰαμβύκη	7
γαμφηλή	7
Ἀγρυλή	7
Κρέμη	7
Ἀκάννα	7
Ἀχάρνα	7
Εὐηνίνη	7
Εὐφρόνη	7
Θύνη	7
Ἠλώνη	7
Ταρραίου	7
Ματιηνή	7
Βοάγριος	7
ὑπεκπροφεύγω	7
Τέμβριον	7
Τύμβριον	7
Ἐπιτάλιον	7
Ἀζανοί	7
Μεδιολάνιον	7
Τριχώνιον	7
Μελανίππιον	7
Τελέθριον	7
Ἀκαμάντιον	7
πάνειον	7
μυρμήκιον	7
Θοάνα	7
Γάγγρων	7
ἄλειαρ	7
κάρηαρ	7
νίκωρ	7
Θῶντος	7
Φθίρες	7
ἀναρός	7
δαίφρων	7
απέλλα	7
λίπτω	7
ἄλθω	7
κνῦμα	7
οἰῶ	7
εὐοἵ	7
τρίπαλαι	7
κοΐ	7
εἱανός	7
τἆργα	7
μεταμάζιος	7
ἑκηβολία	7
ἁμαρτήδην	7
ἐπιμείλια	7
Κράταιις	7
κορυθάικι	7
Ἐλικώνιον	7
ἀμφιδινέομαι	7
Θόα	7
ἴβα	7
Ἀρίμμας	7
Διονῦ	7
ποικιλόδιφρος	7
ἄκιος	7
παραψήχω	7
Θύρων	7
Ἀνδρομέδη	7
Φερετίμα	7
Βενδῖν	7
δόρυον	7
πριασκω	7
Γλαῦξ	7
αἰνοτάλας	7
βρί	7
γρυ	7
πλήων	7
ψαλίδιον	7
Ἀβάντιος	7
αἱμνίον	7
ἀτρέκεια	7
βρύτεα	7
γνάμπτω	7
ἀκρόκομος	7
Τάραχος	7
κρατίων	7
κεδάζω	7
κενέβρεια	7
εξοκέλλω	7
πέταχνον	7
ποδοκάκκη	7
ῥινίον	7
ἀγρόνομος	7
δακρυπλώω	7
ὑπερικταίνομαι	7
Παφλα	7
πτερυγόω	7
βράγχη	7
Ἀνθεμίδης	7
δοιάζω	7
Ἄνθεα	7
ἀλλός	7
ἀγκώνη	7
Πιταναῖος	7
ταυλαντιναω	7
Κεφαλαί	7
Λάβου	7
δοκίμωμι	7
Πιπλή	7
μῆχαρ	7
Ἀλκαικός	7
βαρβαριστί	7
γραφίδιον	7
λαφῃγω	7
μετάλλαξις	7
πάνεια	7
διαφορεύω	7
πείραμα	7
ΝΤΝ	7
ἐπιστημοσύνη	7
Φαν	7
ἔντερο	7
φάλα	7
πλώιμος	7
μισθάρνης	7
πυλαγόρας	7
συμφοίτησις	7
ὑπογενειάζω	7
Ἀχερδούσιος	7
διχόρροπος	7
τιμάορος	7
καταξιῶ	7
ἀπόξενος	7
αἱματοσταγής	7
τερασκόπος	7
μελάγχιμος	7
ἀδάματος	7
παράμουσος	7
χλοῦνις	7
ἀφόρ	7
καταρτύω	7
ἀπενέπω	7
ψολόω	7
Διάδης	7
αἰγίζω	7
ἀοξήσω	7
Θεαγενίδης	7
καμφδειος	7
δελφινοφόρος	7
ἡσσόνως	7
Στρατάρχας	7
Περραιβίς	7
ἀρχέστατος	7
ἀνοίδησις	7
Κραναή	7
στέμβω	7
ΑΙΣΧ	7
δισθανής	7
ἀνηκίδωτος	7
πολιαίνομαι	7
κένανδρος	7
θυμόμαντις	7
σταθευτός	7
πάνοπλος	7
λευστήρ	7
κινητήριος	7
ῥυσιαζω	7
ἱδιος	7
Αἰπόλος	7
ἀτημελήτως	7
χάνος	7
χρυσότοξος	7
γαληνιάω	7
δένδριον	7
θύλακα	7
ἰωνία	7
Εὐθάλιος	7
Ἀλεξανδρος	7
ἀκληρία	7
ὁδηποτοῦν	7
ἀτιθάσευτος	7
ρής	7
Μακρόβιοι	7
μιναῖος	7
τόρευμα	7
Ἀνθεμόκριτος	7
σφενδονοειδής	7
Γυμνήσιος	7
Βαλιαρίς	7
Παγασαῖος	7
σύζυξ	7
λογχωτός	7
ἀλιτραίνω	7
ἄπρηκτος	7
πάγχρυσος	7
ἐνδάπιος	7
σφιγκτός	7
Νηρείδες	7
σύμπνοος	7
Καλλίγνωτος	7
διεξιτέον	7
βουργουζιωνος	7
κεντουκελλα	7
Οὖννος	7
Πέδια	7
καταστορέννυμι	7
Βελεοῦν	7
μετογιιλήσχω	7
Πρισκιανός	7
δασμοφορία	7
Ἁπλοΐδας	7
Πέροας	7
Ἀψίλιος	7
περιπταίω	7
ὁμοδίαιτα	7
διαλοιδορέω	7
Νόννος	7
Δικηγόρου	7
ταπρῶτα	7
Ἀφροδισιάς	7
Στῆσος	7
προυποκέω	7
επιτηδειότητα	7
αἰολόδειρος	7
μεσαπολις	7
πεδέχω	7
Ἀνκούργου	7
δωδεκασύλλαβος	7
ἐμφυ	7
προχόη	7
ἐννεάκρουνος	7
βαλές	7
Κριτώ	7
ἑρπυλλίς	7
Σωκρατίζω	7
Εὐφρά	7
κατευ	7
άπνους	7
Ἀλκμῶν	7
νῆρις	7
Σκαίος	7
Γραῖκες	7
λειδηω	7
Γαιζῆται	7
ἀντιβοάω	7
Τυμ	7
ἀδηράγον	7
ὑποκυδής	7
ἀμαλλοφόρος	7
μῶται	7
Μωριεῖς	7
λειποταξία	7
χρειώ	7
κυνάγχης	7
Φοβίος	7
γαναλός	7
ἐλεγειοποιός	7
Βουδίων	7
ἀηδονίς	7
ροιεις	7
Ἀρύαντα	7
Οἰκούσιος	7
ξετο	7
Χειλωνίς	7
νίῃ	7
Ἀνθίππη	7
Πόλλυ	7
συνοπηδός	7
ἀλαθῶς	7
Μούνυχος	7
απαλοις	7
Ερμηνεία	7
συρρέοω	7
απίδι	7
εγγυρεω	7
ἐντέριον	7
τότα	7
βίχης	7
ἀργάζεται	7
δυσδιέγερτος	7
σαγάπηνον	7
Πόλλων	7
προσεπιλαμβάνομαι	7
Κάστα	7
ἀκολα	7
μονολήμματοι	7
ἀδιο	7
προσχρηστέον	7
ὁποτερωσοῦν	7
άθολος	7
Ιούνιος	7
ῥυσμός	7
Ἡγούμενος	7
Μήλα	7
ἀποδείκτης	7
καυτής	7
σμένας	7
Εύλο	7
ἀνάπλωσις	7
στοιχειωτός	7
πολυπραγμονητέον	7
τετραπλαῖ	7
νάδες	7
αὐτοεξάς	7
ἐνιαῦθα	7
μετρητικόν	7
κωλυόμενος	7
κοία	7
ξυλών	7
σίξις	7
φοινι	7
προαφίσταμαι	7
φιλόγλυκυς	7
ανασκευάζω	7
θησις	7
Φερές	7
ἰσόκωλος	7
ἀρνητέον	7
πολυωνυμέω	7
ὀσφρ	7
αμνηστία	7
πικόν	7
ποιά	7
κύβιον	7
ἱππίσκος	7
οὐπίτριπτος	7
ποδάριον	7
Κυβερνήτη	7
τριχίδιον	7
ἡμίοπτος	7
Ἀμελησαγόρας	7
Μελησαγόρας	7
ἄφυχον	7
κουριάω	7
στρατί	7
συνταγματάρχης	7
χορήγιον	7
Εὐτυχής	7
Συνάδη	7
οριστικός	7
ὀπτέον	7
ὁποτερανοῦν	7
προαίτιος	7
μεταίχμιο	7
Θρήισσος	7
διοςκέω	7
ἀποκλάζω	7
θηκινη	7
συνάμωρος	7
μανιόκηπος	7
μίζον	7
Θέμης	7
ανυροος	7
ξαφελῶς	7
δωΐα	7
ἐκπροφεύγω	7
Φύλης	7
ὑπερτιμάω	7
διάτ	7
ψευδοφανής	7
Περικλεῖς	7
αὐτοματίζω	7
άδειπνος	7
Λίῳ	7
περιωγή	7
Πατροκλείδης	7
ἀσεβῶ	7
Μενεκλέα	7
Παλεῖς	7
Παλλά	7
γελιοτερος	7
θείμς	7
Αὐο	7
ὑπομενητικός	7
συσχολαστής	7
νεστέρους	7
ὁμοταχῶς	7
δνοπαλίζω	7
παρήγησις	7
συνθηδείας	7
Ὡροῦς	7
διευκρινημένως	7
νομοθήκη	7
εὔδουλος	7
ἀναξιόπιστος	7
ἀποδοτικόν	7
σεομαι	7
Ουκάι	7
ὀλιχωτέρων	7
ανομοιογενής	7
ψευδογραφία	7
προσθέτης	7
Φιλίππι	7
παχυλῶς	7
ἐπικεικία	7
ἐπείκειμι	7
δοικω	7
Αλίς	7
ἀπονέ	7
Ὀργή	7
καθήκον	7
Αρκεσίνη	7
νεῶν	7
Ἰτεαῖος	7
αμνημοσύνη	7
συνεκστρατεύω	7
θρασύσπλαγχνος	7
Γελίελμος	7
ῥέκτης	7
βοδινος	7
ἔξουσια	7
Γύρας	7
πελεκυφόρος	7
ἀνατήκω	7
εὐτρε	7
Τριάδιτζαν	7
κεραυνοφόρος	7
κακοφροσύνη	7
δραστηριότητα	7
φιλοπενθής	7
Σερβιών	7
ἐναπέκειτο	7
ἠπειρόθεν	7
Ἀπελχασήμ	7
Νεάντζης	7
λύχων	7
Ἀνεμᾶν	7
Σαγγάρεως	7
τειχοποιία	7
τζιος	7
βύκινον	7
βουτουμιτος	7
τηνιχαῦτα	7
κουλός	7
γυρόθεν	7
Ανεμά	7
πεδιάδα	7
χωστρίς	7
διαβολις	7
νωβελλίσιμος	7
πανάγνως	7
χινω	7
πλαστογραφία	7
λαῖκός	7
ἀδιάζευκτος	7
υπεξούσιος	7
πέντι	7
οἰνέω	7
ἀννώνη	7
παρακρατέω	7
ῥινοκοπέω	7
μονάστρια	7
Κμη	7
Φαλκίδιος	7
φόρκυς	7
συνεφιλιωθεω	7
Ταρρακωνησία	7
Ἀνθρωποφάγοι	7
βυ΄	7
Λέους	7
μουσουργία	7
ΑΦΘΟΝΙΟΥ	7
παραφραστικός	7
τιμοχρεος	7
συνίσταμαι	7
δασκαλία	7
βεβαιωτέον	7
αρθονιον	7
Ωφελίον	7
ἀνεξέργαστος	7
Ὁμηρίς	7
αὖξις	7
ὀρφα	7
φισβήτησιν	7
ξενοκτονέω	7
εὐηργετάω	7
κονταράτους	7
μημάτων	7
υποκριθη	7
ἀκριβολογητέον	7
ἐξανάπτω	7
κραυ	7
εὐσύνθετος	7
Ἀμύνα	7
φιλίτια	7
ἀναμνή	7
συμπαρα	7
κατασι	7
σεβής	7
νθρώπου	7
δηλαδ	7
συνηδύνω	7
Νωνία	7
δασκαλίαν	7
ἀρχαιογονία	7
Τάσις	7
Ἀφηγουμενός	7
καππαδοχοω	7
Πέτρης	7
κατωχάρα	7
ἐπικόσμημα	7
ἱππηλάτης	7
γλαφυρότης	7
Χορίκιος	7
φεύζω	7
κλιμακωτός	7
ασκηλευος	7
τουργεῖν	7
Ἀλκυμήνη	7
καταγινωμένος	7
σμυνοτεω	7
σμυνότητι	7
χοργοος	7
μγ᾽	7
κατές	7
διασφαγή	7
αμουζω	7
εμφατικός	7
βαρύτερος	7
κατασπουδάζω	7
σμικρολογέομαι	7
Σησίχορος	7
ἀντίχους	7
χοργοτητη	7
ανυγετης	7
Κήτος	7
Φύη	7
τολμημένος	7
διδάζει	7
Καβ	7
εὐτῇ	7
ὁήσεως	7
διασκ	7
επιτειγισμαω	7
μεθύνει	7
Νόησις	7
Φάσχα	7
μήδεπος	7
προσώπιον	7
νηρόν	7
συνεξέτασις	7
γορον	7
αζήτητος	7
κεφάλ	7
διαιρέτης	7
προδύνω	7
παραπροεσβείας	7
συμπτώτας	7
δαξε	7
συνεκφεύγω	7
ἧνιχα	7
συχοραντος	7
μοθεος	7
υπιοτητη	7
ριεχω	7
ἀντεγ	7
χομιζω	7
σύτως	7
ἐνταυθοῦ	7
ὄητοῦ	7
μέρομαι	7
μηνητήρων	7
καλυμμάτιον	7
ἀγαθαρχία	7
ἐκβάζω	7
κληδόνιος	7
Κσται	7
ἀνειλιγμένως	7
Ὀσρόης	7
Εὐμένειος	7
κενό	7
σφυγμωδῶς	7
προσθετός	7
Στούδιος	7
ἐνναετήρ	7
εὐδαίδαλος	7
ὁσσάτιος	7
ἐπωμαδόν	7
ὁμῆ	7
Μυροπνοῦν	7
ΝΙκαινέτος	7
λύγδινος	7
ἀρσενόπαις	7
Φιλαίνιον	7
φιλέραστος	7
Νικοῦς	7
πρότονος	7
χρεμέτισμα	7
ἔκχυτος	7
ἀναθηλέω	7
αἰγανέαν	7
λιπαροκρήδεμνος	7
ἁλίπλαγκτος	7
Ἑλικωνιάς	7
τύπανον	7
κατεναίρομαι	7
Θῆρις	7
Ἑρμῶναξ	7
γραίη	7
κοιτίς	7
Ἀρίστα	7
Ἀντιάνειρα	7
Μναμοσύνη	7
Νικώ	7
Φανίον	7
Ἀρχεάνασσα	7
Βρόταχος	7
Ἐρίφων	7
δίκτυ	7
ἀγλαόμορφος	7
Ἀλέξων	7
Μεσσάνα	7
φίλαυλος	7
πρίστις	7
νερτέριος	7
ἡβητής	7
Σκίρτος	7
Ὠλένιος	7
ἰχθυβολεύς	7
ἀλύπιον	7
Εὐπράξιος	7
αἰπήεις	7
Μακρίνα	7
λυσσήεις	7
ἄχρυσος	7
Ὄχνη	7
ὀξύχολος	7
ἁρπάγδην	7
ζωροπότης	7
ἐπιτροχάω	7
χύδαν	7
Δαμόστρατος	7
κρυστάλλινος	7
ἀρτιπαγής	7
πολυπήμων	7
θυρσοφόρος	7
πιδύω	7
επικρατές	7
γραῖα	7
λάσανον	7
νώναι	7
ἀκηράσιος	7
λημνίσκος	7
πυγίζω	7
ἀπαίνυμαι	7
ἄδυτον	7
ἀντολίηθε	7
Σακέρδωτος	7
τυφλοφόρος	7
Σιμιχίδας	7
βαθύστερνος	7
Δωρίας	7
Κασμύλος	7
Ὀρειβάσιος	7
ἱητροῦ	7
χαρχίνον	7
νομιστός	7
ἱππομανής	7
όζα	7
ὀρνιθᾶς	7
θηλυφόνον	7
Μαχάτης	7
Εὐήρας	7
Κούντου	7
Νουμέριος	7
τοκράτωρ	7
Σκίρτιοι	7
Βοσποριανῷ	7
ἐνουρέω	7
σφόρα	7
Μαράφιος	7
Κιμμε	7
Ἡρακλειάδα	7
ηνυομνυμι	7
ὑλάττω	7
Κνωσσίη	7
Φανίς	7
πανάργυρος	7
Προνόη	7
αλεργιζεω	7
βροτ	7
Μάρνης	7
Θελπούσα	7
Μόσυχλος	7
χρῦμα	7
Πανοπήα	7
Ἐρχομενός	7
δρακοντοειδῶς	7
Αἰνησίας	7
κεχροπιθος	7
Θεσσαμένος	7
συναμιλλάομαι	7
κυτισωρος	7
αἴνυμά	7
Μελαμποδείας	7
τεττοηρα	7
Μόργης	7
Ποσειδώνια	7
τρυφερότης	7
Ἀντιφάνη	7
παρασκώπτω	7
ἀντιτύπτω	7
γρυπάνιος	7
φήλωμα	7
ῥόδιος	7
οὐρηρός	7
Ἐτυμος	7
Πανθία	7
Ἀνδείαν	7
Ἀρύαντος	7
Ἀρύας	7
βασιλεῖα	7
ἀναθορέω	7
σύος	7
μουμενω	7
ἀναμωτί	7
λοφίο	7
Έφρον	7
ὀπλίζω	7
ὑφαιμάω	7
Τέρε	7
μαιφόνος	7
ἐπίκροτος	7
Πέμπας	7
Γάμμον	7
ὁδοπορίαν	7
πλουσιάω	7
βουχολος	7
Ἄναστης	7
ποίωμα	7
ἐγκόμβωμα	7
τέφρινος	7
Νύμ	7
ἀποτρυγάω	7
κατακάθημαι	7
Κόρυνθος	7
Ἀψυρ	7
οἰκημάτιον	7
ἁπαλία	7
πολυδος	7
Δάνου	7
σιώτερον	7
οικέω	7
Αἰγυπτ	7
Ἀμῶσις	7
Λιμνώρεια	7
Δελφώ	7
Μῶλος	7
Ἐπέμπω	7
κατάζευξις	7
Μελάντιος	7
Χερσιδάμας	7
Νικόδρομος	7
Πείρευς	7
Τηλέφασσα	7
Κυνόρτης	7
Αἴσακος	7
Μηδεσικάστη	7
λυτιειρω	7
Ἀσσώριον	7
Ὠάννης	7
ὁμοχρονέω	7
ταυρόω	7
Σιδοῦς	7
Ἰχθῦς	7
Μαστός	7
ἀντιμετάληψις	7
τροχάδην	7
ἁλόθεν	7
γενικής	7
Προθοήνωρ	7
Επερ	7
Μάα	7
Πινδαρίων	7
ὕμων	7
ΖΔΕ	7
εὐγῆς	7
φθονητέον	7
ἐνιότε	7
μόνωτος	7
τοιοῦν	7
Ἰτωνίς	7
ἐρυθαίνω	7
Ἰτυμονεύς	7
ἐπικλύω	7
μεταίσσω	7
Μελίη	7
μενεδήϊος	7
καταιβάτις	7
ὑπείροχος	7
ἐφαάνθη	7
περικαταπίπτω	7
διάτριχα	7
Οὐρανίδης	7
θάλαμόνδε	7
χαλκέων	7
εὐτρόχαλος	7
Λάτμιος	7
λεχωΐς	7
ὀλοφώϊος	7
Μέντορες	7
ἡμιδαής	7
μεσηγύς	7
τῷ	7
Χόντα	7
κριθιάω	7
ἕτις	7
αῦμα	7
ξησιν	7
ἄμβατος	7
λέμαχος	7
μψ	7
αναρριβδεω	7
ἀπορραίω	7
ἀπενεγκάνομαι	7
τψ	7
σφρ	7
κακοπ	7
ἀσπιδίσκιον	7
ντῷ	7
τατέσιν	7
δοικ	7
Άρισον	7
ἐερσήεις	7
συνεισίζομαι	7
Καταγίδα	7
ἐπητύς	7
ἐπιδίφριος	7
ἐπίμαστος	7
ημιτελής	7
βριήπνος	7
ἐθόωσα	7
ἄνθη	7
ἐξιονθίζω	7
Φιλοκτή	7
σεφάνη	7
κεντρηνεκής	7
κραταιγύαλος	7
κυνέα	7
Λέκτον	7
μακεδνός	7
νεοτευχής	7
πανθυμαδόν	7
οὐδενόσωρος	7
Ανάν	7
ἔμπρος	7
θραῦμα	7
τῷτῳ	7
ῥοιζέω	7
ἄθρ	7
Κιν	7
πολυλιτάνευτος	7
ὑπότροφος	7
χρόμαδος	7
τετραος	7
ἀαγής	7
Ἀλχμάν	7
ριδος	7
ῥινοτόρος	7
στρεφεδινέω	7
Τιμογένης	7
βραχύλογος	7
ἀντιφώνησις	7
ἑξηκονταετής	7
πετάω	7
Θυμόσοφος	7
Ναύσων	7
ἐκτρύχω	7
Οὐενουσία	7
Εὐρυλέων	7
κατά-κεντάω	7
Φοντήιος	7
κακοπαθῶς	7
ραβδοφόρος	7
Εὐσεβής	7
Μιθριδατείος	7
χορτολογία	7
ταχυεργία	7
σξαυρυς	7
Λάτιον	7
ἁρέω	7
Ἄττιος	7
σωματοφυλακέω	7
Λουπερκάλια	7
Κασιλῖνον	7
Πέδιος	7
ἐπικλῄζω	7
Ῥώσκιος	7
Τάρσος	7
δυσεργής	7
Πραινεστόν	7
Ποπίλλιος	7
σενοναω	7
Ἀριόουιστος	7
περιταφρεύω	7
πλεόνως	7
Ἀνίκιος	7
λιγυστῖνος	7
ταυθ	7
Βάρβας	7
ἱπποκρατέω	7
Ἀρτώκης	7
Ἰτουραῖος	7
Σελευκίς	7
Γαίτουλοι	7
ἀμύνανδρος	7
Ναγέβ	7
ὀπηγίκα	7
μάκρυαναβοάω	7
ἰνός	7
ὀδίενω	7
προτρυγητήρ	7
ἐπιτεκμαίρομαι	7
ἀνάστερος	7
ὑπαύχενον	7
ἑσπερόθεν	7
ουνω	7
ἐπιδετόν	7
ολιος	7
δνον	7
διβραχυς	7
Φάκος	7
κορυδαλλός	7
Μέγαλος	7
ἄβολος	7
κρᾶς	7
ἐπιφρήματος	7
σσος	7
δισυλλαβέω	7
ἀρπνια	7
προπαραξυτονος	7
ὑσμίνι	7
κρῶς	7
Στεφανίς	7
φιλήθρωπος	7
κατακαρπος	7
Χέιλ	7
Αμάλθεια	7
παρεξαυλέω	7
ἀγχαρος	7
ἀνακορέω	7
ἀπαμβρακοῦ	7
Λαίφ	7
αλεκτροναω	7
ἀστερίων	7
ἀνωφέλητος	7
οικ	7
ἀρερ	7
ἐνταυθ	7
φαγ	7
αιτία	7
ωμένους	7
Γεωργία	7
οἶκα	7
ὕλεθρον	7
ὀστρέα	7
άκανθα	7
ἀσκήτωρ	7
ἀνθηδῶν	7
μόρμυρος	7
κρεῖας	7
πορδηκός	7
μυκός	7
φώδας	7
σελλίζω	7
ἀποπρίζω	7
Μίστης	7
ὅποιοις	7
χιλιάγωνος	7
παράβλημα	7
ΧΛ	7
ΑΛΚ	7
ΣΛ	7
ΡΦ	7
ΓΚΛ	7
Σϡ	7
ΗΚΘ	7
ΘΕΟ	7
ΚΛΜΝΞ	7
ΗΒΓ	7
ΜΝΤ	7
ΑΛΓ	7
φοα	7
ΚΕΓ	7
ΛΕΜ	7
πελοποννησιακός	7
φλογίς	7
Ἀμελοῖ	7
θύμωσις	7
Δικαῖος	7
Μένιος	7
Ἐνδηΐς	7
στάγδην	7
ὁδοιπορίη	7
βραχυπότης	7
Καύσιος	7
χιασμός	7
ὀξυκρήτῳ	7
ἔμβρεγμα	7
καταιον	7
παροχέτευσις	7
διάπυος	7
ἔμβαμμα	7
Χάχος	7
ἀπιθέω	7
ἀπανταχόθι	7
υπάρχουσα	7
συμφερώτερος	7
προκάτ	7
μεταπείμι	7
ὑπερλαλέω	7
Αιλιανού	7
Καλλιπίδης	7
Λίτον	7
ταχεῖος	7
ἀκαρί	7
προσδοκώ	7
ἀχωρέω	7
ἀποδρέπτομαι	7
ἐκλο	7
ἀνυποστάτως	7
βοπαλος	7
Χρόνης	7
Ὕδρεος	7
προφρασις	7
ἐκκεχυμένως	7
παραρτάομαι	7
χρυμενος	7
επιμελιεπομαι	7
σωφροτερος	7
ὀβο	7
Κλίτων	7
οντιναω	7
γενναίος	7
Δουλῆς	7
άμεμπτος	7
δοποτος	7
προσομοιόω	7
ρηγ	7
Ρηδ	7
χεῖρον	7
ἐσωπή	7
Πένυ	7
έοικοτος	7
θεραπαινίας	7
Μητρόβιος	7
ἄνυτος	7
εὐήμους	7
εννοώ	7
Χρωσίων	7
ΖΒΘ	7
ΚΖΒ	7
ΗΖΝ	7
ΒΜΑ	7
ΚΛΘ	7
ΑΖΘ	7
τεσσαρακοντάκις	7
ητιμεις	7
Λένα	7
ἐπίστωρ	7
κάριστοι	7
στεροπηγερέτης	7
πολυτάραχος	7
Δεξιάδης	7
σιωπ	7
ζατόω	7
κυρτοειδής	7
Ἀραχῶται	7
Κωλίδος	7
Βάχχος	7
γαίηθεν	7
δεδοαδδιξ	7
ρηματικός	7
Κτησώ	7
ταίνω	7
Λάμεια	7
εὐίλατος	7
Λέτης	7
ἐπιδέν(ν)ω	7
ἐπιστέαται	7
προέχθεσις	7
ἐπάζων	7
τροπαιουχέω	7
μέλΘ	7
Νόρα	7
ληπλέον	7
τῶν	7
βαρυπρωι	7
ὁπίπεδον	7
Ἀξίσημα	7
εικοσιπέντε	7
διόλως	7
γνόω	7
ραδιουργία	7
ἀπυκνοι	7
Τέττη	7
ὕπλιον	7
δίχαμμον	7
ΧΡΩ	7
Μένι	7
δέλ	7
σίχῳ	7
Πλύα	7
ὑπολύδιος	7
Αἴλανα	7
αρισκω	7
Παΐδη	7
ὕγκον	7
ἀρχίζω	7
ταξί	7
υγιεινός	7
ηπιοτητη	7
ὑποδειγματικῶς	7
Φοράς	7
ἀρελῶν	7
ἔμεσις	7
ϕ	7
Βελή	7
μυσία	7
απαιδευος	7
διδυο	7
Δημοτρίου	7
Κορινθιουργής	7
Βάδας	7
Ἀρχέβουλος	7
Γλυκεία	7
αργολικός	7
Ἡσυχίδαι	7
Γαργήτιος	7
Τήλερον	7
κεχιλις	7
Κοίλιος	7
Λαμπάς	7
ταυανθος	7
σπερμάτωσις	7
λυκώ	7
βιθυνικόν	7
απελεύθερος	7
Δαμάλης	7
ερέα	7
εἴσωσις	7
επιμένων	7
μίσθη	7
αντιπαλη	7
Μοψουεστίᾳ	7
βερενιχεω	7
ἴβη	7
ὀψιγαμίου	7
Δήμας	7
Πύρασος	7
επιμέλεια	7
οἰανδήποτε	7
στομαλίμνη	7
Ἀσκλην	7
κβ᾽	7
διασκευαστής	7
σηκάζω	7
πύργ	7
διασκοπιάομαι	7
ἴφ	7
Ὀφέλτιος	7
ὁπῶς	7
᾿ν	7
ἀνάποινος	7
βόσκησις	7
σιφλόω	7
ἀδύναμαι	7
ἰρίτης	7
ὑπίσχομαι	7
δυσοιώνιστος	7
Ἀγχισιάδης	7
Ράνια	7
ἐπιστομία	7
Ἀθηνοκλῆς	7
ἀπίνυτος	7
Πολυάρητος	7
ἀγριόφωνος	7
ἄκωλος	7
πανάπαλος	7
μετρητέον	7
ὑπεροπλίζομαι	7
τριόφθαλμος	7
ἀρτίπαις	7
ἀμφιμήτριος	7
σύγγαμβροι	7
ἀδελφίς	7
Σίττα	7
αἰξωνεύομαι	7
ἰσχάρα	7
ὀρίας	7
ἰχμα	7
χέροσιν	7
λυμ	7
ἀντί-βολέω	7
εὐρυπρωκτία	7
περιπόνηρος	7
ἴττω	7
δειλακρίων	7
χεζητιάω	7
τοὐβολοῦ	7
τρίορχος	7
Μανῆς	7
νησιωτικός	7
Ἀμύνων	7
κληρωτήριον	7
μελλητέον	7
Γέρης	7
μυμῦ	7
ὑπόκωφος	7
ἡλιαστής	7
ἀφαύω	7
ἐπινεφής	7
μετόρχιον	7
ὡρικός	7
κυλλᾶστις	7
ἀδαχέω	7
σκευοφόριον	7
ἀπαστία	7
ὑποζυγιώδης	7
λαγγάζω	7
τρόχμαλος	7
σπευστέον	7
εὐάγητος	7
καλλίπυργος	7
θραυσάντυξ	7
Ἀθμονεύς	7
Ἀδώνια	7
σκευαστέον	7
μάνη	7
μειρακίσκη	7
συκοφάντρια	7
οἰνοῦττα	7
στώμυλμα	7
ἐξαρκούντως	7
ληματίας	7
λυγισμός	7
φρενοτέκτων	7
αὐθάδως	7
Ταντάλειος	7
χρέμπτομαι	7
ἔκμαγμα	7
ἐκλαγχάνω	7
συβήνη	7
ἐπουρίζω	7
χυτλάζω	7
ὀνίδιον	7
βομβυλίς	7
ἀρρενοτοκέω	7
διδυμοτόκος	7
επιπωματίζω	7
περιτρέμω	7
αἱμοποτέω	7
Πόα	7
τετράκερως	7
ὑπανίσχω	7
ἱππέλαφος	7
Μόνας	7
ἔουδοκιμηκα	7
τολαος	7
ἀκληρωτί	7
κοσιά	7
μπ	7
Ληρ	7
κληρ	7
Βαλάν	7
Πεῖνα	7
διασαφητέον	7
ἀέρινος	7
ἐξονειρώσσω	7
περιστερώδης	7
ἐπιμελητικός	7
ἐπικύημα	7
μικρόφωνος	7
τριπλασίως	7
σύγκαμψις	7
τρωγλόδυτος	7
βλαισόομαι	7
αματος	7
κερατοφόρον	7
μιαλλος	7
μεμιγμένως	7
μεταλλευτικός	7
γνωριστέον	7
ἀχορήγητος	7
ἀκριβοδίκαιος	7
ὁμοπαθής	7
τερατωδῶς	7
σπληνῖτις	7
πάγκρεας	7
ἔπεισαις	7
ὀρρός	7
καρκίνιον	7
προσβόρειος	7
Ἐλλήσποντος	7
βομβύκιον	7
Δήλη	7
ἀκανθίας	7
αὐλωπίας	7
καρπαία	7
Ἡλικία	7
στραγγαλίς	7
ὀρνιθοφάγος	7
λούστης	7
ἔλαττον	7
ἀμπελογενής	7
γρυπή	7
ἔκφοβος	7
πρωταγωνιστέω	7
ἐπιτίμημα	7
Τιμοφάνης	7
ἀνάδαστος	7
εὐπαρακόμιστος	7
ἐφέλκυσις	7
ἕρκειος	7
Ἀμυκλαιεύς	7
συνεπακολουθέω	7
Νάνος	7
Ἀντιμενίδας	7
ἄπατος	7
περικοπτέον	7
συμπεριπατέω	7
σισύμβρινος	7
Χαβρῖνος	7
πολύδοξος	7
εὐκοινωνησία	7
δοκιμαστός	7
γνωριμότητα	7
Οἰκονομικόν	7
βλάμμα	7
Τέλεια	7
συγχριματη	7
χυλώδης	7
Παλλήνιος	7
Βάτεια	7
ἐπανέχω	7
μολίων	7
κατατακτέον	7
Πίτυς	7
Κροκόδειλος	7
Ἐλέγεια	7
ἀγγαρεία	7
λυδιστί	7
Ζωγράφου	7
Μαχαιρεύς	7
ἑκατονταρχία	7
αβγδε	7
ζηθικ	7
τουιειμι	7
Ρώτη	7
Ράνιου	7
ὀρθοδοξαστικός	7
τόχοι	7
εὐκό	7
ενυπαρα	7
ἀλλον	7
τουτέστ	7
ὁρις	7
εὐδαίμ	7
Ανατόλ	7
σωφρ	7
Σαρασάρ	7
ἑτερ	7
Τριβέρεως	7
Βάλης	7
φίλεχθρος	7
ἑτεροδοξία	7
Καρπώνης	7
Γαυδεντίου	7
ΙΗΣΟΥ	7
ἀτρεπτότης	7
ἐμμάρτυρος	7
Κυριακή	7
απαραλλάκτως	7
Γίῳ	7
ἐμπολεύς	7
ἀνευλαβής	7
προευαγγελίζομαι	7
ὁμολογεῖτωσαν	7
αναξιότητα	7
τριώνυμος	7
θεοποίηση	7
βείᾳ	7
Ἠλισαίου	7
ρχβ	7
Νύσαι	7
Ἄμιλος	7
ἀντολικός	7
ἐνθράσσω	7
ἐμμονή	7
Άγγελο	7
Παραδείσος	7
ἀσβεῖ	7
ἀνώμασεν	7
τῆρι	7
Ἀδεσσαλῶμ	7
Ψῶς	7
Ευαγγελική	7
τεθελέω	7
ὁραῖος	7
δειξυσις	7
ἀβουλέω	7
βίωμα	7
πωρωμένος	7
Άσσυ	7
κοχλίον	7
Ιαβέιν	7
Κίσση	7
ανθίζω	7
ὁμοσα	7
συμφρύγω	7
αέριος	7
οὐδία	7
περιτο	7
αἱρέσια	7
Ραζ	7
ελπίζω	7
Ὕψώθητι	7
ἕτοιμος	7
εξομολογώ	7
ΜΓ΄	7
Ἄσελ	7
τίμημακρυμμι	7
διαγγείλω	7
ὄμβρημα	7
ἀμετεωρίστως	7
Πτωχός	7
ιοδολος	7
ξιῶν	7
Ιορδάν	7
άμωμος	7
Γηρίων	7
ΡΚΘ	7
ΡΛΑ	7
σμέναι	7
ἄρραστον	7
δηλώνω	7
ἐπίκαμψις	7
περίαπτο	7
λεμά	7
διάνοιξη	7
βίξης	7
εκών	7
γνησίως	7
ἐδλάσθησε	7
παρθενομήτωρ	7
νοουαατος	7
τολμ	7
συναρμολογώ	7
Ἠλισσαῖος	7
υποστατός	7
Ἄστερος	7
Δάντου	7
περιεργασία	7
ειδηλος	7
μβ᾽	7
μυροφόρος	7
χορις	7
Μαλοῦς	7
ορατός	7
εὐαγγ	7
Σκόπος	7
απερίτμητος	7
ἀμέπτως	7
Κάντεῦθεν	7
σαρκῶ	7
Σωτήρα	7
πολυοινία	7
Ἀρμαθαίμ	7
εὐράκαμεν	7
Ἐμιοῦς	7
Βουθάν	7
Δαδεῖρ	7
Θίσεν	7
Ροβοάμ	7
Σελλά	7
Ναβαθ	7
ρε΄	7
ριβ΄	7
ψῳδῆς	7
Ἀναβαίνων	7
Φύγελος	7
οριγενος	7
Ἀγάπα	7
ἔκριν	7
νύχτα	7
αδυσυς	7
ἀφοδία	7
διδάσκων	7
ἐπιδύνω	7
Μίνης	7
Σέιν	7
σάδια	7
Λίσων	7
ΤΥΦ	7
ἀξόνιος	7
Σίδος	7
ἰσάξιος	7
αντιμαχόμενος	7
Πρίσκου	7
Κεραίων	7
συνεφοράω	7
Ἄκρος	7
Ἀριστέλης	7
ἀγλαίζω	7
στιχίδιον	7
Διεύχης	7
Δαμόξενος	7
ἀλεξίλογος	7
μεσπίλη	7
συκόμορον	7
ῥυσή	7
σπερματολόγος	7
ὀξυρρόδινον	7
σπερματίας	7
σπερματία	7
ἴφυον	7
ὀνόπορδον	7
ῥίζιον	7
ὀξυάκανθα	7
εὐχυλία	7
δυσέκκριτος	7
ἴσαντι	7
δύσχροος	7
Κρατεία	7
ἐχινόπους	7
Ὀρθάννης	7
ἐσχαρίτης	7
τιλτός	7
ἔκλαμπρος	7
φάκινος	7
κέντρων	7
ἐπιτραπέζωμα	7
κροτητός	7
δίχορδος	7
ἀγελαστί	7
δαιτρόν	7
ἀποκοσμέω	7
εὑρησιλογέω	7
τεσσαρακοντάπηχυς	7
ὁκταπήχεις	7
ἀκαίριμος	7
Δεινομάχη	7
ὀλιγόσιτος	7
παιώνιον	7
μόθαξ	7
Ἀρκεσίλας	7
κατάπυγος	7
ἁμαξιαῖος	7
Εὐρωπία	7
χναύω	7
μύρμη	7
μελάγχρους	7
ὀπισθίδιος	7
αῦτη	7
καμασήν	7
πολυχορδία	7
ξυλοφόρος	7
λεκιθίτης	7
συναγώγιον	7
σμυρνεῖον	7
ὄρνιχος	7
χερνίβη	7
βουλιμία	7
ἀπανθ	7
ἡβητήριον	7
ἄμφις	7
παράπληκτος	7
ἀποδωρέω	7
Ἀπολλοκράτης	7
Ὀροφέρνης	7
Ἀσωπόδωρος	7
Κρῶμνος	7
ζάπεδον	7
Λιμναῖον	7
πεντηκοστολόγος	7
ποτητός	7
ὑποπυθμήν	7
προχύτης	7
παράκαιρος	7
παναλουργής	7
αὐχαλέος	7
Ἀλκιβιάδας	7
οἰκουμένη	7
Καφισίας	7
ἀκρότονος	7
Εὔνοστος	7
παράπηχυ	7
αὐλοτρύπης	7
συγχρονέω	7
ἀναγελάω	7
Λιτυέρσης	7
φλύαξ	7
ὑπόγλυκυς	7
χιτωνέα	7
Σάκαι	7
λειμώνιος	7
Δημοδάμας	7
Βλάστα	7
Δημαρέτη	7
πολύκενος	7
ξιφομάχαιρα	7
δαίμ	7
ἰσοδαίμων	7
ΛΓΜ	7
ΓΖΘ	7
φελ	7
πολυφ	7
Ἀμφιτρίταν	7
κατεξαίρετον	7
τμῆς	7
χωρητή	7
χειμηλιος	7
αὐστήρ	7
αἰσχύς	7
ὀλίας	7
παραμιλαω	7
εγγυώμαι	7
κιθωτοῦ	7
φιλογαω	7
νυχ	7
πολυπλάνητος	7
διασχυριζω	7
ἀπεῖρατος	7
Χανααναίων	7
Δύτη	7
ἐντίμιος	7
ρισμῷ	7
συμπαρ	7
βλαστάω	7
διολισθαίνω	7
ἀρειδῶς	7
ἔξωσις	7
Μακαρίων	7
συμβαδόν	7
γαβαωνιος	7
απολιγυς	7
ὁποιανδήποτε	7
μετασκευή	7
συγκατάστασις	7
Ἁγ	7
σθεῖναι	7
ἐνευφραίνω	7
ΣΚΕ	7
ΣΛΖ	7
ΣΛΗ	7
σπουδαιολογέω	7
ἀνάσεως	7
νηφόντως	7
κε᾽	7
ἀπερισπάτως	7
ρονομια	7
ενενηκοστός	7
ἀσύμφυρον	7
δεσμιωτήριον	7
πάστας	7
Αδερ	7
μεγέλει	7
Αγάθη	7
Βιδ	7
τήσαντας	7
ημερομενω	7
διευθυμέομαι	7
Αλάν	7
αινιγματώδης	7
καταφάνεια	7
ἀμαβίας	7
τραχῶς	7
Αμοιρά	7
διάρχω	7
ἀκάθας	7
Λιβανός	7
αδροτητη	7
προσεγγισμός	7
ἰσότροπος	7
σαραφίμ	7
εὐφραι	7
νοστια	7
ἔχνοι	7
Πλοῦτους	7
Σεπφώρ	7
Μαμβρή	7
Κεάδης	7
εἰρηνοποιία	7
κατάδεσμα	7
Ἱλάριον	7
εὐθεράπευτος	7
Ἐκδίκιος	7
χλοηφόρος	7
Φίλιας	7
Βελῆς	7
εὐπρόσπονον	7
δεχο	7
ὑμβρον	7
ριας	7
Τῖμος	7
ἀεννῶν	7
Φωτίς	7
εὐκαρπα	7
Όρνε	7
χρονη	7
ἀκαχον	7
διδασκαλ	7
Τίσα	7
ἐκκαρπόομαι	7
εφροδιος	7
Κλίου	7
τῆτα	7
εὐκατα	7
πλεονεκ	7
εφάπαξ	7
σχυνεος	7
Βέβας	7
δρῖλος	7
ἄναιτος	7
πρεσβυτής	7
αποστατικός	7
ἀσελῆ	7
χλαῖς	7
εκειος	7
Δώρη	7
συμμεθίστημι	7
χρημοῖς	7
φευσος	7
ἀκαυστόω	7
θρηγήσει	7
ἀμάχιον	7
διηνεκός	7
ὑποδεής	7
σφάτ	7
Μαῖδοι	7
καπριατη	7
ημιοχος	7
ἑλλεβορίζω	7
Θαμ	7
σφίσιιν	7
ἄεμμα	7
Ἥραίστου	7
Δίκτυνα	7
ἀπομάζω	7
νήσα	7
φῷον	7
Εὐηρείς	7
πανάμερος	7
Ξεῖνος	7
ὀμμάτι	7
τριστοιχεί	7
Βρόγγος	7
ειλ	7
ὄαροι	7
βακχεύσιμος	7
Βηρῖνα	7
Αρματός	7
πόκ	7
Κριθῆς	7
λώριος	7
μέτερρος	7
δορύπυρος	7
κριδηω	7
ευημαρ	7
ελευσίνιος	7
Κυιρίτης	7
Λαβίηνος	7
ἐξανάγω	7
διάφευξις	7
χρῆματον	7
ὁμόσκευος	7
κούφισις	7
γυμνοπαιδίαι	7
ψευδαυτόμολος	7
δοξασία	7
Τιβ	7
συνθεάζω	7
Κόσσος	7
κύρωσις	7
κύρτωσις	7
ὑπερακατάληκτον	7
Αὐυοῦ	7
πολυγλωσσία	7
Παρμενᾶς	7
Τόμου	7
ἀντιδικία	7
μωυ	7
ᾀκεῖθεν	7
κατείδωλος	7
καταγγελεύς	7
τρίστεγος	7
παρομοιάζω	7
δεξιολάβος	7
ζευκτήριος	7
Νυμ	7
υἱοθε	7
Δοξία	7
θεολωρος	7
ἐπιδιατάσσομαι	7
ὀομαζο	7
ιερουργώ	7
ακροβολίζω	7
οφειλή	7
ῥοδοειδές	7
θησαυρικός	7
κυριεύομαι	7
πρωτοτοκία	7
ἐκκρίτως	7
πολύχρωμος	7
συσπείρω	7
σραήλ	7
ἐπαφράω	7
παραδεικτικός	7
ἀντιστρα	7
μονάκου	7
ὑποφητικός	7
τελεταρχικός	7
σομαί	7
Χανααναῖοι	7
ἐπαριθμέω	7
εἰρήνευσις	7
τοντέστιν	7
στασία	7
θεοσόφως	7
Ὠριγένοτς	7
ἀκατακαλύπτως	7
Ἐλληνικός	7
ἀποφοίτησις	7
νηκεν	7
ἀἀββός	7
περικαῶς	7
καταναρκάομαι	7
ἐπισκ	7
Θεοδ	7
ἐρχ	7
Χρυσοστόμος	7
συνεκλεκτός	7
περικρύβω	7
ἐφηφίημι	7
ευμετάδοτος	7
φιληκοία	7
καυματίζω	7
ἐλλειπής	7
ἀναπεμπάζομαι	7
λῶνι	7
Γεθσημανί	7
Λεββαῖος	7
λογοθέσιος	7
προδιαλέγω	7
παραλλ	7
ὀχλ	7
δεικν	7
ἐνθυμ	7
ἐγκλ	7
λωσιν	7
Πλάνος	7
Φηγίη	7
βριον	7
λοιμώσσω	7
ἀποκλῄζω	7
Ὄνειρος	7
ἀντεράομαι	7
Ὑγῖνος	7
εὐηρέτησεν	7
προσηγούμετο	7
ἡρεμαίας	7
τιθασσεύω	7
ὄρξ	7
οὐρεύς	7
μειράκα	7
Βύλος	7
κόνιστρα	7
Θαμίς	7
εικαθω	7
ωμοτητη	7
Ρο	7
πλινθεύω	7
Μάζικες	7
Πέρσις	7
ἐγκολπόω	7
ρλβ΄	7
Χανεθώθην	7
κίριος	7
δψ	7
Ῥῆμος	7
Μαρωδάχ	7
Ἰεχωνίας	7
Ναβουχοδον	7
Ματθανίας	7
τύτη	7
Ἰάκιμος	7
πουβλικολος	7
Ιανναίος	7
Ἰαδδοῦς	7
πέλλη	7
ριγ΄	7
Ῥοῦλλος	7
ὁμάϊον	7
δευτερόπρωτον	7
κανονιστέον	7
Ἐνάχ	7
βικτωρινοος	7
αυγουσταμνικεω	7
περεγρῖνος	7
Δονάτου	7
Σάπωρις	7
Μαρίνα	7
Τιμασίου	7
σενάτον	7
Ἀνθημίου	7
καροῦχα	7
Ἰσοκάσιον	7
κωναταντινουπολις	7
Κωάδης	7
τζαγγίον	7
Ζάβας	7
τετράπυλον	7
Ἰσάκιος	7
ἶσος	7
Γοργοφόνος	7
νερ	7
βαθμοειδής	7
χρησμοσύνη	7
συγκρουσμός	7
σπείρασις	7
τεχνοειδής	7
ἀντιτιμώρησις	7
παρακολουθητικός	7
παιδαριωδῶς	7
ἀσμενιστός	7
βαθυκήτης	7
Καθήκων	7
δυσλόγιστος	7
οἴνωσις	7
ἀποτραγεῖν	7
παρατρώγω	7
εὐκάματος	7
ἐλλοχῶ	7
Εὔρινος	7
ποταμογείτων	7
εὐθημοσύνη	7
μετεωροπορέω	7
ὀρειλεχής	7
πλατυμέτωπος	7
Ἀναΐτις	7
Πράσιοι	7
εὐθυτενής	7
κάτοινος	7
ἄλθομαι	7
Σιναίτης	7
πολυτελέω	7
Κυάνη	7
Πόλυμνις	7
παρορμητικός	7
ἀνασταλάω	7
Φερενίκη	7
Σκαμανδρώνυμος	7
ἀρρενόομαι	7
Θηβαΐς	7
ἀποφαντέον	7
τόπφ	7
βλαβή	7
ὁλοσχέρεια	7
Ανατόλι	7
προσνεμητέον	7
ἀντιμεσουράνημα	7
ἑξηκοντάς	7
΄δ΄	7
ΖΔΒ	7
τρισχιλιοστός	7
τνθ	7
ΕΖΒ	7
ΖΒΚ	7
τμε	7
ρνϛ	7
Μαρδοκεμπάδου	7
τξζ	7
τλγ	7
ρῑγ	7
ΕΚΘ	7
Τμόχαρις	7
ακρωνυκτεω	7
ΒΘΕ	7
σιϚ	7
οϚ	7
εὐημ	7
ὡρία	7
δινόω	7
μνημ	7
αργοναυς	7
Φλέγυες	7
δόρη	7
ἠγύσατο	7
ἴτας	7
Ὀλυμπιονίκη	7
γεώμορος	7
λωκεν	7
τριηράρχημα	7
Σιχε	7
διαχιλίων	7
Φοντάς	7
Αὐρίων	7
Ὑπερβόρειοι	7
προσκλητικός	7
ὑπερσάρκωσις	7
περικαθαρίζω	7
ἀγέννεια	7
ὑποτοπητέον	7
καθόρμιον	7
κενοσπουδία	7
λουτέον	7
ἀγρόνδε	7
Ἀλωεύς	7
θρωπε	7
συνωφελέω	7
ἐλατικός	7
Θωύθ	7
μιξοφρύγιος	7
Αἰγλώμ	7
Ἰωάν	7
εὐαίνετος	7
ἐλευθεροπρεπής	7
τοὐπιόν	7
ἀκαταπληξία	7
ἀναβλαστέω	7
ἀποκεκαλυμμένως	7
πολυκύμων	7
δρώψ	7
λειπτέον	7
εὑρησιλογία	7
Λἴγυπτον	7
μεγαλορημονάω	7
ὀλιγόβιος	7
ἀλύπητος	7
παντοπαθής	7
Μεστρέμ	7
ἔκπραξις	7
καταρχάς	7
ἀναπομπή	7
Σισιννίῳ	7
κυκλεύω	7
ἠῴγνυμι	7
πρόσψαυσις	7
ἀντεύκρατος	7
ὑψηχής	7
ἰδιαστής	7
ἀκροπόλος	7
λιβάδι	7
Λαγκάδια	7
ἴτις	7
πιστεύγει	7
Νεοῦς	7
ψέγος	7
ρήγαινα	7
σκάνταλο	7
διαβοειντα	7
ερρόγεψεν	7
ανδραβιδαις	7
επέζεψεν	7
Σκόρτα	7
ομάντζιο	7
Γυλιάμο	7
Τσακωνίαν	7
Ντζά	7
απέ	7
χαιρετώ	7
χολιάζω	7
συντυχαίνω	7
φταισιμος	7
χαιράμενος	7
μοραιαιρεω	7
ἐξεύρω	7
σαγιος	7
παντοτινός	7
Άντρες	7
δεμέστικος	7
Μελίκ	7
Νικόλα	7
Κλαρέντσα	7
χώρια	7
Κουραδής	7
Αλαμάνοι	7
ζητάς	7
ασκημάδι	7
διχωστης	7
ελαφρώνω	7
αρετουω	7
αναλαμπή	7
λπιζα	7
αποκοτιάν	7
διατάματα	7
διάταμα	7
ὀρδινιά	7
απόψε	7
βρισκουντ	7
νοικοκύρης	7
ολωνών	7
γλιτώνω	7
λαβώνω	7
Νιάς	7
ασούσσουμος	7
δέντρη	7
χρουσός	7
κουσω	7
πορπατώ	7
πάσκος	7
σύρνω	7
αποφασίζω	7
Ἑνοῦς	7
παλικαριά	7
Γρίκα	7
βγάνει	7
οψές	7
μιλιά	7
χαλινάρι	7
Βλαχιά	7
Μικρός	7
Ξένου	7
λειψός	7
ἀποκρισιάρης	7
μόλελω	7
πονδικός	7
Σκύλου	7
φορτονοος	7
μαΐστορας	7
ὑπόδησις	7
ὀλιγωρῶ	7
ἠι	7
Λιονύσιον	7
παραγώγιον	7
Πλακιάδαι	7
υμαινεος	7
Τράτος	7
ελλιπής	7
τριαβολος	7
γεωμ	7
Λακίδης	7
αρμοσυς	7
παραπαίζω	7
χωμικως	7
τουνπίσω	7
ἄλιος	7
ἀπόλυμα	7
τριτ	7
Στρυμονικός	7
ναυπήγιον	7
ὀξερίας	7
παλίγγλωσσος	7
κενταυρίς	7
ἰαμβειοφάγος	7
κρόνος	7
μεσοπέρδην	7
κώριον	7
ἐκτρ	7
Διογέους	7
τραχύφωνος	7
ἀσχ	7
εὐτρ	7
δέσπ	7
μωδ	7
ἐναρμ	7
ὁμόλεχος	7
ἡμιχρόνιον	7
Δαρεία	7
ἐπεκτ	7
περιλ	7
παρίσχω	7
ἀλλοπαθῶς	7
ἀκύναρθροι	7
συνερ	7
προπαρος	7
συστρέλλει	7
δημοσίευσις	7
Εὐριπ	7
κομοσσυν	7
δασέη	7
δελτάριον	7
ἐπισταλτικός	7
Ἀρηθόου	7
κατατάσσομαι	7
ἄρρενος	7
ἀμιλλητηρίων	7
ὑπος	7
Ὀδύς	7
ἰχν	7
ομήρειος	7
ὁμοιογενῶς	7
δριζω	7
ουδέτερο	7
ἀπορρηματικός	7
ᾔθεος	7
ναυσικλυτός	7
ἔχιστος	7
κατάπικρος	7
ἄρρηγ	7
ητορικεω	7
φόδρα	7
Σκλαβηνιστί	7
βράσμα	7
Βάρνας	7
Μαρουάμ	7
Ἀβδελᾶν	7
Μάσαλμας	7
ταξατιαναξ	7
Γλῆτες	7
Τερβουνίας	7
Ἀπογάνεμ	7
Ἀποσεβατᾶς	7
Κουρκένιον	7
μαγγλαβιος	7
βαρβᾶτος	7
γυκις	7
ἀποχαιρετίζω	7
ἀλειπτά	7
Καστρησίου	7
μωκία	7
διακονιεννυω	7
κορτίνα	7
λιτανικις	7
Σταυρία	7
Μανναύρᾳ	7
Χριστούγεννα	7
Σκαμνά	7
νωβελησίμου	7
νωβελήσιμος	7
πλουτοποιός	7
κονσιστωρίου	7
μανιάκιν	7
ῥωσθέλιον	7
κοντομάνικος	7
επιδίδω	7
βαΐα	7
Σταμάτι	7
κράμμα	7
αδμηνσιονος	7
κελλάριος	7
διβλάττιον	7
βούκινον	7
ἀσηκρητεῖον	7
Συγκέλλου	7
Πρωτόπαπα	7
ἁλυσίδιον	7
Τρούλλου	7
Νυμφική	7
ανάγλυφος	7
Ἀύο	7
κλην	7
Προικονήσιος	7
πρωτοκαγκελλάριος	7
ζν	7
καπνικόν	7
Συνήθεια	7
οφφικιος	7
στιχίζω	7
μαξιμιανουπολις	7
Μενίας	7
Καρβέας	7
Λιστ	7
Βάρης	7
Σῆθος	7
Επασί	7
Μετάλα	7
χόος	7
Ἄδερος	7
σαχ	7
ἀκηκῶς	7
Ιωάβ	7
ἐπιπονέω	7
χολακευεν	7
ἀθεσμέω	7
δσο	7
Ρήστα	7
νῦντιν	7
Θεράποντος	7
πολυχαιρω	7
Πολυχάρης	7
Αἰγύα	7
ἀμείπτως	7
σκευόω	7
νήπτης	7
Μαρίων	7
πλοχεω	7
ψμην	7
ποντόω	7
Ἀρτέμινι	7
Δοκίων	7
Ταλλά	7
Πολύμνηστος	7
Πανιώνιος	7
μόννος	7
συγκατά	7
παραπόδας	7
αληθυνοος	7
Κεγχρέας	7
διεφίημι	7
συνέργημα	7
ριεπομαι	7
ευριεχω	7
Λαβέων	7
Διοσκούριον	7
Μεσς	7
Βάτας	7
Σίμιλις	7
ολλα	7
Ἡλίων	7
ἀπαράθραυστον	7
πανθαύμαστος	7
αρένα	7
λιγουροχωτίλης	7
Σαυχαῖος	7
Μέρριν	7
ενδοξότερος	7
ἀδιακωλύτως	7
ἀνέζομαι	7
οὑσίον	7
χθον	7
ὀγχον	7
Σκυθ	7
ἡμελημένην	7
Δαμασίστρατος	7
διτρεφω	7
ΔΟΜ	7
Θεογείτων	7
Ἄστη	7
Ἄϊδα	7
Θεοδο	7
Κύπρ	7
δᾶχρν	7
εὐερνής	7
Δύος	7
πνευμ	7
Ζήσα	7
δοξομανέω	7
ίνδικτος	7
στείρος	7
ἐπιτύμβ	7
νύμενος	7
Τάσης	7
Ἀλεξίνος	7
θρηνῳδία	7
κυνήποδες	7
εὐσαρκέω	7
αμοιδη	7
τραγῴδιον	7
καταπολέμησις	7
ὡσπεράν	7
Ἄκραγαντῖνος	7
λόπην	7
Μητρώ	7
σατύριος	7
βάζιν	7
Άικ	7
Πόλαι	7
Πρίων	7
Ιππώνος	7
ἔφηλος	7
χρηύγματι	7
Πααμύλης	7
ῥυζέω	7
βόλιτα	7
κηκειδηω	7
βράκανα	7
ἐπιλησμοσύνη	7
Λαγόρας	7
ἡμοστ	7
χαμουζευς	7
περισταυρόω	7
Ἀσάνεα	7
προελαύνω	7
Νίνιος	7
θαρρύνω	7
Κίρου	7
λιμψ	7
Κυρανού	7
δραχμ	7
κιναίδιος	7
ξηροφθαλμία	7
ξίφιος	7
χείμετλον	7
Ναβουχοδο	7
σπουδῶς	7
καρτερότης	7
Κήπος	7
ἀνατεί	7
γιζί	7
σήπτω	7
ανεκλάλητος	7
οἰκουμενίαν	7
θεοπνεύ	7
πιχρως	7
παραδεί	7
ἀναλγητί	7
περιχαλάω	7
φρένο	7
ὁμοχρόνως	7
φύστα	7
ιδιάζων	7
ἄγνωσις	7
συναίνεση	7
απροφασιος	7
επισεμνυνω	7
Θαυ	7
ἀμφιλογέω	7
σφιλ	7
εικαλος	7
αχολουδω	7
γμασι	7
ἀνθρωπιώτερον	7
Μειδίων	7
ψευδομυθέω	7
φροντο	7
ὑπερφανής	7
Βίκα	7
ἀποκαρδοκία	7
σχοτεω	7
Γείτονα	7
ὑποτιθέω	7
ἐναύλισμα	7
κέριμα	7
εύθετος	7
αδολοχιος	7
ἀδροτέραν	7
Πρέπου	7
βραχιάω	7
Πλατεία	7
ἀπαράτρεπτον	7
ἐνίπυριμι	7
μυκ	7
πληγμελημάτων	7
ἑθ	7
ἀνθρωποπρεπής	7
ἀφανί	7
Ρωμελιού	7
ψευδολατρεία	7
Λίνους	7
πλανάσεως	7
κατονειδίζω	7
θηριοπρεπώς	7
Δυνήσης	7
θέλητρον	7
ευδοσια	7
αλειρεω	7
Μωσῶος	7
ανόσιος	7
τραπέω	7
προκυνέω	7
Λύκας	7
ανθιστάμενος	7
γέλλων	7
Ἀφέται	7
Σκώτος	7
άγιασμα	7
ἱάματα	7
Σαβ	7
ἐκτοπωτάτην	7
συμμέτρησις	7
βότρυον	7
δοξο	7
Ἰεξάβελ	7
Ἐξεκίας	7
ὑέω	7
συναναφύρω	7
εἰκαιοβουλία	7
αχρειότητα	7
ἀπορθόω	7
πιέτωσαν	7
ανοσιούργημα	7
προεπαγγέλλομαι	7
λημ	7
Γαλαάδιτις	7
πρόαν	7
Ἰσρήλ	7
καταγεραιρεω	7
κυτόω	7
κατοίομαι	7
ακίβδηλος	7
ξοντ	7
ἀνεμοφθορία	7
κονδυλισμός	7
ἀναβιάω	7
ἀποστάτις	7
ἐπωρύω	7
λωσι	7
αὐτόκαλον	7
Ἔννιος	7
ἰδεῖναι	7
Μεριάν	7
ἰχνῷ	7
άσοφος	7
ὑπερνέφελος	7
Τεχνίτης	7
Ματίων	7
Ἐπιεικία	7
ραίνω	7
ευβλωσκω	7
μυθροος	7
πτωχίαν	7
Στενά	7
Ἰεφονεύς	7
κτηνοτροφία	7
ἐρινύω	7
θήρευμα	7
καλυπτήρ	7
λιγύριον	7
μολυσμένος	7
παραβιάζω	7
Κατούς	7
Κύοιος	7
Ὥστερ	7
Χριστοτόκος	7
Ταφεθ	7
ἐγκαθίημι	7
πρῆπει	7
ἀμιλ	7
αρχουμην	7
βρασυνη	7
δυσάλγητος	7
ἐπιλαβή	7
Μαδιάν	7
Φαρμουθί	7
εορτάζων	7
Χιράμ	7
εὐελείας	7
βλήσκω	7
ΝΝΑ	7
θλι	7
Γεθ	7
συμπρόσειμι	7
εισέρχομαι	7
Μηνίας	7
ἱέρωμα	7
Σύμπας	7
ἐνυπνιαστής	7
κηλιδόω	7
Μενώι	7
ἀλίσκετ	7
ἐθεῖν	7
Ἀρχιερατική	7
πολλοχῶς	7
ἡδράσθαι	7
ἀπαγορευτέον	7
περισσόω	7
ἄκραστον	7
ἐκ-ἔθω	7
Ὁσία	7
γνωσλικόν	7
Κορρ	7
διτλή	7
ἠνω	7
σιᾶσις	7
ἀνομοειδῶς	7
ἀφθέγκτως	7
συνάπλεται	7
συγκιρνάω	7
ζωοποιώ	7
ὑπέρκοσμος	7
γομενος	7
παραληπλέον	7
τετράμορφος	7
περίκοσμος	7
δυοδεκατος	7
βλίτο	7
αδιαίρετα	7
σλάσιν	7
συναν	7
σκεπλέον	7
ἑάτλον	7
Αὔρα	7
ἀρίεναι	7
τέλθος	7
γρῆμα	7
ύαλος	7
κομμένος	7
ταῦθά	7
καφάλαιον	7
ὅμοθριξ	7
διλογία	7
δυκαιω	7
ἐϋρρεής	7
λυσιτος	7
δυναμερόν	7
Ἰοδάμη	7
Περικλή	7
εἴλωτες	7
ἐπιδημ	7
λόξενος	7
μελό	7
πώγυνος	7
Νεμακός	7
λιχυμνιον	7
Θόρικος	7
τρικόρυθος	7
Θυργωνίδαι	7
Τιθράσιος	7
λαρινεύω	7
Μοσόλλαμος	7
Σάμβος	7
Πολίων	7
Σανδρόκοττος	7
τέγνη	7
ναϊκός	7
Ἀμμενέμης	7
Βνῶν	7
Ἀρμαῖος	7
Μισφραγμουθώσις	7
εὔλογχος	7
ἀνεόρταστος	7
καταψηφιστέον	7
μακρόρριζα	7
ἀνωμαλής	7
επικτιτης	7
σπλάγ	7
ϟβ	7
Θευδοσία	7
Ἀπατούριος	7
Ἐρυξίας	7
ἀπατούρια	7
ἐνεπισκήπτω	7
μάστειρα	7
ξυληγέω	7
ἀφόβητος	7
Ἀλκίμαχος	7
Φρασικλείδης	7
Κεφαλῆθεν	7
ἀποπεφασμένως	7
διόρυξις	7
Ἀριστοτέλειος	7
διαρίθμησις	7
εὐήνεμος	7
φιβ΄	7
ἀνθύλλιον	7
Λαπέρσαι	7
Βάρχη	7
δίστος	7
Καβησόθεν	7
πολυθαρσής	7
δραστή	7
ἀπριάδην	7
συνείσακτος	7
Πέμπα	7
Χολαργεῖς	7
Λαναός	7
ὑπόμνην	7
Ἀξησία	7
Λιμοδωριεῖς	7
ἀμφοτερόβλεπτος	7
ὑπάτυφος	7
διάμορφος	7
Ἔγερσις	7
εἰρωνευτής	7
ἐπίφημι	7
Πλάδης	7
στερεωπός	7
συνέχυρε	7
δευκαλιωνιος	7
Διευτυχίδας	7
φορμίσιος	7
Ἐδέκων	7
ψζ	7
Μήτη	7
Μέρι	7
μέλαγχρος	7
ἀναμαιμάω	7
δυσδαιμονία	7
ὄρμενος	7
ἐπιτεύχω	7
τρίπλεθρος	7
ἄας	7
ἀλησία	7
Ἠϊονεύς	7
Κελτιβηρία	7
Φοινικώδης	7
ὀρειβατέω	7
Τελχίνιος	7
Κάνδαλος	7
φαιστός	7
Πικηνοί	7
Σήστιος	7
ἀρχιπρεσβευτής	7
τετολμηκότως	7
Καλλίβιος	7
ἀκαρνάν	7
Κλουσῖνος	7
χρησμολογία	7
φιλοστοργέω	7
συνελευθερόω	7
κώνιον	7
Κεντόριπα	7
Ρετ	7
χρησίμ	7
ΕΓΟ	7
ὐθ	7
Εὐριπίδας	7
ἴσαμι	7
εὐπάλαιστος	7
μαιευτικός	7
στρούθιος	7
Βουσιρίτης	7
κοσμοπολίτης	7
Ἀρχίνομος	7
Φιλαΐδαι	7
Σάνδης	7
ἀντικοπή	7
ἀπολαυστός	7
ΥΕ	7
βέλιον	7
ἀκλητί	7
βραδυσκελής	7
Βαλανεύς	7
λοκρικός	7
Ψεκάς	7
διάσπασμα	7
Καρυανδεύς	7
Φαλάσαρνα	7
Βοττιαία	7
ὁμοτέρμων	7
Λαύνας	7
Τέβερις	7
Καινινίτης	7
κάρπασος	7
Ταρπήιος	7
εὐδιάλλακτος	7
περιλαμβανόμενος	7
Ταρκύνιοι	7
Ἀτρατῖνος	7
Μισηνός	7
χερνίπτομαι	7
Κρατίνειος	7
ακουσμένος	7
περισαίνω	7
π̅	7
παραμιμέομαι	7
Ἀγασικλῆς	7
Εὐμάθης	7
Ἀσβύσται	7
Νίγρητες	7
Φαρούσιοι	7
Βλέμυες	7
Σαμάτης	7
Πελωρίς	7
καυκάσιος	7
κασπιαειδω	7
Τόλα	7
Μλζ	7
Μ῾	7
ΔΥβ	7
ΔῬβ	7
δυνάδα	7
αδια	7
βκ	7
βτμ	7
δρξζ	7
ὑδροκήλη	7
καλλιβλέφαρος	7
ἄνησσον	7
κατάντλημα	7
ἀπόθλιμμα	7
ὑπερσάρκωμα	7
Πιτύας	7
καταπίμελος	7
κομιστέος	7
ἐννυκτερεύω	7
ῥιζίας	7
ἀποκαθαρτικός	7
λεπτόκαρφος	7
σαρκολαβίς	7
ξηρό-βηξ	7
ἀσφάλτιον	7
κραταιόγονον	7
Λυσιμάχειος	7
κυνοκράμβη	7
ἀπόκενος	7
χαλκανθές	7
χαλάζιον	7
ὀξυάκανθος	7
πυοποιέω	7
λεοντοπέταλον	7
Πέτρο	7
Γρος	7
Εὐτ	7
ενσώματος	7
πεντηκοντατέσσαρα	7
τεχνούργημα	7
Καντακουζηνή	7
σέρβος	7
ἀνδρῷος	7
έγκλειστος	7
σιγισμουενδον	7
βαοιλαας	7
Βουλ	7
ἱκετικῶς	7
μαρκεσίῳ	7
Ταχυδρόμου	7
κατατροπόω	7
Χαμζᾶν	7
Ἀδούρνῳ	7
ἀγριωπός	7
ἀστρίας	7
ὕπλον	7
ἐπιτετηρημένως	7
δυσχραίνει	7
ἀγελαστικός	7
Ῥαδαμάνθους	7
Ἐμπίππος	7
παρανοίγνυμι	7
δσς	7
μεταρσία	7
Ἀμνίας	7
θεσπεσίηθεν	7
θεμερῶπις	7
Κάβαρνος	7
Τίμαος	7
πεπαντικός	7
ἀνέξοιστος	7
ἄνδιχ	7
εμπεδοφυλλον	7
ἴσοξ	7
ἀμώσας	7
σρισιν	7
γνῦα	7
δέγμενος	7
στένος	7
πεντάστομος	7
Ἀγιάδης	7
ἀπολίθωσις	7
κωλυτός	7
σταλάω	7
σχολεῖον	7
Ἐπικτητεῖος	7
πολύηχος	7
βραδ	7
διάλ	7
ῥαφεύς	7
στραγ	7
σέβασις	7
μελέστερον	7
τετύ	7
κιθαω	7
ἔκτοσε	7
ΣΤΑΤΥΛΛΙΟΥ	7
μαικιος	7
φιλαγηνι	7
Φλῶρα	7
Εἶα	7
Φιλίνα	7
βοτρεω	7
τείχ	7
Δαμίδι	7
Κέντρα	7
τάλαιρος	7
Σπίν	7
ΛΑΕΡΤ	7
Ἀκούης	7
λοιπομενω	7
Στέλα	7
πόνμον	7
Ἄλκης	7
Τάρδος	7
μεγάλοιςιν	7
Ὠκε	7
φιβιωνιος	7
Τασκοδρουγίτης	7
ἠνους́γνυμι	7
Κάλαβρος	7
Ἀρράν	7
μύθος	7
καταψηφίζω	7
Θώδη	7
ἑρπετώδης	7
ἁγιαστεία	7
Βύθιος	7
Σύγκρασις	7
αυτοκατακριος	7
παρ᾿αυος	7
πληςίον	7
Μαξίμιλλαν	7
γεώργημα	7
παράπειμι	7
αδελφός	7
ἄπωτος	7
Δέδε	7
Σάγκτος	7
βρετανικός	7
κόρκορον	7
ἑνδεκασύλλαβος	7
ἀπορέγω	7
περιμάδαρος	7
σχάσμα	7
ἀφυώδης	7
γριφάω	7
Τριφάλης	7
Πιτσάνης	7
ῥέγκος	7
πολύλαλος	7
Ἄμαντες	7
Ἀμύμων	7
ἀνασταδόν	7
ἀπόθεστος	7
ὠσχός	7
εὔζυγος	7
Διδυμαῖος	7
Ἔδνα	7
Ἔμπορος	7
Εὐδία	7
Ζόφος	7
Ηερία	7
ἵσπω	7
Κέαρ	7
Κουρεῶτις	7
κυαειρω	7
λάθαργος	7
Λειμών	7
σῶθος	7
Μέλω	7
ἀμφιποτάομαι	7
Πρύλις	7
Σταυρός	7
Στρόμβος	7
Συκίνη	7
τριόπης	7
Φερέγγυος	7
Ωλενία	7
Βοτάνη	7
Δηλαδή	7
ἀκέσιος	7
εμπαιναω	7
Ευφόριον	7
Πραξίλλας	7
παντοῦθεν	7
Ὁμηρ	7
σμυώτερον	7
λίστη	7
μέλιγμα	7
Δίλη	7
Μονίν	7
πτιον	7
διπύλλαβα	7
Βαβ	7
Φος	7
Βύς	7
Γραμματικός	7
Δεῖα	7
δύμος	7
Νινώ	7
αντιδιαστος	7
χασμῳδία	7
περιπέζια	7
Βέα	7
ἄλειψις	7
Θητταλίας	7
ρυκα	7
ὀρθρία	7
ἰσχαίνω	7
χαρχαρόδους	7
νομάτοι	7
Φοβερός	7
κρίθμος	7
ἀπολυμαίνομαι	7
Εράστους	7
αολις	7
ὦος	7
ονοια	7
ὀσφρῶ	7
ἑκάστοθεν	7
Πανόλβιος	7
Πέδη	7
Πειδῶ	7
πηδός	7
πρόςωπον	7
ὀκτακοσιοστός	7
σιδηρεῖον	7
Σμίνθιος	7
ἕδρον	7
αρχ	7
δυναμα	7
Ράχης	7
Φύλλου	7
Ἰαμ	7
ὑξ	7
Τένος	7
ἄιδω	7
ἄθρους	7
Ὀρθάνης	7
Βέλλε	7
ΖΕΑ	7
ΚΒΓ	7
ΛΘΗ	7
δΗΖ	7
ΚΗΓ	7
ΓΗΔ	7
ΖΛΓ	7
ΖΗΝ	7
ΕΒΖΗ	7
ἀνθυφαιρέω	7
ΥΦΧ	7
ΤΦ	7
ΦΓ	7
ΥΟ	7
ΚΒΟΣ	7
ΠΛΡ	7
ημισφος	7
ἄρκτικός	7
ΘΜΒ	7
Ϟβ	7
ἀδυνάτειμι	7
ϟη	7
υφέρπων	7
Θετταλός	7
Κρηστῶνος	7
Δίρφυς	7
ἐμπελάτειρα	7
Ἡσιό	7
ἀνθερεῶν	7
Έλυ	7
ἄγκυ	7
δαφανίδες	7
ἀντιβολία	7
ὑπεκτρέχω	7
Πελασγιώτης	7
ἡσυχαῖος	7
ἱππόστασις	7
εἰάζω	7
ἐπίλογχος	7
ἀναπτυχή	7
ἀστέφανος	7
συνωίζω	7
ἀμφιφανής	7
μελαναυγής	7
παντλήμων	7
συνδουλεύω	7
ἁλιήρης	7
ἀμφίχρυσος	7
Κῶμον	7
σύλλεκτρος	7
διασιωπάω	7
σιγητέον	7
μνήστευμα	7
Ἀμυμώνιος	7
ἑπτάπυργος	7
ἄπεπλος	7
βαθύσπορος	7
ὀλεσίθηρ	7
ἐνδυστυχέω	7
ὠμόσιτος	7
Διρκαῖος	7
λεύσιμος	7
ἄθυρσος	7
σύνθακος	7
ἐγερτί	7
κακοποιῶ	7
αυτογενής	7
ἡσυχόω	7
Λευιαθάν	7
σίκημον	7
νομοθετημένος	7
αναστάσιμος	7
ἀπειρόκακος	7
Παραμόνα	7
συμβοσκάω	7
ἀκοπίαστος	7
κατεμεγαλύνθη	7
ἀγροικώτερον	7
οἰκτειρμός	7
σικυήρατον	7
πυρπόλησις	7
σαπών	7
εὐωδόομαι	7
ἀγαυρίαμα	7
ρώπος	7
κοσίους	7
ἰκριόω	7
Μωςέως	7
ειλικριθη	7
ἐπικέλευσις	7
σμίων	7
βραίων	7
προρ	7
ἀγραυλέω	7
ἑξηκονταδύο	7
σλη	7
ρχς	7
ὁδευτέον	7
ἀλήστου	7
κακόφημος	7
φαντασιωδῶς	7
διοκαισαρεια	7
Ἀσηδώθ	7
Χόλις	7
Γαβαθά	7
καταφλάω	7
χρωμέ	7
χιλιάκις	7
προσενόω	7
ἀφιλόδοξος	7
ἐνεί	7
ἔντορνος	7
ὑψίων	7
ἐρμηνεύσαντος	7
νῖκος	7
κάτωθι	7
ξρως	7
Λιῦ	7
οὐκἔστι	7
Λαναοί	7
Λιῷ	7
επιβωλος	7
συνοχέω	7
ἐπιμείρομαι	7
Άβαντος	7
ἐλίσσοντες	7
δυαδδιξ	7
Ἐυνάλιος	7
παλίλλογος	7
ἐπαναφορικός	7
Φθίηνδε	7
υστερολογία	7
σεληναίη	7
παραλήρημα	7
υποβιβάζω	7
ὁμνύντας	7
περιαντολογος	7
στάχνες	7
πολυδύμιον	7
ὄμβρησις	7
δηθάκις	7
κυριολεχτειος	7
ἰστώνων	7
ἑτερίων	7
ἐκλί	7
χοίρα	7
νοσφω	7
συγγνωστέος	7
ἄνιρ	7
πρανώ	7
σκυθρω	7
κατέπειξις	7
Πριά	7
θώρα	7
Ἄων	7
Θεσπίας	7
Ποσειδείου	7
Ὑαντες	7
μεσογαια	7
χειρόνησος	7
Λάριον	7
μῆσος	7
Ἰφιχλος	7
βαρυτῶνως	7
ἐλεόθρεπτον	7
Σάνθῳ	7
ἐλικώτατον	7
Πείρως	7
Σημεῖψαι	7
ορθαλμοις	7
ἐνευκαιρέω	7
Λίδη	7
παρθενοπίπης	7
Μασών	7
παραξιφίς	7
περικεφα	7
ἀπάγνυμι	7
Μήνες	7
εὐνδρον	7
ἀνάμαξις	7
μεταμώλιος	7
βαθύσχοινος	7
ὑπερπονέω	7
αομιδηω	7
Θίασος	7
στῆρ	7
ὑπολευκαίνομαι	7
ἵπτοι	7
ευδοδουος	7
ἀκέντητος	7
Μυρίκη	7
προσημειόω	7
δίχαρ	7
Σιδονίηθεν	7
Διομίδης	7
διφο	7
ΨΩΙΑΙΑ	7
αἰχῶν	7
μεσολάβησις	7
αἰχένα	7
ἀνταῖδα	7
τετραορία	7
ἀσυμμετρέω	7
ἀρκα	7
ἐθιμον	7
πτοντος	7
σκίπτρῳ	7
Νάσιας	7
εὐέντευκτος	7
ἡμερόκοιτος	7
φοκαλεω	7
Ἐριννέυι	7
ὁρόμου	7
Ὀδυσοέα	7
ἀκέρδεια	7
Δελιάς	7
ἀναλογικῶς	7
Λόλου	7
αἰκεία	7
Ἀγάστροφος	7
γναφεύω	7
Ὀδυσοῖος	7
ἐντελέως	7
ἐνίως	7
Ρίτου	7
πίω	7
ανακριβής	7
ὕνειδος	7
ἐΐσκω	7
τροκλος	7
Κηπίων	7
αμφιγυνη	7
Ὀαρίων	7
ἀσβεῖς	7
λέμιοι	7
πολυχώρητος	7
ταφρέα	7
ἑλκος	7
λοῦμα	7
ιοδοχος	7
προμνημονεύω	7
πηδόνος	7
Πατρόκλιοι	7
ἐπείσθεσις	7
ἀγρευτής	7
Εὐέλθων	7
ἐπιπλώς	7
βρυχάω	7
ξηλῶ	7
σχορπίος	7
δεχάς	7
θυμοραιστής	7
αἰχλον	7
ληιδιος	7
χολειος	7
θώκος	7
ἔλαστρον	7
συγκινώ	7
Πολίμου	7
Ἀχιλῶος	7
κῖνος	7
Λέλε	7
ἀποκρυβή	7
εἰκοσίπηχυς	7
Κλεισώνυμον	7
ῥωπήϊον	7
Άλιεν	7
Νίμος	7
ἀλλοφάσσω	7
οριγη	7
Ἀμβάνιος	7
προσάστιον	7
αίρω	7
ὀρθαλμοῦ	7
Θώσσα	7
ἤγανον	7
φιλοφρονίας	7
φιλοφρο	7
λίοις	7
ανοπας	7
χαμῶνος	7
ἄνακος	7
ἀναρχαίως	7
Ὀδυσσίου	7
ἐπιλο	7
ἀνοήμων	7
διχρ	7
μακία	7
ἠλεκτρος	7
ἀνόμασε	7
πλατεῖον	7
πανηγύρῳ	7
κατάγραφος	7
ημινοος	7
ὕβρη	7
ἄχριστος	7
λαπτικός	7
τορικῇ	7
τριπλόω	7
Ἐλατρεύς	7
Ἀρή	7
ἀπόρραξις	7
νονι	7
Ἴξις	7
ἐπιτιμήτωρ	7
Ύγρος	7
Πέπονας	7
ἱέρωσις	7
εὐχέτης	7
αξιομος	7
λιοσκουροος	7
Κρωπίδης	7
Ἀλκιμάδης	7
αντιγραω	7
Κλίων	7
ἀδηράγος	7
κλήζω	7
αὐθα	7
ἀπώρητα	7
χθο	7
Σύγα	7
σπλάγχρον	7
ἐκφυγή	7
Πιτάς	7
χρείων	7
πάχετος	7
Καδά	7
συλλογιστός	7
επισφαλής	7
Λήλου	7
Κύκλη	7
ψιμοθεος	7
ἀνακεφα	7
εὔεικτος	7
ἀκροχειρίζω	7
παρακατα	7
ἐπιβο	7
ἀντιμάχησις	7
ἀντινέω	7
ἀπαγα	7
ΜΒΕ	7
ὀρθογώνιον	7
φϥᾱ	7
Ἰουβεναλίου	7
κυρεστος	7
σκηνήτης	7
πολύαθλος	7
Φίληκος	7
Ἁρμάτος	7
τοιουτώδης	7
Ζωσιμᾶς	7
Αἰθέριος	7
Βαράμου	7
ἀδηραγίας	7
δέσιμος	7
Καϊμά	7
Πομπηπίου	7
προεκπέμπω	7
βίμῃ	7
Σεμιράμειος	7
ληνικως	7
Μιλυάς	7
γρύλος	7
Ἀνθεμουσία	7
ἱππακοντιστής	7
Μαράκανδα	7
Φαρασμάνης	7
προακτέον	7
ἐξακτέον	7
ὑποκώλιον	7
Ἰσιακός	7
ψοφοδεῶς	7
Γαυδέντιον	7
Κόσσιος	7
Τερμέριον	7
Νεβρών	7
Γάλγαλος	7
Ἀβδών	7
Ῥούθη	7
Γιττῶν	7
Ἰέβωσθος	7
Ἀχιτόφελος	7
Μάρισα	7
Ἰωσαφάτης	7
ψευδοδοξέω	7
Σαναβαλλέτης	7
Κοστόβαρος	7
ἑξαετία	7
ἰσοτέλεια	7
Ἰουλιάς	7
Λοῦππος	7
Βατανέα	7
διαγγελία	7
Σίλβας	7
φαλκίδιον	7
προγναμίας	7
ἀγιώτατοι	7
πανηγυροος	7
κουβικλεῖον	7
Ἀλανικός	7
Ἄργων	7
κειλεύσεως	7
συμβολαιογράφος	7
γαμημένος	7
επίδειξη	7
ἀπαράομαι	7
ενθρονιστικός	7
ἀναστορέω	7
ὀγδο	7
χειροτο	7
ενδυροος	7
υπεύθυνος	7
ἀνωμα	7
Ἡραιεύς	7
ἡδύοινος	7
Μελαμποδίδης	7
κροαίνω	7
χρυσοζώμιον	7
μολιβδεω	7
Τρίψον	7
ἑξάγιον	7
ἀπερίστικτος	7
Ἀνδρώνιος	7
ἀσκωλιάζω	7
Ἀναζαρβεύς	7
ἐναπόθομαι	7
καταφύζω	7
διεσπάομαι	7
ξένη	7
πιτυή	7
σπλάχνον	7
δύσπνους	7
ἀποσήπομαι	7
διαπυΐσκομαι	7
ἐγκηρίς	7
φουλιαατος	7
κατακνάω	7
διάσμυρνον	7
Πάκκιος	7
κηρωτοειδής	7
σφάγνος	7
προαποσμήχω	7
κρίνινος	7
συσσάρκωσις	7
ἐκπίεσμα	7
Χαρίξενος	7
Ἀκακίας	7
μυλικός	7
Χαλκηδονίαι	7
παραστάζω	7
ὑγραντέον	7
αἱμοῤῥαγοῦντος	7
αιμορραγουειντα	7
αἱμοῤῥαγήσας	7
ἀσύστροφος	7
ἐπαναδίδωμι	7
συνεκθερμαίνω	7
ἐπεισπνέω	7
ἀῤῥωστοῦντος	7
ἀσθάνω	7
πυκινοκίνητος	7
κνισόω	7
ἀμπελουργία	7
ὑποχονδριακός	7
ὑφηλόω	7
ἀῤῥωστήσῃ	7
κεγχρίας	7
Σύτε	7
πάμπλουτος	7
τρομητός	7
ῥοφηματώδης	7
ὠχρόλευκος	7
καθέπομαι	7
δίκταμος	7
Σέρις	7
Γάρος	7
διόγκωσις	7
Μάγνη	7
γλουτία	7
συνεπιστρέφω	7
λιμαγχονία	7
ταχυκρίσιμος	7
ἐννεάζω	7
ᾔν	7
Γνωσίδικος	7
μετακέρασμα	7
ὑποσαρκίδιος	7
σχαστηρία	7
αὔξημα	7
ἑκατέρη	7
ἐπιλογιστικός	7
προσεπεῖδον	7
φαιδιμόεις	7
εὔσχετος	7
ανάρροπος	7
ἕρμασμα	7
πελίωσις	7
ὑδατόχλοος	7
εὐχρούρω	7
εὐθύπνοος	7
αιμορροϊκός	7
ἀποψοφέω	7
ῥικνώδης	7
ῥίκνωσις	7
Οὐράνοθεν	7
εὐσχήμως	7
περίχολος	7
ἱδρώδης	7
συντί	7
ἀρνακίς	7
καλλιοινία	7
πρωή	7
καφ	7
κατακλ	7
χείμασις	7
παξαμᾶς	7
βλαστολογία	7
πάτησις	7
κωλ	7
Δραμάς	7
ζωρ	7
ὑποχ	7
Ῥόδα	7
κηποποιΐα	7
λεοντ	7
μισο	7
γοργυλις	7
μαρούλιν	7
Πίνο	7
φυρ	7
Παράβα	7
τραχ	7
μετακτέον	7
σκορδύλη	7
τικον	7
Ταίας	7
Πετραλίφας	7
Βοδηνοῖς	7
βοδινός	7
στενιμαχος	7
Μουζάλωνι	7
Λαπαρδάς	7
Σίδου	7
Μιχά	7
καμψάκης	7
καταλιπαρέω	7
Αιγιαλείας	7
Λακαπηνός	7
Ἐρώδου	7
αρρητοποιια	7
Εὐζώτος	7
Δομνίκα	7
στρατηγέτης	7
ἀδαμάντιον	7
θανατήριον	7
Άβαρος	7
Ιέτρος	7
Περατίκα	7
κυκλοβιος	7
ἐργόλαβος	7
κινστέρνῃ	7
μαρτυρικῶς	7
αντίρροπος	7
Παντάναξ	7
ἀπαμαυρόω	7
Ὀλβιανόν	7
ὑπολήγω	7
Δένδεριν	7
Ἰαννῆ	7
χριστιανισος	7
Κῆποι	7
Μιχαλλ	7
καυλεα	7
ἐξώνησις	7
ἐλαδᾶς	7
Τουβάκην	7
εἷσω	7
ἐκπίμπει	7
Μαλεΐνος	7
αριανιος	7
ασιλέα	7
οπολαμβανω	7
Δῆμνος	7
θασιλαας	7
Μουσάραφ	7
επιδρομή	7
δορύκτητος	7
κολλάκις	7
Ἄρτζε	7
μελίσσειος	7
Αἰολ	7
Ζήλα	7
Ἰγνητες	7
στρεψιανδανω	7
ἄγκυλόχειλος	7
Δημοσθένειος	7
δισυλ	7
Καπφοῖ	7
Μάκαρτος	7
Λάντος	7
Γούση	7
στόνυξ	7
ἀντιπαρακεί	7
Τέλου	7
Στέλος	7
Χύρις	7
πτυ	7
Νέαυρα	7
Λαλακάωνα	7
καλομαριευς	7
ὑπλ	7
Λευκάτου	7
Πρωτοπαπά	7
Ῥεντάκιος	7
Κατάκυλα	7
αντιχοω	7
Ναβαί	7
ἐδασλεύσε	7
ἐπάζιον	7
Τυροφάγος	7
ΣΜΑ	7
Βαίου	7
Κάρδαμος	7
λεύτησε	7
Ζαύτζα	7
προσανάκειμαι	7
Μουσελέ	7
θεοφημι	7
Βονηφάτιος	7
Κτοῦτο	7
οδαμεν	7
ὑπεριδρυμένην	7
χρυσαυγή	7
ἀναδοχή	7
σωματοειδῶς	7
θαπτίσματος	7
ΧΧΙν	7
ταρχανειωτος	7
Βελλάγραδα	7
συγκροτώ	7
Αποστέλ	7
Αυθεντοπούλου	7
Σφραντζῆς	7
Τουραχάνη	7
Λεῦκτρον	7
Πομπεία	7
ἀμφισβ	7
βλείς	7
σύγχρους	7
Ὀλυν	7
φλεγμαῖος	7
προλογίζομαι	7
εἰδωλιανός	7
Καύσων	7
Ὦφ	7
ὀβριν	7
Καλεῖς	7
ἀρκτος	7
Μορφεύς	7
ἀθριυμι	7
φέριστος	7
Στίχων	7
χαμαιριφής	7
νεόδμητος	7
δίωρος	7
σιτοδότης	7
δαιμονέω	7
αντιτροπος	7
ὑψηλής	7
παροδικῶς	7
προσημα	7
χρηρύγματος	7
σνκάνομαι	7
ἀρράστου	7
απολαιτις	7
Σύμβουλος	7
σχυλαω	7
φαιδρυς	7
ποθούμενος	7
πένα	7
ὀλις	7
ἀπέδω	7
δειλαικός	7
μάγερας	7
Ινεῦμα	7
ἐγγειτονέω	7
γηδνων	7
Δαβ	7
Ἐρώδης	7
μοιχαλίδα	7
Διιπόλεια	7
ἐκλογεύς	7
Καραμβῦκαι	7
φιλιασις	7
Σμίλα	7
σιδιος	7
Χεμμίτης	7
ἑκκαιδεκάδωρος	7
ταὐτοποδία	7
πολυσχημάτιστος	7
ἑπτάσημος	7
Ήβου	7
ενιοχος	7
μυρίνη	7
ζῳός	7
Ελικωνίδα	7
κνημόω	7
ἡριστᾶναι	7
Κοττάλου	7
μιζον	7
ὑπάντομαι	7
φώκαια	7
γαλακτοπότης	7
ἄπιξις	7
γυψόω	7
Στασίων	7
Ἀγάθυρσος	7
Ἴρασα	7
συστασιώτης	7
Βρύγοι	7
Ὀλόφυξος	7
ἐπίπλεος	7
Συρήκουσαι	7
νηνέμιος	7
ἀνακινδυνεύω	7
κυματωγή	7
πολύσπαστος	7
κακοπαθής	7
χιϛ	7
ᾱρνβ	7
διάμ	7
σφηνίσκος	7
λιχάς	7
σεδ	7
γτπη	7
῾ιζ	7
σο΄	7
μϚ΄	7
ΑΒΖΗ	7
ερπδ	7
τπγ	7
ζώω	7
ἐρισμάραγος	7
Σεμέστρης	7
δαφιλές	7
Ἀλύβας	7
ἀμαλλοδετήρ	7
ἄνακες	7
ἀνδρόκμητος	7
ἀρτάνη	7
χελύνιον	7
βαβύας	7
βίδην	7
σχρόν	7
γαφάγας	7
δολιχήρετμος	7
ἐνκ	7
ἀγρευτικός	7
εὐῶπις	7
εὐθυρρήμων	7
εὔωρος	7
Σκύριος	7
ἰχθυοπώλιον	7
μάνδαλος	7
κάρχαι	7
ὑπεύ	7
Ιλίας	7
στραγγεύω	7
κλῃδοῦχος	7
κοικύλλω	7
ὀγκάομαι	7
ασελγοκειρω	7
προάνθησις	7
τῶδες	7
λυκόστρατος	7
ἡδύφωνος	7
μυσωτός	7
μυωξία	7
νύχμα	7
οἰστρηλατέω	7
ὀκριάζω	7
ἰσόσπριος	7
ὀρμ	7
ὀρχήστρια	7
καδίας	7
μωρολόγος	7
ὕφεαρ	7
Χαλαστραῖον	7
σπάτος	7
ἐπικολῆς	7
χάνθαρος	7
χυσε	7
πλατυγίζω	7
πρόσπαιος	7
σαπύλλειν	7
συστρα	7
προκάρδιον	7
Τριάντος	7
φυτάλμιος	7
Κλύσμα	7
Ρόνα	7
παναπειθής	7
ἀποδοτήρ	7
Ἄονες	7
αἶχα	7
επιθέτω	7
σκιρτηδόν	7
πυριβριθής	7
Οὐδαμοῦθεν	7
φιλογρήματος	7
Μονόμαχος	7
πεφρονημένως	7
ὄντεσι	7
αυαυτος	7
δύσιππος	7
ἐστιωμένους	7
Βάδης	7
Έφος	7
πτύος	7
Κάμας	7
ἀμφορ	7
Ἰνοκέντιος	7
ταγέω	7
χοροστάτης	7
ευπους	7
πάστιλλος	7
σχοινάνθη	7
μιζαντα	7
καταφράζω	7
πιτσελαίῳ	7
κώνειο	7
τρωγλῑτιδος	7
Δαΐκου	7
τράγῆλον	7
σχαστήριον	7
κατάπλαστος	7
δυσουριάω	7
δήκτης	7
ἀποχ	7
ἵπαρ	7
λῖτι	7
θώρηξις	7
προπυριάω	7
ἀοινέω	7
κέρχον	7
Καστορίων	7
ἀνασπογγίζω	7
μώλυζα	7
ἁκρός	7
γατέρας	7
Εὐρυόπης	7
Κεβρήνιος	7
δημοκόων	7
ἐκκατεῖδον	7
παρηορία	7
Ἱππασίδης	7
ἀεκήλιος	7
ἀπόερσε	7
Τάφιοι	7
πιννοφύλαξ	7
Πολυδέγμων	7
Μύλλιος	7
Τιμύχα	7
Ἀγέας	7
Δαμοκλῆς	7
ἐπιδιμερής	7
διπλασιεφήμισυς	7
ὑπεπίτριτος	7
ἐξεμπλάριον	7
ῥωπίζω	7
Κλητήρα	7
αλλάζω	7
Λάδας	7
ούριος	7
ηχώ	7
Ἡερίη	7
Μόρων	7
Ιζ	7
ἐπικρότησις	7
ΛΟΝ	7
Τιμάσιον	7
ἱλαστήριον	7
ΟΙΧ	7
ρύν	7
Ράννου	7
πολυστόν	7
δεσμητήριον	7
συνάζει	7
απαυλειος	7
αφρίζω	7
κηδέω	7
φιλαρεῖν	7
ὑγεται	7
αποτάσσω	7
συσκάσαι	7
νάμον	7
καταλιμ	7
συνειδιδωμι	7
σφιδραω	7
νυκτομαχέω	7
Ἀκυ	7
ἀρρωσίαν	7
αξιόπιστος	7
Ρίτας	7
ανεξιακια	7
ροτερεω	7
επαδειξαντος	7
Σφῶρα	7
ἀσταχίων	7
Ἄναιος	7
Ιακωβ	7
Πενίχων	7
αῦθα	7
χλινεος	7
θλερόν	7
φάντης	7
ευφημι	7
ἀπαλδεῖν	7
ταβολῆς	7
κιθώτιον	7
φιλαθρωπίᾳ	7
ευρύχωρος	7
Ἀχτοφελ	7
αὐσοῦ	7
πετρόω	7
ἀπολυπραγμόνως	7
ομοολος	7
αδυεις	7
ἐκονσία	7
ρακοειντα	7
πρδ	7
φραγγέλιον	7
ειδωλθυος	7
προφητίαν	7
Σακχαῖος	7
Ἡμῖς	7
μιδος	7
παλίμ	7
ἄχμην	7
ἀδοκιμάζω	7
Άκουο	7
διακορία	7
Εὐμέλης	7
Δάσκων	7
ὁμᾷ	7
Ἐφράρη	7
αγαλοτηταω	7
σκόντο	7
σφάττω	7
κακηγόρος	7
ΚΑΤΛ	7
ναβουχοδονοσος	7
Χαλέδ	7
ἄνατρον	7
κυο	7
Κίτα	7
Ῥέων	7
κζ᾽	7
ἐπέλαττον	7
Γηρά	7
Ὑλλαν	7
Δεῖπ	7
αλμδ	7
Κάμπου	7
ἰαννουάριος	7
ἀναμε	7
φυσιολος	7
ἀναπο	7
μονικῶς	7
μησις	7
ἀχωριστέω	7
ὑπερβιβαστέον	7
ἵματος	7
ἐπισυνθέω	7
ἀνυπήκοος	7
Βαρδανίου	7
κἄνταῦθα	7
ΩΑΝΝΟΥ	7
ἄκηψ	7
αὐταντῶ	7
μεσαυτηταω	7
παχαίνω	7
Άνλα	7
σικία	7
ἀναρμοστέω	7
πανυπερτάταν	7
τουενδικος	7
φρονητέον	7
χειροτεχνία	7
ἀλάθεια	7
παραντίχ	7
μοναυλία	7
πολυμελής	7
Σάχα	7
σωστήρ	7
προσελέω	7
Βουραῖος	7
βιβλιοφυλάκιον	7
ΙΣΤΟΡΙΩΛΗΣ	7
κενέβριος	7
Όττε	7
πανσέβαστος	7
φιλοκρηνη	7
Μπενέτου	7
ἀρηγός	7
Σφραντζής	7
χριστωνυμέω	7
λίβερος	7
Ῥουσέλιος	7
Ἀβεδδαρά	7
άβιος	7
ῥάγος	7
έννους	7
ἀρειανίζω	7
ἀρχηγετέω	7
ἀποστέργω	7
ἐκπόρθησις	7
Βιδίνης	7
Κόντο	7
φλακιος	7
Κυρλλου	7
ρὐχ	7
ἄνορον	7
σχρῶς	7
Κρούμμου	7
παραπομπός	7
αδίστακτος	7
πορνοβοεχω	7
προσαριθμητέον	7
ἄμναμος	7
ἔντοπος	7
ἐπιδεῶς	7
ἐκκύκλημα	7
αὐτοποίητος	7
ἀποδειπνέω	7
ἀβροβίων	7
Ὀμάρεω	7
οτουμανιδηω	7
Σκενδέρης	7
βομου	7
βοεμεω	7
παιονοδακια	7
Μύρξεω	7
Καραϊσούφεω	7
αζαπιδαις	7
ἰβανέω	7
δρακουλαος	7
Ἰανύϊοι	7
Ἀλφόνσον	7
ζύχης	7
ζύχη	7
Βλάδῳ	7
Χριστώνυμος	7
Κουροπαλάτης	7
σταυρουπολις	7
κχ	7
ΕΛΚ	7
Τριάρχη	7
ἀπαΐσσω	7
οαυος	7
προκλάστης	7
διφενσοηρα	7
Κτ	7
δονίαν	7
γίστη	7
ῥᾳθυ	7
Γαυδέντιος	7
ταιος	7
Σπεκτάτον	7
Λαυρικίῳ	7
Ὀπτᾶτος	7
Τάπη	7
μυελοτρεφής	7
γηγενέτης	7
σαλία	7
Περεγρῖνος	7
ἔνορχις	7
Ἰσμηνοδώρα	7
ποιημ	7
ζωστήριος	7
Πυθαεύς	7
Άρεν	7
δαίκτηρ	7
ῥαννα	7
Κάνας	7
Λυχνιδός	7
δυσγαμία	7
ἀφρογενής	7
Παιώνιον	7
σάραπις	7
Ἀβρωνος	7
Αμάλ	7
φοκλεος	7
ἀερόπους	7
ὑτοῦ	7
τεχνολ	7
Κλέω	7
Ὀρείων	7
Πολιτ	7
βδελ	7
Φρι	7
αντιξυνεος	7
Τέρμερος	7
οασιος	7
Κυδαθηναῖος	7
Δημοσθένος	7
δωδεκαετία	7
οητορικεω	7
διοσημεία	7
Ἀψυρτεῖς	7
Σαλίκη	7
πρεττανικως	7
Κοττιάριος	7
Σάντονοι	7
Βαρωχᾶς	7
τριχορυσιον	7
Σουάνοι	7
Ἄμβρος	7
Βαϊανός	7
Σιγγηδόνι	7
ΓΡΗΓΟΡ	7
Λούτου	7
ΑΤΑ	7
ἐκπυρηνισμός	7
ΕΕΕ	7
ἀνηκοΐα	7
βάκλα	7
ἀπλαγίαστος	7
σχοινοῦς	7
τετράστοιχος	7
μονόχρους	7
Ἑπτάπορος	7
ἡῆμα	7
καταδαπάνη	7
ἀχαλήφη	7
στεμ	7
ἀόνιος	7
ταλαντάω	7
ἀχρήιστος	7
ὁλκαία	7
ἰυγή	7
μελίχλωρος	7
οΑΡΟΤ	7
Ιάλιν	7
Πρωτογενής	7
ΚΕΑΛ	7
Πσαν	7
Ἀφραάτην	7
ιουστιναω	7
Μάυια	7
Σαρίτ	7
Νιλάμμων	7
Θελς	7
μαροκορυς	7
Σιγγιδόνα	7
Δάνδουλος	7
παρασπόνδησις	7
φίλοικτος	7
χειμερία	7
ατέκμαρτος	7
επισκοπικός	7
Δεξιός	7
ὁπωσποτέ	7
καθαγιάζω	7
δορυλεων	7
Ἀγαῖος	7
εἰλιπόδης	7
ὁμοζυγής	7
ὑψινεφής	7
χαλαζήεις	7
ὀιστευτῆρα	7
ἀερσίλοφος	7
ἀμφιέλικτος	7
γαμοκλόπος	7
ἀφρογένεια	7
Κυβηλίς	7
ἤιον	7
ἀεξίφυτος	7
μελιρραθάμιγγος	7
ἀλεξήτειρα	7
Ἀχάτης	7
Ἀστράεις	7
διαθερίζω	7
αρτιδαικτω	7
μελανόχροος	7
ἱερατίας	7
Ῥαγαύ	7
κράτον	7
Χεισω	7
τ̃ς	7
γεροσολυμη	7
Νεστορίαν	7
Δλαβεστάτῳ	7
ἰμετέρας	7
τῆος	7
μεσεμβόλημα	7
Κφησίν	7
θεοδωρα	7
φημε	7
τούῳ	7
κατάκτης	7
Ηρακλειανού	7
ἀμφαγείρομαι	7
τετραγράμματον	7
ὠλείων	7
σιύφοντος	7
σιρουθεος	7
σύσλασιν	7
σιυφοντω	7
βωλίτης	7
Θαλασσίων	7
σέμματα	7
σαλαιοῦ	7
ὑπλίου	7
κατακλιτέον	7
αἱμορρογίας	7
φλεβο	7
σίρουθίου	7
ἐμβροχάς	7
σκίρρον	7
υδρωτικως	7
κροκῳδί	7
κίσπρα	7
μητρεγχύτης	7
σλέαρ	7
ἀναλγής	7
ὑπειλέω	7
ὀξυγίου	7
προπλέω	7
ατλιπου	7
τερειδινιος	7
ῥήτινος	7
ολιγόκαρπος	7
ὁπλέω	7
παραξυσμοω	7
Σκοτία	7
προπαρατίθημι	7
καταρδεύω	7
συπερβυς	7
ἰγυπτίων	7
Θηρώ	7
ΘΡΤ	7
αμνιος	7
Παρμ	7
ἀνίκω	7
ἐπιμικτέον	7
ιχους	7
Πίτσης	7
μύρινος	7
ἀβέστου	7
πλασίου	7
Ἄγδιστις	7
Πεντελῆσιν	7
Ὀρνυτίων	7
Τιθορέα	7
Ἀράτειον	7
Χίονις	7
ἀνθορμέω	7
Ἐργοτέλης	7
Λυδιάδης	7
Μινύας	7
τετράκνημος	7
παράκομμα	7
ὀλιγόδεια	7
ἐκδιαίτησις	7
γματε	7
Ἡσίας	7
ικαι	7
εχν	7
ἰκαν	7
εἰκοτολογία	7
Ὠλίαρος	7
ΗΡΩΝΔΑ	7
Κυλ	7
παίστηρη	7
ὑποπ	7
Βεο	7
ἰσορίας	7
ιλιγγυους	7
πράμνη	7
Λυσισράτη	7
παλιναίρετος	7
Εὐρώπ	7
χόθρνος	7
Λακεδα	7
μυσηρία	7
νηΐς	7
περίσφατος	7
αρισοτελεω	7
κουσιαι	7
ἐφάμερε	7
ὀρείκτιτος	7
Τιμόνοος	7
Φίντις	7
Σκεναῖς	7
ἐγκύρτια	7
πολυμετρία	7
ἀρετηρία	7
κατακάρα	7
χυειμι	7
ἐκτράπελος	7
ἐπταλῶ	7
σιουρα	7
Τράγῆλος	7
τρυγαῖος	7
Πυγμαρίων	7
κεδαιμονίους	7
λυγνοπώλης	7
Πυθάγγελος	7
Ηγέλογος	7
θεοεχθρία	7
πολυκτημονέω	7
κερατοφορέω	7
χόλπος	7
αἰγίπυρος	7
κατευναστής	7
Καρμέντη	7
φλαμινια	7
Ἀμφάρης	7
Καφύαι	7
ἐξαναφέρω	7
πεμπτέος	7
Δασκυλῖτις	7
Λάαρχος	7
Κοτύττιον	7
Δωριείς	7
Γαργηττοῖ	7
Ἰσχόλαος	7
Τεύτα	7
Φανοτεύς	7
γρόσφος	7
Ἀκρόλισσος	7
Φιλήμενος	7
Θεαίδητος	7
Ἁγέπολις	7
δεξισος	7
ανέμι	7
επιπτερις	7
ἀμολία	7
ὑψητέρᾳ	7
συμμειδιάω	7
αλριστοτελεω	7
ἀκρόπρῳρον	7
χαρχαροδιδωμι	7
μωνυχραω	7
ἀναύω	7
σαραγουροος	7
θεομυθία	7
δυσγονία	7
εννιάμηνος	7
ἐνυλότατον	7
ἀνελάττωτον	7
δχη	7
Γζ	7
πεμπαδικῶς	7
Τιτανικός	7
Ποτ	7
Φιλίβῳ	7
Κατώρυχος	7
Ἀρζάμων	7
Περάνιος	7
φαράγγιον	7
Ἀζαρέθης	7
διασκηνέω	7
Φιλημούθ	7
Ἰσδιγούσνας	7
Ἀμμάτας	7
Τζάζων	7
Ἰλδιβάδης	7
Θορίων	7
Ἰλδιγισάλ	7
λεικνυμι	7
ΚΟΑΡ	7
ἐπιλούρικον	7
παιδόπουλον	7
τορεύς	7
προεμβάλλω	7
αηοκριτις	7
Πιαδ	7
κομωιδηω	7
ευδαις	7
ἀσάλε	7
κεδαιμόνιοι	7
ναυτ	7
Λακεδαιμ	7
Θείμω	7
τῇτ	7
Κάναστρον	7
αμυχοω	7
Παραίβιος	7
Ἀχαρνανία	7
τέχνον	7
διαμβου	7
οβελιεχω	7
Βάχλα	7
χάρυα	7
Φορωνικόν	7
ΧΕΡΡΟΝΗΣΩΙ	7
μονόστροφος	7
ὄττος	7
κεραυ	7
κοχλίεω	7
ὀρξ	7
Πειρώ	7
Εὐνόα	7
Πέτρας	7
Μαασαῖος	7
ἀγαγόω	7
Έσρα	7
Ζαμβρεί	7
Σαναβαλλάτ	7
Ὀζειήλ	7
ελειφημι	7
Σαλαμιήλ	7
διάφαλμα	7
Ναγέδ	7
Σειβά	7
Σάβος	7
Ἀμεσσείου	7
διπλαςίαν	7
διφρηλάτης	7
παραποδισμός	7
Πρόμωτος	7
τίσμα	7
Βέρης	7
Καρνίτης	7
Ἐλαιοῦσσα	7
κασπειροος	7
Ὀροπαῖος	7
Πλώθεια	7
Σιρβωνίς	7
Ἵρία	7
Σόλυμος	7
Σύβοτα	7
υπερκειος	7
εὐθύπλοια	7
Σοῆβοι	7
Ῥαούεννα	7
πενταστάδιος	7
Πλουτώνιον	7
Αὐγουστεῖος	7
Διϊτρέφης	7
τρικήριον	7
Συντίπᾳ	7
εξηγουμενος	7
εορταστικός	7
Πραΰλιος	7
Σαβείρ	7
Συνῖδται	7
ἐλαθρον	7
Εὐημ	7
ζωψῶ	7
Ἠμαθ	7
ΕΛΝΗ	7
ἀρρώξ	7
χαλκόδων	7
φεροχανης	7
μαυεις	7
κεφαλόρριζον	7
ὀψίκαρπος	7
ὀζώδης	7
ἀδράφαξυς	7
θαρισαίους	7
ινδεχ	7
Σοφις	7
χεῖμπλω	7
ὀνδῶσατο	7
Κερασούντιοι	7
ἱπνομεν	7
Γοξότῃ	7
ἰσανάφορος	7
Στάσιππος	7
Πηδίγιος	7
Τριβίγιλδος	7
σήσαμος	6
Ἀστυόχεια	6
Καλλιγόνη	6
Σάραπτα	6
βασλείαν	6
Δρουσιανή	6
ἀχείμαστος	6
φουρτουναω	6
Φορτουνᾶτος	6
λριπως	6
τυφλωμένος	6
Ἰρέῳ	6
Ἰρέου	6
μαριαμνευς	6
Ἀββάνης	6
Γαδ	6
Δυνατός	6
συναπόστολος	6
ανανήφω	6
μαρμαρύσσω	6
ὑπόσαθρος	6
προλέ	6
παλίμβουλος	6
ὕμοιος	6
περιμηκάομαι	6
αύτανδρος	6
μεσημβρίζω	6
αὐτοπαγής	6
αἱͅδομαι	6
Ἐπικέρδης	6
ἐπιδιστάζω	6
αὐτοπάτωρ	6
Δᾶλος	6
Κοδρᾶτος	6
Κάϊκος	6
παρεκλέγω	6
συνεπιστρατεύω	6
ἀντεπιδείκνυμι	6
μεθομιλέω	6
Οἴνοψ	6
Ἀμφίλυτος	6
παραείδω	6
Ἁλιθέρσης	6
ἀντιξύω	6
μαραθωνομάχος	6
αὐτοδίκαιον	6
προυποδείκνυμι	6
κερδάλη	6
ἐνεγκέω	6
νυμφόληπτος	6
Τιλφωσσαῖον	6
Πλυντήρια	6
σῦχον	6
ἴλλω	6
αἰσχροποιέω	6
Χαλκιδίζω	6
προγεύστης	6
βήρηξ	6
εὐθύδρομος	6
ψώδια	6
Φθονία	6
Χηρύλος	6
σποργίλος	6
καρπολογέω	6
αἱματοπότης	6
κορυκιων	6
κεραμείο	6
ἄγανος	6
ἀναείδω	6
ολοσιδηρος	6
σύννυμφος	6
διαχωρ	6
σίραιος	6
ἐγκυχλον	6
σαρκοῦδες	6
πεντέπηχυς	6
υποχωριστιπως	6
ἔρινος	6
χοραχος	6
ζμινύη	6
ζμινύην	6
ἀνδράσων	6
σκεῖος	6
ἰνάω	6
Καινίας	6
κάχρους	6
κολλοπόω	6
χόρσι	6
λυκοφιλῶς	6
Ἔρθα	6
Μόνιππος	6
διαξιφίζω	6
διαρριγνουω	6
τραπεζόω	6
στρουθίζω	6
χύρρε	6
κάρταλος	6
παλαιίστρα	6
ἀδηφαγέω	6
ὑποῦν	6
διάπλεγμα	6
ὑφόρμιον	6
σπιριδαις	6
χρυσολαβής	6
ἀλιτηριώδης	6
ἀπόμαγμα	6
Γέλη	6
Δανά	6
ἡδυλισμός	6
ῥάχετρον	6
Ἀβίβαλος	6
τ̅	6
συναριθμητέον	6
ἠπεροπευτής	6
Λεώφιλος	6
περιττοσυλλαβω	6
Κεβρηνία	6
αβοριγινεος	6
Νεών	6
Αἰολίων	6
Κρεμμυών	6
Βουβών	6
Βάλβουρα	6
Οὐκαλέγων	6
Φαρκηδών	6
Ταρκυνία	6
δημεχθής	6
Κάλλων	6
Ἀμμωνία	6
Εὐρυπῶν	6
Γῦλαξ	6
βομβύκινος	6
Ἄμπυξ	6
ψάλυξ	6
Βρύξ	6
φθογγήεις	6
Αἰθαλίδαι	6
βωταχιδη	6
Ὠρίτης	6
ἀλοίτης	6
πυργοκέρατα	6
ολις	6
υκοφρεω	6
ἀκανθοπλῆγι	6
Θυμ	6
Τέντυρα	6
σωρεός	6
κονισάλεος	6
παυρίδιος	6
Ἐφελευκάδιοι	6
Αἰγύπ	6
δίκελλον	6
Τρικορύσιος	6
Μινῷος	6
Τίβειος	6
Ἀραῖος	6
Δυρβαῖοι	6
Κιθαιρώνειος	6
Ζήρυνθος	6
Ἀμφίθεμις	6
Ἀμφίαλος	6
Ἀμφίδολοι	6
φωραμός	6
Τετραχωρίτης	6
τραγοπώγων	6
Ἄβληρος	6
Ἄθυμβρα	6
ιοκριτης	6
ὑγίεις	6
Ὑλλίς	6
παιδότριψ	6
πανδόκεια	6
Δολώνεια	6
Θίβα	6
Τίνδα	6
Ἄνθυλλα	6
Ἀγύριον	6
Δαῖρα	6
Κάρθαια	6
Ἀμφίκλεια	6
καυκωνειον	6
Ἐρύθη	6
Ἰοπία	6
Γρώνεια	6
Φηγιάς	6
Φίαλος	6
καλλιγένεθλε	6
Ὀλκάδες	6
Πυρωναία	6
Ῥηναία	6
ἀμυγδαλέα	6
Θριαί	6
Ὠρικία	6
Ἀτρία	6
Παραλία	6
Εὐκρατίδης	6
Εὐπάλιον	6
Φυτία	6
ἀρειά	6
τρικόρυφος	6
ἄχλαινος	6
Κατταβανία	6
Κρητινία	6
Πηλαγονία	6
Μολύκρειον	6
εὔαρχος	6
ψύη	6
Πιτύη	6
Αριάνθη	6
Ἀρίνθη	6
ευνεικος	6
Πέλεια	6
Πετάλη	6
Πεντελή	6
σησαμῆ	6
θουμαιων	6
Βρύκη	6
Εὐκολίνη	6
Ἀχραδίνη	6
Πλινθίνη	6
Κορύνη	6
Ἀχαϊκή	6
Ὑψιπύλεια	6
Φαλώρη	6
ἀάτη	6
Κρῆται	6
Ἀθριβίτης	6
δορκάδιον	6
Οἴνιον	6
Καύδιον	6
Γολγοί	6
Λύξεω	6
Ἀμύργιον	6
ποιμένιον	6
Πελεθρόνιον	6
Χαλκητόριον	6
Ἀρτεμίτιον	6
Κυδαθήναιον	6
Γαμβρήϊον	6
Τίειον	6
φυλλεῖον	6
Αἰόλειος	6
Δαρίειον	6
Βοιόν	6
Ἀδρανόν	6
φῆρος	6
μυλήκορον	6
Ἀλίφηρα	6
Ἄνδειρα	6
Ἀπάτουρον	6
δρέπτω	6
Ἀρταξίας	6
πλίξ	6
Φθίρ	6
κρεός	6
κορυφῶ	6
ὀμείχω	6
ματᾴζω	6
κνίζα	6
ἀτρεμῶ	6
ἀχρειῶ	6
Ψάπφ	6
χυτρίνδα	6
πρόσθα	6
ποντόθεν	6
Αἰγίνηθεν	6
εὔἁν	6
πανθοινί	6
ἱερωστί	6
νεκυηδόν	6
φανδόν	6
δίζυγος	6
Ἠπυτίδης	6
ἐπιλιμπάνω	6
κακκεῖαι	6
Νηλήιος	6
μέμορθαι	6
ὄπατρος	6
παλινόρμενος	6
κυδάνω	6
λίπουρος	6
Λαρδῦ	6
λιποπατρις	6
Ποτιδάν	6
φλέδων	6
ἄνταλλος	6
Τρέλλων	6
ἄθρα	6
αυξ	6
μέμοιγα	6
λείαξ	6
κοιλίδιον	6
ἀναλογεῖον	6
κλείζω	6
αφροδυτης	6
Γαιτοῦλος	6
ῥιγοπύρετον	6
ἰχναῖος	6
χρηίζω	6
νεκριμαῖος	6
κώος	6
Κόρεια	6
Κυννείος	6
λαγῴδιον	6
μιλτοπάρῃος	6
μύτιλος	6
ξυλήριον	6
πίφιγξ	6
τήμερα	6
Ἀπολλώνεια	6
περικήδομαι	6
ἷ	6
κίχρημι	6
ὑπερείπω	6
νυμία	6
ἤρανος	6
πεντέμηνον	6
ἐλπαίρω	6
Ἰθωμάτας	6
ἐπλάγην	6
Κέλται	6
θήπω	6
λάχιον	6
ἀμάνδαλος	6
πατρωνυμία	6
Ὕρρας	6
Κυφαῖος	6
Γράψα	6
ἄλεν	6
ποικιλόδειρος	6
ἐνδιατριπτέον	6
ἐγκατατίθημι	6
Φάινς	6
δλος	6
ὀττον	6
τραυθῆναι	6
ὀργα	6
Στάιν	6
ἱεροποιΐα	6
ἀπένειμι	6
προσάττω	6
κλωστός	6
Σωκρατεῖον	6
θεμισοκλεις	6
Ἀντιφ	6
θημοκλεις	6
Διογ	6
ψυχάω	6
ταιῦτα	6
Σπής	6
χρεισμαω	6
τοιαυτος	6
Σωκράτ	6
ἔχλον	6
Μίτρα	6
Μεγαφών	6
μισοφίλιππος	6
μικροπολίτης	6
ῥάκελος	6
Ψευδεύς	6
μισότεκνος	6
Προναίη	6
ἀπεθίζω	6
Κηδωνίδης	6
τρισκακοδαίμων	6
ὑπεραγανακτέω	6
Ἀρίζηλος	6
ἀλαζόνευμα	6
γάγγαμον	6
ἀκέλευστος	6
νεαίρετος	6
δυσφιλής	6
φιλήτωρ	6
ἀλληλοφόνοι	6
ὀρθόθριξ	6
μόριμος	6
ἄσαντος	6
δολιόφρων	6
ποδιστήρ	6
ἐπωπάω	6
ἀφόρμικτος	6
ἀνέορτος	6
ὑψίπυργος	6
ἐμφεύγω	6
ἀμφίσωπος	6
ὀρειβάτης	6
ἄσσιστα	6
Ῥῖπαι	6
ἀμφιμήτορες	6
ΘΕΩΡΟΙ	6
ἡμίοπος	6
Κερκνόνι	6
πυρσόκορσος	6
παραχορήγημα	6
πολυήκοος	6
ἀρείφατος	6
πυρίφλεκτος	6
βούλευτις	6
αιδοιιστημι	6
γατόμος	6
δυσαπολόγητος	6
ΣΑΤΤΡΙΚΗ	6
ἀηδόνειος	6
ἀναρτέω	6
δυσέκδυτος	6
συσπεύδω	6
στομίας	6
τρισσόζωος	6
μυχθίζω	6
οὐρανίζω	6
αὐλωτός	6
Αἴνηθος	6
χείμαστρον	6
σπαθητός	6
τρίμιτος	6
Λιβυρνικός	6
πεδοστιβής	6
ἐκτελής	6
Φαρνοῦχος	6
πολυπενθής	6
τηλουρός	6
ἀνηκουστέω	6
χειρωναξία	6
γυιοπέδη	6
ἰπόομαι	6
διαμφίδιος	6
οἰστροπλήξ	6
Εὔβατος	6
τρόχις	6
δοχμόλοφος	6
διάδρομος	6
θρέομαι	6
ἀποτρέ	6
ἄθελκτος	6
ἀπό-κύω	6
ἀποκρεμάω	6
ἁρνέω	6
οἱκος	6
Μεγάραδε	6
γενειάτης	6
ὄγκωμα	6
οἰκτίστως	6
Αἰσχυλίδης	6
καμινιαῖος	6
ριψιμεις	6
Ῥιψήμης	6
ανακαίνιση	6
ἰχθός	6
χειροπληθιαῖος	6
μιλτώδης	6
Ποσείδειον	6
Δέβαι	6
παραψαύω	6
Ἀρτάβρος	6
Πιτυοῦσα	6
Στοιχάδες	6
κυανωπός	6
ἐνδιάω	6
Ροδάνθης	6
ἀνθοσύνη	6
ὑπερσχέθω%	6
παιδομανής	6
τανύκραιρος	6
αμελώ	6
Τίμης	6
κοιρανικός	6
ἐρημοσύνη	6
ἄνθεσαν	6
λαοτύπος	6
ἀνδραπο	6
Ἐλαΐτης	6
ἀναλεκτέον	6
Ἀλαμανικός	6
Θευδίβαλδος	6
ἥδραστο	6
λῷστος	6
Ἀκεσαμενός	6
ὑπεκβαίνω	6
προσδοκητέον	6
ρωθι	6
αστός	6
καθάπου	6
ἐγκατείργω	6
μισιμιαινω	6
ἐπεισπηδάω	6
ὀλιγώρησις	6
ὑπετονθόρυζον	6
ἐνιόω	6
πεπονημένως	6
λυκαυγής	6
προσεπιβάλλω	6
σφάνιαις	6
Ζαβρικαν	6
δεκατευτήριον	6
Φρόσω	6
Κοκκύγιον	6
στράβηλος	6
πεντώβολος	6
Ἀγροίτας	6
ἀκακαλλίς	6
ὀκταέδρῳ	6
συμπεραιόω	6
ὁπωσποτοῦν	6
Θερμοῦς	6
τρηχύς	6
ὑποφρυγιστί	6
γλανχεῶν	6
νηριδηω	6
ἀνάρτας	6
ἀετώσιος	6
ἀέτως	6
αιδοιπος	6
Λεβναφιγενής	6
ιριαναξ	6
Περεσέως	6
φανομηρίς	6
δένος	6
ανιψαλλω	6
ἄνιψανον	6
περράτων	6
κάχον	6
Χάρμα	6
ἁλίβαπτος	6
καταπον	6
λείψανδρος	6
φιλεταιρία	6
τωνί	6
Βόρου	6
κορικός	6
ἐμβαθύνω	6
Γρυλλίων	6
Φανοστράτη	6
ζήλος	6
ἐγχάσκω	6
ξαιτο	6
κατάσαρκος	6
Πέφνος	6
Σάνασσα	6
μελιεχω	6
πυάνιον	6
θάκας	6
Σάμβας	6
Ἄττας	6
Ἀμφιλύσσιο	6
πλίνθευμα	6
χληρονομος	6
λιπάζω	6
Μασσούριος	6
Ειλενία	6
Ψῖλις	6
Δυμανίς	6
Λυκωρεύς	6
κλειδες	6
τραγασαῖος	6
λεσβιακός	6
Ναυπλιάδης	6
Λασύρτας	6
Κυλίστανος	6
ξάνθοθριξ	6
ειδοθεος	6
πολλώνιος	6
τροφίας	6
αειχεω	6
σίλαος	6
Ἀτάραντας	6
Πλουτάρχης	6
Νανιάς	6
Αἰγινάτης	6
Χούρε	6
Ἧδυς	6
σκοπιήτης	6
ευαγρος	6
Κόνη	6
ἐξαπαφίσκω	6
Τώλος	6
Σιθόνιος	6
Μιλησίς	6
Ἄνδρισκος	6
ἐνοικοδομέω	6
Λευκίπ	6
Δάνον	6
παραπλήσσω	6
κήτορες	6
μοιρῶ	6
Διμοίτης	6
Κίχυρος	6
ἀλθεύς	6
Κεῖσος	6
ἀναχαράσσω	6
χοροτυπία	6
ἀβλεμέως	6
ἐγμε	6
Λίχνος	6
Στάτους	6
παλός	6
Αλαίος	6
βλιχώδης	6
ἔκτος	6
Πέσσα	6
Τίτορμος	6
Κίσσος	6
Κυθηρόθεν	6
ἧλ	6
εμβροχή	6
παροξυμῶν	6
ἀ-βρώς	6
δυνασαθαι	6
γυμοῦ	6
γειώδους	6
χρισμένος	6
κατάρροια	6
μυρισινομαι	6
ἐδύνη	6
Σῆλον	6
κεφαλιά	6
κεράμινος	6
ἡμίκρανον	6
δακρύδιον	6
ψυχροποτέω	6
μετασυγκρίνω	6
επιμένω	6
συνέντασις	6
συνεντείνω	6
λαμπυρίς	6
δίοπτος	6
ἀσχηματίζω	6
ἀπτός	6
φυλακτικόν	6
χωριστικός	6
συλλογιστής	6
ἔνναιον	6
γωγήν	6
Καλονάς	6
ἐναντίον	6
τοισύς	6
ἠθι	6
μετάσχεσις	6
πλάσια	6
αὐτοαριθμός	6
αὐτοουσία	6
Πόλλας	6
πεδοκλεις	6
τριτοστάτης	6
ἐπανακεφαλαιόομαι	6
διευθετώ	6
Πάσων	6
ὁπόσης	6
ματείας	6
λευκότητα	6
πλασματίας	6
εὐτης	6
μολιβδίς	6
προσλάμπω	6
ἀναθύω	6
ἀποβιάζομαι	6
ὑπερομβρία	6
ἐναποσβέννυμι	6
κουφόλιθος	6
στάτευσις	6
αντικείμενο	6
ἐλεφαντόκωπος	6
ὁμαίως	6
σθησις	6
δυνάμως	6
ἀνταναίρεσις	6
ενδοξοτερεω	6
αὐτοέκαστος	6
ἰστορήσας	6
Μούντι	6
ἐναποπλύνω	6
ὀσφράτης	6
εὔψυκτος	6
άναυλος	6
σθάνεσθαι	6
νεκται	6
γασίαν	6
φίσματος	6
ποριά	6
ευκλεής	6
Εὐφάνης	6
ΕΒΟ	6
λοπ	6
ἀφυβρίζω	6
ἐπιδόσιμος	6
Έρμη	6
σιβύνη	6
πανταχού	6
σώρακος	6
τραυματίης	6
ὀνθυλεύω	6
στρωματόδεσμος	6
ἐπίσφατον	6
πώρινος	6
ἀρτοφόρος	6
σύντεχνος	6
ἐπιτήθη	6
ἐγκοίμητρον	6
Θεόφρα	6
προσυλλος	6
Δημοκρίτειοι	6
ἑνδεκαχῶς	6
Διακός	6
τράξ	6
ἀνενεργητέω	6
παρακατηγόρημα	6
῾ἔστιν	6
ἰσοσθενέω	6
τάπασιν	6
κατασαπῇ	6
ποωτος	6
επαμφοτερίζων	6
χρυσαόριος	6
Κότης	6
Ἄνωλος	6
ἰδιοπραγία	6
συνηβάω	6
πετήν	6
δισκέω	6
ἐπίβωτος	6
ἡμετέρειος	6
ανακρεόντειος	6
ἀδιδάστως	6
ὑγρά	6
Ταυτ	6
Ἁβροτέρα	6
Ξάνος	6
εὐήρμον	6
κόρων	6
Ἀνδοί	6
Χορεῦς	6
φιλοπάννυχος	6
Σοφής	6
τροχάων	6
ἡνιχ	6
ποιχιλος	6
ευσεβής	6
μισόγελως	6
Ἀναξιγόραν	6
πρόσχρω	6
ἔκχρησις	6
μεῖγμα	6
συναυγασμός	6
Θεολύτη	6
εὐφνῆς	6
Γελασῖνος	6
μοσχῆ	6
Σκιν	6
ἀλλοειδής	6
τροχίζω	6
Εξαμίας	6
εὔποτμος	6
ἀγωνιστήριος	6
μυιοσόβη	6
ταύτός	6
Ἀμαντες	6
Μέδη	6
ἡνιόχη	6
λωνίων	6
δεσπόσεως	6
Ἀξιεύς	6
θεόστατος	6
ευρισκομενος	6
ἀδία	6
Καλλαισχρου	6
δάσιος	6
κηπίδιον	6
Ἀλεξαμενός	6
υτικός	6
υποπολλαπλάσιος	6
ἀπλαστία	6
ἐμφανισμός	6
Σπουδαῖος	6
μισολόγος	6
Ξέρ	6
Χαλκίδα	6
Συλέα	6
λωκε	6
κονιστικός	6
ὀλύμπιος	6
ἐξάδος	6
στίλπων	6
καταπλέκω	6
πολλαχός	6
περιΐζω	6
νοιμηνιον	6
εγουω	6
πρωταγόρειος	6
ὀλικώτερα	6
ἄμωρ	6
Φιλίστη	6
πολύδωρος	6
δίαρσις	6
συνέμφασις	6
ἐπιτήδεος	6
προσαρμοστέον	6
λστ	6
ἐπεξευρίσκω	6
ἀκολαστέω	6
ἡθι	6
ἀπηρισμένος	6
επαικα	6
εφιός	6
ἡρεμαία	6
μεταμελητικός	6
ἀκίνησις	6
περιχύνω	6
επιοικεω	6
αξιολος	6
ἀμφισβή	6
οὐδήπου	6
μοντ	6
ἐπιτηρητικός	6
ιωαννικιων	6
πανταχ	6
μεσόθεν	6
Κουρτίκιος	6
Λογγιβαρδίᾳ	6
προκαθίστημι	6
Χαήλ	6
ρτος	6
πολιούχος	6
Σάλερνον	6
μεταδίωξις	6
ἀρειμάνιος	6
πετριά	6
Μελισσηνῷ	6
ἀφροντισία	6
ἀνδράδελφος	6
παρηγγυᾶτο	6
δεξιωμάτων	6
χορταγωγία	6
περιπολεύω	6
εἰσείσειμι	6
πειρίαν	6
πτερύσσομαι	6
ἀμεριμνάω	6
κονοσταβλον	6
Δρίστραν	6
Γίδον	6
ἐπιγαννύμενος	6
σολυμεις	6
ἐπανέλευσις	6
συνεπαγόμενος	6
αλιγη	6
Παρρησιαστικός	6
βουλγαροφευγω	6
προεκτρέχω	6
περιαυγάζω	6
Χοιροβάκχων	6
τροπαιοφορέω	6
Σωσθενίου	6
Φιλοκάλης	6
σιτόχρους	6
πνευστιάω	6
νώσκων	6
Δρύων	6
Ταλαβῶν	6
Φλάντρας	6
Πισσαῖος	6
Εὐμάθιος	6
δυσανάκλητος	6
δωροληψία	6
ασπιετης	6
παντοιοτρόπως	6
φύρσις	6
Ασαντές	6
καβασιλαω	6
ανθυποφορά	6
ἐπανάζευξις	6
Σέζερ	6
στρατηγάτον	6
οἱονδήτινα	6
Ἀμάλφης	6
Ἀντιοχιανός	6
φερεπονία	6
γειλεν	6
ἀνάρρους	6
ἀντιμαχέω	6
λείων	6
δόγ	6
ἐκστρα	6
γάννυμαι	6
εκβιάζω	6
μεταμ	6
σεισμώδης	6
οεἰ	6
ἀθῴωσις	6
εκκλησιαζόμενος	6
πατρωός	6
ἀνδρῶος	6
ἀπαναχωρέω	6
ἐργολάβος	6
χωράφι	6
Κμβ	6
Κμθ	6
Κυμοδόκη	6
Τυφάονα	6
ὑποδαμνάω	6
γλαύσσω	6
Γτ	6
ἀντιπαρακέω	6
αλουιος	6
σαρδώ	6
ρλγ΄	6
Φλίππος	6
προσφωνηματικῶς	6
προασκέω	6
φέρεια	6
ἀλώπης	6
περιαι	6
Ἀημοσθένης	6
ολυμπιακός	6
δικανι	6
χρήα	6
ἠπητής	6
εγκωμιάζω	6
προσομίου	6
δάγμα	6
Περιφανή	6
ἀμολ	6
Βάσκε	6
μετρίον	6
διενεργώ	6
ἀνακαγχάζω	6
χείρως	6
ὁρμητέον	6
συντη	6
σαλακωνία	6
ρικοιξ	6
αναπαιειμι	6
ἐνήχησις	6
ανδραγαθώ	6
διατριπτέον	6
ἐπεισοδιόω	6
Ἀριστοτέλεις	6
ἀνυποδετέω	6
ἀπερημόω	6
ἀνεπίκλητος	6
ευθετίζω	6
εὐθετίζω	6
Ντάς	6
ὀδυρ	6
λοιδόρημα	6
ιγ᾿	6
Φαμ	6
λόγν	6
συγκυβεύω	6
τυί	6
Μεταξή	6
βεβλαμ	6
χρηματιστική	6
σχία	6
ἀμφιδοξέω	6
ἐμφανιστέον	6
Εὔαρχος	6
γαγόντες	6
διαίτησις	6
ολβιοδημος	6
Ἵρων	6
ευρισχω	6
αχροασις	6
χαρακτήριον	6
τετραάρχης	6
εὐρέματα	6
ἀσύμματοι	6
ἐνδιασκεύως	6
κυλεῖ	6
φίσιν	6
ενδοεις	6
Ἦρις	6
χωμιπως	6
ἀποτυγ	6
εύηχος	6
ὑπερηγορέω	6
ἀττικισμός	6
ἐπιτροχασμός	6
ὑπήνησεν	6
γνωμάτευμα	6
πλουτισμός	6
στοιχίζω	6
ἰσπ	6
πάρφεργον	6
ἀντισοφίζομαι	6
ἄχιστα	6
κοσκινηδόν	6
ἀριέντες	6
εὐρεθεῖσιν	6
πινακηδόν	6
πλίνθιος	6
σμυνοτηταω	6
χοργόν	6
σαννίων	6
ῦτω	6
Πήτον	6
λίγξ	6
Σίος	6
επταετής	6
αφέλεια	6
Ἀρπαλείοις	6
μεταφορ	6
τετραμ	6
ακιμεις	6
ὀρείτης	6
λοτερος	6
Τόλμαν	6
μονοβίβλιον	6
κθ᾽	6
ἐπιτριάζω	6
φιλανθρ	6
μώτατον	6
ὕνομα	6
διαλαμ	6
πεντήκον	6
Ἑρμογέους	6
ποιαπειμι	6
νικτωρ	6
ἐπικαίνω	6
ἐπιμο	6
αθηναίος	6
ἡμιστά	6
περιπλαω	6
Μετάι	6
ἀπόκρατος	6
ἐπιτέρπω	6
εὐρυθμῶς	6
ἀπόδυσις	6
ἄφθρον	6
ἕβδο	6
αλειναω	6
Θεμ	6
σερνοτηταω	6
ΕΥΡ	6
μηχανητέον	6
ἰνόω	6
Εμέλ	6
χρυνομενω	6
πορνοβοσκέω	6
ὀλικωτέρων	6
ἄτεχοι	6
Μινουχιανός	6
ἀνδροφό	6
παραποπήγνυμι	6
ὁήμασιν	6
δυσκο	6
επίλογος	6
ελεεινολόγηση	6
ἐπεξεργαστικός	6
οιχ	6
οτιουν	6
απάδει	6
ἀνθορίζω	6
αιχιζω	6
Πήλι	6
ειἱπω	6
απάδων	6
ἀντεχλήματος	6
ἀντεχλήματι	6
άγραφος	6
ἔφορμος	6
αμολογεω	6
Αντίλη	6
αντεχληματιπως	6
πατρῶος	6
γνωσιγραφία	6
κατασθενέω	6
μαρμαινω	6
τυρώνω	6
χελών	6
βιπτω	6
κόρυνθος	6
Καλαβρού	6
συναιδιον	6
γάρον	6
βντα	6
αὐτομετοχή	6
μηδοπωστιοῦν	6
διαθρυλλέω	6
Λύο	6
αεσποος	6
Τάο	6
χάριτος	6
ἐπάιστος	6
ἀποκακαθέρω	6
ἐκφρόνως	6
τεσσάρα	6
κράνειος	6
Ἀρειανισμός	6
ἡμεροβαπτιστής	6
φίδι	6
δετέρου	6
Γάσιας	6
γκη	6
πνεύμ	6
σδε	6
ὀλιγοτροφέω	6
ὑπομε	6
Ἡμιωβέλιον	6
Λώδη	6
ἐπάντης	6
Γαλιηνός	6
Ὀδέναθος	6
ποδαλγός	6
ἀστέλεφος	6
ΕΖΑ	6
ηλιηχεω	6
ΤΔ	6
ἀειδίνητος	6
ὀλβιόδωρος	6
οὕνεκέν	6
θεοτερπής	6
θεογράφος	6
Δέρκεό	6
πτολιπόρθιος	6
ξυνήων	6
Βυζαντιάς	6
πάις	6
πάγκαρπον	6
ποτεπλάσθη	6
δυσέραστος	6
Ἀρίστιον	6
Σατύρη	6
βαρύθω	6
δροσόεις	6
Κλεόφαντις	6
Μαρίη	6
ἐκδιδύσκω	6
ἱππόμαχος	6
τηλεβόας	6
λεπτόμιτος	6
αὔθαιμος	6
ληΐδιος	6
Ἀμύντιχος	6
Τελέσων	6
βαρύφθογγος	6
γυπόν	6
Κράντας	6
ποδεών	6
ἡδύπνοος	6
γυῖ	6
Ὀρβηλός	6
ὠκυβόλος	6
λυκαινίς	6
ὑποσχεσίη	6
ἀμφίδορος	6
Εὐτυχίη	6
θηροτόκος	6
Πρηξώ	6
ἡρῷσσα	6
ἀρρυτίδωτος	6
ἀτιμαγελέω	6
Ἀριστοδίκη	6
πήνισμα	6
πλατάσσω	6
Ἀθηναΐς	6
Ἀχαρνίτης	6
Φιλιππείων	6
υψιπετής	6
Ἀκρίς	6
ἀπάτημα	6
Ἀκταιονίς	6
Βάβης	6
Ἀμμία	6
πατέριον	6
κλῃδών	6
ῥιγηλός	6
ἁνία	6
Μαχάτας	6
δίκων	6
Ἐρασίξενος	6
ὀκτωκαιδεκέτης	6
βιατης	6
Θυμώδης	6
Μενίσκος	6
μίδω	6
ἄψευστος	6
ἄκικυς	6
αὐθαίμων	6
Νίκιππος	6
κρωγμός	6
μικκός	6
φιλτάτιον	6
Φιλάγριος	6
Ἑλλάδιον	6
τετράπεδος	6
φιλοχρυσέω	6
ἐνείς	6
τιθηνήτειρα	6
Λητωΐς	6
εὔγαμος	6
ἀεργίη	6
Παιήων	6
γεραός	6
ἀφενίνομαι	6
Κυβέλοις	6
Χρυσός	6
Νισύριος	6
Τηλέμβροτος	6
σκύλευμα	6
ἀποσφίγγω	6
γονόεις	6
Κλήσων	6
βραχυσυλλαβίη	6
νῆϊς	6
Μαρίης	6
λιπερνήτης	6
τυραννοφόνος	6
παρανήχομαι	6
ποικιλόμητις	6
Βιβιάνος	6
μέμνεο	6
βρυάζω	6
χρυσομανής	6
τύνω	6
Κύλλος	6
Ἀθηναγόρας	6
στόλιον	6
παμψηφεί	6
μωλύτης	6
τελχῖνες	6
δρῆστις	6
Ἐχέδημος	6
βαρύμοχθος	6
δεδοικάμω	6
ἀπάλαιστος	6
εἰσκαταβαίνω	6
γνωμονικός	6
ἀναέξω	6
ταυροπάτωρ	6
νήλευστος	6
μηδοσύνη	6
ἀείζῳον	6
Χρύσας	6
Κωτίλας	6
πετρόκοιτος	6
Κομητᾶς	6
σιδηρεία	6
ζείω	6
ἀκάρηνος	6
μονοκρήπις	6
κράντειρα	6
εὑρέτις	6
Ἐρεχθείδης	6
ευστρόφως	6
μονόκερος	6
εύφωνος	6
παχύδερμος	6
ἄλυχνος	6
Κάπαιος	6
καθήγησις	6
Χαριτοῦς	6
παροργίας	6
εξάμηνος	6
ἀναπαύλησις	6
Συμφέρουσα	6
Συμφέρων	6
νεκροσυλία	6
Γαλλικανός	6
βουριον	6
Δωνᾶτα	6
παντογόνος	6
παιδοτόκος	6
Ἀλκιμάδην	6
Νίβις	6
φμ	6
Κάλας	6
Ἀριστόλοχος	6
Ἀτάραντες	6
αἰσάλων	6
Σαύνῃ	6
Συρακοῦσαι	6
χαμαίστρωτος	6
Ὑπέρλαος	6
Αρίμα	6
Ἀριμάσπεια	6
Τελχινιακός	6
τιμηχος	6
Εὐρύτιον	6
πείρας	6
υσίλ	6
Γέτις	6
Κλέεια	6
Φίντης	6
Λεανείρα	6
Χρυσοπέλεια	6
μυοβατραχομαχία	6
γερανομαχία	6
χούρα	6
Τιτανογραφία	6
ἐπίξενος	6
ἄδραστος	6
τριπολεμος	6
ξεῖδωρος	6
πανυασις	6
ὑπόδουπος	6
γέφρων	6
πυρσολοφος	6
φλόνος	6
Ποντ	6
Σκεῖρωνα	6
Μελισαγόρας	6
Παλαμάων	6
διαντάω	6
πυράμινος	6
πολύβοτρυς	6
ἀκερσεκόμῃ	6
πυκινόφρων	6
Κήνυος	6
ἱεροψάλτης	6
ἀνομάζει	6
Ἀταργάτις	6
βάφω	6
αὐτοδιάκονος	6
φιλοθήβαιος	6
Μελητίδης	6
κυαθίζω	6
ηδυματη	6
νησοειδής	6
ὑπέρχολος	6
σκαμωνία	6
ἀπολύσιμος	6
ἄοπτος	6
γηροτροφία	6
φιλοχρηματεῖν	6
Δήμιος	6
Ηρακλειώτου	6
θηριχλειω	6
σάθων	6
χούμενος	6
ξσω	6
πλαγίαυλος	6
πλημονεος	6
πολίτις	6
Φίλαρχος	6
νῦνταρ	6
μῆκιν	6
τευομος	6
Εστάυ	6
χαμαλός	6
ἀτυχ	6
Φρήμη	6
Τοῦντεῦθεν	6
κάνειον	6
βασιλίοις	6
Κυψέλη	6
Βίνας	6
κατακέω	6
Λύκαινα	6
ἀηδώ	6
ἡμιθωράκιον	6
αλεκτρομοσσυν	6
ἀποφορτίζω	6
Νάπης	6
Κοῖλος	6
απαντάω	6
Σκέψις	6
ἀπάζων	6
αφροκομη	6
Πηλουσιῶται	6
γύπτιοι	6
εἰλημ	6
Φίλητος	6
Δωρίχα	6
ἐφιλο	6
Σθενελαΐδας	6
ἐντῦθα	6
τούωνδε	6
ἐτρα	6
Ἀντίθ	6
αἴδρει	6
πλειστονίκης	6
ληΐη	6
Κάμπη	6
Ἁλίη	6
ἀνδρόμορφος	6
Ἱπποδάμας	6
Ἀντιόχη	6
θρασυμήδης	6
θρινακίη	6
μελάμπους	6
Ἕλειος	6
Ταρτησός	6
πορθμεία	6
Ἱππεύς	6
Ἀμήστριος	6
ἐνθεάζω	6
Δαμάσιππος	6
Κιρκαῖος	6
Ἀπολλόδωτος	6
Στρατός	6
Ἀθώθης	6
σύν-διατίθημι	6
Ὕαντας	6
ἄξεινος	6
Σκήψιος	6
Αἴγεστος	6
ψωθία	6
ὀδυρτικός	6
σιτεύω	6
κωμῳδιογράφος	6
Ταβᾶς	6
καταλληλότης	6
ἑνδεκτός	6
κρός	6
Ἀβυδόθι	6
ἀρτίδιον	6
προθετικός	6
ἀοριστώδης	6
Ἀλκαϊκός	6
ἐμπεριληπτικός	6
ἀνιτέον	6
τηλέφαντος	6
μελιτηρός	6
ματικῇ	6
δυικω	6
νύι	6
ΑΛΒ	6
κακοδαμονίας	6
ἔορται	6
Εἰδομένη	6
Καμά	6
εἰρωνίας	6
Ἴδης	6
ἀναράσσω	6
Δεκέντιος	6
μεζόνος	6
ὑποφήτωρ	6
ὀφέ	6
ἡγηλάζω	6
συναραρίσκω	6
σηπιάς	6
περιβρομέω	6
παροίτατος	6
Οἰαξίς	6
ποτιδόρπιος	6
εὐήκης	6
ἔληλημι	6
ἀντιπέραιος	6
ἐξανέχω	6
Φίλυρες	6
ἀμηχανέων	6
Δικταία	6
ὀκλαδόν	6
ἀμφιπονέομαι	6
τῇπερ	6
προσκηδής	6
ἀνώϊστος	6
Καυκασία	6
ἐξάργματα	6
εὐώπις	6
αιχυνω	6
μικῶς	6
διογ	6
περιφρασιπως	6
Τερπιάδης	6
Ζάι	6
Χωλ	6
πέλεκκον	6
Ἀήμνον	6
εὐκτι	6
ἀνωϊστί	6
ἀπήωρος	6
Κέρη	6
ραγ	6
Φάλας	6
Ἀπί	6
διατρύγιος	6
δουρηνεκής	6
Ζιν	6
δυσθαλπής	6
Πολίτη	6
ταφοριπως	6
Ἰρ	6
ὀδόντ	6
Ὀδυσο	6
ζῶστρα	6
ἀφαμαρτοεπής	6
Χάτης	6
καλήτωρ	6
Ἀχαιάς	6
βλίοις	6
Κοῦριζ	6
Μάινε	6
μερίμνημα	6
πρόβα	6
νηπιαχεύω	6
ὀκριάομαι	6
τράγωνος	6
παναφῆλιξ	6
περισχοπαω	6
ἰχανάω	6
σακεσπάλος	6
Ἀῆμον	6
σκοτομήνιος	6
σκόλος	6
ταλάφρων	6
τετραθέλυμνος	6
Λαοθόη	6
Ταύριος	6
ὑπερτερία	6
καθορ	6
ὑποκυνέω	6
ξμπειρος	6
χλωροποιός	6
Γλαῦ	6
ὠχράω	6
δείδεκτο	6
δνοπάλιξις	6
ἐνσκίμπτω	6
κλωμακόεις	6
ξεινοδόχος	6
πυκιμηδής	6
δαλίς	6
θορυβ	6
Τέλλην	6
ἀντιθύω	6
ἀπουρέω	6
παρεύρεσις	6
κάπνιος	6
Μαάρβαλ	6
ὑπέρ-ἐπαίρω	6
Ῥούτουλοι	6
Λαουινίας	6
Μούμμιος	6
Πομπηϊανοί	6
ἀδιοίκητος	6
Συλλείος	6
γάργανον	6
ληστήριον	6
αυρελια	6
Αιβύη	6
ἐπιρράσσω	6
Μάρυλλος	6
ἱππομαχέω	6
Λουκίλιος	6
Λαβεών	6
πολεμοποιέω	6
Μουκίας	6
κτέομαι	6
Σένων	6
Μαλίας	6
ὀλιγάνθρωπος	6
Οὐατίνιος	6
Κορουῖνος	6
νομάς	6
ὑπερασπάζομαι	6
ὀλιγος	6
Νέφερις	6
βαρυσύμφορος	6
Κάβειρα	6
Ἐπικύδης	6
Λίουιος	6
Σαρπηεδόνιος	6
δαμάλεας	6
αφανισμός	6
συκοφαντώ	6
παγκτησία	6
τραγυματη	6
μολιανθος	6
ρινόκερος	6
ὀρέω	6
πόνδα	6
ἆσσον	6
παντόθεν	6
αἰητός	6
δειδέχθαι	6
χαρακών	6
πόκα	6
δυσυλλαβη	6
δρακαινίς	6
Λυρίς	6
ἄμοργις	6
Μειός	6
τρισύλ	6
λεκυανθος	6
λιρός	6
κῦφος	6
ἐπάνυμος	6
φιλίατρος	6
μαιφόρος	6
σύνοφρυς	6
ἀγχυρα	6
Σκήνη	6
Τίμη	6
δαίδιον	6
Χήρων	6
ρτο	6
προσκέω	6
κρεισσόω	6
Καμώ	6
ἑσία	6
νηφαλέος	6
Ἀηλίων	6
καταβόστρυχος	6
δφρ	6
ἀκανθοβόλος	6
Κίνων	6
λλω	6
Μύτη	6
φίλερος	6
χρυσολ	6
στηθίδιον	6
Ἀστρατεύοις	6
Παμφίλ	6
αἱματορρόφος	6
Νηρ	6
σκώματος	6
ἀνδριστί	6
ἀκομφον	6
κοῦχι	6
Κάδι	6
ἀμφορείδιον	6
γελοιώτερον	6
συμπαρίστημι	6
ἐκμαρτυρέω	6
καινολόγος	6
σηλυπως	6
χρυσοπώλης	6
ἀνταυγής	6
ξύλφ	6
αθεῖν	6
Κρον	6
ἀνεφ	6
Δράμα	6
Πετάσιος	6
μενέσται	6
Ψιχάρπαξ	6
οὕτωρ	6
ποντοχάρυβδις	6
Εὔβοιος	6
σχεδόνθεν	6
κιστρεύς	6
βατάνη	6
σόγκος	6
κουφόνοος	6
Εὐρώσπην	6
ὕνειαρ	6
Φιλίων	6
νατοι	6
σκιφίας	6
βροτείη	6
ἐπιφλόγισμα	6
μοιμύλλω	6
ἀναπτέσθαι	6
Ἀχιλόχος	6
βορβορόπη	6
ἅγνυμι	6
Γραμμένου	6
γεγρ	6
θανύς	6
ΧΠ	6
ΑΒΛ	6
ΖΤ	6
ΗΥ	6
ΞΙ	6
ΝΕΞ	6
ΑΕΖΓ	6
ΣΟΦ	6
ΗΕΓ	6
ΘΕΓ	6
βτλθ	6
τετρακαιδεκάεδρον	6
δύοκαιτριακονταεδρος	6
ΓΑΖ	6
κυανόχροος	6
ποικίλοθριξ	6
κρέμασις	6
ΚΤΡ	6
τροχηλία	6
ἀνεπιστάμων	6
Μνησαγόρας	6
Ἀρχύτειος	6
αρμονικαω	6
λαμιεχω	6
Αλλάλα	6
δξυτερος	6
τωὐτῷ	6
σκάνεος	6
φρυγιακη	6
κλαυθμώδης	6
μελαγχο	6
ἀνυφίστημι	6
ἐπίφλεβος	6
παλινδρο	6
ἐπικλην	6
περίστροφος	6
ἄθερμος	6
κροκυδίζω	6
πυρίημα	6
ὀδαξησμός	6
ἔσχαρος	6
τοιαῖδε	6
ζῳώδης	6
πλιχάς	6
ἑκάστος	6
Σύμφωνος	6
ἁλκυόνιον	6
ἀπαρασήμαντος	6
ἀνθεστιάω	6
Διομ	6
ἀνέμη	6
οἴκιος	6
ἡρεμ	6
φθείρομαι	6
δολαδέδλαν	6
Μᾶτρις	6
κῶον	6
αληθοδιδωμι	6
λευταῖον	6
φυτάω	6
ατίμητος	6
θυραυλία	6
ευφραίνω	6
παρεγχέω	6
διαπερῶ	6
ανέγκλητος	6
ξένισις	6
ἐσχύς	6
ἐφορμή	6
ἀπαλωτέραν	6
αιμοδορος	6
εἰλῆς	6
ιλαροτητη	6
απλοαδδιξ	6
ὅλιγυς	6
ἐπιψύχω	6
Φυλ	6
ἡρεμαίᾳ	6
ἀγχιστρον	6
αὐτῖχα	6
Ἀρχέπολις	6
ὅπεο	6
διασώρει	6
συμβαίνει	6
βῆθρον	6
ἀπόλαυσμα	6
ἀδίκ	6
Λυκούργειος	6
ὑπαιρέω	6
Ὑστάνης	6
τέγναι	6
φλογιάω	6
Πουσάν	6
ἀλλάξ	6
ἀνασκήσεως	6
ἐνέγκω	6
ακτίνη	6
Κωνσταντινού	6
Ελληνικός	6
ἐπανεῖδιστα	6
Ἐνοδία	6
ἰσοδίαιτος	6
Τοθ	6
ἀριστόλοχος	6
Χαρίσσα	6
χρυσίδιον	6
Ὑβλαῖος	6
Κονίνος	6
Φάσος	6
Κομᾶς	6
αφιεπομαι	6
Δρόση	6
Τέλας	6
ἴππα	6
Ἑλίκων	6
προεκκαθαίρω	6
καίγάρ	6
πρόγλωσσος	6
στοτερος	6
Κάλλαισχος	6
ὀπηγικά	6
μυσυειντα	6
συνοος	6
Ἰσραηλῶν	6
Ἀδράστιος	6
ὀκτωκαιδεκαπλάσιος	6
Ϡ	6
ἄκεσμα	6
Δρακίος	6
ΕΕΣ	6
κίδνημι	6
Ἄμων	6
ὑπορρήγνυμι	6
περιδ	6
πειραίνω	6
εὐχλος	6
Ἀγαμέμνῳ	6
Χρῦσα	6
Καίτης	6
ολέθριος	6
Δότος	6
Γαγγητίδα	6
διαδήλως	6
λωσαν	6
πέρυκε	6
οἰκουμ	6
Ἡρακλεῖον	6
μεσούριον	6
ύαινα	6
ὑλαχή	6
γαστρ	6
ἀνγαῖς	6
ντῆς	6
ἡρο	6
συνεμ	6
Χῶλος	6
καλόγηρος	6
ἀλεξιφάρμακος	6
φρεωρύχος	6
δημηγορώ	6
πόδεια	6
ξιφήρους	6
Λέου	6
βαρυστενάχων	6
Δαμῆς	6
ἰσοσυλλαβία	6
Ἀρούντιος	6
Ἑκάσων	6
χρωμαλικῆ	6
ἀσώζεται	6
ὀξύπυκνος	6
ἡμίς	6
Βαρύτη	6
ΔΙΑΤΟ	6
Διεζυγμένων	6
ΣΗΜΕΙΓΑ	6
ΣΗΜΕΙ	6
ἡμίᾰλφα	6
εξύτηζα	6
Τεῦτη	6
χαμμιλῶ	6
χάν	6
μεσόπυκνον	6
Τέττα	6
ποσάχως	6
παραυπατεω	6
τεχνάω	6
Σήμω	6
Αὐρῆ	6
οδυνοος	6
αφελής	6
Φανερά	6
ἕτος	6
ειδο	6
ἀβλα	6
Ὀπωνικόν	6
εικειμαι	6
ποικιλόθρονος	6
ψυχλῶ	6
σιτελος	6
παγώνω	6
Μνησίστρατος	6
Πέρι	6
διάπεζος	6
Μακέτης	6
θάψινος	6
διμέτρητος	6
Θύρσος	6
κεφαλαιωδώς	6
Νομίτορι	6
Διόφιλος	6
φειδίτια	6
ἀποδιοπόμπησις	6
διοπομπέω	6
Ἰαλύσιος	6
εὐδόκησις	6
Ἡρακλειώτης	6
Βριθαγόρας	6
Μισώρ	6
οσαυος	6
ὀκτάτευχος	6
Πρίεπος	6
γεράνειον	6
λλῆς	6
ἄταρον	6
σαρχνῶν	6
βίμαι	6
Ευρωπαία	6
ἐπίμᾶλος	6
συμφορ	6
προσεικέναι	6
σελευκις	6
σζγ	6
σίκιννος	6
Ὁμολώϊος	6
Τευμησός	6
αμαηλιδαις	6
κιναιδολόγος	6
κακογαμίου	6
Πάντος	6
Σφύρων	6
Ζηνόδατος	6
καταφυλαδόν	6
νοδοος	6
Ἀνίας	6
ἰρήν	6
πρηγῆς	6
Ἰησονίδης	6
ἐγκοιμάω	6
ἀπηνύρα	6
αλαοσκοπη	6
θώρακ	6
ἐνάλλαξις	6
δυσωπητέον	6
τρίκορος	6
δεικανάω	6
Μαστορίδης	6
Ἀωδῶνης	6
ἀντυχος	6
Δί	6
Βρισίς	6
Φυτάλης	6
Πείρεως	6
Ἀλέγας	6
δολιχεγχής	6
λαβρεύω	6
ἀνδροτής	6
ἑδνόω	6
εἰςάγει	6
παλινόρμητος	6
ὑπεκπρορέω	6
βροτόομαι	6
πάναγρος	6
Ἀμφιμέδων	6
Αριστόνυμος	6
Μεγάνδρου	6
κύθος	6
ἐσχατόγηρος	6
ἐσχατόγηρως	6
ὀρυά	6
μολόβριον	6
ἐπιμαστίδιος	6
εκχειριον	6
νέννος	6
Μαμής	6
σύρβα	6
δίνυρος	6
πειώλης	6
τρισεξώλης	6
ἀπημπολημένος	6
λιμοκίμβιξ	6
γράσων	6
Λίτος	6
χαλκίδιον	6
ἀλλοχόθι	6
μείζα	6
κατακύλλωμα	6
ἀνδρίον	6
ζῆφει	6
ἐγκέλευσις	6
Ἀσχύλῳ	6
Ἀξίνη	6
ἀχέω	6
ἰβύ	6
πρωτεξάδελφος	6
Φυλακίδας	6
χαιρηδών	6
Μαραθωνομάχης	6
ἐχθοδοπός	6
πυγίδιον	6
φασῶ	6
κεβλήπυρις	6
Μανᾶς	6
Φρυγίλος	6
πυτιναῖος	6
ἐλεᾶς	6
παρθένεια	6
καταιθαλόω	6
φιλύρινος	6
ἀπαιθριάζω	6
διαψαίρω	6
Σωστράτη	6
Γλύκη	6
ἡμιδιπλοίδιον	6
εὐηθικός	6
ἀποίσω	6
ἀπόκινος	6
προβατοπώλης	6
βυρσαίετος	6
αἱματοπώτης	6
ἀδεκάτευτος	6
ἀναιδεύομαι	6
ἀποστλεγγίζω	6
σκερβόλλω	6
κυναλώπηξ	6
Λαμπτρεύς	6
ἀνακνάω	6
πάμφιλος	6
ναυλόχιον	6
τορέλλη	6
μαινίδιον	6
κλιντήριον	6
καρδοπεῖον	6
ἀρκτεύω	6
Μοσσυνικός	6
φασιατη	6
συνθεάτρια	6
Τελμησσεύς	6
Μεγάλλειον	6
Ἥρυλλος	6
κυνοπρόσωπος	6
στρεψίμαλλος	6
ἑπτάπους	6
ακροφύσιο	6
βυσαύχην	6
ἀνοητία	6
κάνδυλος	6
λεκίσκιον	6
Παμβωταδῶν	6
σπυρθίζω	6
σύμπους	6
φνη	6
Ἀχερδοῦς	6
μελλόγαμος	6
κυλοιδιάω	6
ἰσχαδόπωλις	6
Τρικορυσία	6
ποσσός	6
Χαλκίοικος	6
περίλεξις	6
στενολεσχέω	6
Διερᾶς	6
καταφρύγω	6
Κλεωνύμη	6
ἀπόφυξις	6
δυσκολόκαμπτος	6
Κηκείδης	6
ἐπιθαυμάζω	6
ᾀστέον	6
χυτρεοῦς	6
ἱπποκομέω	6
ταξιαρχέω	6
βοτρυόδωρος	6
βληχωνίας	6
οἰμώσσω	6
ἰχθυολύμη	6
παρενσαλεύω	6
ἐπαναβοάω	6
Βλεψίδημος	6
σκορόδιον	6
ἐκνόμιος	6
μελανοκάρδιος	6
Ἡρακλειοξανθίας	6
λασιαύχην	6
ἀπεριλάλητος	6
δυστοκεύς	6
στίλη	6
χοίρινος	6
διατραγεῖν	6
ἀναμασάομαι	6
ἀλοκίζω	6
ἀρύστιχος	6
χελύνη	6
Ἐφουδίων	6
Αἰσωπικός	6
πτιλωτός	6
ἐγγάστριος	6
δερματικός	6
τετράγναθος	6
προβαδίζω	6
ὑποθολόω	6
σκοπούμενος	6
ἴχνευσις	6
πλατυπρόσωπος	6
πρόσεικασμαι	6
ὑδροθηρία	6
λειαν́ͅζω	6
διστιχής	6
βοοστάσιον	6
καμηλίτης	6
εὖθριξ	6
αἰδο	6
τετρακόρωνος	6
τοξαλκέτης	6
κερατόω	6
ὑπανατέλλω	6
ἀναλανθάνω	6
Σοφά	6
κριθίασις	6
κατατραγεῖν	6
ἑκτήμοροι	6
νίδι	6
Σοφωνίδης	6
Μνησιθείδης	6
ἐπιχειροτονία	6
ἀδικ	6
κιθαρίστρια	6
δύμους	6
κοτός	6
πολύχρους	6
εὐθυέντερος	6
λαιαί	6
ᾠοτοκία	6
σκωληκώδης	6
κυΐσκομαι	6
χρυσαλλίς	6
σύναμμα	6
τραχυφωνία	6
βραχυσκελής	6
χονδράκανθος	6
ἀπογηράσκω	6
νεφροειδής	6
πολύπτερος	6
κορδύλος	6
λοχάζομαι	6
ἀδηλόφλεβος	6
ἀνήνυστος	6
Ξενική	6
συντελεστικός	6
διαρθρωτέον	6
ἄρεσκος	6
ἔκπνευσις	6
σπερματῖτις	6
ἐκτετμημένοι	6
αἱμορροίς	6
τεσσαρακαίδεκα	6
κατακολυμβάω	6
ἐγκρασίχολος	6
ἀθερίνη	6
ἁλιάετος	6
φιλόλουτρος	6
μελαγκόρυφος	6
δειπνοφόρος	6
ἀσινῶς	6
τέλεως	6
καταλείφω	6
σεσάπτω	6
τἄλλος	6
ὑδατοθρέμμων	6
ἅδρυνσις	6
αἰγών	6
λοφώδης	6
Πίων	6
φωλεά	6
πτυρτικός	6
Ἀντισσαῖος	6
κοτυλίζω	6
ἐνθένθε	6
σκαληνής	6
νόσανσις	6
οὐδεμᾶς	6
αὐτόφυτος	6
ἰσοτύραννος	6
πενταρχία	6
τριηρικός	6
ὑπέρκαλος	6
Ἡρακλεόδωρος	6
κόλουσις	6
ἐδεστός	6
προπαιδεύω	6
ὅσσας	6
ἀνάρρινον	6
ἀποπνοή	6
καταπεδάω	6
ἀνδριαντοποιία	6
φιλοδικέω	6
φυτηκόμος	6
τριττύα	6
παραπρεσβ	6
ἀντιγονίς	6
ὠβά	6
ἀπελλάζω	6
βαβύκα	6
ἐπιγαυρόω	6
αμφιφανής	6
Ἑστιαιῶτις	6
Φυλονόμη	6
Φιλογέωργος	6
συνολισθαίνω	6
παραιτούμαι	6
ἐναναστρέφομαι	6
ἀνακύκλωσις	6
ἀλητήρ	6
Μουσικῶν	6
ἐκβαρβαρόω	6
φιλογραμματία	6
ὑπομενετός	6
ὄρουσις	6
εὐεμπτωσία	6
παρατηρητής	6
προόρασις	6
εὐθανατέω	6
ἀπρόληπτος	6
διαυθαιρετος	6
διαυθαίρετος	6
ἀνεπιθύμητος	6
διοικητικός	6
ἀναθυμιάματος	6
Θρακήσιον	6
ἐπιτιμητής	6
ἐνείλημα	6
φύσαλος	6
βλέννος	6
σφηνοπώγων	6
Μύλος	6
πράσιμος	6
Μάγειρος	6
ἑρμηνευτέον	6
σκυτοβραχίων	6
Κασανδδρεύς	6
Γέλλα	6
κουω	6
Κραγαλεύς	6
βαδγ	6
λμνξο	6
ἀντίστομος	6
Ρέτη	6
λουθα	6
συγκρί	6
Λυμπία	6
τέλι	6
Διάθεσις	6
παιδουργός	6
ὀλιγοδεής	6
ἀκόλ	6
ἀλάθητος	6
ἀπαλλαγέω	6
Ἄθανις	6
αυξουμις	6
Φρουμεντίου	6
ἐξορισμός	6
Δρακόντιος	6
ἀποβάλλετε	6
ἐποφθαλμίζω	6
Κοπρῆς	6
Τασᾶς	6
κεδ	6
Ἐλιούδ	6
ἰκάνωσεν	6
ἀθεῖς	6
φιλοπεύστης	6
ἀποθρασύνομαι	6
Θεόδωτος	6
συνταγμάτιον	6
πανηγύρι	6
ασεβέστατος	6
Σαβελλιανός	6
ἀτίσιον	6
Παρατονίου	6
ἀντιδιατίθημι	6
πρόπάλαι	6
απλανώς	6
Ἰνατί	6
συγπολιτεύω	6
προσταζάντος	6
βιπτους	6
σαφροτηταω	6
διψυχος	6
τετραγλησμένα	6
λατρεύς	6
συνεξισόω	6
αγιασυνη	6
διώμα	6
ἐργόχειρον	6
Βίλης	6
νόμμά	6
συμπαρατυρεω	6
ἀπαγγλάσμα	6
μαχαριζεω	6
παρόρσεως	6
Ἑπόθεσις	6
ἡχοῦ	6
επιπίπτω	6
θρεῶν	6
δυσωμιον	6
αναγγέλλω	6
δευγραφω	6
ΜΖ᾽	6
ἡγαπημένην	6
τεχμαιρομενω	6
Σίχμα	6
περίωσις	6
Βαγή	6
Στύλος	6
κληροδοτέω	6
Μεσημβρινού	6
αλάτι	6
ΡΑΔ	6
Ράη	6
ἄτυπος	6
ΡΜΔ	6
οἰκελίαν	6
παρεπικραίνω	6
κινναδάρεως	6
εὐφρανθῶτωσαν	6
ατελευτεω	6
δολιότητα	6
ἅνιξ	6
Σωτηρίου	6
Ἄδιος	6
ἀντελάθου	6
ασχειεπομαι	6
σταυρώνω	6
προσεύχω	6
ΡΚΗ	6
προανατάσσω	6
Ἀχώριστος	6
Ἰνίκα	6
νουςιν	6
νομογράφος	6
ἀνεξιαχίας	6
ευποιος	6
σπῖρον	6
θελοκακέω	6
αδεμιος	6
προεξετάζω	6
Ἐπικράτεια	6
ἐπισπουδαστής	6
λυμμα	6
ἐδλαψεν	6
δάρ	6
ἐπεσκεμμένως	6
καταδιδάσκω	6
Γολιάδ	6
ἀναβλέξαντος	6
παρουτις	6
αποσυς	6
στράτιος	6
πτύξις	6
θεοποίησις	6
καταφύτευσις	6
διγῴσκω	6
προσληφθείς	6
Ἐπιλαβός	6
τεχμηρίον	6
ἀτδίον	6
Νόσιος	6
Σαμωσατέως	6
εθουλομεις	6
σπίλη	6
σενόν	6
ευποια	6
οὐχἐτι	6
λα᾽	6
εκφόβιση	6
συνηθίζω	6
ταυτέστι	6
μήσεως	6
αγανός	6
ψῦσις	6
ἀκύκλωτος	6
Ἀσύγκριτος	6
ἰσπέρας	6
ὁμνύντες	6
χρυγματος	6
Ζώτα	6
ἐρωδία	6
γλαῦχος	6
Ἐχράν	6
Σαφάρ	6
μιλωτή	6
ιουδης	6
Ἀμασία	6
ἀθεῖν	6
νῦσι	6
Σοφάρ	6
προσιτεύω	6
ιδ᾿	6
διψών	6
Βαρτιμαῖος	6
Κολοσσαίους	6
ξους	6
ἀναχωρητής	6
Λύε	6
ἐπτακισχιλίους	6
τετριμ	6
Αδέλα	6
δάπος	6
ονομαστός	6
χαρκός	6
διτορμία	6
ἐντορνία	6
μηρύομαι	6
ΝΞΟΠ	6
Χ	6
οξέινος	6
πλεῖον	6
τρύπησις	6
ἔκπυρος	6
Πύρο	6
Ἀλεξάνδρη	6
ἀφετηρίσματος	6
ποτάμι	6
σφενδοντ	6
Φάλαρος	6
Ἑρακλέους	6
Υψούς	6
μέσις	6
δίστων	6
Ακτάν	6
Σωτηρίδας	6
ὑποβινητιάω	6
ἐμφόρησις	6
ἀείψω	6
αὐτοδιακονία	6
ὀρχηστοδιδάσκαλος	6
ὀμφακίας	6
πιθάκνιον	6
πράμνιον	6
Πόλλιος	6
ὑανία	6
ἑπτάκλινος	6
στρώτης	6
σποδιάς	6
χαραγμός	6
βάτιον	6
Φηγοῦς	6
κιχήλα	6
ζωμήρυσις	6
εὐβλαστής	6
φλυακογράφος	6
᾽ι	6
κακόχυλος	6
Ῥύγχος	6
ὁλόκνημος	6
οὐρανόπολις	6
Συνεξαπατών	6
Τιμοκλέα	6
Ἀπαγχόμενος	6
διάχριστος	6
Βλεψίας	6
ἀμολγαῖος	6
Ῥαπιζομένη	6
χονδρίτης	6
Ταυρεῖον	6
μυελόεις	6
ὑψιπετήεις	6
βάραξ	6
ἐλεγειακός	6
ἐφάμαν	6
πεντάμνους	6
ἱεροκῆρυξ	6
Γνήσιππος	6
δειπνομανής	6
ἀκύλιστος	6
Λεσβόθεμις	6
ἐγγηράσκω	6
ἄθυστος	6
Φυλώ	6
Ἐνιαυτός	6
ιη᾽	6
πολεμάρχειος	6
κυκληδόν	6
Πηγάσων	6
τερατολόγος	6
Θουριοπέρσαι	6
ὑπολιπής	6
Ὀρτύγης	6
φιλόβοτρυς	6
κιρροειδής	6
βαμβραδών	6
κυνόγλωσσος	6
Κυλάβρας	6
τευθίδιον	6
ἠλακατήν	6
βλητικόν	6
τράχουρος	6
πρημνάς	6
Γλαύκος	6
Πρόπις	6
χάλκιος	6
σκάτος	6
φοινικόπτερος	6
συμβολατεύω	6
χειρογάστωρ	6
πυραλλίς	6
Σιμάριστος	6
Πηλιωτικός	6
τρέφος	6
εὔθηρος	6
Σιμία	6
χειρόνιβον	6
πενταθλεύω	6
πυκτοσύνη	6
σῖτ	6
Ἀτρεστίδας	6
χείμαρος	6
λύχνον	6
λῆστις	6
διεχθρεύω	6
γριφεύω	6
θαμνομήκης	6
Καστοριων	6
ἄφλοιος	6
ἄσκαφος	6
προχύται	6
φίλορνις	6
μεσάγκυλον	6
ἡμιδεής	6
θεολ	6
ἀνδροδάμας	6
ἐνιαχῇ	6
τετράωτος	6
εὔδροσος	6
μαθαλίς	6
πινακίσκιον	6
ἔρεισις	6
ἰοπλόκαμος	6
Ἑκαμήδη	6
πελλίς	6
ψυκτηρίας	6
χαλκηδόνιον	6
ὀρτυγοκόπος	6
κιονίσκος	6
ἐπιμηχανάομαι	6
παρυφή	6
ἀκταία	6
αλκ	6
Διόμνηστος	6
περιάργυρος	6
Θεόξενος	6
Ἀρεοπαγιτικός	6
Νικοφάνης	6
ἑταιρίδεια	6
Ἐλα̈ῖτης	6
Λαμύνθιος	6
ἐπαποθνήσκω	6
Ἀργύννος	6
Λητῷος	6
συναυλέω	6
κυβέλη	6
κερατόφωνος	6
Ταναγρικός	6
τρωγάλιον	6
δενδαλίς	6
περισείομαι	6
αἴγιλος	6
Τυνδάριχος	6
Ἡρόστρατος	6
χάλκη	6
λαισήϊον	6
θνείͅσκω	6
δίμυξος	6
ἀφίω	6
απόρροια	6
Δερκετώ	6
ΚΜΘ	6
ΛΝΘ	6
γίστου	6
Ἀχιλλ	6
Ἐρίβοια	6
ρονος	6
ἀζήλωτος	6
ὀξύπτερος	6
παιδοφθοράω	6
καταδέχω	6
καταξίωσις	6
ὑψιπετής	6
προομίῳ	6
επιζών	6
ἀναυδάω	6
πολυπραγ	6
οὔ	6
ὑπέρχρονος	6
ὡσημέραι	6
ἔναρ	6
προτεμένισμα	6
ἀτρομέω	6
εδεδαιωθεω	6
φιλοδεινος	6
ἀπόφρασις	6
πολιορχεομαι	6
πρωτοπλάτῃ	6
Βασκανία	6
Αυγός	6
ὄστρον	6
ὅσφπερ	6
Ἐλίου	6
χρηστουμενω	6
χειραγωγῶ	6
ἀποκληρόνομος	6
χρήγμα	6
Νάιν	6
ἐφελκύω	6
ἀπλάνην	6
βύστινα	6
σύλληξις	6
Παντάγου	6
ἀκροβίνια	6
δνως	6
επισυς	6
Βηθσαϊδᾶ	6
τραχύλῳ	6
ψιθυριστής	6
κενδοξίας	6
ΡΣΤ	6
ἀρήνα	6
ΡΚΖ	6
ΡΜΒ	6
ΡΜΓ	6
ΡΟΓ	6
γαίνεται	6
ΡΠΑ	6
ΡΠΖ	6
εὐγνω	6
ΣΙΖ	6
ΣΚΓ	6
ῥήμων	6
ΣΜΓ	6
χαιραν	6
φητείας	6
ὑπολίαν	6
λυχνικός	6
ιθ᾽	6
ἡκατόρθωτος	6
παραρᾶν	6
τβ	6
Ἐπέραστος	6
βραδυμαω	6
ἐκλαμ	6
ἀρχηγέω	6
αναμφίλεκτος	6
προρριζόω	6
ευχριναω	6
ἀπαλώτερον	6
φοίνικος	6
συσταυρόω	6
Ῥάνιος	6
Αμέτ	6
συγχωνεύω	6
Εὕρησις	6
Κάτωρ	6
καθήμενος	6
ἡδοναθείας	6
προσφορία	6
αγαλοτητη	6
ορθοτητη	6
ἄθεσι	6
Συντέτος	6
ἀκατανάγκαστος	6
δυστυποτατοῖς	6
παραμεθίημι	6
ἐντεχνής	6
παραίρω	6
εὐπερίγραπτος	6
συμπεριλαμβάνομαι	6
ακρορειη	6
Ἀκλῆς	6
Ἄνωσος	6
Βηθήλ	6
Δέντες	6
εὐπερίληπτος	6
ὑμβρῶν	6
Ἀκούτωσαν	6
εκφροναω	6
ἐδλαφεν	6
εγκαλούμενος	6
τύλωσις	6
πτενείοις	6
αμετάδοτος	6
ὡςπαρ	6
ευρησις	6
ὑπεστόρεστημι	6
ὀξύνους	6
Ἰοβῖνος	6
παρασυναγωγή	6
γραμματίας	6
ἀπόδεκτος	6
Βικαρίου	6
ἐνασχολέομαι	6
τεκνοτροφία	6
σύμπλοκος	6
απύλωτος	6
ἐπιβουλέω	6
ὑπέρεισις	6
ουτινοος	6
ἐνεχύρασμα	6
ῥαβία	6
Σιντός	6
καταπαγγέλλω	6
μέρις	6
αλαμπής	6
οδινουω	6
παρακαθίστημι	6
γαμαλ	6
ἐγκαρπον	6
απρονοεω	6
πονθέναι	6
αποντ	6
συνεκτρέφω	6
εστιάτορας	6
θεολο	6
σκεῦθ	6
ὑγία	6
Μοσχού	6
πεφυώς	6
πλοῖσιον	6
ισθιεν	6
ύψιστος	6
θησαυρισμός	6
κατεπαγγέλομαι	6
ὑπερολή	6
Ζώφου	6
ἀπότισις	6
ἀπονομία	6
κατάλλαξις	6
ἀναξιότης	6
δεσπομεθη	6
αοαμβυξ	6
Λέιτε	6
τυρβάζω	6
Φύγελλος	6
παῖγιον	6
ποιαπᾶ	6
δυσαναγετούντες	6
πόλαιον	6
υπολοισω	6
ασυχλια	6
ἡμίπνους	6
Ἄριστους	6
ικανότατος	6
Βήρωσσον	6
Κορδυαῖοι	6
Χαλδαιστί	6
Ναβόννηδος	6
ἐπαιάζω	6
Σάχαν	6
ἐξάρτυσις	6
αῦτ	6
τετράενος	6
ἄστυρον	6
Μνησάρχειος	6
Κύρβας	6
γενειήτης	6
ἡμερόσσα	6
Έμπερ	6
λαβοῖσα	6
νιέα	6
Κρης	6
βαριος	6
φίβλα	6
γόνημα	6
Καίρατος	6
πάχης	6
Κανάχη	6
ἐνεύδω	6
εὐδενδρόω	6
ἐξίμεναι	6
παραίσιος	6
Προμήθειος	6
πρωτάγριον	6
Ἡγήσινος	6
ἑλικτήρ	6
πολυχ	6
εἰκόνα	6
Πτολ	6
τραχεία	6
υπτιάζω	6
Σκληρίου	6
βλῶσις	6
θεοτέρατος	6
θεοξένιος	6
λικ	6
Λιψ	6
Παιά	6
ἀπροφύλακτος	6
Τρεβέλλιος	6
Κάτουλος	6
νόμισις	6
ἐπέξοδος	6
Ανέλ	6
Σεόυηρος	6
Κυίντος	6
ἐπεξάγω	6
ἐφοδεία	6
συνιερεύς	6
φιλοπροσήγορος	6
Νιγίδιος	6
Σάξας	6
Ἀσίννιος	6
Κορνουφίκιος	6
Στατίλιος	6
Ἰωτάπη	6
ἡμίκαυτος	6
ὠτακουστέω	6
ἐπικομπέω	6
ὁσόισπηρ	6
τιμητεία	6
ἀναλάζομαι	6
Χάττοι	6
Τανεῖς	6
ἠκούω	6
πγτομαι	6
Πέτου	6
ἀπεναν	6
λιβερτῖνος	6
τεσσαρακονταετής	6
αφώτιστος	6
νούμερον	6
λοτηταω	6
διακλέπτω	6
λυκαονιστί	6
ἀλίσγημα	6
διαβριθῆ	6
Πτολεμαεῖς	6
Στασία	6
εἰδωλολάτρις	6
Κολοσσαέων	6
φιλοθεότης	6
εὐπροσωπέω	6
εὐπάροιστος	6
ανασκιρτώ	6
ἁδρόομαι	6
καταφρό	6
κυῖαν	6
εκτελών	6
ψομαι	6
διατομή	6
πάτωρ	6
Θεοφάνεια	6
ενανθρώπηση	6
Σόφουν	6
απέλαση	6
πολύφροντις	6
τελεταρχία	6
κυριαρχία	6
ἀναζωπύρησις	6
χλευαστικῶς	6
ἀψεύδεια	6
ὑπερθαύμαστος	6
ὑπερφροσύνη	6
δαπτι	6
κερδαῖος	6
ἐκκενῶ	6
προστατικός	6
καταφανίζω	6
πλήττω	6
ζωογόνησις	6
απαρασάλευτος	6
παρέξοδος	6
συνυπουργέω	6
κάλεσις	6
ὀλοφ	6
ὑποσκευή	6
ἐκτραχηλίζω	6
καταδικός	6
ἀθυροστομέω	6
εὐηγορέω	6
σεβασμιότης	6
ταμένος	6
φιλοξενέω	6
Κατάρας	6
ἀναστοιχειόω	6
αὐτοπηγή	6
συγκαταβατικός	6
επαρκώ	6
ρἄρχομαι	6
ἀνηκουστία	6
γίγνωμαι	6
ἡσύ	6
αμνησίκακος	6
κατεξετάζω	6
σμικροπρεπείᾳ	6
προσδαπανάω	6
ἀηθέω	6
καταναθεματίζω	6
φηνω	6
Δεκάπολις	6
δυσεξαρίθμητος	6
φιλοκτίρμων	6
ἐναρκέω	6
ἀρρώ	6
οἱωδήποτε	6
κησα	6
δυσδιόρθωτος	6
Κεφαλαίων	6
συγκρ	6
αὐθαδίζομαι	6
βουλομ	6
ὑπομ	6
ἀνακη	6
Αγάπ	6
ἀβεβαίως	6
βάχχαριν	6
Μίδος	6
Οἰνείδης	6
ἀρχαιοπρεπής	6
προφθασία	6
Ἄσμενος	6
Ῥοδογύνη	6
κωπήρης	6
ἐξᾳέλμω	6
Λυσάνδρια	6
σκλῆναι	6
ὀλβ	6
θραχύ	6
Ἵπος	6
φοιτητός	6
ΣΟΥΜΜΟΥ	6
χειρέω	6
λύκη	6
Γυμνάσιον	6
συλλανθάνω	6
συμπό	6
ὀρφανίζω	6
λάκτους	6
Εἰδυία	6
ἀποδία	6
κυνηγητό	6
Πάκτωλος	6
ἀποχειρίζω	6
κορυβαντιῶν	6
συναποσβέννυμι	6
υδριζω	6
Ἵπως	6
Ὁμίλος	6
Ἐπιμέλεια	6
φλβ	6
̔̀	6
Γόθους	6
Ἀδριακός	6
φυλοι	6
Θάσσος	6
ιωπολις	6
φορεσιά	6
ρλζ΄	6
ρς΄	6
δίνα	6
τμ΄	6
τπ΄	6
Ἰεζάν	6
κατεμβλέπω	6
συσκηνόω	6
πιπώζτω	6
ζυμωτός	6
Κιναῖος	6
Δαλιδάς	6
τευσε	6
Ἰθώβαλος	6
υν΄	6
ρμγ΄	6
Βεηρεί	6
ὄφιον	6
Ρήμου	6
Ῥωγήλ	6
περικνημίς	6
ουαφρεω	6
διατηρούμενος	6
ἅπλωμα	6
επίκρανο	6
ἑπτ	6
καμερινοος	6
Αὐγουρῖνος	6
κόσσος	6
ρια΄	6
ριδ΄	6
ρκγ΄	6
Αἰγούστου	6
βρίου	6
γενεῶς	6
Τύχικος	6
οὐκίτι	6
προυπαρξις	6
κωνσταντινοπολις	6
βολουσιανω	6
κιρκίσιον	6
ναυοιδανω	6
σξ΄	6
Σαλουταρίας	6
στιανῶν	6
Μοῦρσαν	6
λαργιτίων	6
Καρθαγένη	6
τζ΄	6
ἐξκουβίτωρος	6
τιβ΄	6
Ὀλυ	6
Βίγκας	6
ῥογεύω	6
ενανθρωπίζω	6
Θύας	6
ἀνύπατος	6
Ἐπιφανία	6
ὁλοσηρικός	6
νῶμα	6
Ἄργιον	6
Στησαγόρας	6
Ἀθηνάδης	6
συμμνημόνευσις	6
ἀναίρετος	6
επακ	6
ἀποσπασμός	6
ἐξαθρέω	6
συντακτός	6
Παρέλη	6
διαλεγ	6
ἀκαθεκτέομαι	6
ωςαυος	6
εὐθυβολέω	6
καθείμαρτο	6
δυσθανατάω	6
ὀξυδορκέω	6
γεωπονέω	6
δάκρυσις	6
ἀῤῥωστήματος	6
ὑπεξαιρετέος	6
αντιδρώ	6
πανέα	6
καλλίτριχον	6
ὑπέρσεμνος	6
διαξαίνω	6
ἐθελόπονος	6
Μεμνόνειον	6
εὐερμία	6
Τεντυρίτης	6
τειληχάομαι	6
ἁρματηλασία	6
Νίβας	6
εἱργμός	6
ἐντομίας	6
αναστέλλω	6
Σύρφαξ	6
ἐπίστημα	6
Εὔστολος	6
ἀδιάδραστος	6
λοχίτης	6
ἀρχιθέωρος	6
Καλανός	6
γεφύριον	6
τιμήσιος	6
Πυρετός	6
χειλός	6
ἀπηλιωτικός	6
ξῳδίων	6
κρεωφαγέω	6
δενδρικός	6
Μέο	6
ἐπιχάριτος	6
εὐφρόσυνος	6
ἀφροδισιακός	6
συγκρατικός	6
κακόπαθος	6
πρισμάτιον	6
στυλίσκος	6
ἑτερόσκιος	6
ΒΗΚ	6
ρῑζ	6
ΖΑΔ	6
ΓΗΕ	6
ΔΖΚ	6
σλθ	6
χμγ	6
ἡμισάκις	6
τκζ	6
τλδ	6
σμθ	6
δίμοιρον	6
σπβ	6
ὀπισθόμηρον	6
Προτρυγητήρ	6
γαλάκτιον	6
διεψευσμένως	6
ΒΓΜ	6
ασξ	6
ΕΑΘ	6
γυπτίους	6
ΔΚΜ	6
σλβ	6
ρξϚ	6
Κλεάν	6
ὑποεργός	6
Πτ	6
κακοπραγμονέω	6
Μολπαδίη	6
αχραγαντιναω	6
λικοιξ	6
εξάντας	6
σίσυρος	6
Θραξ	6
αλλοπους	6
υλς	6
κειμ	6
μηθέως	6
σκαφηφόρος	6
Καραμβύκαι	6
αριστογοηρα	6
τμητής	6
νέαρχος	6
εμπαινεος	6
Κόλαξ	6
Ὑπεροχίδης	6
πρωτοκτίστης	6
ἀνωνόμαστος	6
συλλύω	6
προσφιλονεικέω	6
φιλαγαθία	6
ἐνεχυρασμός	6
προδιανύω	6
κιχλισμός	6
ὀνειδιστέον	6
πολυσχιδῶς	6
καψάκης	6
ἀναπιδύω	6
αὐτουργικῶς	6
βλεφαρίζω	6
ἐπισπουδάζω	6
Μεγακλώ	6
Πρόσυμνος	6
Λυκοπολίτης	6
λεσχηνεύω	6
ἐξιχνευτέον	6
ἐκβόσκω	6
καθιππεύω	6
παραπήγνυμι	6
τρισάσμενος	6
παρακεκαλυμμένως	6
ἐννομολέσχης	6
Τελμισεύς	6
Δαμναμενεύς	6
Ταραξάνδρα	6
βτ΄	6
διαβιάω	6
οἰκετία	6
εὐθυρήμων	6
δυσάνολβος	6
ἀποαίνυμαι	6
Αἰσώπιος	6
παντοκρατορικῷ	6
ἀπότμηξις	6
ἐνδελεχίζω	6
ἁμάξιτος	6
αἰολόχρως	6
Καμιρεύς	6
τεραστίως	6
τηλαύγησις	6
ἀλειπτικός	6
συνεπιγράφω	6
ἀμεμφῶς	6
περιήλυσις	6
θηρατέος	6
Χανανίτης	6
εὐηργταίνω	6
ἀντιτιμάω	6
ἐπιδιψάω	6
ἐπιδημῶ	6
Βαλαναίας	6
ἑπτακοσιοστός	6
καλαθοειδής	6
φιλαδονία	6
Λούγδουνος	6
Μώμορος	6
περίπου	6
στό	6
σπαθίν	6
δέντρο	6
πηαινοος	6
τιποτης	6
καταλόγιν	6
συννεφιά	6
φουσσάτον	6
κονδύλι	6
ψίχα	6
εσμιξους	6
θλιμμένος	6
ορέγομαι	6
πελεγρῖνος	6
μαρκέσης	6
Καπετάνος	6
εὐγενικός	6
απόκοτος	6
εμίσσεψε	6
κάλλιον	6
εδώθε	6
ανδριανοπολις	6
δημηγερσία	6
πενήντα	6
δόντι	6
Καλάβρυτα	6
Αμυκλίου	6
Ρουμπέρτον	6
κιβιτανος	6
Μπαΐλου	6
αντίδικος	6
μίλιν	6
Μελιγού	6
αφιρόν	6
μπριαθηρ	6
ὄμορφος	6
Καρύταινα	6
Ελλάδα	6
εύκαιρος	6
συνήθειον	6
φαρίν	6
όψιδαν	6
Κοντόσταυλος	6
Μακρύνος	6
Ντζάς	6
παιδεμένος	6
τοσούτως	6
εκατουνέψασιν	6
ράχη	6
Ρηγάτου	6
ονόστιμον	6
ευλογούμαι	6
ρογατοροος	6
Αλαμάνους	6
Βάνη	6
ἑβγάνω	6
ορεοκλοβος	6
Φλοράν	6
ἀπάνου	6
Λυγερή	6
ψυχομαχέω	6
τρομάσσω	6
ῥήγισσα	6
κλωνάρι	6
φλέγος	6
Ἄστρη	6
βουητό	6
ρίζα	6
σκυλί	6
Κερᾶς	6
ανημπόρετα	6
Μπέις	6
σβήνω	6
χόρτο	6
γομάρι	6
κρουφό	6
Ήστεκεν	6
απιλογατα	6
Πρέπα	6
φτάνω	6
λιγωμάρα	6
παίδας	6
έκτυπος	6
λύπηση	6
τραγουδιιστημι	6
στανιό	6
Βάνου	6
ψοματινά	6
απομακρος	6
πριχού	6
Γιαμιάς	6
Πρικές	6
παιδαω	6
εγλίτωκε	6
πεθυμαω	6
σφαίνει	6
ξομπλιάζω	6
καλλιά	6
χαμηλώνω	6
καλύτερος	6
Ἀνθοῦς	6
Βάλ	6
γρικημένα	6
μαστοριάν	6
δικιμάσει	6
άσπρος	6
κουρφή	6
ανάβλεμμα	6
ολόχαρος	6
παραμπρός	6
Εδέτσι	6
αντρομηχος	6
Καραμανίτης	6
Μάλιες	6
σίμωσις	6
ψυχάρι	6
παντρεύω	6
ἀναπολίζω	6
πλέρωμα	6
ποθαίνω	6
βαβούρα	6
χορταίνω	6
μαλώνω	6
σελάω	6
λυπητερός	6
Ερωκρίτου	6
πληρωμή	6
Ουρανούς	6
γιατρικόν	6
Νένας	6
σκοτωμός	6
αναπνιά	6
πρικαμένη	6
δέρνω	6
χιονίζει	6
Κοντ	6
σπῆτι	6
Ρουχά	6
Χαρούν	6
φρενίτης	6
ἀλωπός	6
τιμημένος	6
ὅπουθεν	6
ἀγνώσσω	6
επιειντα	6
κυμβιδιος	6
κορίδιον	6
φαχίαν	6
θουκνιδη	6
ἤντιν	6
Λαλῆς	6
κεραμεόω	6
Σωσιχράτης	6
Μολοσσικός	6
Κορυδέως	6
ἡμίκυκλος	6
Δάδιον	6
Λευκόϊον	6
ἡττ	6
Λάμιος	6
σαμάκιον	6
Πρατίας	6
σισάριον	6
λαμπροφόρος	6
Κωφ	6
τρυγόω	6
κακοδαμονίαν	6
Σπήλιας	6
μεσθα	6
Αφρώ	6
Κορυδαλλός	6
Ναύκληρος	6
Κύννος	6
Ἵποβολιμαῖος	6
βάβαξ	6
Βεργαῖος	6
ἀναλογητικός	6
ύμφωνα	6
ὀνόμῳ	6
δισσολογία	6
ὑποτελεία	6
ἐνυπόκριτος	6
παρατατι	6
οἰωνδήποτε	6
ὀρυγμαδός	6
ἀμφιπεριστρωφάω	6
ἡμιτέχνιον	6
ισαυος	6
ψιλωτικός	6
ἐπαγγελτικός	6
μητριά	6
ἀθροιστικός	6
γλωσσηματικός	6
αποβιώνω	6
Δοσιάδης	6
βουστροφηδόν	6
Κάμιος	6
τρόχιον	6
κεραμίδιον	6
αποτελώ	6
Ἀπολλώνιο	6
Αἰαντίδης	6
αὐταιτιώτατος	6
τρυγόνιον	6
ὑπερί	6
μέταξος	6
σεσημ	6
ὁδήγησις	6
διάπλασμα	6
ἐκπέρυγε	6
καλλιστεῖον	6
ριεσπάθω	6
εἰκοσίδυο	6
Μάνθ	6
ἀπαγγ	6
ἑπταμερής	6
κυκλ	6
Χαλκωδοντιάδης	6
Ἀκρισιώνη	6
ετερόφυλος	6
ταυτέστιν	6
οδονεος	6
ξριδος	6
ορθινοος	6
ἐναθρέω	6
διαβατόν	6
Μάνδρος	6
βαρυτόνησις	6
θαμός	6
θινά	6
ἀνταύθα	6
ἀποβατικῶς	6
ἐκκέω	6
σύννοος	6
χεα	6
ψιλεύς	6
ξενάλιον	6
ρωσιστί	6
Χαζάροις	6
Ἀβουβάχαρ	6
Οὐαλίδ	6
ισιγοτθος	6
Βεργώνιαν	6
Σάλωνα	6
φλάμμουλα	6
εκπληρώνω	6
Ἀρπαδῆ	6
βήσσαλον	6
ταξᾶτος	6
Κουροπαλάτη	6
Κισκάσης	6
Ἀγάπιον	6
Σκλαβήνων	6
Καφά	6
Φάρνακος	6
δενδρολίβανον	6
καγκελάριος	6
ἐξάερον	6
παντάναξ	6
πενταπύργιον	6
Καπλάτε	6
δωδεκαήμερο	6
πανσέβαστον	6
προπόλωμα	6
ἀναδενδράδιον	6
βαλτίδιν	6
ἑβδομάριος	6
ποδόψελλον	6
χρυσοπερίκλειστος	6
κασσίς	6
τοποτηρέω	6
μικροπανίτης	6
τρίπλοκον	6
Μητάτα	6
μοδίολον	6
τουβία	6
αβραμιος	6
υπαντώ	6
μητάτο	6
χαμόκουμβα	6
ξυλαλόη	6
μεράρχης	6
πλόιμος	6
Βόνος	6
ἀγροκόμος	6
Παγάνη	6
σταῦλος	6
Ἀποστολίτης	6
Σαγαρινός	6
ἐννεακόσιοι	6
Ἀτταλίας	6
κερατάριον	6
Λαγοβαρδίας	6
Ιαῦλος	6
Βουλίας	6
κλεισουράρχης	6
Κολωνία	6
αρτικλινω	6
φελώνιον	6
παλαιουπολις	6
παγκρατοαμβυξ	6
συλαιος	6
Σέλγη	6
Πανταλία	6
ἀναχ	6
βενιαμι	6
δυσπαραμύθητος	6
Ἀμαράμης	6
ἀσύμφρονον	6
Μελχάν	6
Ἱεροβοάμος	6
σύμπαρ	6
ἀνασχυντίαν	6
Ἱεροσολύ	6
καθεκτέον	6
ἀντιστασιαστής	6
μιμολόγος	6
καλλιτεχνία	6
ελκύω	6
διολισθαίνων	6
φτίνι	6
δημωφελής	6
χρώομαι	6
όπλο	6
συνυπατεύω	6
κιθαριστύς	6
διεστώτα	6
ταπεινώνομαι	6
ὀμι	6
Παρσῶνδης	6
μουσουργέω	6
ῥχεται	6
ιλουεις	6
Ἀξιότιμος	6
παλλακεύομαι	6
κιθών	6
Μακεδαιμονίους	6
Ἀδραμ	6
προεισπέμπω	6
ἀκουσία	6
δυσμενικός	6
προθύλως	6
νεοχλεος	6
σίτισις	6
Πτολεμ	6
θυμία	6
δοξοποιέω	6
καχεκτέω	6
Βραχύλλης	6
ἐπαναίρεσις	6
ρότερος	6
φιλοδ	6
συνεπισχύω	6
πρεσβύτερος	6
ἴστερον	6
Ῥούφος	6
στρατοπος	6
αἰφν	6
Καπίων	6
τελωνία	6
Οκταβιάν	6
Κρατοῦς	6
Ιούλιος	6
βήθρου	6
Σεβ	6
Ἀριστοτ	6
Σαρδ	6
μακρονοσία	6
Ὄλας	6
περιλιμπανόμενος	6
προσκυρόω	6
οὐψιβίας	6
ἀττικιστί	6
Ζελφή	6
Χενεφρῇ	6
Ἀσηρώθ	6
Σαλομῶνι	6
σουρώνω	6
Σοῦρος	6
Τιμοχάρης	6
Δύνδασον	6
Ἀρσινοΐτης	6
Σκοτουσσαῖος	6
ἀντικίνησις	6
μαιόω	6
ἀνθρώπαων	6
διεγερτικός	6
Ἀθίδος	6
Δέλου	6
Αστρώ	6
κοσμήτης	6
Ἀκεσώ	6
ἀνάνθημα	6
Προμ	6
Λυκᾶς	6
Παγῶν	6
χρυερομαι	6
Κριωεύς	6
Θεοφίλα	6
ἐξαλύσκω	6
ευσεδεα	6
ἀγαλᾶς	6
φύχει	6
Κόριν	6
Σωσιπάτρα	6
Ζήθ	6
Κεκροπίδων	6
Νήδυμος	6
μελλόνυμφος	6
νύμφιον	6
ταλαίφρων	6
κλαυ	6
παρακινῶ	6
Νόητος	6
κιχλησομης	6
ασκληπιοδοτος	6
ἐδρον	6
λοιος	6
αμελικτω	6
ρισσός	6
ΕΣΠΕΤ	6
σαρέω	6
ὑπερεράω	6
Μέξι	6
ξυπαλιν	6
χοπρω	6
ἔροτις	6
κραταίρινος	6
προθορών	6
βαθυχαίτης	6
νήμενος	6
δάλλω	6
ἀμετάτροπος	6
ημυσους	6
Τενεάτης	6
πτεάνων	6
ἀπορύσσω	6
τρίχρωμος	6
πεντάδραχμος	6
Μάργος	6
σιμπλικιος	6
Φίλις	6
συνεξευρίσκω	6
λιοκλεις	6
κτιματη	6
εὐπλοηκέω	6
πριαπώδης	6
καθαρπάζω	6
πελίκη	6
αὐλοθήκη	6
ἀμφορίσκος	6
Πυθιόνικος	6
Γένας	6
προσίσχω	6
ἀχάλκευτος	6
ἐννόησις	6
Εὐβοίς	6
εφριψε	6
χλινη	6
προεπιβουλεύω	6
ἀντιτέχνησις	6
Μιχαῆλον	6
ἐπαχθίζω	6
Σίμμα	6
ελώδης	6
Στρυαγγαῖος	6
Ἀμύργιος	6
Ταννοξάρκην	6
Ἀρτοξάρης	6
συναγωνιάω	6
Τομένου	6
Κτόρος	6
Ἀνδρομά	6
κολικός	6
μίλφοι	6
Ὄρτυξ	6
εὐκράς	6
ἀφροδισία	6
πετηνός	6
τετανικός	6
διακολυμβάω	6
ἀδελίας	6
δεσποος	6
παραδεισμαω	6
εικονομια	6
Ἀβδακοῦμ	6
τοινος	6
Πνεῖμα	6
ισχύω	6
ἀδίκιον	6
ληγ	6
ἐδώλιος	6
Λέντος	6
Δωσᾶς	6
ομωνυμία	6
Αγιασμένου	6
ἐφηγ	6
πληροφορημένος	6
τοιαῦς	6
σπερματισμός	6
Ἰσοκλῆς	6
δυσωδέω	6
μεταστοιχείωση	6
καθολίζω	6
ἀρχιστείαν	6
εὐπαραδέχετον	6
ἰξόω	6
δυσανάτρεπτος	6
απηλλοτριωθεω	6
Βέβης	6
ευθελια	6
νῦναι	6
οὐχἕτι	6
ἀνισχύω	6
μῦμος	6
ευτέλεια	6
Ψαλλοντος	6
φιλοχρημασίαν	6
ἀνταμύνομαι	6
Παράση	6
ἰδεσμάτων	6
ἰσχάτοις	6
ἀμαρτί	6
φιλοφρονέω	6
ευχαλαω	6
πάτερο	6
εχομιζετος	6
ετερόγλωσσος	6
προχείριος	6
Κέλων	6
λαγμα	6
μονοῦχι	6
ἀληθῆριον	6
θήσω	6
κλοιόν	6
διασαφής	6
ἰγνίας	6
πύσιος	6
ὑπερολίαν	6
ἀλλήλαι	6
ποιμέ	6
ἀπολίσθησις	6
ὁμ	6
ὑπαρβολήν	6
κατοικειρω	6
άφιλος	6
οἰκτέας	6
δυνατείας	6
τοινη	6
Παλαιστινίων	6
εντριβής	6
ἀποδεκατοῦντες	6
αρχαιτερεω	6
δεδεῖσαι	6
εὐχλώως	6
ἄκιστα	6
ἐκτοπώτατα	6
βάθυμος	6
συγχληρονομος	6
Δόδος	6
μαιαφονίας	6
ὑπεράτη	6
πωλοδαμνέω	6
ἀφανέω	6
ὀρῆνον	6
μήδιον	6
ἀνασκέπτομαι	6
ἡρεμαίαν	6
ἀγάλιος	6
καταχωρέω	6
Φρόντα	6
Φάνα	6
δρορον	6
χαμάλης	6
προθυμιάω	6
μονοῦνυχί	6
εὐχαρία	6
ωνησιφορος	6
ἡρμημένοις	6
κοπίζω	6
Ἀδραμέλεχ	6
προπόρευση	6
ακηρυος	6
πλεισταχοω	6
κατεξανίστημι	6
προκαταμηνύω	6
καταλεύκαινω	6
Ἔφηγ	6
ὑπόχρεσις	6
Καινούργιος	6
πνευματοφορέομαι	6
Σαββά	6
ευδόκιμος	6
ἀτημελής	6
ὑπολύζω	6
οἶρθα	6
ῥίσκος	6
χρυςᾶ	6
γηπόνιον	6
κατηῤῥώστησε	6
διέλασις	6
ακαταιτιοιδανω	6
ἀπλῆγες	6
Ασούρ	6
καταθρηνέω	6
κατανεανιεύομαι	6
πηρ̈ῳχηκόσί	6
αφίσταμαι	6
περιαυτίζω	6
σικυήλατον	6
Σενάν	6
απορριφημι	6
Ῥεγμά	6
εὔξυλος	6
φαύλισμα	6
κοιλόσταθμος	6
προανακηρύσσω	6
Ναθάνιος	6
αβουχοδονόσορ	6
λεύς	6
ἀνάστεμα	6
χανανιος	6
παραφρόνησις	6
ῥοών	6
εὐπαράφορος	6
Αἰδωνεύς	6
Αστράς	6
Ίλι	6
παρασκεύασμα	6
συντιν	6
τρισμακαρίαν	6
πτρα	6
θεν	6
ποδίς	6
Δίζη	6
αδοκτεω	6
ἐπιδρομέω	6
Μύρια	6
ἀφερέπονος	6
Ῥοώβ	6
δυσκάτοπτος	6
ὑποφωνέω	6
καρύϊνος	6
γονορρυέω	6
γονοῤῥυᾶ	6
θυσίασμα	6
Βεβαία	6
ἐκσπερματίζω	6
ὑπερκειμένως	6
ἀναπηγάζει	6
διάδροχα	6
Ὄνησα	6
περιλούζω	6
διαβατήριος	6
Ύδρος	6
ημιειντα	6
Δρίστα	6
Μίζης	6
ἀσδείας	6
τυπ	6
ἀνίλεως	6
παναρμοδιος	6
μακραίωνος	6
δηγορευμένα	6
νυχή	6
αντιδολος	6
συνβουλος	6
προστιθέω	6
τοιούστει	6
Θεοδότης	6
ἐπατ	6
ἀναρθεῖντος	6
διαβουλή	6
Ἑλλασιν	6
αμόλυντα	6
εὐρυχωρέω	6
γλῶτῃ	6
ψύφου	6
Σέλμων	6
άνοια	6
εὐδοκ	6
πολυλαγχανω	6
ἄστροφος	6
αδυνειος	6
θεουκης	6
τληπάθεια	6
ἐγκισσάω	6
ἀυπνία	6
Ἰεζραήλ	6
χήρευσις	6
Πετεφρῆ	6
διειδέστατον	6
Σωτήριος	6
μερῶς	6
Ονόμας	6
ἔκωθεν	6
ἱφ	6
Ταῦτις	6
Ἔχων	6
ἱερωργίας	6
ἀντωνομασία	6
εὐελείᾳ	6
νῦντος	6
ωνυμαω	6
τηδειοτηταω	6
Ζαβδαίου	6
ἔνομος	6
ὑποσιλάσεως	6
συναιρετέον	6
φομενω	6
διτλόν	6
ἀπειρόω	6
αμυδρός	6
διωρι	6
ἐπικλινῶς	6
ἰδρυ	6
ὁλοφυής	6
ἀχάνεια	6
ἴσλασθαι	6
σλάσεως	6
διάκριτος	6
ἀπόσλασιν	6
πῆμπλον	6
ὀλικώτερον	6
λυχναῖος	6
λαώδης	6
διωρ	6
ἰσλέον	6
δυωδεκάς	6
γωγός	6
ἐπισκεπλέον	6
βλιχος	6
αὐτοπερίγραφος	6
γικοῦ	6
μνητο	6
λομένην	6
Κρίτου	6
Σεληνός	6
Λεμένος	6
Ἄνθουσα	6
πλάκαμον	6
ἀποσπερμαίνω	6
ημιτυδιος	6
ἐμεί	6
ματαιοποιέω	6
σκηνογραφικός	6
ὀλοσχερέστερον	6
παλαιοφανής	6
ἡμιμόδιον	6
λειωμένος	6
τριττόω	6
ἄνθοωπον	6
γραμματικεύω	6
Δηίοχος	6
Ῥηξίμαχος	6
δυσφωνία	6
αὐθόθεν	6
μιμικός	6
ἀνακολουθία	6
ἐπιπληθύνω	6
σίτος	6
δομόω	6
βόμην	6
Τηλεδάοι	6
Πτερέλου	6
Κυζι	6
Εὐρυλύτη	6
ἐπιγενής	6
Τάοχοι	6
φωρά	6
Μελάντης	6
προσωπίτης	6
πρόσκλητος	6
ὄγλος	6
μιουργός	6
Κινυσίας	6
Χόμαν	6
άχροος	6
κλῶπον	6
κυδήεις	6
τραις	6
κιθαρωδώ	6
Εὐρυθεμίστη	6
Πρια	6
κεδονίας	6
Λαμπτραί	6
τρινεμω	6
Κρωπίδαι	6
θεσμοφύλαξ	6
χορηγικός	6
βασιλιαν	6
Σανδράκοττος	6
θῶδες	6
ὁπλοφυλάκιον	6
πολυτεχνία	6
Αδελφίδου	6
Ὑμάρου	6
Διόνης	6
φιλοξος	6
ἀρχαϊσμός	6
υμγ	6
Φίωψ	6
λη᾽	6
μη᾽	6
Μήφρης	6
ΑΧΕ	6
Θουῶρις	6
Ἀλχάνδρας	6
Βόχχορις	6
Μεστραίας	6
Βόχχωρις	6
ἐπαίχλα	6
ῑζ̄	6
θεάζω	6
προπάθεια	6
συνορμάω	6
δυσμενίην	6
ἀδημοσύνη	6
ἀπανδόκευτος	6
ἡμεροειδής	6
νυκτοειδής	6
ἐντύπωσις	6
καρύινον	6
Ἱητρικός	6
προχράω	6
ϟα	6
Αὐγᾶς	6
Ναυσίνικος	6
ἐπισκευαστής	6
συνεπίτροπος	6
ἔγγαιος	6
ἐπιτριηράρχημα	6
λιπομαρτυρίου	6
σκευαγωγέω	6
Βάτταλος	6
σαβοῖ	6
λικνοφόρος	6
ἐμβροντάομαι	6
Βούχετα	6
Σέρρειον	6
ἀβουλεῖν	6
ὑπέρχρεως	6
ναυκλήριον	6
λιθοκόπος	6
ἀσπιδοπηγεῖον	6
κόμιον	6
λαοδογματικός	6
σαρδώνιος	6
Χειρώνιον	6
ἐμβαδομετρικός	6
φοϚ΄	6
φοϚ	6
θυλακόομαι	6
ἀλαζονεύω	6
ἀριστήρ	6
Δίδυ	6
εὐκράδαντος	6
Πυρῆς	6
πιμελής	6
θυραωρός	6
οὐπῶς	6
διδύναι	6
Δημαρέτειον	6
δυωδεκάμηνος	6
Μενανδρείοις	6
ανδριαντοποιιος	6
τρώσκω	6
ἀντιθρῴσκω	6
βληστρίζω	6
βρύκος	6
λιθόρρινος	6
πάνδειλος	6
βώμης	6
σεμνηγορία	6
τράνωμα	6
Φιλίη	6
ευρεμα	6
τροφέω	6
Κόλλου	6
Γωβάζης	6
κιδαριος	6
Θεοδέριχον	6
ψδ	6
ΨΝ	6
οἰκοδεν	6
εὔπλουτος	6
δερβιστήρ	6
καθυπνόω	6
Κτήσιον	6
Σωκλέης	6
προπομπεία	6
Δρυΐδης	6
Σήρων	6
Μελιττα	6
Σεσόωσις	6
ἐνθάπτω	6
ἐπάντλησις	6
παρορέω	6
Λυκωπεύς	6
Ἀλκιδίκη	6
Ἀσσάρακος	6
Κολωνούς	6
Ἠλεκτρυώνη	6
Καταναία	6
Οὐολούμνιος	6
Κορινθιακός	6
ἀμετρί	6
Σκυλλήτιον	6
Προικόννησος	6
Κεφαλοίδιον	6
Μιθροβαρζάνης	6
τεθορυβημένως	6
Γρύλος	6
ὀρέστης	6
λυσιμαχία	6
Αὐτόμαλα	6
Τόργιον	6
ὠφέλησις	6
λεξανδρείας	6
Ἀπολλόδω	6
συλικός	6
Λεώφαντος	6
κλωπεία	6
Ἑκάδημος	6
ὑποσχών	6
Χαρώνευις	6
κατασκελετεύω	6
παραδοξολόγος	6
βουστάσιον	6
ἐναντιοδρομία	6
Ὀρεστάδης	6
Μιθρεύς	6
στοιχειωτικός	6
βράδος	6
ὁμούρησις	6
ἐγκατέχω	6
διαλόγισμα	6
δοξαστέον	6
φυσιολογητέον	6
μετακόσμιος	6
κατείλησις	6
ὑδατοειδής	6
ἀποτέλεσις	6
Κρύσταλλος	6
πρόσλαμψις	6
τάναι	6
Χοντ	6
ΕΟΝ	6
ΣΥΝΕΙΛΕΓΜΕΝΑ	6
Εὐνούχου	6
ἄγριππος	6
συγκρούσιος	6
Μανδράβολος	6
οἰνόσπονδος	6
Ἀλωείδαι	6
Ληθαῖον	6
ἀντιπαρεξετάζω	6
πολισμάτιον	6
ὀττεία	6
προσεσπέριος	6
ἀρχαιρεσιάζω	6
Τάρπεια	6
ἐξέγερσις	6
σαλπιστής	6
ἐκκλησιαστήριον	6
ὁποιᾳδήποτε	6
χρεοκοπία	6
Πωμεντῖνος	6
ἀνδραποδωδῶς	6
ἀντιπαρέχω	6
ἐπεκδιδάσκω	6
πρόβατε	6
κραταιίς	6
Θίλιππος	6
ἀγωνισμός	6
χειρούργημα	6
ἀντολίηνδε	6
κασιωτις	6
ῥυηφενής	6
Λακινιάδος	6
περίσημος	6
ἀλημοσύνη	6
Μάγαρσος	6
ἀράκη	6
δισυλλας	6
δυναμοκυβοστόν	6
κυβόκυβος	6
Μιε	6
Μ̄δ̄	6
Μ̄γ	6
Μλς	6
βψ	6
Μ̄π̄	6
Μιθ	6
ηψμζ	6
σλα	6
σλζ	6
ηφοζ	6
Δρέα	6
ἑνδεκάγωνος	6
γψογ	6
δολίζω	6
πότισμα	6
πυρῖτις	6
ἐμπόρφυρον	6
ἔγκιρρος	6
ἀνευρυσμός	6
ὑπόδριμυς	6
στραγγουριάω	6
γαλακτόομαι	6
ὀρέστιον	6
λιπαρία	6
ἀφηθέω	6
φώγνυμι	6
ἀνακολλάω	6
ἀσυλλημψία	6
αἰγιλώπιον	6
σμῆξις	6
ἀδόντας	6
θαλμῶν	6
συνζέω	6
ρὕτως	6
χονδριάω	6
πολτάριον	6
ῥέφανος	6
ἀπογλυκαν́ͅζω	6
ἔκτριμμα	6
ἀποζέννυμι	6
ῥιζοβολέω	6
διειμένος	6
σάρκωμα	6
ἀνδρόσακες	6
ἄσπληνος	6
ὑπόλεπτος	6
λυκοκτόνον	6
ὑπόγλισχρος	6
ἀλσίνη	6
μελάμπυρον	6
ὑπόστρυφνος	6
δίχαλκον	6
ἡλιοσκόπιος	6
σύλλαμψις	6
κεραλῆς	6
ἐναποβρέχω	6
Κίνης	6
ἀχροέω	6
φλογόω	6
σμύρις	6
φιλεταίριον	6
κολικοιξ	6
ἀλφιτηδόν	6
ἄσπληνον	6
ὀνειρωγμός	6
βσμβ	6
Πελίν	6
γενουιτης	6
Φραντζῆσκος	6
Κμίαν	6
Οὐγγρίαν	6
στύπειος	6
Κμου	6
ὑπεμέω	6
ὑκερός	6
βεζιριδηω	6
μυριάριθμος	6
ἀγροτικός	6
ενδύομαι	6
ποντοηρακλεια	6
σχισματικός	6
Μεγαδούκα	6
ἑλλός	6
προφο	6
ἀσβεσίας	6
ἐκτυ	6
λύπησις	6
ἀγορ	6
ἐπίκρυφος	6
στρεβλότης	6
περιαντολογεω	6
συντηρητικός	6
χρησιμα	6
οπωσδήποτε	6
μῦπον	6
ὑδρεσιν	6
πλοχαω	6
ἐπᾴσματα	6
φλεβοτόμος	6
ἀναθλίβω	6
βραδυπορέω	6
συμμεταφέρομαι	6
δίπλ	6
ἐπαρχέω	6
πυκινός	6
ἐξοχετεύω	6
ὑπεκπροθέω	6
συνεκκαλέομαι	6
Μητός	6
κατάστοργος	6
κέμμα	6
λαγχάνα	6
χειρῶς	6
διεδύξατο	6
κοίνωμα	6
Πλωταί	6
Μίσου	6
συμπεριέλκω	6
παρακενόω	6
ἀσυμ	6
αἴγης	6
Πωλλ	6
Ἔριππος	6
προκλής	6
ἐμπολέω	6
ἱππομολγία	6
κιμμερικόν	6
ὑπόψαμμος	6
πολυφθόρος	6
αρχιδημιος	6
πλοχην	6
Θρασέας	6
πρισξυς	6
ἀπερίπτωτος	6
ἀνεκτικός	6
περιπτωτικός	6
Ἐπικούρ	6
ελφός	6
κροτοθόρυβος	6
Ράιας	6
ἐώντες	6
ἐπιγένημα	6
φυσιολογ	6
ἔλαχιστος	6
όδωρος	6
τινάζω	6
Σωσθενίῳ	6
Σωφρονίου	6
Σολ	6
Φιλίππη	6
διστος	6
παλιντροσος	6
βυτιδαις	6
ΤΥΜΝΕΩ	6
Κερκίδας	6
τούτωρ	6
ΔΑΗΔΟΝ	6
Τύλλιου	6
χισσός	6
Σποδῆς	6
γλωρῶν	6
Δάμης	6
παρλαζοειντα	6
γθόνα	6
σκυδαλος	6
Εὐκλεία	6
ΑΔΑΔΟ	6
Αὐσονος	6
ἀτριπτον	6
Ψεύδος	6
Ἵστατα	6
Ναιάς	6
δοῦρον	6
λάρανκι	6
Καῖσαριον	6
στονουειντα	6
δρύσσομαι	6
Μενίδη	6
ουαλεντινοος	6
ονομασία	6
Νοητιανός	6
δραματουργός	6
ενοποιώ	6
ἐφεύρημα	6
ἀνατρεπτέον	6
κροσσός	6
φωρατής	6
δυσοδμία	6
αὔξ	6
ἀθήλυντος	6
Μονᾶς	6
μετενσωματόομαι	6
Ελεγκώ	6
υπ᾿αυος	6
πεπλανημένος	6
ἀθεμελίωτος	6
θέλξις	6
Πιοῦς	6
Ἰωσήρ	6
ἀνάρρηξις	6
ἀποσκλῆναι	6
φρσιν	6
ἄστρο	6
ἀφεξῆς	6
ἐπᾴδω	6
ἐπικεράννυμι	6
Στρο	6
τρωγλοδιος	6
Οἶκις	6
λαθι	6
σκορδίνημα	6
αὐθυγενῆς	6
ταυρόδετος	6
ὀνόγυρον	6
ἐκπλίσσομαι	6
ακροθωρικαι	6
καρδιαλγέω	6
ἠλεκτρώδης	6
κακήθης	6
πλανώδης	6
σχύτα	6
σχυος	6
διχροεννυω	6
καρύχη	6
πλοώδης	6
σίλη	6
μηριωνη	6
μαρπιεννυω	6
λειμωνόθεν	6
Δόναξ	6
Αὐτόματος	6
λεπτομερέστατος	6
Βάναυσος	6
Βδέλλα	6
Βλάξ	6
Βόα	6
Γέρανος	6
Γλήνης	6
Δειλός	6
ἐξαργυρόω	6
Πῖλος	6
βοάζω	6
Κάδος	6
Κάμαξ	6
Κάρης	6
κάσσα	6
Κέλης	6
κραυγαστικός	6
κορσωτήρ	6
μύρμος	6
ἰκτός	6
μονοσύλλαχον	6
Σέλης	6
Λόχος	6
μειαγωγός	6
Μείραξ	6
μηρύω	6
Ναύλοχος	6
Πανδάρεως	6
Πάχνης	6
Σηπία	6
συρακοω	6
νύναι	6
Τέγος	6
Τιτακίδαι	6
ξρι	6
Φάλος	6
Φαιδρός	6
Φελλός	6
εὐτραφέω	6
Βλαχέρναι	6
ἰνδάλλω	6
λομοῦ	6
σαλαῖον	6
Ὀροσάγγαι	6
Ὄλβος	6
ἐσχάζοσαν	6
Γάιρος	6
Ἄρσις	6
λαλάγγια	6
ΣΤΝ	6
Ἀγροῖκος	6
αδόλεσχος	6
ΣΑΠ	6
ἀναδίπλασιμον	6
Ἀλείτης	6
δοάζω	6
ἀναμφι	6
ὑπαντῶ	6
κατῶς	6
σπεῖδω	6
αρπώ	6
ἀστίβητος	6
ὀγιῆς	6
Αὐτόμολος	6
Ἀχαΐς	6
ἄχρος	6
βόρος	6
Βώτης	6
ἔρασις	6
ἀγαυρός	6
οβν	6
Φοινός	6
μύθιος	6
πλάστιος	6
φυλακτόν	6
δηλιπου	6
ἐκεῖσι	6
Μορώ	6
προγμάτων	6
ἄποινον	6
ὀφρ	6
απόδημος	6
Βίλος	6
εὐζύ	6
παυσωλή	6
ἐγκλι	6
βαρυετης	6
ἰαρ	6
καρπεύω	6
αἰεῖον	6
νοστόφι	6
κακόχαρτος	6
Καλάμης	6
πέρχρηται	6
Καταφυγή	6
Καύστρος	6
ῥῶζω	6
Καφώ	6
Κίρις	6
καὐτός	6
κληρούχος	6
ὀγκία	6
Κῦννος	6
κρον	6
καππαδοχεω	6
δύγρος	6
νήϊον	6
Νῆσις	6
ὑφι	6
ἐπαίνιον	6
παιδίζω	6
προάλλομαι	6
δουλόσυνος	6
ἀποβο	6
Σάκος	6
σχέλος	6
ὁμοστιχάω	6
ταμῶ	6
Ἵβρις	6
μεγαλαύχην	6
ἀνάλασιν	6
αἰσθητήρ	6
γύον	6
ἀποθετικός	6
πιτυοκάμπτης	6
διαταγμός	6
ὀλίζον	6
διξός	6
βαψωδία	6
γλωττοχομειων	6
παραλληλόγραμ	6
ΕΒΓΖ	6
ΘΖΕ	6
ΔΑΗ	6
ΕΛΖ	6
ΛΝΒ	6
ὁσαιδηποτοῦν	6
ΓΒΛ	6
ΝΞΛ	6
ΑΓΒΛ	6
ἰσοϋψής	6
ΑΤΒΥΓΦΔΧ	6
ΒΚΛ	6
ΒΞΔ	6
ΛΚΕ	6
ἡμικώνιον	6
ΜΚΛ	6
ΚΘΓ	6
βτ	6
διαχρ	6
ὑδρ	6
Γάδερα	6
Δίον	6
Ἀσωπίη	6
γλαιπου	6
Βαύδωνος	6
φραβιανθος	6
συμπερατόω	6
διαστρατηγέω	6
μιξοπόλιος	6
χαμευνάς	6
ἀστέμβακτος	6
εμβόλιμος	6
βληχητά	6
ψευδόπλουτος	6
μαριχην	6
κατάχυτλον	6
ἀντηρίς	6
ὑπερθνῄσκω	6
διχοστατέω	6
ἀμελία	6
ἀθράνευτος	6
ἀκρίζω	6
χρυσόκολλος	6
καλλιφεγγής	6
ἐνῆμαι	6
ἀμνήστευτος	6
ἄλλο	6
Παμισός	6
Κυκλώπιον	6
ὑπάργυρος	6
Ἀγήτωρ	6
βοηδρόμος	6
οἰκούρημα	6
συνεκκομίζω	6
Ἰλιάδαι	6
μηχανορράφος	6
κρόκεος	6
ἀνάδετος	6
λινόκροκος	6
κομιστής	6
νεότας	6
θεράπνη	6
τεκνοποιός	6
βουθύτης	6
τροχηλάτης	6
ἀνεμώκης	6
ἀκάρπιστος	6
λευκόπωλος	6
σιδηρόνωτος	6
πέτρωμα	6
κερουλκός	6
ἀβάκχευτον	6
ἀνήφαιστος	6
ὀττοτοῖ	6
διαρμόζω	6
κτίτης	6
ἐπιβρέμω	6
δμωΐς	6
ἀμφίκρημνος	6
ἀφίπταμαι	6
ψαλμ	6
φορβεά	6
ἐκριζέω	6
στράτευσις	6
Βηθσαβεέ	6
διαφλέγω	6
φονοκτονία	6
ἐπηρμένως	6
μεμελημένως	6
προκαταριθμέω	6
ἐπιτριβή	6
χορηγηθείς	6
Ναθαν	6
αντιπαρέρχομαι	6
ἀπορρητοτέραν	6
εκκληςιος	6
νικοποιός	6
Ρούτο	6
συνανίημι	6
μετανοώ	6
ἐξάρχης	6
θοντα	6
Μωςῆς	6
ἑρμήνευσις	6
μητεύω	6
ληθῶς	6
προστυ	6
ἀπηλέγχθησαν	6
Νάζερ	6
ἀναφα	6
Αἰλών	6
Σαβάτ	6
Συμπλή	6
Κανά	6
σλδ	6
σμς	6
ΤΚΕ	6
Ὀλεγον	6
παρεπιδημέω	6
πάροψις	6
Ἱστιάτωρ	6
ἥγησις	6
βααιλέα	6
νεωτεριστής	6
ἐκκληαίας	6
Ἀνέγκλητος	6
ὑπερίσταμαι	6
Βασιλικός	6
Δεβελτός	6
ἀμέλλητος	6
νοουοιδανω	6
Γαλλίηνος	6
πία	6
συνθεραπόντων	6
χοδολλαγομορ	6
Αμμάν	6
Ἐσβοῦς	6
Πετεφρής	6
Μωδεείμ	6
Ῥεμμώθ	6
ήλιος	6
καθαγίζω	6
προσεκκαίω	6
τύπανος	6
ἐλάινος	6
τεκνοκτόνος	6
ανισοταχυς	6
δειπνητήριον	6
παραξέω	6
ἀνεκφώνητος	6
ἐπιστατητέον	6
Δανάτου	6
χαλκεοθώραξ	6
ἀναλυτέος	6
παραλάμπω	6
ἐπικρανίς	6
ἀπολυτέον	6
τωτων	6
ὁμίων	6
Κωάδου	6
Σεκουνδινός	6
προσβεία	6
θεομηρίαν	6
δακρίων	6
ἰκάσεις	6
ελικωπιδαις	6
μεταπλάθω	6
Φάρσαλα	6
διασταλτικός	6
ἰσολογία	6
Λιονύσος	6
Ἀπιδος	6
Καλήσιος	6
μενουτιαειδω	6
ἀμφούς	6
πεντασυλλάβως	6
καινότροπος	6
προσαναφώνησις	6
ευρυχρεια	6
ἀρχιστείας	6
παιάων	6
ἐκπέτασις	6
ἐκωθεν	6
Πρόδωρος	6
Δαῖτος	6
αοριπως	6
ἐπαναφορικῶς	6
φοραίνω	6
ἱππλάτα	6
χοργῶς	6
θεσπιος	6
ἐπιβάσκω	6
νύστον	6
ποδαργία	6
δύρομαι	6
ὑποκρέκω	6
βακχιδίᾳ	6
περιδικη	6
βαφωδία	6
ἐσεσάχατο	6
κάτταῦθα	6
Ιδομένεια	6
Σκαμάνδιον	6
Μέλισσας	6
τόνωσις	6
Βαχῶν	6
αρχαδιπου	6
Καλλίαρος	6
Σκάφη	6
Ἐρμιόνος	6
Ἐπίταυρος	6
Αἰγιναῖος	6
Πελληνικός	6
Τυνδάρης	6
Λαχεδαίμων	6
Τριφυλιακός	6
Πτελεάτης	6
Λάριος	6
Βουπράσιος	6
Κάμυρον	6
Γόρδης	6
σμινύνει	6
ἀναγραφεύς	6
τεσσαράκον	6
Αἴθιξ	6
λαπιδηω	6
παραδοξία	6
εγκρίνω	6
προσαρξυτοναω	6
περιφρα	6
εἰμεθόδως	6
Ἰριδάμαντα	6
ἀκάρπωτος	6
Ἀμάστρις	6
ἀρίκοντο	6
Μόρυς	6
ἐπαναληπτικός	6
καμωδειος	6
Ἀρηφίλον	6
οὐστέ	6
αμροτερος	6
φρυγη	6
Ἀρνεύς	6
ιστορουμην	6
δάκτον	6
οἴζυος	6
Λαόδικος	6
λαγέτης	6
αἱμοβαφής	6
κυριολεκτώ	6
φθαίρω	6
διωσμός	6
κυματίας	6
χειμαρροῦνς	6
ἄοζος	6
ένθερμος	6
ρωμαλέος	6
φιλάθρωπον	6
αρμονιδηω	6
σεισίχθων	6
Ἄρημ	6
λιοκλεος	6
λιβυθος	6
Πίτης	6
Ἰσανδρον	6
Ἰππόλογος	6
δωδεκάβοιον	6
ὁδύναι	6
διφρ	6
ὀνύσιν	6
κιμα	6
προδιαιρέω	6
διαφρόδην	6
ἀποτροπιάζω	6
Άπτο	6
Πύσις	6
νυκτεγερσία	6
κένταυθα	6
ὀχθίζω	6
κραῖρα	6
Τεικρος	6
Ἀἰδον	6
Φῆρες	6
Δέδας	6
παιδοῦς	6
ἔχορην	6
φιληρος	6
λάζος	6
ευδουος	6
ὄνη	6
ευαειρω	6
τοσοῦτο	6
πιμπλάνομαι	6
μεγαλείο	6
Κομιτᾶς	6
παλιννοστέω	6
θρασυμιδηω	6
ψελλισμός	6
προσλογιστέον	6
καινοτομώ	6
Λιόμηδες	6
ἀηθέσσω	6
καταλογάδια	6
ἀσθεστος	6
κατεφάλλομαι	6
καταποικίλλω	6
ἀνασεύομαι	6
αἰξήσεως	6
ανκοφρονις	6
Λίδιμος	6
Ἴλων	6
σμνύνει	6
περιτρέω	6
Ἠπειρωτικός	6
πολλάχον	6
τοσυς	6
μεσήεις	6
άχου	6
οθρουνεος	6
ἐρέϊκω	6
ἄσταφις	6
χθαμαλότης	6
Σμῖν	6
στρατηγ	6
παρλάζειν	6
ὑπέρτασις	6
βιωτι	6
δλα	6
πρόθυσις	6
καταπι	6
ζόφρον	6
βοών	6
προοικονομία	6
ἄχραν	6
ὑπολέγω	6
Ἀωδῶνην	6
τόμουρος	6
ὕπτον	6
σχῖν	6
σμενοῦ	6
περιγλαγής	6
ἀποστυφελίζω	6
μεγαλόδενδρος	6
χομισος	6
ἐκνοστέω	6
μεταίζω	6
δακρῶν	6
Ἀμάθεια	6
Όπλος	6
Μῃονίη	6
γούντες	6
ὕσπρια	6
οἶν	6
ἵπερ	6
κουλεός	6
ἐκποτάομαι	6
δουροδόκη	6
ἐρίδουπος	6
Βαχυλίδη	6
ρικλεος	6
συγγρά	6
Ἀνκάονος	6
φίτν	6
εχουθεος	6
τήδεια	6
Ἥραιος	6
ἀρελίαν	6
δάμαλος	6
μιζ	6
θρύλλημα	6
παρέλαση	6
ΑΦΜ	6
Ἰφικλῶν	6
προγενέστερος	6
τοξόω	6
δαμασιφαος	6
γνάπτω	6
Σαμοῦς	6
ἀχθεινός	6
νῦντερον	6
ἀργίπους	6
ἡμιόνειος	6
ὑστίς	6
Σώλων	6
αἰμύλιοι	6
Ἰλιάδη	6
ποδία	6
μυηστῆρων	6
Λαίπα	6
φορικός	6
δηγουμην	6
πεντεσύριγγος	6
Πηελόπης	6
Χᾶσις	6
Ἡριλέτης	6
ημουω	6
εὐτρα	6
πελαίους	6
ἐπιτήδειον	6
Ζευς	6
ἀμείνοντες	6
Ἀμύδοχος	6
Πασά	6
τῆρες	6
οὐλοχύτης	6
γοή	6
λίως	6
Μαυ	6
Καμούς	6
ἀλιτρία	6
ξίλων	6
ξίρη	6
κίμασιν	6
Φαιά	6
αὐθῶν	6
καίρωσις	6
Δότη	6
εἰκονολογία	6
ἰσπερίων	6
φρόμυγα	6
ὀμόργνυμι	6
πύγμαχος	6
Ἀγιάλος	6
παῖνος	6
λυντ	6
τοξάζομαι	6
Ανάπα	6
χρείως	6
θελητήριον	6
τάστασιν	6
Μίνου	6
ἄνται	6
Λάχα	6
ξινοος	6
φάγων	6
γυι	6
Θεσιάς	6
στροφ	6
ἐπανδρόω	6
Κυνίας	6
κελαυνεος	6
τρικαια	6
Ἀρίστης	6
Λυράς	6
Κας	6
ρινθον	6
σκιλακκος	6
μετελ	6
ἀμωτος	6
βρυ	6
μορμώ	6
ἀγχίστρον	6
Λεοντόπολις	6
κάκινος	6
κεκλ	6
Τρους	6
Πεισιστρά	6
Χέρης	6
ὁδοιπόριον	6
μισοπόλεμος	6
αμφιφορευς	6
Αντίνου	6
Σφῆλος	6
θυμοραϊστής	6
καμένος	6
ἄνθρωτος	6
Βακίων	6
συστερέω	6
σωπος	6
ὁπότῃ	6
Ἐτεόχρητες	6
σκιός	6
τωδῶς	6
διαφύσσω	6
φευδηω	6
πέλεκας	6
τραχύλου	6
λικῷ	6
ἀπαιώρησις	6
Κιχλᾶς	6
θεειόω	6
Καλούση	6
ἀκόμιστος	6
ὑπαξ	6
μίσασθαι	6
ταύτομάτου	6
χυτρεύς	6
αδιάκοπος	6
Φιλοχαρίδας	6
ἀκάκωτος	6
θαρσύς	6
κεκτημέ	6
αστρονομικός	6
ἀζωΐα	6
εὐτα	6
ακάθεκτος	6
μονόγονος	6
ἐπισημειόομαι	6
ΒϚ	6
ϚΑ	6
βρύξ	6
φλδ	6
ΨΓ	6
κορυφαῖον	6
Ῥεκίμερος	6
Ιλαρίου	6
Εὐφρασίου	6
ἐνιαχῆ	6
Θεούπολις	6
βαλεία	6
σβυτερος	6
ακώβ	6
Σεμιραμίδος	6
φερεχυδηω	6
ἀμπώτους	6
Κέρσης	6
Μύρσος	6
ἀπαίδος	6
Ὕρβαν	6
κικ	6
Σωπάτρω	6
Ἄρσα	6
ράζω	6
ἀκοντισμός	6
Κοάδος	6
Ἀρσαῖος	6
Ἴμαον	6
τάλα	6
ὁμουρέω	6
Φασιανή	6
Κάρουσα	6
Φαδισάνη	6
Ἰασόνιον	6
διφρεία	6
Λαυρίκιος	6
θαυματοποιέω	6
Πανδάρας	6
σκηνοποιία	6
Ναχώρης	6
ἕλιξις	6
παρεγχειρέω	6
καθιμάω	6
γάζας	6
Φρουράν	6
εὐθάνατος	6
Ναβάν	6
Σίκελλα	6
Ἀβεσσαῖος	6
Ὀζᾶς	6
Ἰωσάφατος	6
ποδόνιπτρον	6
Χουθαῖος	6
Ἰεζεκίηλος	6
ὑπερφωνέω	6
Βεθσούρας	6
Βαζαφράνης	6
προκατεργάζομαι	6
ἀβάσκανος	6
ὑποφθέγγομαι	6
προκοιτέω	6
ὑπερπαθέω	6
συκοφάντηση	6
φτωχικός	6
προγυμιαίας	6
προαιτωρίων	6
πρωτωρίων	6
θεοφιλέστατος	6
Νεστορίους	6
ῥαθν	6
βουμενοω	6
νυθός	6
προικός	6
μισθωτής	6
Συνοδού	6
διάδικος	6
διάκορος	6
προσοφίζομαι	6
Εὐμενεία	6
Στρατηγία	6
Ἡρίας	6
Αργυρό	6
ρισμένων	6
πόφυρος	6
Ὕλλας	6
Πανίδης	6
Μοιραγένης	6
ἐπιδηλόω	6
λεπρόω	6
ὑδάργυρον	6
αναβράζω	6
ἀποσκεπάζω	6
φλογός	6
σφυρίζω	6
φουρνέλιον	6
αργογλωσσας	6
μολιβδοχαλκος	6
συνουσίωσις	6
κυβεῖον	6
τπδ΄	6
προῦμνον	6
ἀμελ́γω	6
πυργίτης	6
γαλεώνυμος	6
στυλοειδής	6
ἀποφῄνω	6
πιθήκειος	6
Ἀμιναῖος	6
ὑποκυστίς	6
Ὀποβαλσάμος	6
λέπτος	6
Καρδάμωμος	6
υδρόφοβος	6
κακοσφυξία	6
ἐμπρίω	6
ὑπεκλείπω	6
παραδιδόω	6
ξστ΄	6
Ἀλκιμίων	6
ἡμιούγγιον	6
ἡμισαπής	6
ἀφρόλιτρον	6
ἐπισημῄνομαι	6
ἐβίσκος	6
Τρίβων	6
κύαθ	6
ἡλίωσις	6
προλούω	6
σπικᾶτα	6
ἴντυβος	6
ἔρρινον	6
χυτρίς	6
κυαθίσκος	6
ὠτογλυφίς	6
λειαντίθημι	6
μστ΄	6
παρουλίς	6
βάτινον	6
ἀνακογχυλίζω	6
Βλάστος	6
ἐκβλάστημα	6
ψυχροπότης	6
διάδεσμος	6
δυσπετέως	6
ἀμβλυωγμός	6
νοσήμη	6
αρρωστους	6
ἔκρυθμος	6
διαγκωνίζω	6
κραυρότης	6
ἐπιπλήρωσις	6
προσεπισκοπέω	6
ἀῤῥωστοῦντας	6
πνευματίας	6
ψαλίζω	6
ὑπόμυξος	6
κατανάγκασις	6
ἐπίδεσμον	6
ἀδενοειδής	6
ψοφώδης	6
ἀποπάτησις	6
κακοχυμός	6
ἐκπυίσκω	6
πληρωτέον	6
γαγγραινόομαι	6
διαπυίσκω	6
ἀντισπαστέον	6
ἐπισχετέον	6
δυσελκής	6
λεπιδοειδής	6
Εὐγενιανός	6
τριπτέον	6
ἐπαλειπτέον	6
γλυκύχυμος	6
μονοσιτία	6
σάκχαρ	6
δυσδιάπνευστος	6
συναποπαύω	6
βαρυηκοΐα	6
ὕπερβαρς	6
ἀκαταμάθητος	6
ἄκλων	6
εὐέκπλυτος	6
ἰπνίτης	6
Τιβηνός	6
ἐκπλεθρίζω	6
συριγγόω	6
κέρχνω	6
ἁλμώδης	6
Κολοκύνθη	6
Μηλέα	6
Νείλωος	6
βορβορυγμός	6
ἀνεκθέρμαντος	6
ὀσπριοφαγέω	6
ἐξυγράζω	6
ταθ	6
ὀροβοφαγέω	6
γονυαλγής	6
προσαρτέον	6
λυγμώδης	6
ἀπόσταξις	6
πτυσμός	6
πληχάς	6
αἱμοῤῥαγίης	6
περιρρέπω	6
οἰδημάτιον	6
σημειωτικός	6
μινύθημα	6
ἀποστήριγμα	6
δυσεκθέρμαντος	6
δαψιλέως	6
ὑπόπαχυς	6
αἱμοῤῥαγήσαντα	6
ὑποκαρόω	6
στενυγρόω	6
ῥοιώδης	6
γογγρώνη	6
ἄψεκτος	6
κατάξερος	6
προπετέω	6
προεξαδυνατέω	6
μωρόομαι	6
ὑποψάθυρος	6
ἐπίσκληρος	6
ἡσυχής	6
ἁμαλῶς	6
ἐπικτένιον	6
σικυώνη	6
ἠνίων	6
Νουνέχιος	6
Σαβώριος	6
Λαιστρυγονία	6
ἐξυδαρόω	6
διοφ	6
Φάκης	6
βαλίτης	6
ἀκαθαρ	6
κοπροθέσιον	6
αλεύρι	6
Κυντ	6
βλαστολογέω	6
Τυβί	6
ἔνριζος	6
φυτώριο	6
νδρου	6
πυκνόφθαλμος	6
γίοις	6
αρδεύω	6
πισσός	6
μάλαθρο	6
ῥοδ	6
σύμμ	6
Κόφας	6
ἀπφίδιον	6
κατακέφαλα	6
φυλλ	6
σμένῳ	6
καταβραχύ	6
διμ	6
οὐφρ	6
φρυγιατικόν	6
θριδάκιν	6
πολύκλωνος	6
Μαρού	6
πεπονθ	6
κορί	6
εὐξώμου	6
Τρίφας	6
κουράλιος	6
χρυστέον	6
Μελάνο	6
λεοντοειδής	6
γλήχανος	6
σμύλη	6
σαργίον	6
λάτιλος	6
κορωνοπόδιον	6
δοδιαπτην	6
καρπία	6
πώρη	6
Περσάρχης	6
Άρτης	6
αχυραδιος	6
τρινοβους	6
τζουροιαλλω	6
Δραγώτας	6
Καμπανός	6
σέρρα	6
ζωάρκεια	6
Σφραντζῆν	6
σκουτέριος	6
Δεβρῶν	6
σώσανδρον	6
ποτεστάτος	6
ἐβασλευσεν	6
καταπάομαι	6
ϟδ	6
ἐξοὐρανοῦ	6
Λέτα	6
Σωσθένιον	6
προκυλινδέω	6
ἐνήδονος	6
Ἀββᾶν	6
Ἀρος	6
Πουπλιανός	6
Πλακίλλα	6
Σκύλλις	6
Δίποινος	6
Ὁοῦν	6
Ἀκούμ	6
ἑκατονταπλάσιος	6
ξυλόστεγος	6
μρυ	6
Σαρβαραζᾶν	6
μιζιζιω	6
Νακωλείας	6
παστίλη	6
δοκίτης	6
λαχανοδρακων	6
Κγνώμην	6
ιπποστάσιο	6
Χάνδακας	6
ἀποπήγνυμι	6
ἐγχαράττεσθαι	6
βπισθεν	6
πατριάργης	6
συμποσιάζω	6
ρίνθῳ	6
Ἑπτασκάλῳ	6
οὐζήρ	6
Μαρτινακίου	6
σταντῖνον	6
ἄσιλος	6
Τατζάτης	6
Κουρτίκην	6
Χαβδᾶν	6
Κδη	6
άληστος	6
Σούδας	6
Τριαδίτζης	6
ϛο	6
αποκειρω	6
Πετόος	6
Δελεάνον	6
νωβελισσίμου	6
νωβελίσσιμος	6
Ἀπλησφάρην	6
πόλειος	6
Ιασίτης	6
Κουτλουμοῦς	6
Λιόντος	6
πολύλλιτος	6
ρυτονη	6
ἰσοςυλλάβου	6
ἰσοςύλλαβον	6
μηδέσι	6
προπαρασυνω	6
Πυλ	6
εὐθυντικός	6
αντιπαρακειμενος	6
Γυναΐς	6
εἰνάτερος	6
Νέστορας	6
θιαν	6
ἀλεκτ	6
Ὄνας	6
λλωνος	6
ίχει	6
ύνται	6
ερισπωμένως	6
χρημοῦς	6
στάδα	6
μηκή	6
Βάχη	6
ιφθόγγου	6
λαχεδαιμονιον	6
ἐπίφρασις	6
προεπίζευξις	6
τϛ	6
Μετόχιον	6
επώδυνος	6
Στυπιώτης	6
Ἀρμενιανῶν	6
Δαματρῦ	6
σελέντιον	6
λῤ	6
Θεοκλήτου	6
μωρολεων	6
Βοϊλά	6
διαπέτομαι	6
ἀποσία	6
Σαμεγάρ	6
ἀπλάσιν	6
βασιλίζω	6
ὀλιγίς	6
Φρυγ	6
Διασπερῶ	6
λαβρ	6
ὑπερβοάω	6
Βερίνα	6
ἀλάτωρ	6
Έκκο	6
γαλκοῦς	6
μαλάζει	6
χομ	6
επισκοπεύω	6
εἰσδίδωμι	6
φαλεχ	6
Σκυλίτζης	6
Ὡριγένης	6
Ἰωαχίμ	6
εξαπτέρυγα	6
Ὥοπερ	6
συνεκτικώς	6
ακαριαία	6
Κντες	6
κορωνός	6
Μουζαλώνων	6
Σηλυβριανός	6
Βέκκον	6
Μυτζῆν	6
οπαδός	6
Στίκας	6
λαμπαδοῦχος	6
τειχομαχικός	6
ὡμολό	6
ἀκροπολίτης	6
φραγγοποιαλλω	6
Μελιτηνιώτης	6
Σφραντζή	6
εὐχέλαιον	6
Μουράτης	6
Μουράτη	6
Φραγγόπουλος	6
Καλαμάταν	6
ταμπάριον	6
σηλυβρια	6
Λουκάνης	6
αξιέπαινος	6
ἀκυρία	6
ὑποδήλωσις	6
μισόπολις	6
νόσφω	6
πυθιονίκη	6
βάρα	6
τοπάρουθεν	6
ἄχλους	6
θλεθρος	6
ανάριος	6
Ζαχαῖος	6
ἰσοτάλαντος	6
κιδιδωμι	6
Ζώφος	6
εξάμβλωμα	6
Χάνα	6
ἀσθέτου	6
ἁδρόω	6
προτιμή	6
συστρέλει	6
μαλαχοις	6
μυθολογεύω	6
Αχέροντας	6
Ὀλυμπιώ	6
παροψία	6
Ἀφοῦς	6
Καίσαριον	6
ἀπαιδευτέω	6
παρηλ	6
τῇνκαῦτα	6
σιτοκάπηλος	6
κακοδόξως	6
ακεινεος	6
ἵναικα	6
ἀμίχτος	6
σταυρώτης	6
εγκαλωπιζω	6
βίπῃ	6
φυτευτός	6
αρχιεπισκοπή	6
τηγορίαν	6
σεβασμιωτέρα	6
αὐτεξουσῶς	6
ὀλιώδη	6
ἐπαναίνει	6
ἀποκνάλειν	6
ἡμίτομον	6
Βασιλᾶς	6
ἐμφράσεως	6
πολυθετω	6
ἀπεμ	6
γικῆς	6
ποππυσμός	6
ἀτρε	6
γκην	6
θρέφω	6
Εὐλογίων	6
γρηγορία	6
τραγῳμάτων	6
αιματώδης	6
ιερουσυνειμι	6
εὐτο	6
ξύλι	6
ανθροπαω	6
ἀδρωστίας	6
στεφανίας	6
γηροκομία	6
καλῶτερον	6
ευήλιος	6
δαπανηθείς	6
τεχνήρια	6
περιπολία	6
Κπειτα	6
τούτοων	6
ἀνοθεύτως	6
ενηδονοος	6
Τμεῖς	6
ΛϚ	6
Σαραφθία	6
Κανήφορος	6
Ἀνάφλυστος	6
λαισποδίας	6
Τηλέφη	6
ἔκδεια	6
ξηροτριβέω	6
παλίνσκιος	6
Σπάρτωλος	6
Ταρτήσσιος	6
Χαλάστρα	6
Μύης	6
Κανωβίτης	6
Ζαύηκες	6
Κρομμυωνία	6
προδοκέω	6
Συηναῖος	6
παραρτέομαι	6
διεξελαύνω	6
ιερσυνη	6
Ἀνδρόπομπος	6
βαββ	6
ΑΒΑΒ	6
ἐπίουρα	6
Ψημά	6
τράχλον	6
κοῦργος	6
τοτερος	6
πέντητι	6
Ζευξίδος	6
Εἱλώτης	6
πανοικία	6
Ταρτησίοις	6
Κρεοφύλος	6
διευκρινίζω	6
Ἡρέας	6
Ἀκακία	6
χαράκωσις	6
Ἄσκρα	6
νδαρος	6
ολλάκι	6
καιοτερος	6
Λαμπετίας	6
πολλαπλασίασις	6
Τάλης	6
βαυβών	6
πραιτωριανοί	6
ἀρρωδέω	6
Γορδίας	6
ληίη	6
αἰγυπτία	6
Ἄρχανδρος	6
Ἰάδμων	6
δημοκήδης	6
Βαγαῖος	6
Ἀρυάνδης	6
οὐδέκοτε	6
κρεοφάγος	6
κάτοδος	6
ἰσοκρατία	6
γέλα	6
ἀιδρείη	6
ἵλεος	6
ἡμεροσκόπος	6
λαφύστιος	6
Κυνούριος	6
ἐμβαδοί	6
ψηφιφοριον	6
μερέδη	6
σκαληρόν	6
ορθογη	6
ρζε	6
ρζγ	6
αφκα	6
βύξ	6
ραζς	6
χιζ	6
βχνς	6
ρϛζ	6
φνδ	6
ἄκυνον	6
προεπίνοια	6
φκγ	6
ΓΝΞ	6
κηλωνεύω	6
προσανάπτω	6
ζῳδάριον	6
κνῦδος	6
Λίλαιον	6
Ἀρίσβας	6
πορδής	6
ὀκταπόδης	6
διάημι	6
Ἀμφιτρυωνιάδης	6
κυανόπεπλος	6
Κερόεσσα	6
Ἀγρεύς	6
ἀκοντίας	6
ἀνυπο	6
ἀλύδοιμος	6
ἀμμορία	6
ἀνησιδώρα	6
ἀπείκασμα	6
ἀποβατήρια	6
χνεῖν	6
Ἀρίστουλλος	6
αρραβωνιζω	6
ἄσεκτος	6
ἄστρεπτος	6
αὐχήεις	6
αγροιχοω	6
ἀχυρμιά	6
απανθίζω	6
βαχχεῖον	6
τελεστήριον	6
βαλία	6
πασχητιάω	6
Χρήμων	6
βυλλίχαι	6
Ὀρθία	6
γλαμάω	6
ἀπόσταγμα	6
χριθαις	6
δάμνος	6
δασυπλῆτις	6
υπεχοριζετος	6
ἐντρ	6
περιφερ	6
ἐφρά	6
ἐπάσκιον	6
ἐπίσπασις	6
εὐδιάβολος	6
εὐωριάζω	6
στριον	6
φυλλολογέω	6
Λαμπά	6
ἄχαρπος	6
ἱμαντάριον	6
κασπολέω	6
κηδεμο	6
Κόης	6
κομάκτωρ	6
σκαλ	6
κωραλλεύς	6
λιτήρ	6
λοῦτρον	6
λυκοσπάς	6
Μοσχία	6
μυρμηκίασις	6
νώδυνος	6
ὀδάχα	6
ὁλκαῖον	6
ὀρθόφρων	6
προχοίδιον	6
προτεύχω	6
τρυγ	6
στελίς	6
ἄνωθι	6
σφήκωμα	6
αρδάνι	6
σαννίς	6
σκοῖδος	6
σίπτα	6
Σαχάι	6
αὐλητήριον	6
δόρπεια	6
βόρ	6
παράθεμα	6
Λω	6
τριηχη	6
Πιτανάτης	6
πρηνίζω	6
Σάπαι	6
σκολύθριον	6
σμίλευμα	6
σχαλίς	6
τυπάς	6
μεγαλορρημοσύνη	6
ὑποκε	6
Φηλακραῖος	6
Ἐπίχαρ	6
Λαχάς	6
Ἰναχίδας	6
χοιροχομειων	6
ὠνητιάω	6
Ἔλυρος	6
Σιγγιδόνος	6
Ἀναστασιούπολις	6
Βαλένθια	6
Βοῦτος	6
Ἁγείμων	6
παγγενέτωρ	6
Ξεινοφάνης	6
ἀνασκοπή	6
νυκτάδα	6
εγινοος	6
σαργῖνος	6
Ὀφρ	6
Βεδώ	6
φερέκαρπος	6
προσπίτνω	6
Θέου	6
Μελισσός	6
στύπτω	6
εὐαπολόγητος	6
βύτης	6
ηνιχογος	6
πολυτροφία	6
νουςι	6
ποτάς	6
νόα	6
ἔνζυμος	6
αὐγμοῦ	6
εγγυωρεω	6
δυσχραινεος	6
Αἰσωπος	6
αρόδο	6
ανέρχομαι	6
Τηλέφρου	6
Πραξιτέλου	6
προσνεύω	6
ἑλικίας	6
Ὅρως	6
Ἀρριχίων	6
Ὀρειδάσιος	6
δροῦς	6
ὀγεται	6
Κόμπα	6
ἀντεστραμ	6
Φαινο	6
βρινοος	6
πλαθάνη	6
ὅξ	6
αυλιεχω	6
τερβινθινεος	6
μυελ	6
δεμάτιον	6
σαξίφραγον	6
προσκαίω	6
δεκουριαβρων	6
μελιχριδαις	6
φλεβοτο	6
καθατικῷ	6
ἐψήματι	6
σπογγάριον	6
ἐκχλοιόομαι	6
ἀπόσχασις	6
περιξέω	6
ῥυφέω	6
ἀδεκτα	6
ἀγεμονίαν	6
Σαλούμ	6
φορθομμίν	6
πεντακισχιλιοστός	6
Καρπώ	6
Οἰχαλιεύς	6
ἤκεστος	6
συνάγνυμι	6
χαλκοπάρῃος	6
ἀμφίδασυς	6
ἐπίκαρ	6
ἀγχιστῖνος	6
ὑποθωρήσσομαι	6
ἰυγμός	6
ψεῦδις	6
αἰσυμνητήρ	6
καθέννυμι	6
Ανέμ	6
Φυλάκα	6
συνευ	6
Τελφούσα	6
αρχυτιον	6
μαχομένως	6
ανάγωγος	6
Θυμαρίδας	6
ἐπανάτασις	6
Τιμύχας	6
Θεαρίδης	6
Εὐέτης	6
ἐνάκις	6
ἔγκρασις	6
Κίρων	6
Εὐχολος	6
Παισανίας	6
Μόφου	6
φρύ	6
Ὀλδιος	6
Πελέξεως	6
πρωταίτιος	6
ὑπεράπειρος	6
ἀτδίως	6
Αἰγάλεων	6
Ἀρβογάστην	6
στιλιχωνη	6
Νουμίδης	6
ὑπεροχίαν	6
ύφαλος	6
σοφοτητη	6
δαπανημένος	6
Νέρος	6
ἀδηργίας	6
διαλιμπάνω	6
ὀλιγία	6
ἀπαλωτέρας	6
άφορτος	6
δνους	6
σοτέ	6
ξενοδοσίας	6
βαγδαῖον	6
αποιαλλω	6
Σκήπος	6
ὑπασιν	6
ἐπιψ	6
ἀδυνέστερον	6
διωκή	6
πειλός	6
Ῥαββ	6
σοφροτητη	6
Ἀνθούσα	6
εὐτῆς	6
ὅπαντες	6
Πελάγον	6
Βάγας	6
Ἀμήτωρ	6
σαρικως	6
πανδοχεύτρια	6
ἀγιωτέραν	6
τελῶνς	6
βασανία	6
χαρπωσομεθη	6
ὀποδήματα	6
ἔργημα	6
εὐδίως	6
μυεχω	6
τετραγλισμένα	6
βαθυλειος	6
Κλς	6
βακχανίας	6
βαφιλίας	6
Κρυσί	6
θορυδηω	6
Ἑρμία	6
μαχαρίζω	6
διανέστην	6
βαφλείας	6
ἀναισχυν	6
Ὕγιστος	6
Σκεύα	6
ἀσθετον	6
ριστια	6
προΐσταμαι	6
Μισόν	6
Σομός	6
ὑδρίσεν	6
Ανάδος	6
Ἔδαν	6
σπογγεύς	6
θηναι	6
σχολίον	6
ρήκνυμι	6
Εβηλθεν	6
ορθ	6
Σπουδάσασον	6
θαλαίου	6
εσταυρωμένος	6
φύγω	6
πατροβαινω	6
δυσεξάλειπτος	6
Ἡμερ	6
χρησμονίαν	6
διδασκαλέω	6
Ἄδυσσος	6
ἐπαίτησις	6
Ὅσφ	6
ἰχυ	6
δελινοος	6
χόνιν	6
ἐπαιδεῖνυσιν	6
Σαλίμ	6
Κέτη	6
Μακίας	6
θρῆσκος	6
χῶμον	6
ἑρμίς	6
ἐπάριτοι	6
τολς	6
Μωϊσέως	6
ἐπονειδίζω	6
Ασσιάς	6
απιζεω	6
δέρθω	6
αδυεννυω	6
Διεπρευσμένη	6
Έβερ	6
μεμφιδιδωμι	6
Ἠλίσαιον	6
δεληθοος	6
ὑφαίμων	6
Σοχώθ	6
ἀντιλαμ	6
ἀλλοιωτής	6
Μανσούρ	6
ὑπερουλογημένη	6
συνωθώ	6
προσωπικόν	6
ἐρημίτης	6
ὑπερηχέω	6
Ἀρθόνιον	6
Χοσρῶς	6
ἰωβήλ	6
Γηρσών	6
Κέδες	6
Βόσορ	6
Ἀδωνιβεζέκ	6
Σενναχηριμ	6
Λάτρας	6
τετράζω	6
Ξν	6
Μασαλμᾶν	6
δεκέμβριος	6
μεσομηνία	6
Πατρικίων	6
συννηθείᾳ	6
Μητροῦς	6
ελκώδης	6
κολοβώνω	6
ακρίτης	6
ξεστιαῖος	6
χιοειδῶς	6
ὑπεναν	6
ψυκτός	6
αμετάβλητος	6
ἑκατονταεβδομηκονταπλασίων	6
ἀσύγκλωστος	6
Σικάς	6
βαρυφωνία	6
Σικέλα	6
νηγύρεσιν	6
μιμητός	6
Λατωνός	6
διακριβολογέομαι	6
Λίχνυι	6
ἀειλαμπής	6
Μιστόκλης	6
ἐξοριστέον	6
Ἀλεάδαι	6
ὀλιγ	6
κάλιστος	6
Ἱδριεύς	6
Γελλίας	6
φώμης	6
δίζομαι	6
οἰκοδέσποινα	6
Μιμιάμβων	6
ἀμαρτή	6
Τερῶς	6
ΠΑΡΗΓΟΡΙΚΑ	6
μηχανογράφος	6
Κοριόλανον	6
Τζέζης	6
Σαλώνιος	6
κοτινω	6
Ὄρβηλος	6
ἐμπείραμος	6
Πονηρόπολις	6
Νίφων	6
Δράμαν	6
βερροιοω	6
Καστορία	6
Καλόθετος	6
συνεφαπτομένη	6
βρουλας	6
δυσαριθμέω	6
Μομιτζίλον	6
βερροιους	6
ϟγ	6
σειχοω	6
μακροδουκας	6
Παγάνης	6
κράλαινα	6
Ἀώθ	6
Ὠδέναθος	6
Λακαπηνοῦ	6
μάν	6
μητράδελφος	6
Κούμανος	6
συγχόω	6
ἐπετείως	6
διαμελετάω	6
Δακός	6
Γαλιήνῳ	6
Φαυστάς	6
προσκληρόω	6
Θερμαντίαν	6
σταντινουπολις	6
κουαειδω	6
Τρασαμοῦνδος	6
Ὁνώριχος	6
Μερδασάν	6
Χατατούριος	6
Θεοδέριχος	6
ἐπν	6
νωβελλισιμος	6
ἐπισχυρίζω	6
Κντι	6
χαιρέκακος	6
τρωικός	6
οὐλοκέφαλος	6
παππεπίπαππος	6
πρόσχορδος	6
ἐπιτυμβίδιος	6
πλειστηριάζω	6
πενταστάτηρος	6
πολύσιτος	6
σκορπιώδης	6
κλινοποιός	6
σύνθωκος	6
γλαρίς	6
Κωρυκίς	6
δριμ	6
Κούρσου	6
Ἁλία	6
Πραξίλας	6
ογουζιω	6
σουλαιμανος	6
Σουλαϊμάνης	6
Σουλαϊμάνεω	6
Ἐμμανουῆλον	6
Ἐρτζιγγάνην	6
Σκενδέρεω	6
τουργουτις	6
Ραινέριος	6
Βρενέζης	6
Μουσουλμάνεω	6
σπενδεροβαινω	6
τηλεβολέω	6
ΔΑΤΑΞΙΣ	6
Ντίνα	6
ουμονος	6
βούνευρο	6
απηχώ	6
ἀνεπιθόλωτος	6
ὑποβοήθεια	6
θηκάριον	6
στρατηγή	6
σκοῦλκα	6
συνωθούμαι	6
προτρος	6
διαπρα	6
φισμα	6
τετολ	6
ἀπωνέομαι	6
γᾶμεν	6
Ὀπτάτος	6
Ὁνωράτῳ	6
Ὁνωράτος	6
ἴχειν	6
γίστων	6
εὐπρα	6
σταντίου	6
νοφῶν	6
ὠκυτόκος	6
Σκάμωνος	6
μοιρία	6
πυρρίας	6
συγχωρητέος	6
Διόνικος	6
ἀνθαμιλλάομαι	6
Ἱέρεια	6
νητες	6
Λευκάνωρ	6
φιλοδωρία	6
ἐξεργ	6
τρίπατρος	6
Μαζουσία	6
Δρύμνιος	6
Αὐσονίτης	6
τέρεινα	6
Κύλλαρος	6
Βαχχίον	6
χρυσοβοστρυχος	6
φυγόμαχος	6
Κλεῖνις	6
αιριπολιος	6
ἐριπόλιος	6
ιππονοος	6
Παγκλέων	6
ληΐστωρ	6
κρύφιμος	6
λομενος	6
ἀνόστητος	6
ἀντίφρα	6
Ἀημνίας	6
Λύλλος	6
τεύσατο	6
μφα	6
σιδηρ	6
Λιομήδης	6
λλεν	6
Λύχον	6
παράδαλεως	6
Πανσανίου	6
Θερα	6
Γηρυών	6
πίδον	6
Γλαῦχος	6
σιλευις	6
Πρωτομάχη	6
Μοσχοπούλου	6
οινομαω	6
Φιλάσιος	6
λακωνισμός	6
Ταΐου	6
Ἀρπάλου	6
μιππος	6
ἀνθολόγιον	6
Ἀηλιακῶν	6
δικηλιστής	6
Τυα	6
τδν	6
Πασίνος	6
Ἀχιδάνα	6
ριζευς	6
αφετηριακός	6
Εἰρηνίων	6
Έριχ	6
ἀντεχληματική	6
Μπος	6
χαμαιδιδάσκαλος	6
παλαιολος	6
ποσό	6
Πειριλῆς	6
Στοχ	6
αλονησος	6
ξρωτα	6
σιδηροφόρος	6
Ζιποίτης	6
κρεῖος	6
κοννακορηξ	6
Δεινώ	6
Μέναςδρος	6
Κουτρίγουρος	6
Κεραστία	6
συναπέραντον	6
ρόδωρος	6
καπητόν	6
ΓΚΗ	6
θριγγίον	6
ἀπαφθάρτισιν	6
κάδ	6
τρούλος	6
Κμάλιστα	6
ἔκπτωτος	6
υπς	6
Διδς	6
κριθοφόρος	6
εισαγωγικώς	6
ΕΤτα	6
πυθικός	6
στρέμφυλα	6
Λέμμα	6
πτεροφυέω	6
αττικός	6
χινεῖ	6
κρατίζω	6
Κνεῖν	6
ὑϊδῆ	6
Κισσαίθα	6
ἡρῶναι	6
Τυρρή	6
ἐπογδῶν	6
ὀνείρωξις	6
Βηναῖος	6
ῥάδιξ	6
καυλεῖον	6
δυσπαίπαλος	6
τροχόεις	6
Ἰφικλῆς	6
Ἀκή	6
κλόκιον	6
Αειθαλάς	6
Ακεψιμάς	6
μετατίθεμαι	6
μηνοφαντος	6
Ἀμίδαν	6
Οὐρσάκιός	6
Λουκιφέρα	6
Ἀκυϊτανία	6
μισοπώγων	6
Ἀμμοῦν	6
εὐκο	6
Πάζῳ	6
Πασχαλία	6
Ναρσαῖος	6
Κσως	6
Κοζύλης	6
περιφρουρέω	6
απλήθυντος	6
ἀπεριγραψία	6
πεντεκαιδεκάκις	6
ενδόμυχος	6
ἀγοήτευτος	6
φυλακικός	6
ζυγίτης	6
αγιοχριστοφοριος	6
χαρακτήρισμα	6
δυσμείλικτος	6
πολύπηχυς	6
πυριτρεφής	6
πυριγλώχιν	6
παμμεδέοντι	6
φυλάκτωρ	6
σφρηγίζω	6
Κορυβαντίς	6
εὐπάρθενος	6
ἑτερόζυξ	6
πάνλευκος	6
ἀντίπνοος	6
λεοντοφόνος	6
λεχωίδος	6
ἄπλοκος	6
μεσάτιον	6
ἠεροφοίτης	6
πυρίβλητος	6
νυκτιχόρευτος	6
ἀναχλαινόω	6
δοχμόομαι	6
ἀερσιπόδης	6
νεόρρυτος	6
ἐγρέμοθος	6
Λασιών	6
Πρίασος	6
Οἰνάνθη	6
ἀμφιπλήj	6
ἀθελγής	6
βαρύδεσμος	6
δρυόεις	6
προασπιστήρ	6
ἀπόσσυτος	6
ταμεσιχρως	6
Κορύμβασος	6
Ὠκύθοος	6
ἐρωμανής	6
γυιαλκής	6
Ἰβρ	6
φαρίμ	6
τλῦ	6
Νεστέριον	6
Θεοσβείας	6
Νεστορίον	6
Λίσα	6
αγαθοχλεω	6
υνόδῳ	6
τοριον	6
τεσσακοθεος	6
πεζάδιον	6
ἀστεβίας	6
ὑμερῶν	6
τιαυτος	6
σεφάνων	6
ἀσθεβείας	6
φῶμα	6
Σταφίδας	6
χιακόν	6
οικτεω	6
κέρβερος	6
ψηφ	6
φδου	6
δικαιρσυνεος	6
ἀχανίαν	6
αμμωνιακός	6
τρίχροος	6
στάθευσις	6
πανέξοχος	6
περιπλήθω	6
θῶμιγξ	6
ψίλιον	6
πτερορρύσιν	6
σιυφοντο	6
σιυφουω	6
ελάτι	6
σκλ	6
ευσιμηχος	6
ευφθαρτος	6
σεμιδαλίτης	6
αυσιηρω	6
Κασιάνα	6
σαχύχυμα	6
ἀσπράγος	6
σιφοντω	6
ξέσλας	6
ὀμφακόμελι	6
αρτηριτοεις	6
κυνῆκος	6
σιυφους	6
στρεπτέον	6
σάνυ	6
προσπιπλόντων	6
πέρμου	6
σιῦφον	6
κιθαρός	6
ῥάφανις	6
Λκ	6
ἐπινάστριον	6
διαβατέος	6
ψιμουθίου	6
χίεσμα	6
χέσμα	6
πακοηθος	6
μολιβδαινεος	6
Μολίδου	6
ἐπιρριπτέον	6
ἀπογαλακτισμός	6
περιωδυνέω	6
σίμμεως	6
βομενω	6
Ζιβ	6
ὀξείδιον	6
ἀποφλεγματικός	6
ἰωβηλαῖος	6
ἐπαπορητέον	6
Ῥαμμώθ	6
Γενησαρέτ	6
βεβασανισμένως	6
διολκή	6
Παπαῖος	6
Λευϊαθάν	6
ἐξηγορία	6
τμῖν	6
συρ	6
Τάφεθ	6
πολυσεμνος	6
Ταβηνός	6
Τριφυλίς	6
αιγυλας	6
δυσανάπειστος	6
νάμα	6
πέδησις	6
πληκμονη	6
ἀμινθίας	6
σικυστέον	6
σφριπου	6
λιθόλογος	6
ἀσπιδηφορέω	6
Εὐρυπών	6
Ἀρέα	6
Λιμνήτις	6
Θέοκλος	6
Ἑλισσών	6
Οἰβώτας	6
φιλάνωρ	6
ταράξιππος	6
ἀμαρτίην	6
Ἀδουλί	6
Καλαῖος	6
καταβαθμός	6
Σεραπεῖον	6
Κράμβουσα	6
Καταράκτας	6
Ἀμοργία	6
Ἀμαζόνιον	6
Ἀμφιμάτριον	6
οπίσθια	6
Ὑσία	6
Κύδας	6
Σικελίδης	6
μαιευτική	6
Ἐλιφάς	6
ζῳοπλάστης	6
ἑξακοντατέσσαροι	6
ἱερόπολις	6
ΣΑΝ	6
μαινό	6
ὁδωρέω	6
ντόνα	6
αιταρος	6
μηδαμ	6
μονογνωμονέω	6
ΥΜ	6
ΑΠΕ	6
ΤΤ	6
ΑΝΑ	6
ΦΙΛΟΔΗΜΟΤ	6
γματ	6
οἱμ	6
ΡΙΚ	6
λιτικως	6
ἐμπειρέω	6
στικ	6
Ντία	6
κάγαθ	6
ωμένου	6
ύτη	6
Ἔφο	6
τοὐπί	6
Κρηθηΐς	6
Υἱλν	6
οὐσιαρχία	6
ἐκθεωτικός	6
ἀνεξαρίθμητος	6
Βάτταρος	6
ΚΟΤΤΑΛΟΣ	6
γυναῖνες	6
στεγύλλιον	6
ΕΡΩΓΗΣΙΣ	6
Ιί	6
Κέριλλος	6
ἐνναετηρίς	6
ευιδρως	6
γλως	6
ζύγασρον	6
θωχθείς	6
σενάζειν	6
ἔχθημα	6
κύβηβος	6
Θεόφρασος	6
γειλαας	6
παμφάλυα	6
ελασιβροντη	6
ὀρείοικος	6
Συρακοσσός	6
Ἐμμενίδαι	6
ἀκαμαντόπους	6
λαοτρόφος	6
Λαμπρόμαχος	6
Αἰγιμιός	6
Φιλλυρίδης	6
Ἀλεξίδαμος	6
σκληφρός	6
δυσχεραντέον	6
εὐρυεδής	6
κατασκηνάω	6
βαθρόω	6
γλαύκινος	6
σκρόδα	6
Κυκλοδόρος	6
αλλαντοπολος	6
ἀπόβλημα	6
περιπτίσματα	6
ὀρταλίζω	6
σωσάνιον	6
ἐλλύγνια	6
ἐκφωνητέον	6
τυπωμένος	6
ευμετάβλητος	6
Πανδ	6
ἀκατάλη	6
προαναφώνημα	6
Ἑλύμιον	6
κατανομή	6
εὐάνεμος	6
αναπαιστιχος	6
ἐζωμάτωσται	6
ὅτῆμα	6
πανουργικός	6
διεσπεκλωμένη	6
χήρυχι	6
Πόρπαξ	6
γρυτοπώλης	6
καταστρα	6
ἀβλαστής	6
Λυδιάδας	6
Σώκλαρός	6
Σινόριξ	6
περιμανής	6
Ὑρώδης	6
Ἀριαμένης	6
Νυμφίδιος	6
Κεκίνας	6
εὐδάπανος	6
ιδεμ	6
Ταρχέτιος	6
Ἄρδαλος	6
Εὔμητις	6
πολενμίους	6
Δύσανδρος	6
Ἐπαμινῶώνδας	6
ἐρετικός	6
Ἀλπεινά	6
Φιλαίνος	6
θωρακίτης	6
Μενελάϊος	6
Ζάγρον	6
μαργο	6
πυρσεία	6
Ἀντίπολις	6
Τουρδοῦλοι	6
Σαλασσοί	6
Φιλίστας	6
χρῦσσεται	6
ιπαιστικως	6
̃	6
κγν	6
συναπλόω	6
ἐχλ	6
διζευγνυμι	6
συνμιδίων	6
αλφροδιος	6
αἰθριοκοιτέω	6
ἁλίπλους	6
ἐμποικίλλω	6
Τολώσσα	6
Τίμαυον	6
πεντάζωνος	6
Κάρνεα	6
άπηχτος	6
ὀγεύει	6
ἐπτάλοβον	6
Ἤσλαν	6
ατλαντινοος	6
εἰσαυθίς	6
μετανωμάω	6
ἕνδαλμα	6
ἀμέδεκτον	6
ἀπειροειδής	6
Κέραυνυς	6
ἐπόχδοος	6
εφεπτακαιδεκατος	6
βρπς	6
δοβ	6
Διονυσιακῶς	6
Ἄθικτος	6
αεροφόρος	6
ὀχεταγωγία	6
Ράβδιος	6
Πουδέντιος	6
Γώδας	6
Ἀλθίας	6
Πιγκιανή	6
Κουτριγούρος	6
Οὐθιμέρης	6
Βριττία	6
πεντεκαιδεκαταία	6
Ῥαφαείν	6
Κλλως	6
μοι	6
Ἰεφοννή	6
ὑμνοποιός	6
εταιριαρχη	6
πιλατίκιον	6
συμπροσπίπτω	6
πυριάζω	6
συγκλύζω	6
ἀκόντισις	6
ῥαφανηδόν	6
τρυφερία	6
Νόρικος	6
Ἄργιλλον	6
Ἀπέσαντον	6
Γαργαρεύς	6
Ὀδόμαντες	6
Δίκτον	6
διομήδειος	6
ἔκτιμος	6
Θώμυξ	6
Ἐπιβάτης	6
Σώφρο	6
καταδάπτω	6
ἐύφρονυς	6
δαικτεινω	6
εὔπτολεμος	6
Μάργασος	6
πιθεών	6
Ἀνκόφρονος	6
Ἀμίκωι	6
πτένια	6
βαμβρ	6
ἀών	6
αὐτομόλως	6
Ἀρχωνίδας	6
βαμβροδοναω	6
Πωλᾶς	6
πυκταλεύω	6
φυξην	6
ἀσελέαν	6
παλλαχίνος	6
ἀρουραλίαν	6
Φιλμῶν	6
ἐπίορος	6
Φριτιγέρνης	6
Ψαθυριανῶν	6
Ἄργ	6
μίνιον	6
φιρεκυδηω	6
αυχοφρεω	6
μενουτιω	6
Πριόλα	6
Τιμάγητος	6
Μάχρις	6
Σκορπιός	6
σύχων	6
χώπην	6
καχεμράτως	6
στιδάδας	6
σεσημεύωται	6
Ἑλύμνιον	6
σχῶρ	6
σάχχον	6
κιδῶτιον	6
Θεόπ	6
Σελινούσιος	6
καῖρωστρίδες	6
Φολέγανδρος	6
Κασσιτερίδες	6
νησιάζω	6
ἐπεξερ	6
ΤΖΕΤΖ	6
χωράφιον	6
ἀντιδιασταλτικός	6
Κοτιαεύς	6
παρωνομασία	6
πόλεμονδε	6
αἰγῆ	6
Ραδάμανθος	6
Ἀλεξάνδ	6
ὀρθάγης	6
Παμφυ	6
Λαχίνιον	6
Αὐσῶνος	6
γάδος	6
ἀσκίαστος	6
προσοδικόν	6
ΔΙΑΛΟΓΟΤ	6
ἀνήριθμος	6
ἄχανθος	6
βουχ	6
Ὀμβρική	6
Πορδοσελήνη	6
νεῖκεογεννητῶσιν	6
Ἐπικατάπατος	6
διφάγωμι	6
Ζοροβάβελ	6
Ἡράμ	6
Μαχεμάς	6
Δεβλάθα	6
Δωθάειμ	6
κατάλιμμα	6
ελεισημα	6
Βασανείτιδι	6
γαλειλειος	6
Ἀβιέζερ	6
Σαραά	6
Θαμνάθα	6
ἐφώδ	6
Βαίτυλος	6
Ἀχηρώ	6
ισραηλειος	6
Χελκείας	6
Ἀνάν	6
οχοζειω	6
βοχορεω	6
Σαφά	6
ΓΞΔ	6
ΗΓΔ	6
Σερήνα	6
μεγαχλειδηω	6
Σούνιος	6
Μαξιμίνος	6
δυσθαλία	6
θαύμαχρον	6
Ἀῦσις	6
φτέρωμα	6
Σωφηνός	6
Ἄορσοι	6
νησίτης	6
Ὀβόδας	6
σαβοιταμος	6
Γαργαρίς	6
Φωφίδος	6
Κάραλις	6
Κυτωριεύς	6
Μάραθος	6
αυχιος	6
Σελεύχεια	6
Ῥάουεννα	6
λλαβα	6
Παρασωπίας	6
χλαμυδοειδής	6
Βέλγης	6
Σάβατα	6
ὀροπέδιον	6
Τόμαρος	6
βερτίσκον	6
Ἀκιλισηνή	6
Παροπαμισάδαι	6
Ἐπίχαρις	6
ἐπιμανίκια	6
πολυσταύριον	6
Ρούχου	6
εὐθυνδικίαν	6
ἀνθέκαστον	6
ἀμμά	6
Μεγαρρ	6
μονοκ	6
μονοκέρατος	6
πλονι	6
Προφρ	6
προαράσεως	6
μωσω	6
ΖΔΕΓ	6
ΑΕΗΓ	6
Βιογρ	6
ξευξιλαος	6
Μώμφ	6
δυσπινής	6
παμμήστωρ	6
φρέτον	6
τρισαύγουστε	6
Χλομαρῶν	6
Τόρνα	6
Βινδόου	6
Ἀρδάγαστον	6
Ραζάτου	6
ἀπαράβλαστος	6
ἐπιβλάστησις	6
σκωληκόω	6
φιλύκη	6
διοσβάλανος	6
πολύκαυλος	6
φλεώ	6
θαρισαίων	6
δαρισαίων	6
Κωσταντίνῳ	6
ει	6
Σαράμης	6
αφουμεις	6
μονοκαρτος	6
ἀτεργάμωι	6
βερινιχεω	6
δριμζοντ	6
τέμπετα	6
Θωνίτις	6
Θήλνς	6
τονθορίζω	6
ἐπισκιασμός	6
ἀποτελεσματογραφία	6
ἀπαράμονος	6
δειγματισμός	6
συμπροσγίγνομαι	6
ἐπιμέρισις	6
χιλιοστύς	6
Ὄτυς	6
Φράουιττος	6
Τριβίγιλδον	6
μετίει	5
λήκυνθος	5
χοιμα	5
Ἰππῶνας	5
διέθηκα	5
ἀνακομιστέον	5
προανίστημι	5
ἀπόκοιτος	5
ἀσάνδαλος	5
σαλαμινεος	5
στερνός	5
περιχαρακόω	5
Κλεόβιος	5
Βήρος	5
λόγησε	5
κόλεϊ	5
Ἠλείδην	5
Νικανόρα	5
Καναναῖος	5
άλαλος	5
ἀνάστημι	5
τουχριστος	5
τηλοδικη	5
άκακος	5
αρτύω	5
ἀσκαρδαμυκτέω	5
ὀλιγόσαρκος	5
οὐλότριχος	5
εὐθύτριχος	5
τιστοῦ	5
κακόθυμος	5
ὀδύρτης	5
μωροπόνηρος	5
Ματόι	5
πρέπεια	5
Κώδης	5
βάσκα	5
αὐθά	5
Μηκές	5
βληχώδης	5
ἀνῄειν	5
στρατηλατέω	5
ἐπιχειρηματικός	5
περιέργεια	5
πολιεύς	5
παράγραμμα	5
προηγητής	5
Ἀσκληπιακός	5
Ἐπάγαθος	5
ἀφέσιμος	5
ἐπίβδα	5
ἑκατόμπεδος	5
ὀσφράομαι	5
ῥοιβδέω	5
προσπαραγράφω	5
ἁκεῖνος	5
ἀντισόομαι	5
ὁντιναδήποτε	5
προσίπτω	5
παρατεταγμένως	5
Χελιδονεύς	5
χελιδονίς	5
θεόκτιτος	5
συνατυχέω	5
Πυθοκλείδης	5
ὅσπης	5
ὁποτέρωθι	5
Γοργίειος	5
ἐπαλής	5
Μελήσιππος	5
ἀναφύρω	5
ἐκφύσημα	5
ἔκκεκαθαρμαι	5
ὑπερλάμπω	5
κατάχαλκος	5
συγκατορθόω	5
πολιοκρόταφος	5
ὅσοσπερ	5
ἁστώνης	5
Σακ	5
παράστραβος	5
ἐπιλλόω	5
ταλαιροος	5
ῥηματικῶς	5
Κιλικίζω	5
θεώρητρα	5
ταρρός	5
Ἀλικαρ	5
ἀντωνέομαι	5
κάριμον	5
ἀκασχα	5
κήρυλος	5
ἁλίπεδον	5
ἀμφαξονέω	5
ἀποτυχίζω	5
ἀποπνευματίζω	5
ἄφρενος	5
θυσαρος	5
ἡμεροφυλακέω	5
θητέρᾳ	5
Τίτις	5
τιγόνιον	5
κηλήτης	5
ἐπισέληνος	5
γηοῖν	5
ξίλου	5
γαληρός	5
βουγάιος	5
Διογενειανός	5
ὁλίως	5
γλώ	5
κερκέτης	5
διώχης	5
χεράτος	5
κάντειθεν	5
αὐθαρέτως	5
εὐξαθαι	5
δυσλλάβως	5
γυψώνω	5
αμφιθαλής	5
ζβέζω	5
Σκανδάλιου	5
συνάφεσις	5
Ηρύλλος	5
θεμίζω	5
εὐθυμαχέω	5
διεστραμ	5
καταμυκτηρίζω	5
κάδδος	5
μύκων	5
καρηβοᾶν	5
σμήρινθος	5
επιρημα	5
παρώπιον	5
οἶνα	5
ταλάσιον	5
ἐριουργία	5
προάρχω	5
ἐκτορμέω	5
τρυσιπινω	5
ξυλί	5
Τουλ	5
χύρρα	5
σοροπλήξ	5
ὠτοθλαδίας	5
ἀήσυρος	5
φένας	5
ἄστριχος	5
καπρών	5
γέμμα	5
στρόφις	5
ἠπιάλης	5
ἐξώθησις	5
ὁμοιολίας	5
ἰλύω	5
ῥοδανίζω	5
δασοτηταω	5
μυρημῶν	5
ὄρθα	5
πῶλυφ	5
ἀπόμακτρον	5
Ἄπριος	5
βρωμάσθαι	5
κλεισία	5
Οἶαξ	5
Σφηκίων	5
παραφραστής	5
προσφθίᾳ	5
Ἠερίβοια	5
οὖθις	5
Ἀζήν	5
τιτανοπας	5
Ὀρφήν	5
Τροιζηνίς	5
Μύων	5
Ἀλαβών	5
Χαρναβῶν	5
τυφεδών	5
Φαρκαδών	5
Ἱπποθῶν	5
Ἀγκών	5
Τέλλων	5
Βούλων	5
Πάμμων	5
βαθυλείμων	5
Μακτώριον	5
δραξών	5
Δούπων	5
οἰρών	5
Πελλήνιος	5
Ἰτωνία	5
πολυπτώξ	5
οὗτορ	5
Ἴλλυρ	5
Λίγειρ	5
Ἀλαλκομένιον	5
ἱλᾶς	5
Τιβερῖνος	5
ζάημι	5
χερνής	5
Δημεάδης	5
Ἐροείδης	5
βερενικιδη	5
Δαιδαλίδαι	5
Εὐπυρίδαι	5
Ἰωνίδαι	5
Πειραίδης	5
μητρωνυμικός	5
Γανδάριοι	5
Ἀρότης	5
Γαβαλίτης	5
καυκωνειος	5
Μάντουα	5
Βερεκυντίας	5
Νικοτέλεια	5
εὐκνήμις	5
φαρκίς	5
Κιβυράτης	5
Ἄζιρις	5
κύρα	5
Φλιος	5
δισόλλαβα	5
λοχέω	5
Αρκά	5
Ἑρυαμπίος	5
Νύμφιος	5
Ἄθωος	5
ἕρσα	5
οὔνεκεν	5
φηγών	5
ἄδωμα	5
Βούδειοι	5
Κυπρόθε	5
Ἀντίφελλος	5
Κρωβίαλος	5
Περαιβοί	5
ῥωγμός	5
ὑλάσσω	5
κέντον	5
ἀπαρασχημάτιστος	5
Βίεννος	5
νέπετος	5
Ὀθρωνός	5
Βωδώνη	5
γρῖπος	5
Τμάρος	5
Ἄζωρος	5
εὐβιόω	5
τυμνία	5
κλῶνος	5
Ἀραρώς	5
χαλυβός	5
εὐώψ	5
Βάδιζα	5
Τίριζα	5
Νόμβα	5
Ἱεράπυτνα	5
Γάβα	5
Γάββας	5
Πάλλα	5
Ἄτελλα	5
Μάγνα	5
θάμνα	5
Τάμνα	5
Ἄφιδνος	5
Ἄντεμνα	5
Λεπέτυμνος	5
Κάλυμνα	5
Ἤριννα	5
Μάργανα	5
Ἀφαρητιάδαι	5
Ζεφύρα	5
Ἴουρα	5
Ἐχέτρα	5
Ὁξεία	5
ζαίος	5
Γοργίππη	5
Μαργιανή	5
Ἄμφεια	5
Λαμπώνιον	5
Λαοδαμάντεια	5
Μολύνδεια	5
Παρωραία	5
Πλωθιά	5
Φαναγόρη	5
Φορίεια	5
ὀπαῖος	5
Γυραία	5
Νυμφαία	5
Ὠκαλέη	5
Ἀραιθυρέη	5
Γαθέαι	5
Θαύμακος	5
Κωρυκία	5
Τραγία	5
Τραλλία	5
Φοιβία	5
μάργιον	5
Πάνιος	5
Τιγγιτανή	5
Τιβαρηνία	5
Χωνία	5
Πτερία	5
Ποιμανδρία	5
Νουκρία	5
νοή	5
Κρύα	5
Τραγέα	5
Βουθόη	5
Κόμβη	5
Ταβῶν	5
ἀλαλαγή	5
Οἰάνθεια	5
Κορπιλική	5
Ἀρβέλη	5
Ἀγγελή	5
Ἀνθήλη	5
Ἀβίλη	5
μοτυλη	5
ἴθμη	5
Μέδμη	5
Ζαδράμη	5
ἴγνης	5
Ἴχναι	5
εὐδειπνέω	5
Κορομάνη	5
παρικαινω	5
Βήνη	5
Ἀβρεττηνή	5
Ἀκόναι	5
Δωδών	5
Ἀργειώνη	5
Βιζώνη	5
λάπη	5
Δρυόπη	5
Κερκώπη	5
Ὑώπη	5
κνήφη	5
βρυχή	5
ἀρτιγάλαξ	5
Βοιωτίδιον	5
͞ρ	5
Φρίκιον	5
Περγάντιον	5
Ἰδάλιον	5
Αἰγίνιον	5
Λαβίνιον	5
Ἀμεριον	5
Ἀρρήτιον	5
Βαβράντιον	5
Κύταιον	5
Ἠλακαταῖον	5
Γάμβρειος	5
τεμενικός	5
ζώτειον	5
χυρρεῖον	5
Μυρμήκειον	5
Καπετωλίειον	5
Βενδίδειον	5
Ἄναυα	5
ἔνδρυον	5
Ἔγγυον	5
Νάαρδα	5
Χαλκιδικόν	5
Λάβδαλον	5
κορύδαλον	5
ἄργελλα	5
Αὔγιλα	5
λάγβατα	5
Ὕπαιπα	5
Τάρφαρα	5
θύρετρον	5
Πάνακρα	5
Ἔμβατον	5
μιμογράφος	5
κλεῖτος	5
Ρήνα	5
σπάξ	5
ὄατος	5
πέκτω	5
πελεκάω	5
κωμῳδῶ	5
ἀίσθω	5
ἑνῶ	5
Ξενώ	5
θυνέω	5
οικουρώ	5
κέμαι	5
ἐμβρωματίζω	5
γυψῶ	5
σπές	5
Πυθῶθεν	5
ἀγρόθι	5
Λυδιστί	5
αὐτοδάξ	5
μελαμψήφις	5
ἐπιφρίξ	5
τέτορθαι	5
Λαόγονος	5
οξυτονώ	5
Κριτόλα	5
Ἐχέμμας	5
Εὐρυβίη	5
Λητόε	5
καλλιλαμπέτης	5
ἀζήν	5
γείταινα	5
Ἄδρυξ	5
ωβ	5
κομμίδιον	5
δίπτωτος	5
Μετόχ	5
ἀθεωρητί	5
πλέγδην	5
παντόφθαλμος	5
κλειτύς	5
ὀρθογραφικός	5
ζῆμι	5
άπτωτος	5
βλι	5
γλι	5
γρήϊος	5
Ὑάντιος	5
εἰρωνεύω	5
ὀψαρίδιον	5
Μεγίων	5
ὁμοδρομία	5
Ἀργύννειον	5
ἀσφοδελός	5
προφύραμα	5
βερεκυντ	5
Βρίγα	5
ἀγγείδιον	5
δάπνον	5
ἐργαθεῖν	5
φιλαλειπτέω	5
ζέρεθρον	5
Ζεφυριώτης	5
ιαμνιος	5
ἰαμβογράφος	5
κρυπτεία	5
λιβρός	5
Μύλιττα	5
διφόγγου	5
ὀπτεύω	5
ὀψέω	5
ῥηδίων	5
ψίν	5
τάργανον	5
Χαιρωνικός	5
χοιροκομεῖον	5
Ξώλων	5
μφοτερας	5
εὐόρατος	5
ἀλόχ	5
ἁματροχάω	5
παραλογία	5
λεγόμεσχω	5
κλαγγί	5
ταφήιος	5
προβάτερον	5
καταβείομεν	5
ἀλεύω	5
τουλογος	5
ἱππάζω	5
πᾶα	5
ἐξιχωρίζω	5
Πέζη	5
κρακτικός	5
μέμαρκα	5
ἀμάλδανον	5
Γοργυθίων	5
Καρομεμφίτης	5
Αἰγύτης	5
Φρεντανοί	5
Αἴνη	5
κμέλεθρον	5
γέλας	5
σύντοξιν	5
περισκέλλω	5
γνωμολογικός	5
ηθουλομεις	5
πῆλεμος	5
ὀνοματοποιός	5
Κελύει	5
μετατιθέω	5
λαστα	5
ἀναμίμνω	5
νοσοτροφία	5
Λυκεύς	5
εὐξία	5
οὁ͂δα	5
προχειρός	5
προφύλαξ	5
ἐκτομάς	5
ἐνείλλω	5
Αἰσῖνος	5
Διάκας	5
συαῦτο	5
Πλατ	5
Βιβ	5
χάση	5
ἀσφάλειας	5
αιχινεος	5
διάνιον	5
πετυχαίνω	5
μειρακίδιον	5
χαριμιδας	5
Σάτανον	5
Ἀείων	5
μίγη	5
Στρόμβιχος	5
λυροποιός	5
δρομοκῆρυξ	5
Ξενόδοκος	5
ΔΗΜΩΙ	5
Οὐλιάδης	5
υνκνοων	5
ἐνεργολαβέω	5
κηρυκεύω	5
μισγόλας	5
ἐκκλητεύω	5
Ἀλωπεκῆσι	5
εὐμαθῶς	5
προεισέρχομαι	5
παρθένειος	5
ὀρθωνυμος	5
αἰνόλεκτρος	5
δημόθροος	5
αὐτόμαρτυς	5
θεσπιῳδός	5
ἐπίξηνον	5
ἄλυξις	5
ἀνδρηλατέω	5
δακρυτός	5
βούθυτος	5
ἀχηνία	5
φραδή	5
ἔκπλυτος	5
φρούρημα	5
παραπατάω	5
περιστείχω	5
ἀμφίλινος	5
ἐξαυστήρ	5
πολυηλάκατος	5
ἐτυμόλογος	5
εὔσειστος	5
παρεκπεράω	5
Ἀνθηδόνιους	5
εὐνάων	5
παρεφθαρμένως	5
αὔξιμος	5
ἀφριστής	5
κοτυτω	5
ηλιασις	5
Ἰσθμιαστής	5
ἰαμβίς	5
Ἀγαΐς	5
σκώπευμα	5
ὀφρυώδης	5
πρόσβλεψις	5
μέμνων	5
δυσχάριστος	5
Λιβυστικόν	5
Τιμάνθης	5
κερβήσιος	5
χλίζω	5
ἀπαύλη	5
ἀπόκλασμα	5
εἰσάφασμα	5
ἄμαλα	5
Νελ	5
ἔκλογος	5
κανθύλη	5
ἐκμά	5
κνοῦς	5
φαγέδαιν	5
διαρτάζω	5
Ριτ	5
γυρπάιετος	5
Κραταίβιος	5
κύντατος	5
δυσέκλυτος	5
κρεουργία	5
βαρέος	5
φυσίμηλος	5
χαλιμάς	5
χαλίκρητος	5
ἀσχαδής	5
μελανόστερφος	5
Καλλίμορφος	5
αὐριβάτης	5
θέοινος	5
ὅδισμα	5
τοξόδαμνος	5
μελαγχίτων	5
Κισσίων	5
ἀμφίζευκτος	5
πατρωνύμιος	5
ἁλίρροθος	5
Ἀχελωίδες	5
εὐκτέανος	5
πρόκακος	5
τερμόνιος	5
φιτύω	5
πετρηρεφής	5
τετρασκελής	5
ἐπάργεμος	5
οἰακοστρόφος	5
θεόσσυτος	5
νυκτίφοιτος	5
ὀξύστομος	5
γυναικόμιμος	5
κατοπτήρ	5
ὁμιλητός	5
πυρφορέω	5
εὔχαλκος	5
Ὑπέρβιος	5
Ὁμολώιος	5
ἐξυπτιάζω	5
ὠλεσίοικος	5
παμπησία	5
τηρητικός	5
ἀετιδεύς	5
ἐποδύρομαι	5
κοιλώδης	5
προσπυνθάνομαι	5
Θύννος	5
ὀωις	5
βρυχηθμός	5
καταθοινάω	5
Ὄναγρος	5
φορτόω	5
διατρ́ω	5
εὐωπός	5
μιμώ	5
χρυσόπτερος	5
εὔτοκος	5
Σασάνου	5
κυβ	5
Λικινιανός	5
γαιανειμι	5
ασπίλως	5
θεόπλαστος	5
μυρίαρχος	5
προαιρέτως	5
λατομικός	5
τυπίς	5
μαρμαρίζω	5
κοιλόω	5
συναπορρέω	5
κατευωχέομαι	5
σίω	5
δρυμώδης	5
μεγαλός	5
νῆσσα	5
Γαρινδανεύς	5
σύνδηλος	5
δηλωτός	5
ἀργυροειδής	5
Ἀγαθαρχίδας	5
ἐγχελέων	5
Ἄργεννον	5
Κερκίνη	5
Ἑρμιονικός	5
κατεβλακευμένως	5
γιγάντειος	5
ὅσσαπηρ	5
ἐρωμανία	5
ἀλίτημα	5
Ῥοδάνθη	5
ἀκανθίς	5
πλατάγημα	5
ἀλιτροσύνη	5
γειοπόνος	5
εὐάροτος	5
περισφύριον	5
Ευστάθιος	5
τριμάκαιρα	5
λινοστασία	5
βακχευτής	5
εἴτερ	5
δικασπολία	5
γρηῦς	5
ἀγ́χινους	5
Γεζέριχος	5
Λεύθαρις	5
Γερ	5
Ὀῆθεν	5
ἀδήλητος	5
φιλέρι	5
παρημελημένως	5
συνοίσω	5
Ζωρόαστρος	5
ἀνακλητέον	5
Πάπων	5
Κολχίκης	5
Βυζαντίος	5
ρόντες	5
συνεπιβάλλω	5
συνεκθέω	5
Γου	5
μελετημένος	5
γέρμα	5
κα᾿	5
ὀξυτενής	5
Διβύη	5
τημέλεια	5
ΑΣΣ	5
πυρσαίνω	5
Ἀγαθοσθένης	5
Ἀγλαοσθένης	5
παράλλαξη	5
πλανῆτις	5
φιλοσωματία	5
ὑφηγητικός	5
αναπόδραστα	5
Τάμος	5
ἐσπαρ	5
νηριος	5
λεδοαδδιξ	5
ἄμβλακῶν	5
αντεραστής	5
πυλαμάχος	5
παρίβυκον	5
παρίβυκα	5
τερένης	5
Νούρα	5
Στησιχόρφ	5
προσωθέω	5
παρορίνω	5
ἑρρωμενέστερον	5
ἐννεακέφαλόν	5
αὐεοῦλλαι	5
Ἄλευς	5
εὐεπίθετος	5
εὐλυτέω	5
σάλπης	5
πλοκεύς	5
ὀψώνης	5
ἐνορχέομαι	5
Μύδων	5
λιμώδης	5
γενετυλλιδαις	5
ἡδυφωνία	5
γαβ	5
συγκαθ	5
Τατού	5
διακαῶς	5
αἱμυλία	5
Τραπεζοχάρων	5
λικῇ	5
σκυτοτραγέω	5
Δίπυλον	5
ξυρρ	5
Κορύδωνα	5
λυκερας	5
δημοκρης	5
ἰδιῶτις	5
Κίρκα	5
σκομύνθεα	5
ἄμβος	5
κηρία	5
ἐνάλιον	5
βοιους	5
ασώματος	5
φροντιν	5
Δένθις	5
απέραστος	5
ὄρχιλος	5
ὀρχίλος	5
θήραγρος	5
Ὄγκα	5
Ποσειδάν	5
ὑπερπλάζω	5
Κρίμισσα	5
φιλοπλόκαμος	5
Νεμεαῖος	5
κακοφραδης	5
Ἀμφιλ	5
νεότμητος	5
μολόθουρος	5
Εὐφο	5
ὑποφρίσσω	5
εὐρυκόωσα	5
κεχρυφαλος	5
ποιφύσσω	5
ὁάμνον	5
ευφοριον	5
Οὐπιν	5
Ἄλπωνος	5
ανχοφρεω	5
Πολύφη	5
γραῖος	5
διεγγυάω	5
Ἀρίθμιος	5
ρώτερος	5
Σιμύλης	5
Ἐρμεῖη	5
θηλέω	5
ὄγκωσις	5
ξυνεών	5
Ὀμηρείην	5
πολυτρίπους	5
Γρύνειος	5
Κρέκα	5
ηριγονευς	5
Διδυμεύς	5
Τυρίμμας	5
διατοξεύω	5
Νειλείδαι	5
Σώρα	5
Κλείτης	5
Ἀρώ	5
Θεστίς	5
σταφυλίς	5
ὑτέ	5
τελέστωρ	5
Τλῶος	5
Τρεμίλης	5
Νομηνίῳ	5
Ἐρυθ	5
ἀϊδνός	5
τελέτης	5
θεραπεσίαν	5
ἀπαλεῖ	5
οὐδεμῶς	5
ἀποκένωσις	5
πυκνωτικός	5
καλεύειν	5
γλήχους	5
λημίον	5
ἀπαλοσάρκους	5
κελλίβας	5
ὕψμα	5
σύνας	5
μαλάζαι	5
τετάρτιον	5
γολήν	5
Γαζέων	5
τεταρταίζω	5
σῆλη	5
κατασφῆ	5
ναρδοστόχυος	5
ἀπηρισμένου	5
ἰχωρώδης	5
κεφαλαγίας	5
κηρωτός	5
ῥοδόμελι	5
δωράκινον	5
παλαιίστραις	5
σιτών	5
ευφροβιος	5
ὀραχ	5
αἱμόρροια	5
βοτά	5
συνεξατμίζω	5
πιστωτέος	5
άοσμος	5
συμπαύω	5
βουλευτικόν	5
πλησιής	5
ηντιναοω	5
τἀληθεῖ	5
παρακειεπομαι	5
ἀσυλλό	5
΄Οτι	5
προδιομολογέομαι	5
αὐτόισον	5
επιστητός	5
εποδειξις	5
χολοβάφινος	5
οἰόνους	5
ποδότης	5
νυκτικρυφής	5
ἑωράκεω	5
σκεπαστικός	5
ἑρμογλύφος	5
ὕφανσις	5
αγβ	5
αγδ	5
ζαγ	5
ἐξεθλιβαίνω	5
ἐκριπίζω	5
ἀτμιδόομαι	5
συλλογιμαῖος	5
ταλάντωσις	5
ΝΛΜ	5
κεχρωματίζομαι	5
ἀνέψητος	5
ταγηνίζω	5
εὐθυντής	5
πολλαχῶν	5
Ἐνατίων	5
αὐιῷ	5
φιλοθέωρος	5
ὀξυωπέω	5
γήσεται	5
νεκροποιός	5
νθρώπῳ	5
αλογόνο	5
προτατέον	5
σβεστικός	5
ἀμουργός	5
ἐπιμιμνῄσκομαι	5
ὅδα	5
ἐτούτων	5
βοιαν	5
χυτερος	5
Σύμηθεν	5
Τρόφων	5
ἐξαπονέομαι	5
Τιτακός	5
ἀντίστρο	5
κηρυκεία	5
φιλόμυρος	5
μελάμπεπλος	5
γειροος	5
σύχ	5
τετρακότυλος	5
ἀραρότως	5
Ἐρωνᾶς	5
ὁῆτορα	5
ἀλέτων	5
Ἐπιχαρίδης	5
πλουσιακός	5
ὕζω	5
πρίστης	5
χαλκίζω	5
χαλκίνδα	5
κυλλάστις	5
παρανέομαι	5
ἡμιθῆτα	5
ἀποκοτταβίζω	5
μονοφάγος	5
διάγγελος	5
Ὗμνις	5
μεταχαρακτηρισμός	5
ἁλίπαστος	5
βάραθρος	5
ἀντιπο	5
ἐλέατρος	5
καλαθηφόρος	5
ἐπιστραφής	5
ἐπίπληκτος	5
φθαλμος	5
ὀρνιθοσκόπος	5
ἀπολυμαντήρ	5
ἀναγωγεύς	5
τριδύναμος	5
οἱοσδήποτε	5
συντίκτω	5
Ὀιλεύς	5
ἀρατικός	5
ὀμοτικός	5
νεργεῖν	5
ῥοϊσμός	5
Στείδου	5
ἀρχήστου	5
ρίστῳ	5
αντίφα	5
προταθείς	5
διαπαντάω	5
ἀρρητος	5
αναγκαίος	5
συμπεφορημένος	5
λέγνη	5
Κώττερας	5
Ἀμώμητος	5
ἀλείπτρια	5
κέωμα	5
γίγγρος	5
γενεῦ	5
εἰσκαθοράω	5
χήλινος	5
Ἔχθῦσα	5
πυκταλίζω	5
τανταλόομαι	5
ἀστραφής	5
καταπτύστης	5
Βόδα	5
νεολαμπής	5
Καρδής	5
λευκόπους	5
Κυβήβη	5
ἐράτης	5
ἀπαλαῖσι	5
τάπτησιν	5
αναχρεοειντα	5
Ῥοῦς	5
λυρῳδέω	5
Κρατίστη	5
ἀνεπιμέλητος	5
εξάγω	5
πημοσύνη	5
πολυσώματος	5
ὑγροβόλος	5
Ξέρσου	5
καθεστηκότως	5
αλλοχραω	5
γεροντομανία	5
μελετητήριον	5
βύστρα	5
κωδάριον	5
ξωμοῦ	5
μυριοπληθής	5
συφός	5
ἀρκτῆ	5
περιζώστρα	5
γνάφω	5
περιών	5
προσδιαβάλλω	5
δόγμ	5
ἐπίφραξις	5
τύφων	5
μυλοειδῶς	5
αὐγασμός	5
ταγηνιστηρία	5
ἀνάξιππος	5
Πυθόνικος	5
Παντακλέης	5
Φερεκλῆς	5
Ἀκουμενός	5
Ἡφαιστεῖον	5
ταύρεος	5
Φορβαντεῖον	5
ὀστρακίζω	5
Πανορμίτης	5
ητιπως	5
Πατρόκλεια	5
αλογη	5
Εὐδίων	5
τεφ	5
Ἀγρίος	5
κιθολος	5
παραμε	5
δλοῦ	5
αριστοχλεος	5
δήλιοι	5
ξανθόθριξ	5
Περικτιόνη	5
Τήσιος	5
τρισακάδεκα	5
εδομεις	5
ἡμιτετράγωνος	5
αρχαδικεω	5
ἡμεροφανής	5
Φιλοπονία	5
ἀπροσδοκία	5
Προθυμία	5
Σύλευς	5
χναις	5
νεοστός	5
καμικιω	5
προβληματικός	5
Μεγέθων	5
προτιμέω	5
Πόκος	5
διοικοδομέω	5
ἐπιτριτόω	5
παρεντάσσω	5
στέρεμα	5
εισέτι	5
μετακυλίνδω	5
ῥηματίσκιον	5
ἀπόφευξις	5
Ἀντανελείς	5
ἀμφιλογέομαι	5
συγκαταθετικός	5
διςχυριζοντ	5
ἀπορραπίζω	5
τόχα	5
τετραχής	5
Γεντιλιανός	5
τρανῶ	5
βῆστα	5
ἀδύλους	5
τεκμαι	5
ἀντιδοξάζω	5
ακράδαντος	5
ψοντο	5
Εὐδήμειος	5
απορισης	5
προειρημένος	5
τουχρονος	5
ἔγκρατος	5
ὑδραύλης	5
κτησίδιον	5
ἀχρήσιος	5
ἀρετωτέραν	5
Κεκραφάλῳ	5
εκούσιος	5
ψυχία	5
σώφρο	5
ἐπικεικῇ	5
ἀδίκησις	5
ἀλλακτικός	5
κάταυθα	5
ηλιθιοτητη	5
ἀδικοπραγέω	5
ρισαω	5
επαικεω	5
έλαιο	5
τιμοκρατικός	5
ὀρίξ	5
συμβιωτέον	5
εἴδωμι	5
τέργιν	5
ὑπανάστασις	5
Οἰνοῦς	5
χαιρεκακέω	5
Βορίλος	5
ενατενίζω	5
βροντώδης	5
Σαξόνων	5
νεοσύλλεκτος	5
Ἀπουληΐας	5
κανίνα	5
προσδοκήσιμος	5
προαίσθησις	5
στραβορωμανος	5
ἐπιτρόχαλος	5
φοινικοβαφής	5
κατηπειγμένως	5
ἀπεριήγητος	5
Νέτου	5
σέκρετα	5
δραστηριότης	5
αποθαρσεω	5
ἡμίθραυστος	5
Πακουριανῷ	5
ὑτοι	5
Ασπιέτης	5
Ἀλίφα	5
ἐναγκαλίζω	5
Ἴας	5
διεκφυγή	5
κουρτικιων	5
παρευρίσκω	5
Ούζας	5
φιλοσκώμμοσι	5
προμάντευμα	5
προσουδίζω	5
προνομεύς	5
επιδοτώ	5
αροτριώ	5
Δρίστρας	5
ὠμόφορον	5
τυχής	5
Ραψομάτης	5
ἐξισωτής	5
φιλοκάλη	5
αδριαντιπου	5
Ἁδριανουπολίτης	5
Νορμάνων	5
μορμολύττω	5
Πηγάσιος	5
Ἰσαγγέλην	5
Κορτίνας	5
τουρκικός	5
οὐδοπωσοῦν	5
ἐποίγω	5
Λαντοῦλφος	5
γενουσιαι	5
ασπιετος	5
ὑπότυφος	5
ἀπεθάρρουν	5
Ζούντα	5
Ταρωνίτης	5
πυργοφόρος	5
παλιμπόρευτος	5
εὔκαυστος	5
παραστέλλω	5
ἀποστομίζω	5
οἱουδήτινος	5
απερίεργος	5
Βογόμιλοι	5
χνιον	5
ἀποδιοπομπέω	5
εκπαιδεύω	5
ανιπετομαι	5
Ελεούσης	5
μετάκλισις	5
ἑστηίσκω	5
υρίους	5
Εὐπρέπεια	5
εὐθήρατος	5
λόνου	5
ποαγμα	5
εξόριση	5
ἀσκήτρια	5
πτωχοτρόφος	5
ιδιοχείρως	5
λεγάτα	5
ἀδέλφια	5
λεγατάριος	5
λαχμός	5
πρόσκρουσις	5
ταβουλαρία	5
οἰουδήποτε	5
ἐξπεδίτῳ	5
συγκατοικέω	5
Πρωτώ	5
ἀντικατάλλαξις	5
Εἰδυῖα	5
Πληξαύρη	5
υστεροβουλία	5
Μηκώνη	5
λουγδουνησιον	5
βελγικός	5
Κορσική	5
πρασώδης	5
δφ΄	5
τετράστάδιος	5
εὐπιστία	5
Ὁνήσιμον	5
προτιτακτης	5
ΕΣΗΓΗΣΙΣ	5
Ἀρχεβούλειον	5
ὁρτῶρ	5
αποτρεπτικός	5
χειρημα	5
ῥητορευτέον	5
ἀθλητέον	5
τασκευαζω	5
ἐπιστάσιος	5
σύμβαση	5
Ἀθνᾷ	5
μιλτεῖον	5
παραδιήγησις	5
παρεμπλέκω	5
ἐστενωμένως	5
ῥᾳόνως	5
ἄσιλλα	5
λαμπροφορέω	5
ζῳογόνος	5
σμικροπρέπεια	5
προσδιαιρέω	5
τήσαντες	5
αἰσχυ	5
γηραιότερος	5
πανηγυ	5
πρόσχισμα	5
ρασε	5
Παντίας	5
θμα	5
εὐανάγνωστος	5
εὔφραστος	5
διαστίζω	5
ἀρμότ	5
ἀφετέος	5
συμπτυγμένος	5
αναχαιτίζω	5
Κρατίας	5
κρεμάστρα	5
δρείους	5
παρακίνηση	5
παραδιηγέομαι	5
διασίζω	5
ἐλεεινολογέω	5
υπόσχομαι	5
ἀντιπαραβολή	5
ανισαιτερος	5
νίμου	5
διαπορία	5
σμέναις	5
προσγι	5
γοριον	5
ρυθμίζομαι	5
ἐπαινετικός	5
μικρόφυχος	5
Νόμι	5
σώω	5
ἐρισμός	5
πέστιν	5
τροος	5
Βιάδης	5
άξαντος	5
ἥ	5
ολιγάκις	5
διλήμματον	5
επιτίθεμαι	5
Πυθαγ	5
Μεταφραστής	5
Ἀλόννησον	5
χορυγη	5
προσερεθίζω	5
οἰνών	5
μειδιασμός	5
Σεμνόν	5
τριχυμια	5
προδια	5
πολυσπερίας	5
επικρίνω	5
Ἀκμαῖος	5
Απόκη	5
ἐξερωτάω	5
πλημμέ	5
ψήφρον	5
εύθραυστα	5
γεννητήρ	5
Γρη	5
περιαιδεομαι	5
ζητήμ	5
πλασματογράφος	5
χοργότητι	5
ὕνθμός	5
Ἄδύ	5
διασταλ	5
ἀπηγ	5
ἐμποέω	5
τάρτην	5
ἐγχορεύω	5
συνολογευς	5
ἐπιγν	5
ἀνταπό	5
ευχρινεος	5
έγεθος	5
εναθρυνω	5
πτείρω	5
στομφώδης	5
στόμφαξ	5
ἐπιβεβαίωσις	5
αμοδιος	5
χοριαμ	5
ἐπερίττευσε	5
περιβο	5
μεθόδος	5
ίαμβος	5
ὀνθμῶν	5
ἀπαλλ	5
παραληπτέος	5
κατᾴδω	5
ῥακίζω	5
μεστότης	5
ενδυχω	5
Γουμένης	5
διασώρων	5
φαντικῶς	5
κώλος	5
ὀκτακαιδέκατος	5
ναγκαῖον	5
σερνῶν	5
τόομαι	5
ἐπίδημα	5
νογ	5
ἐπιθεωρητέον	5
παρόρθησιν	5
διαφράγνυμι	5
γοριπως	5
Ἀθηναϊκός	5
ἐφεξ	5
ευμεταχείριστος	5
αἰδιότητι	5
Γένν	5
ὑπόδοσις	5
Σταμ	5
πλις	5
λαθ	5
στεροτητη	5
μεταχειρισμός	5
νεοχλεω	5
σύγχωσις	5
εννιακόσιοι	5
κακοξήλου	5
Πειθίας	5
ἐπικάλυψις	5
υτόν	5
παγχόσμιον	5
δυσχερός	5
εἰνοίᾳ	5
προσοπαω	5
ἀντιχως	5
μαρωνειος	5
ευχοος	5
κροκοδειλίτης	5
ἀνόμασται	5
Κλειδάς	5
βολίας	5
συγχρητιπως	5
μθ᾽	5
αντιληπτικός	5
νθ᾽	5
ἐξαπ	5
υποπτεύομαι	5
ραδείγματος	5
παραπρεσβεύω	5
ἡράνισεν	5
προεσβείας	5
χγ᾽	5
σεσοφισμένως	5
ὁητοῦ	5
κρυωμένος	5
ἐφιλ	5
κατασχευαζω	5
ἀντιπροβάλλω	5
φειγη	5
μοθετης	5
Μόρια	5
ἐξεργαστέον	5
ὀρύχω	5
Γάσια	5
ἐγγρά	5
ἀνανακαίω	5
ἐκάλεισιν	5
ἀπολολέγω	5
πολύποδος	5
κτιστῶς	5
χριοτω	5
ὀρθαλμοῖς	5
Σοδομικός	5
ὑπεραστράπτω	5
ὑπερτελέω	5
Χαλκηδονίτης	5
ἀποπήδησις	5
ευαγγελικός	5
ἀποδιψάω	5
Μαυσώλειον	5
Πανόπτης	5
ἀμμία	5
διανύττω	5
Νίσιος	5
Σοῦρα	5
έμμονος	5
στασιασμός	5
ἐκκειμέν	5
διατίθεμαι	5
τωνιατη	5
ἀψυχ	5
διαφόρ	5
χότα	5
χυς	5
διαλλ	5
σύμπτω	5
ἀσκ	5
αποκριθη	5
ἐκκει	5
ἀπατ	5
χυλ	5
Στρόβιλος	5
ΘΖΒ	5
ἐσσηλες	5
ΚΒΝ	5
Όπτι	5
Χάγη	5
μοτητη	5
τέττασιν	5
Λεσβιάς	5
Τρωϊάς	5
πολύστρεπτος	5
αυσονιηιων	5
Πολύμηλος	5
σίσυμβρον	5
φιλεράστρια	5
Μαιόνιδης	5
Νικομάχη	5
ἐπιστείχω	5
ἀγάς	5
κακόμορφος	5
ανηλεής	5
εὔτρητος	5
Ζηνοφίλα	5
δυσύποιστος	5
παμμήτειρα	5
Τιμοῦς	5
Δωροθέα	5
εὔκνημος	5
ἐγκλιδόν	5
λαιμοπεδαω	5
χαλκοτυπέω	5
πακτός	5
σαλάσσω	5
πολυωψ	5
μελανδόκος	5
λιθακόν	5
ἐμμελέτημα	5
Πάρμις	5
χνοάω	5
χρυσοχίτων	5
ὀιζυρός	5
Κυνθιάς	5
Ἀκέσων	5
τρίζυγος	5
δαιδαλόχειρ	5
κατήλυσις	5
ἡμιγύναιξ	5
μάκρα	5
αποίμαντος	5
ὄλπη	5
Εὐάλκης	5
άτριο	5
Σώσιππος	5
κροκάλη	5
ἅλατο	5
Ἀγοράναξ	5
δάσσω	5
λιπάω	5
κατάπυκνος	5
Θρήιξ	5
προμηθεύς	5
Ὀλβίστη	5
χρίμπτω	5
εὐεπίη	5
ἡδύλογος	5
σταγόνεσσι	5
ἀντῳδός	5
ομότεχνος	5
Ἀφρογένεια	5
Κωτίλα	5
Καλλικράτεια	5
θαλασσοπορέω	5
ἀπίσχω	5
Ἱππαίμων	5
Κριναγόρας	5
μεγάτιμος	5
ἀκοντοδόκος	5
Φιλώ	5
ἀρίστιππος	5
Ζωσίμη	5
ἀβάλε	5
σιγαλέος	5
Ἀναστασίη	5
χρυσολύρης	5
Ἱεροκλείδης	5
ἐπεσχάριον	5
Τιμάρης	5
Ἀμμωνιακός	5
τεσσαρακονταέτης	5
Νόννη	5
Φερέσβιος	5
περιφαίνω	5
λιπόγυιος	5
τουλλιλεω	5
Νικίεω	5
Κισσηΐς	5
ἀμνή	5
ἐξεσθίω	5
ταυρῶπις	5
φαάντερος	5
ἐφερπύζω	5
ὡπόλλων	5
διγλωσσέω	5
Χιμάρα	5
γλάγος	5
ἀγκρεμάννυμι	5
ἐφυδριάς	5
καλλίναος	5
γαθός	5
Ὑάγνις	5
αὐτοκέλευθος	5
Σμίνθος	5
παραστείχω	5
σηκίτης	5
ἀνάμερος	5
χρυσοέθειρ	5
ταυρωπός	5
πολύιδρις	5
Κλεάδας	5
ἀγασθενής	5
χαλκόω	5
λαλώ	5
Σίμαλος	5
τιτυοκτόνος	5
ἄκνισος	5
ἀνθοφορέω	5
πυθεῖον	5
εὐαής	5
ὁ͂ατες	5
λιμενοσκόπος	5
καλιάς	5
ἀεθλητήρ	5
Ἐρώτιον	5
λεπτακινός	5
καννάβινος	5
κλινικός	5
ἀκόνιτος	5
Κρατέας	5
Ἑρμόδοτος	5
φίλοπλος	5
Χοίριλον	5
μονόστιχος	5
Ἀντικράτης	5
Γανυμήδη	5
μυΐσκω	5
ζωογλύφος	5
παγγενέτειρα	5
ὑποτρώγω	5
πανακής	5
παιδοφιλέω	5
κηρόχυτος	5
Κηφισιεύς	5
δεκάτευμα	5
συνευνέτις	5
ποσσίκροτος	5
Ἐπικυδείδης	5
καλλίροος	5
ἀλκτήριος	5
χρυσοβαφής	5
ἀμφίπαλτος	5
μονόδουπος	5
λύγδη	5
καρποτοκέω	5
μεθυσφαλής	5
παιδολέτειρα	5
Ἀφρογενώ	5
ἁλιμυρής	5
παλιναυξής	5
τανυσμένος	5
ἐμμάσσομαι	5
αὐλία	5
παλαιόγονος	5
Στέφος	5
ἐφηβικός	5
επιζυμενω	5
Πόρφυρος	5
χαλκίτης	5
ὑγράζω	5
ὕμρων	5
Ἀγάμεια	5
ὁσάνει	5
παντοδίδακτος	5
Πλουτωνίς	5
Γλαύκιος	5
μαίανδρος	5
Ἀημιῶν	5
προσπαρατίθημι	5
Ἀντάνδριος	5
Κριμισός	5
Ἀθαμανία	5
θεόπομπος	5
πορίγυομαι	5
κωλυτήριος	5
τερατοποιία	5
σωστός	5
Καρύ	5
στιος	5
κελύφιον	5
προστηρέω	5
καταδαίνυμαι	5
ἀρτεμός	5
νήφαλος	5
δίστοιχος	5
Πάλος	5
κάμορος	5
Φειδεντίας	5
Μαρκέλλα	5
Κάμαλος	5
Κέλτιος	5
Πέλλιου	5
κελτίω	5
Ποτέστα	5
Χρυσάντος	5
αἶχε	5
ἵλασμα	5
σαικουλάριον	5
Ἦτειον	5
Λευσίον	5
πολλωνίδα	5
Βορυθενίδα	5
Κορυθενίδα	5
χρυσοφύλαξ	5
Ἀσκληπι	5
εκεραυναω	5
Ευρυθέα	5
Ῥάκιος	5
Μενεσθῆι	5
ἐρεύνησις	5
σκηρός	5
Αντιόχης	5
Βατραχομυομαχίην	5
αὐχμαλέος	5
διχόστομος	5
ἐξοροθύνω	5
προσαρξυνοντ	5
Λυκομίδης	5
Αἰσχύλινος	5
σπαστικός	5
Τέλεσις	5
Χούρα	5
ἐλαΐς	5
πολυμηλη	5
Ἀλάζυγος	5
Βαθυκλείας	5
σπιδόθεν	5
πανοπιδαω	5
χομενω	5
Ἀλιακτίων	5
ἀφν	5
Νικοθόη	5
Πανυάσιδος	5
Τευθέας	5
Πεῖρος	5
Κλεοδώρην	5
Τιμάνδρη	5
περιχτιονος	5
Κυχρείδης	5
Βροτός	5
θυίη	5
κλοπιμαίος	5
ἀποκε	5
ἠπάομαι	5
μουσόω	5
πολυφραδέω	5
ἀξυλία	5
καταπυνθάνομαι	5
ἱππημολγός	5
σφαραγέω	5
Σκυλλητικός	5
Πάτρου	5
μισογυνία	5
συνεπιβλέπω	5
ἐξηττημένη	5
κάστιν	5
λιογειος	5
υδαρής	5
τευκτός	5
στηρνιᾶν	5
ὠδόν	5
ἀπαρχαιόομαι	5
δύσπρατος	5
Ουέι	5
ἐγχέλεας	5
βάκχλον	5
βάκχλος	5
σκατοφαγέω	5
τουτι	5
τουβωλος	5
φιλοτάριχος	5
σίττυβος	5
βρακί	5
ξεύγος	5
θυροκοπέω	5
ἀποδικεῖν	5
κασσωρίς	5
διαψηφίζομαι	5
προβουλή	5
ἀνατροπεύς	5
κάκουργος	5
ἀνοσία	5
εὐοδμία	5
ἀπαρτιλογία	5
σκευά	5
ἀπάλαμος	5
βομβύλιον	5
Οδυ	5
Ἀντισθέους	5
ῥαγή	5
ἐλλεβορισθῆναι	5
Δελής	5
ελίσσομαι	5
ἔντριμμα	5
παρέξω	5
Ὑδρέα	5
Ξαν	5
Σίδων	5
μεδιειμι	5
Ἄπτερα	5
ὑπέκναυμα	5
Κάσων	5
ἐπιπταίω	5
Γίδας	5
δείλος	5
προσπελάω	5
θεραπαινία	5
γλῶσταν	5
τηγῷ	5
Ἔδρας	5
ιαμβλιχοω	5
λάμας	5
συνεκτίθημι	5
Λάρυν	5
σχυλακαω	5
ἀποβουκολέω	5
πρόσκωπος	5
αλιευειμι	5
σκίον	5
συφεός	5
κοιλός	5
μωνα	5
Λιονυ	5
Ὦμηρ	5
ὑπερφάνους	5
ἐπανιάομαι	5
πομενος	5
Άνθεια	5
ὤφωμαι	5
Θελ	5
Πολυδώ	5
καταδακρύω	5
λάγην	5
Ἀπολλᾶς	5
γωγῶν	5
ῥίξα	5
ἠλιβάτας	5
ἐπανόρ	5
Ἰδριάς	5
ὑμες	5
κατάγρημι	5
πῆδα	5
καταλαδεῖν	5
Εὐρύτη	5
Τοξεύς	5
ζύλα	5
μάχαραν	5
Φᾶνος	5
Ἐλεφαντίς	5
Πεφρηδώ	5
καρατομέω	5
Κελαινεύς	5
Ἀλκινόη	5
ὀκτωκαιδεκαέτης	5
Κρεοντιάδης	5
χερνήτης	5
Μόλορχος	5
Αἰνίας	5
ἀντεπιτίθημι	5
Ἔρατος	5
Ἀστυκρατεία	5
Εὐμήτης	5
Ἱλαείρα	5
Πλακία	5
Δόρυκλος	5
Τελέστας	5
Λαοδόκος	5
ἀπεισπεριμαίνομαι	5
Δηϊών	5
προσαναπλέω	5
πιθοίγια	5
ΓΤΟ	5
γχι	5
Ἀλλόβρυγες	5
Πασσαργάδαι	5
Ἄργισσα	5
Σπληδόνα	5
Ἡμίκυνες	5
Μερμερίδης	5
Πόλτου	5
Κόρσης	5
Ψευδαίας	5
γραμματειδιοποιός	5
ἀργυροθήκη	5
χαλιφρονέω	5
Ἀπειραῖος	5
βρίζα	5
ἰωνίζω	5
ὁμοφω	5
ἀρχεύω	5
πρίημι	5
παρεμφατικός	5
ἀρθρικός	5
Κροτωπιάδης	5
ἐμπεριεκτικός	5
χειρογραφέω	5
παιδαγωγῶ	5
ἀντώνυμον	5
νωίτερος	5
ΒΝΓ	5
κστ	5
θρηνητέον	5
φύπος	5
ὀστρός	5
Οὐέτηρ	5
χηδονίους	5
δίκερος	5
δημόθεν	5
Ἀβαντιάδης	5
Φλίας	5
ἀμφιπίπτω	5
παρᾶσσον	5
ἐνιπτάζω	5
ὠκεανίς	5
ἐπωλένιος	5
νηοσσόος	5
ταίγε	5
τοίγ	5
Ἰησονία	5
νηϊος	5
συντεκταίνομαι	5
Ὄρνυτος	5
βομβηδόν	5
μηλοβοτήρ	5
Δοίας	5
Ἀχερουσίς	5
νώνυμνος	5
Δοιάντιον	5
Ἀρητιάς	5
ἐξάνειμι	5
ἐπήορος	5
κακοφραδής	5
προηγήτειρα	5
παλιντροπάομαι	5
ποδηνεκής	5
διατεκμαίρομαι	5
πανέσχατος	5
ἐνωπαδίς	5
σμυγερῶς	5
προθρῴσκω	5
παρέστιος	5
παρβολάδην	5
δυηπαθής	5
ξέρησιν	5
ἰχυρόν	5
ῥινόω	5
ὑμι	5
Διδῦς	5
περιχάρδιον	5
δέψω	5
ξοικότα	5
αἰγύπτης	5
ψυλῆς	5
Οὐλ	5
τετέσι	5
ἄϊρος	5
ἄχλεῆς	5
ἀναβολάδην	5
ἀνδραχθής	5
ἀνεμοφόρητος	5
ἀνατέ	5
ἀπορριγέω	5
άργητα	5
ἀργυρόεις	5
Ἀρπνιαι	5
ξοιπως	5
ἐκτρα	5
νδρας	5
ἀφυσγετός	5
θριγκόω	5
βερ	5
τατέσι	5
γαιήϊος	5
Ζόντα	5
δυσάλ	5
εἰδάλιμος	5
περιμάχομαι	5
τῷτω	5
ἐπιλωβεύω	5
ἐπιγνάμπτω	5
λότος	5
εὐαρχία	5
ευπροειμι	5
ἐφεψιάομαι	5
δῶμος	5
ἡπύω	5
θεῦσις	5
Θόωσα	5
προδιαφθείρω	5
Τραχήλη	5
τέττ	5
Σαρχός	5
Καλάμ	5
ἐπιγι	5
καταβρόχω	5
ρανέω	5
καυστειρή	5
καλαμινθώδης	5
ἀντλητήρ	5
κλήδην	5
μογοστόχος	5
νεοαρδής	5
διζύν	5
ὁδέποτε	5
ἰξία	5
πολυκέντητος	5
λαγῶδες	5
φρι	5
Σμίνθη	5
σῶλον	5
Πέπα	5
τανύγλωσσος	5
ὀγιῶς	5
Σιέν	5
κατάδενδρος	5
Ὑλακίδης	5
ὑποσταχύομαι	5
ρομία	5
Αἰχύλος	5
ἀδμ-ῆτις	5
ἀποσκυδμαίνω	5
δεξιοδη	5
ἐμπαιος	5
ἐξερωέω	5
ἐπιβλής	5
Θαλάμη	5
κολῳός	5
Νηδύμος	5
συμπλαταγέω	5
φορύσσω	5
Ἀρχίμαχος	5
πρόφορος	5
κακοηθεύομαι	5
παλεύτρια	5
Ἀράτιος	5
καλάπους	5
ἀποκρότημα	5
Αὔφιδος	5
Δάσιος	5
ἐξιππεύω	5
Ἐρδονία	5
Ἀουεντῖνον	5
ἰσοπολίτης	5
Ἀκέρραι	5
Γράνιος	5
Μερόλας	5
Ἰανοῦκλον	5
Σύεσσα	5
Καρρίνας	5
Σκαιβόλας	5
ἰσόμαχος	5
Ἀλλόβριγες	5
εἱμάρνυμι	5
ἐκτραχύνω	5
Παρθυηνή	5
μεσεγγύημα	5
συναποτίθημι	5
Ῥουβίκων	5
διαταφρεύω	5
ἀφυλαξία	5
Ῥούβριος	5
ἄλοβος	5
ἰσόπαλος	5
ἐκλογέω	5
Ῥασκούπολις	5
δημοκόπος	5
Ἀτήϊος	5
ἀποτείχισις	5
ἀποστρατεύομαι	5
ἑκεινου	5
νυκτοφύλαξ	5
Κλουσῖνοι	5
Κλουσίνος	5
Βελλοί	5
Νωβελίων	5
Παλλάντιος	5
Καλλαϊκός	5
Ζάκανθα	5
Οὐακκαῖοι	5
Δείδιος	5
Πρωμόνα	5
νεότευκτος	5
Βύρσα	5
μεταστρατοπεδεύω	5
Καρθάλων	5
σωφρόνισμα	5
ἐπίλεξις	5
κινδυνέοω	5
ἐνενηκοντούτης	5
βάθρα	5
Φλαμινῖνος	5
Ἀβρούπολις	5
βίθυν	5
εὔμαχος	5
ὀλιγήμερος	5
Λόλλιος	5
Πομπηϊόπολις	5
Ἀμίλχας	5
Ἀπάμη	5
ἐλεφαντάρχης	5
Σελευκίδης	5
ἐπιληπτέω	5
συστάς	5
εκουσιαζομαι	5
Σεβεγών	5
Φιλιστιαῖος	5
Φαραό	5
σχοίνιος	5
ἀνάτιος	5
ἀποκλεισμός	5
σκόλον	5
τισμοω	5
ἐπίοπτος	5
δώτειρα	5
ὑποδείελος	5
Ἰασίδης	5
Ἀλήσιος	5
ἀναλδής	5
ἐπικάρπιος	5
ἀποκίδνημι	5
δίχασις	5
τριτάω	5
γυρῖνος	5
σιχναω	5
ὀξυτο	5
πτάσσω	5
κλινός	5
ουδενω	5
υρις	5
Πορφύρις	5
δοτίς	5
εὐδείαν	5
τριβραχυς	5
ρίδιος	5
γήιος	5
πρωτόπλοος	5
αἰδῷος	5
ἐπακουός	5
προπαραξύντονον	5
μυνδός	5
ξριανθος	5
κάσμος	5
ἀσσημεῖωται	5
ἔγκαρος	5
γοῖτος	5
Ώπος	5
οἰωνοπ	5
παρασύνδετον	5
προπαραξυνόμενα	5
σπονδία	5
φοινίχη	5
Δουλή	5
σκάλμη	5
λειπόπατρις	5
πανώλη	5
ὀλξ	5
ὁπατρος	5
πνευστικός	5
στόναχος	5
Βαρό	5
τεσημείωται	5
δήπω	5
ὑφέρ	5
ῥνος	5
προπαραξύντονα	5
Μεθύμνης	5
σινδονίτης	5
Ευλαβία	5
εννενηκοειντα	5
εὐχω	5
Κρίδη	5
Κρῖος	5
Παλαῖσις	5
Πηλιχός	5
πλύνος	5
πρεσβοος	5
φίνα	5
σπέ	5
Φυνά	5
κολοκασία	5
ὀξωτός	5
σιλφιωτός	5
ὕννις	5
ὑπόχυτος	5
Χόρτης	5
βωλοκοπέω	5
Πολύχλος	5
ἀναγρύζω	5
φιλοπραγματίας	5
ἀμφίδουλος	5
γυνον	5
ραδ	5
διοπ	5
ἀμφορεαφόρος	5
ἀλαβαστοθήκη	5
Λιθ	5
αὐτοποδί	5
κάχειν	5
λαχανοπωλήτρια	5
ὑπεραγωνιάω	5
λδεῖν	5
ρύγων	5
μεταβίβαση	5
ὑποστεναχίζω	5
δίφας	5
πτολεμέω	5
Τρωξάρτης	5
πολτοχαρυβδις	5
ἀγχονίζω	5
λαῦσαι	5
ἄμυξα	5
ὀηδίως	5
ὀψοφόρος	5
ποτιδόριον	5
οφτός	5
αὐτοσταδίη	5
σινόδων	5
φάργον	5
οινοδοχη	5
Γαίσων	5
Ἀϊδόσδε	5
Ὀκεανός	5
τέγματα	5
Ἰσμαρικός	5
ἐπίρρησις	5
Λογίνας	5
κνέρας	5
κουφρεω	5
καρτ	5
Τοντ	5
Τρήχεια	5
αλφιστευειμι	5
λυσμελῆς	5
Δημητριακός	5
δυσυλλαμβανω	5
μήκανος	5
Ἱππών	5
Κυβήκη	5
Λαγώυς	5
αργιλειπω	5
κύστη	5
συκοτραγίδης	5
γεωμετρ	5
ἑξαπλασίων	5
ΩΓ	5
ταλικοῦτος	5
τετμίναμαι	5
ΕΘΒ	5
ΓΥ	5
ΡΣΤΣ	5
ΩΚ	5
ΚϠ	5
ϠΘ	5
ΚΙΝ	5
ΓΘΗ	5
ΚΜΝ	5
ΑΘΚ	5
ΑΚΘ	5
ΘΚΑ	5
ΗΓΘ	5
ΧΞ	5
ἀπόλειμμα	5
ΖΡΛ	5
ΡΛΖ	5
ἑτρειος	5
ΜΒΝ	5
ΘΓΕ	5
ΚΒΖ	5
ΥΛ	5
ΓΑΗ	5
ΛΕΓ	5
ΞΙΓ	5
Ἀρχίππον	5
σκελίς	5
θεοσεχθρία	5
ἐκκύλος	5
ὄψομαι	5
ἀπαντιάζω	5
κωλυτήρ	5
αἰσθάσις	5
ἡμικύλινδρος	5
μνασαγοροος	5
ΜΑΘ	5
αψιά	5
κεκρατη	5
σύνδοσις	5
εὔσιτος	5
ὑμένιον	5
λά-β́μεͅσκω	5
ἐπιληψία	5
ἀνεξιξ	5
ἐκβιάομαι	5
μελαγχολώδης	5
ὁξύς	5
τημ	5
μελαν́ς	5
ευὀτής	5
ἀίδριες	5
μίῃ	5
λιμνήστις	5
ὅκως	5
πινόεις	5
κλειδα	5
προασφαλίζομαι	5
κολοκύν	5
Βηστῖνος	5
πρόωσις	5
μαλθακτικός	5
παλαῖος	5
δρυός	5
Ὅριος	5
χειρουθεω	5
ἀνάχαρασι	5
ἔξως	5
Νιχάν	5
ακραινεος	5
εὔτορος	5
ἔνδετος	5
συμπαθῶ	5
δίωρο	5
παραφυχήν	5
ἀνακτέω	5
πολλάχ	5
Πυθαγόρειο	5
Χιλᾶς	5
ἰτητέον	5
θριγγός	5
ἠλιθιάω	5
ευπραγώ	5
Πυθο	5
λημιάω	5
σφοδέω	5
ευμαθής	5
ευδροσος	5
Θρασυλέων	5
εὐθρον	5
Λάγης	5
ἀστάμητον	5
Ζαλής	5
ἀφόνος	5
αισγινεος	5
σκαρίδιον	5
Σφυρίδας	5
γαῖρε	5
ὀφίας	5
ἀνειδίζω	5
θεραπάνας	5
στωμύλλω	5
ναπαῖος	5
σίμβλη	5
καχον	5
κατοικτίζω	5
βυπῶν	5
ῥαχίον	5
οὐχέθ	5
ὑποπέτομαι	5
παλαχή	5
ἐγχράομαι	5
Γέμων	5
διόρθωση	5
εδρυος	5
γλαΐνα	5
παρηγορώ	5
σροδραω	5
ἡπιώτερον	5
αὐτίκτα	5
Ἀκόντιος	5
Πυθίς	5
Θελξινόη	5
γείσιον	5
φορτέω	5
επιτιμώ	5
γάρυν	5
ξοικέ	5
Μέγρη	5
κατάντικρυς	5
κομιδῶς	5
πασσάλιον	5
προσκαρ	5
γαληνισμός	5
απειροχαλια	5
εὐδιόρθωτος	5
αἰσγρῶν	5
προχειρέσεως	5
Πάταικος	5
αἰσχρορρημοσύνη	5
πάρω	5
προσπάσσω	5
ἄλγιστος	5
ἄζια	5
ὀλιγάρχης	5
ἡφαίστιον	5
σπευροος	5
Ἁλίας	5
έκπληκτος	5
ἐλλεβορισμός	5
ἀποναρκόω	5
πολυχίτων	5
Προαιρεσίῳ	5
Διάκα	5
καλῶνων	5
ἑκατοντακέφαλος	5
κυπαριστεω	5
μεδίμων	5
Ἀχιλλέας	5
ἐπιμελετής	5
πέντηνας	5
μίλις	5
συμπλέκομαι	5
Ἑρακλέα	5
Χρονάς	5
Δορυμένης	5
χειροος	5
ευλεγω	5
Σαμέαν	5
ἀναξιόω	5
ἀναχράομαι	5
Κλεαινέτη	5
Εξοχότατος	5
παλαιίστραν	5
σούτῳ	5
λυκοφιλία	5
χελευειμι	5
ἐμβουλεύω	5
ἀρχισωματοφύλαξ	5
βάψιμος	5
κριάς	5
ἡμίθνητος	5
ἐπαρῶμαι	5
θηλιά	5
ἀμύς	5
χολακευειμι	5
καθᾶρλω	5
στρατηγεῖον	5
Μέτις	5
Πρίην	5
Ἀρύββας	5
ὕπαργμα	5
εύορκος	5
τῆνιχάδε	5
πουκός	5
εξοστρακισμός	5
ουδεμω	5
ευτολιεις	5
πένθτας	5
Βᾶλος	5
λογιστήριον	5
σίσσαρον	5
κύναρος	5
Μαμμάκυθος	5
ΚΓΛ	5
ΘΛΚ	5
ΞΜΛ	5
ϛωνθ	5
πεντηκόσιοι	5
ὑποδάμναμαι	5
Ἀλιθέρος	5
Κάλχα	5
λοαγω	5
δίψις	5
συλεύω	5
ξενοσύνη	5
Μελιώ	5
ταό	5
ἄλχι	5
μηριαῖος	5
ημίονος	5
λοιμή	5
νῖκτα	5
κατατρώγω	5
φευματη	5
βατ	5
βαρυστεναζω	5
θισαν	5
πορφυρ	5
βύην	5
φεῖδρον	5
ἐπίπεμψις	5
ὑποζέω	5
ελαννομενω	5
Χόασπις	5
καυχ	5
ἀκέανος	5
Εὐρόνοτος	5
Εστέφ	5
εἰκαστέον	5
ἡλιάω	5
οξύς	5
σιτόφορος	5
Ιώνιου	5
κατορθῶς	5
περιπρό	5
Τέμις	5
Πέξα	5
ξμοιγε	5
πανσάμενοι	5
συνοφαντος	5
μυθέω	5
αἱμοχαρής	5
πλησιαίτερος	5
Φιλεταῖρος	5
ἑταιρίδιον	5
σχολοπος	5
ημεῖωται	5
Πευκετίας	5
Οφίων	5
τυρῶς	5
δρεύς	5
απαξάπας	5
ΔΝΟ	5
Εἰράνα	5
θεμόω	5
Ἀτεπόμαρος	5
Ταρπήϊος	5
νεοτόκος	5
πραγμαλείας	5
Φόγγῳ	5
ΠΝΙ	5
δυναλόν	5
υπεροχή	5
Τέτης	5
Καΐμη	5
Τρέισι	5
ὀλίαν	5
ἐναρμόνιΘ	5
σωημμεδιῶν	5
πασαυροος	5
ἡμιστ	5
δξυτάτου	5
εναύλιος	5
γδο	5
ἡπλείνεσι	5
χμν	5
Τρίκη	5
ΣΗΜΕΓΑ	5
παλάζον	5
ΝΟΝ	5
ΑΙΟΛΙΟΙ	5
ἀπεσραμ	5
πονΘ	5
ωλαγιον	5
ἀπεσραμμῶν	5
Συνήμων	5
τετραγωνέω	5
Τειρᾶς	5
Φόγγυς	5
σίχος	5
Τελία	5
μαζ	5
ῥυθμοποιία	5
πηρς	5
ὀκαλεῖτο	5
σέφρον	5
ἐναρμόνῳ	5
σεια	5
παιστικός	5
Πινές	5
φιλοχωρία	5
Κίλης	5
Αὐοῦς	5
λέζον	5
συμφῶς	5
τριαχοειντα	5
ευηλιας	5
παύτῃ	5
λογαοιδικός	5
ἀνθιπώθῃσαν	5
μελιχοω	5
ἀχρήμων	5
ανομαστος	5
Ἀρσαφής	5
ἐκλάλησις	5
ἐξήνυχε	5
λεμαῖος	5
θαλαμηγός	5
πελτάριον	5
διαχίλιοι	5
συμπομπεύω	5
όρχηση	5
Τρωιάς	5
βαβυλωνιακός	5
λύγινος	5
πατροῦθεν	5
ξανδριδηω	5
ξάνδρῳ	5
ηπειρωτικός	5
Κρίνις	5
δυσζηλία	5
Πιθεύς	5
ολβιοπολιτος	5
Πολιάσιον	5
Ἀσκληψ	5
κεραμευτικός	5
καλλιρρημοσύνη	5
Συναι	5
Τεκτόσαγης	5
Κάλης	5
Βιθυνιών	5
Φραδάτην	5
Πρόπυλος	5
παρεδρία	5
Ἀρτέμιδες	5
ἐξιδιόω	5
προκοσμέω	5
οφιονιδηω	5
ἱερακόμορφος	5
Μαζομένος	5
Τηριδάτης	5
δετέρως	5
Βιθυνόπολις	5
βλάχγον	5
Δημήτρ	5
ταριγείας	5
Σεβήρον	5
Παραπαμισάδης	5
καταίνεσις	5
βανδυλαω	5
Ἀλεξάνδρειος	5
ἐπιλήγω	5
Ὀνάσιμος	5
Εὐξάντιος	5
Θεάνειραν	5
χήσεως	5
σικιννιστής	5
κολοιφρυξ	5
ροτέρους	5
ἀπομέμφομαι	5
μεθυσοκότταβος	5
φυσιγγόομαι	5
ἀντεκκλέπτω	5
Ἄρχειος	5
ύτας	5
λαῖπος	5
απαγγελτικός	5
τετριγώτας	5
Ἡσίδος	5
σχμ	5
παρακαίνω	5
δειμός	5
ἐγνῆ	5
ὕσμ	5
ὀνοματοθετικός	5
φόμεναι	5
ἀσι	5
μυθογραφία	5
πέδιος	5
μονόθεν	5
Οὔλυμπος	5
μέσσατος	5
αομιδιδωμι	5
Αλοθέν	5
Λαῖνος	5
ἐξοχ	5
ἡμίστιχος	5
κίνον	5
προπαραδίδωμι	5
κράδινος	5
Σχεδίας	5
ἄξινος	5
Πηλήιος	5
δακρυχέω	5
Νίσι	5
οπλισμός	5
τηλεκλυτός	5
αχαϊκός	5
διπτεέος	5
διαπλίσσω	5
Παραιβάτας	5
βάρδιστος	5
Σπάρτηνδε	5
Όττ	5
περιγνάμπτω	5
ἀβακέω	5
διειπετής	5
Ἰφθίμη	5
σταμίνες	5
εὔσκαφος	5
νεοπενθής	5
κοχλιώδης	5
ἀδδίσκω	5
χερόνιπτρον	5
Φεαί	5
δειελιάω	5
ἀεκαζόμενος	5
Ἀριστάχου	5
σαλιωτικος	5
ὄψερ	5
ασπιος	5
Σώχου	5
Αἰδυμος	5
μελλέφηβος	5
προεσβυος	5
λειπογνώμων	5
βίλον	5
μολοβρίτης	5
εὐνῆρες	5
διαφρονέω	5
σίττα	5
ἴδηλον	5
πολύυμνος	5
λοῦπα	5
τριγλωχιναω	5
λαικαστρία	5
Λισχύλῳ	5
μηλάτης	5
ἰσσυλλάβως	5
ἐμίας	5
Ἐποῦς	5
Λίδης	5
ὑπολαμβ	5
προχωνιον	5
Γρίσων	5
σφῆδρα	5
ἥνιξ	5
Ἡγησιάνας	5
ἀγαλλίς	5
ζόρκες	5
διφύγωμι	5
Ψακᾶς	5
Μάρας	5
Δεξίθεος	5
σφενδάμνινος	5
θυμβροφάγος	5
φαλλικός	5
νυκτοπεριπλάνητος	5
ταραξικάρδιος	5
περιπτίσσω	5
ὄστινος	5
διεμπολάω	5
μοσχίδιον	5
σησαμόεις	5
ἠπιαλέω	5
κατασπέρχω	5
χάσμημα	5
νέρτος	5
διαμάσσω	5
ἀλφιταμοιβός	5
κατόμνυμι	5
λοχμαῖος	5
ἐκπερδικίζω	5
λευκότριχα	5
ἐπιπίμπλημι	5
ξενηλατέω	5
ἱππηλατέω	5
ἀπολιβάζω	5
κανηφορέω	5
τροχήλατος	5
ἀνδρεῖα	5
κέφαλος	5
ἀποπατητέον	5
Ναυσικύδης	5
ἀλφιτόπωλις	5
κηρύκαινα	5
νοίδιον	5
δημιόπρατα	5
γαμφηλαί	5
βδύλλω	5
χόρδευμα	5
δικίδιον	5
πυροπίπης	5
συντυρόω	5
Σουνιάρατος	5
Σκίταλοι	5
διαγαληνίζω	5
γυπάριον	5
τυροπώλης	5
Γρύττος	5
Κόπρειος	5
περιψάω	5
πλουθυγίεια	5
σκοροδάλμη	5
γερονταγωγέω	5
παππίδιον	5
παραφορέω	5
Ἑλλάνιος	5
Θούμαντις	5
λαλητικός	5
τρικόλλυβον	5
σεισοπυγίς	5
δυσγάργαλις	5
σάμαινα	5
ξυγά	5
μελητέον	5
περίκομμα	5
τρόπιος	5
ἐντροπία	5
μυροπωλέω	5
ἀλαβαστροθήκη	5
ὀσμύλιον	5
καπηύς	5
πεταχνόομαι	5
διάπασμα	5
ἐγκρούω	5
Τελεμησσεῖς	5
θυλακίσκος	5
Προκλείδης	5
ἄπιχθυς	5
τριπάρθενος	5
φωνάριον	5
λεπτόφωνος	5
Στύππαξ	5
ὀξηρός	5
διαβάτης	5
θυλακοφόρος	5
γηροβοσκέω	5
τοξοποιέω	5
ὀρθοστάδιον	5
ἐξαμπρεύω	5
ὑστερόπους	5
πεκτέω	5
ὑπερχολάω	5
ἄλοπος	5
Μανῆ	5
διατριπτικός	5
Ἑρμοκοπίδης	5
τρυγοδαίμων	5
τετρεμαίνω	5
ἀλεκτρύαινα	5
ἀκατάβλητος	5
ἐμπολάω	5
βυνέω	5
λυχνοποιός	5
ἀστραπηφορέω	5
ὑστριχίς	5
τετραποδηδόν	5
ἀκαλανθίς	5
διακαυνιάζω	5
κόλλυβον	5
Ποθοῦς	5
Εὔδαμος	5
Φάττιον	5
γόμφιος	5
κωδωνίζω	5
ἀθαλάττωτος	5
ἴακχος	5
φιλοχορευτής	5
ἀνάβραστος	5
ἀμφίλαλος	5
ἐπίκλαυτος	5
λοιδορησμός	5
καταρρινάω	5
μεγαίνετος	5
ῥυππαπαῖ	5
Σιμουντίς	5
θηλυδριώδης	5
Γαργηττόθεν	5
Τυνδάρειος	5
ἵππευμα	5
Ἀρταμουξία	5
Θέωλος	5
Χαρινάδης	5
σποδίζω	5
ἔντραγε	5
λαγαρίζομαι	5
διασφηκόομαι	5
θυννάζω	5
τριβωνικῶς	5
διασαλακωνίζω	5
ἀλωπεκίζω	5
ὕβριστος	5
δετή	5
Συβαρῖτις	5
γαμψόω	5
επιδημητικός	5
οἰκητικός	5
προσπλάσω	5
σύγχροος	5
αυτόρριζος	5
νηκτικός	5
ἀποσώζω	5
θηρεία	5
εὔθριξ	5
Καμήλου	5
τετραμηνιαῖος	5
ὀρειβασία	5
Κάλβος	5
ἄκερως	5
ἡμερολόγιον	5
μύκησις	5
προμεταβάλλω	5
ἀποσυλέω	5
προσμειδιάω	5
καταβουκολέω	5
γαμοδαίσια	5
ὑφεκτέον	5
ουλ	5
Ὑμ	5
ἀνοικοδόμησις	5
ἐξοικέω	5
ὀστρακοφορία	5
λυκόω	5
κοπρολόγος	5
ἔκθυμα	5
Θαργηλίων	5
Φρεάτος	5
απται	5
Ρέτου	5
ρχεται	5
Ώτη	5
ἀλίγους	5
ουμ	5
δυσαυξής	5
λάτα	5
χρόνφ	5
ἄτλας	5
ὄρφνινος	5
ἐποικοδόμησις	5
ὀρίθων	5
ἀνόχευτος	5
κηριάζω	5
ὀλιγοτοκία	5
συγκαταγηράσκω	5
ῥιγαλέος	5
ἀγόνατος	5
τσύς	5
κεφαλοβαρής	5
ξῴον	5
ἐστένειμι	5
στεατώδης	5
ανθρυπαω	5
γλύτταν	5
τιμιωτερον	5
ἀπίμελος	5
ἀλεπίδωτος	5
μεμψιμοιρία	5
ἀπολειτουργέω	5
ἀντιτιμωρέομαι	5
πώλησις	5
παραλογιστής	5
ἀποστερητής	5
συνεδρεία	5
ὑπερβεβλημένως	5
ἀντιπλήσσω	5
καρποφάγος	5
ὀλιγότριχος	5
ἀμφιοδόω	5
πολύοζος	5
δικότυλος	5
γλωττοειδής	5
περιαλείφω	5
ἰσοχειλής	5
σμύραινα	5
σάργος	5
Τεκοῦσα	5
λεπυριώδης	5
διετίζω	5
φώκαινα	5
ἑλμίνθιον	5
ἐξανεμόω	5
ὑιδοῦς	5
φυκώδης	5
ῥυτιδώδης	5
κακόποτμος	5
συκαλίς	5
Εσπίν	5
έτωος	5
Οὐλία	5
ὀδοντάγρα	5
δΑΖ	5
δΖΓ	5
φυσικής	5
ῥίψις	5
Χρεμέτης	5
Σκόμβρος	5
προαπολείπω	5
ῥᾶβδοι	5
Θεσπιάδης	5
κρηνίδιον	5
Σωσίπολις	5
ἐλαιόπρῳρος	5
περασμός	5
ἔπωσις	5
ὑγιαστικός	5
διακρις	5
μελανόχρως	5
ἀνελέητος	5
ἄπλευρος	5
Θησηΐς	5
θεοκτύν	5
διαμφισβήτησις	5
αὐτογνώμων	5
διαμισέω	5
Ἀνδροδάμας	5
συμφορητός	5
σύναρχος	5
Ἰφιάδης	5
ἀδορυφόρητος	5
σοφιστέον	5
ἀστυνομία	5
κατάμιξις	5
πελιόομαι	5
γοώδης	5
θλίπτω	5
εὔγηρως	5
μνημένος	5
μαχετέον	5
ψώμισμα	5
προανακινέω	5
παντάπας	5
ἐπικενός	5
εθόλο	5
λυκοπους	5
Ὑακίνθιος	5
Ἀλθήφιος	5
πολύοινος	5
Μνασιγείτων	5
πολύχολος	5
μάστρος	5
πελλίνιον	5
συνόπτης	5
Τελεσταγόρας	5
Ὑψικρέων	5
χυτρίον	5
τετραστάτηρος	5
ἡμιστάτηρον	5
ἁλυκίς	5
μελαμβόρειος	5
βράστης	5
χοροκτόνος	5
Περιλή	5
Θεμιστόκλεια	5
παρά-ἔργνυμι	5
ὀλιγωρητέον	5
φιλάρχων	5
Περγάμιος	5
κλεψίαμβος	5
Ἁρπαλύκη	5
φιλοθέαμος	5
διμερῶς	5
ἐπιλυπία	5
νουνέχεια	5
αἰδημοσύνη	5
εὐλαβητικός	5
φιλογράμματος	5
ἐπιτέλεσις	5
ὀρεκτέος	5
αποδεκτός	5
κακοδαιμονικός	5
ἀδικητικός	5
αγχινουστερος	5
χειμερ	5
ἰσοκρατῶς	5
ἀποχώρισις	5
Στοϊκός	5
Καρραῖος	5
κορύνησις	5
Ὀλυμπηνός	5
Ἁλιζών	5
Ζείποιτος	5
μοιχάς	5
Τόσι	5
πυρριχίζω	5
κερκοπίθηκος	5
πινοφύλαξ	5
πεπανός	5
ξυλικός	5
Ψώρα	5
καταχρηστέον	5
ἀπόσχεσις	5
καάχσομαι	5
ἔμπλεγμα	5
κόρηθρον	5
λεπῶς	5
Ιππόνους	5
Ξάνθιον	5
καταλοχίζω	5
ἔκτακτος	5
θικλμν	5
Βέζης	5
ἐκπερισπασμός	5
πρστυ	5
ὑπερκεράννυμι	5
φυσιχοω	5
ρακλειος	5
δωνι	5
προακτικός	5
υσιερως	5
φίσματα	5
οιουος	5
Πρωταγόρειος	5
ουπανος	5
λινω	5
Ρουσία	5
νέργειαν	5
Νέρας	5
κλιον	5
λάσθω	5
αουναω	5
δυοκαιδέκατος	5
Χωλός	5
Γάθων	5
ἐπηνορθ́ωω	5
φιλοψία	5
δοξοκόπος	5
λέτει	5
ὑπερξηραίνω	5
Καϊνᾶν	5
Σαβαθά	5
Ναχωρ	5
Ἠῦς	5
μακρονοσέω	5
Ἰννοκεντίου	5
Ἀδέλφιος	5
Ἀγαπητός	5
ἑρμαφρόδιτος	5
σαββατιέω	5
ἐκτιννύω	5
τουτουειμι	5
συνομολογηθείς	5
χειροθετέω	5
συνεπιψηφίζω	5
δεικνυειμι	5
Ἐγρά	5
Ἰνοκεντίου	5
βρομάω	5
ἀπάλειψις	5
ἀμίμους	5
εκτίω	5
Ανῶμ	5
ἐτεροούσιον	5
χινουμενοω	5
Νούσας	5
Φωτά	5
Ὅρθ	5
ερμηνευθεω	5
συνεχρεοῦτο	5
Ανήλ	5
σῶσμα	5
ἀένναιοι	5
γητιναω	5
χρους	5
ανθροπως	5
σχεδάριον	5
Ἀρχού	5
φιλαλήθεια	5
Ἐνσαρκον	5
ανενόχλητος	5
μέθος	5
Αρμής	5
Ἀρχιτέκτων	5
Σεβασμιότατος	5
συνεπιδίδωμι	5
ἀδιάτακτος	5
διάγραφον	5
οβριζομενω	5
ἀνασχυντίας	5
Αθάνατου	5
Ἀφρι	5
ἐκδίκη	5
ρλα΄	5
ἀρῆντες	5
ταβεννησιους	5
ἀοτίας	5
σαπφειρεω	5
χειρησις	5
ρομαια	5
φαῖσι	5
Ἰεζε	5
Βοανεργές	5
ἀπεριέργαστον	5
τελειωμένος	5
στίχω	5
αιμοβόρος	5
ἤχημα	5
ἀναστάσιμος	5
ἀντίπραξις	5
συνακολουθία	5
ρῶντα	5
παραδύω	5
Δόκων	5
ενωτίζομαι	5
δοξίμος	5
ΚΔ΄	5
Ἔμη	5
εὐχαρίζω	5
ὀγιοῦς	5
Σμύρα	5
χρυσωτός	5
ἱκτεύω	5
ἀνενεχθέω	5
ματέως	5
Κοδᾶς	5
σχυμνα	5
κραταιώνω	5
Ρώτης	5
ὑμνολογέω	5
Νεφθαλήμ	5
ολιδιδωμι	5
φώσεως	5
οικειοποιούμαι	5
Μαδιανίτις	5
Σιχίμα	5
ἡλόγησε	5
εξαγγέλλω	5
ὁχάτου	5
ὑμνογράφος	5
βαρυκαρδιοω	5
μισθοποδοσίας	5
ποθημένος	5
χυριον	5
ιματισμός	5
φωτιστήριον	5
Γενήθωσαν	5
Έντρα	5
εἴπιιδωμι	5
έρπων	5
ἐξεπιέννυμι	5
ἰσοθεόω	5
ἀνάλγησις	5
Λυτ	5
ἀναλρεσις	5
φονοκτονέω	5
Γαμέλ	5
Δάλεθ	5
ΡΚΒ	5
ἀπέργω	5
ἀναβέδηνεν	5
ἀπρόδεκτος	5
θοῦ	5
Ναΐν	5
εξωποιαειδω	5
Ἄγγαιου	5
ἀχρωδίων	5
συγγι	5
ἐναπόθετος	5
μηνός	5
σχολάω	5
ἀπεκδοχή	5
γεννήτης	5
ἀσφράγιστος	5
Εὐαγγέλιος	5
εὐτῶ	5
ἀφόσιος	5
δαβιδικη	5
σῶδες	5
κλιδηω	5
ἐδλεπον	5
ἀκαίριος	5
τορσι	5
Δορυφόρος	5
δρεπάνιον	5
διατάζω	5
Ὡδ	5
νῦντες	5
ἑτερουσία	5
ἠνοις́γνυμι	5
ὀψέποτε	5
ἀτρεψία	5
οἰκο	5
ἀδελφοποίησις	5
Οεοῦ	5
αβραμιαίος	5
χριστοφόρος	5
ἀθέλητος	5
Τοῦνυν	5
λεξίδιο	5
αδιδιος	5
γώρας	5
όθε	5
ψωκοδηω	5
κάλεινος	5
ἀπαύγματι	5
αλλειεπομαι	5
μελετέω	5
Ἔμμονος	5
συγκεκαλυμμένως	5
ἀπαίλην	5
ἐκπήδησις	5
πηγμένος	5
ουθεος	5
ρχγ	5
θελᾶς	5
Ευάν	5
σισονη	5
ἄποκος	5
ρχζ	5
ἐπερέφω	5
ἀκόλιπτον	5
ἀριστέω	5
νάβον	5
Βασιλίδην	5
Ελιάν	5
Γινῶθι	5
αγροικιχανω	5
καταναγ	5
Νααμάν	5
Μαριάς	5
συμφλάω	5
συντήρηση	5
Παντοδύναμος	5
Βρης	5
Σεδιούρ	5
Σουρισαδαί	5
Σωγάρ	5
Φαδασσούρ	5
Σειρ	5
Γαδγάδ	5
Ἀβαρίμ	5
Γέργεσα	5
Φακέσιος	5
Φαχέε	5
Σηλωνίτης	5
Αἰτίνη	5
Ἐλκεσαῖος	5
φιλαρχέω	5
Ἰεζεκίας	5
Νινευτ	5
Καϊφάς	5
ἀναίσχυνον	5
Πάλη	5
Εκινέ	5
αδυιημι	5
Νίσκος	5
ἀδυνεῖ	5
ἀμβλυός	5
οιχημα	5
ὀλίσιν	5
ἀφίππεται	5
επιποριον	5
απροαειρω	5
ἀσφῶς	5
αναγκαιστατος	5
Ἀγησίστρατος	5
ὑποζυγόω	5
ἐξανοιδέω	5
εξαειπιθος	5
Δάμιος	5
ναιός	5
πόδας	5
Δέμος	5
κοίλασμα	5
δυσέργεια	5
ἐπειλέω	5
ἀναπαυστήριον	5
ΑΕΒΖ	5
μεπ	5
ΓΔΕΖ	5
δΖΑ	5
χειροβαλλίστρα	5
ἀνακαμπή	5
ὀρθοστάτης	5
ορθοκλινω	5
Ἡμματίσω	5
θεσπλαωμένοις	5
πανημερίως	5
εἴω	5
διάχωρο	5
ζωνία	5
έλκυση	5
ἐπιζυγίς	5
αφιρεω	5
εφοδιάζω	5
ἔνεδρος	5
ταῦτομάτου	5
ξυλισμός	5
ἐπέπω	5
ἡττῆς	5
Θημισοκλέα	5
Δημάχος	5
ἐγχειρογάστωρ	5
συναγοράζω	5
μακραύχην	5
περιγλωττίς	5
ὑμένινος	5
ὁπλοποιΐα	5
Ἑστιαιεύς	5
ἠθολόγος	5
λαχανεία	5
Καίκουβος	5
χρυσότυπος	5
Ἅδιστος	5
Λαγοῦσσα	5
πραμνία	5
Ὀρεσθεύς	5
Τιλφῶσσα	5
ὑποτίτθιος	5
ἀναγκόσιτος	5
στρῶσις	5
βράβυλον	5
μυρτίς	5
πίτυρις	5
σέσιλος	5
τροπωτήρ	5
ἐριοφόρος	5
ἀμητίσκος	5
δυσοικονόμητος	5
παραστύφω	5
λευκερινεός	5
Ἀράτειος	5
φαύλιος	5
σκιφύδριον	5
χηράμβη	5
μακρογόγγυλος	5
λίχνευμα	5
πολύχυλος	5
ἐμβύθιος	5
Ὀρύας	5
Ὑδρία	5
λειοτριχιάω	5
διεξελεύσομαι	5
καπρίσκος	5
Σιτώ	5
πλησίγναθος	5
ἡμιάρτιον	5
ὀβελίας	5
ὀβελιαφόρος	5
ψαμμακόσιοι	5
ἡμίνηρος	5
σαργανίς	5
νησιάς	5
λακκαῖος	5
Ἀπολιπούσα	5
κνισολοιχός	5
διαπερονάω	5
θρυμματίς	5
Ἀπολειπούσα	5
προσεγχύνω	5
ὀνθύλευσις	5
ἐννεόργυιος	5
κατακρεμάννυμι	5
ὀρθραγορίσκος	5
συσσιτία	5
μαζονόμος	5
λεκάριον	5
Νίκιον	5
Μνασάλκης	5
θηρόπεπλος	5
Πνυταγόρας	5
Δορπία	5
φιλευριπίδης	5
Ἀδρήστη	5
δίπρυμνος	5
ἐννεάκλινος	5
ξύλωσις	5
λιθοφόρος	5
ὁλομελής	5
παρέγγραφος	5
Ὀρόβιος	5
ἀρχέλαος	5
Μικίων	5
ἐκταλαντόομαι	5
ἐνεπιδημέω	5
Ἄλπια	5
Μοψεάτης	5
ἀνάκειον	5
ὀλισθράζω	5
στιγματίας	5
συνεραστής	5
βάρδοι	5
Διονυσοκόλακες	5
σεῦτλος	5
Εὔφαντος	5
Οἰνάνθης	5
Ἄμφικλος	5
ψωμοκόλαφος	5
ἀραιά	5
περίδινος	5
ὠστίζομαι	5
προσπελάτης	5
εὔμηλος	5
πράστιες	5
βαιών	5
προσπασσαλεύω	5
ὀξύχειρ	5
περιπάσσω	5
ἐπεισπλέω	5
ἱππίδιον	5
ὑαινίς	5
κωθωνοπλύτης	5
ἐχέτλιον	5
κομαρίς	5
φίντατος	5
Σάλπη	5
Βρίγκος	5
Δαναίδες	5
γενεᾶτις	5
Τριγλανθίνη	5
Χαρικλείδης	5
τριπρόσωπος	5
Ἁλαιεύς	5
ἀπόπυρις	5
φίλιχθυς	5
Φιλωτᾶς	5
παρίλια	5
ὑπώδελος	5
τυρίδιον	5
λαρινεύομαι	5
Πορφυρίς	5
χελιδονίας	5
Σκίρας	5
λίνδομαι	5
λοιβάσιον	5
δορπέω	5
ῥωγή	5
δεκάμφορος	5
Χαίριππος	5
ἀκρατοποτέω	5
ἀκρατοπότης	5
Μυκερῖνος	5
Ῥοδοφῶν	5
ἀπλήστοινος	5
τεχνύδριον	5
εὐρύστομος	5
θηρονόμος	5
ἀνάκανθος	5
βουφόνος	5
Πανοπηιάδης	5
ζῳ̈ός	5
γυναικομανής	5
Ἀντιγονίς	5
λεβητώδης	5
θηρίκλειον	5
κέρνος	5
Εὐήγορος	5
κυαθίς	5
Μιλησιουργής	5
κοτταβικός	5
κυανόπεζα	5
συνέξειμι	5
Ἀδραμύτης	5
σκοπαῖος	5
ἁλωνία	5
ἀστυπολέω	5
Ὑπέροχος	5
Ἀνδρόκοττος	5
Περγασή	5
ψιλόταπις	5
ὑπερπλουτέω	5
ταναγραῖος	5
Πανάρετος	5
διαπαρθενεύω	5
βωμολοχεύομαι	5
ἀργυρίτης	5
Θεωρίς	5
Λαγίσκα	5
Ἀρχεδίκη	5
εὐασμός	5
βυκανιστής	5
ταλασιουργός	5
ἀμάλη	5
Βῶρμος	5
περιέζομαι	5
ἀποθηριόω	5
καλλαβίς	5
ἐπίχυτος	5
ἐπικύκλιος	5
κλοῦστρον	5
κωνίον	5
ἱρωστί	5
ἀντήνωρ	5
ἐπιθυμίς	5
κοσμοσάνδαλον	5
στεφανωματικός	5
τάρσος	5
Μέγαλλος	5
ψάγδας	5
Ἀράνθιος	5
Ἑρμοκλῆς	5
ἐγγαστριμάχαιρα	5
λεοντόπους	5
ἀνεπιτρόπευτος	5
ἀποκυίσκομαι	5
Βουσίρις	5
Τηλεκλείας	5
Βρύαξις	5
ΖΓΝ	5
ΝΜΞ	5
ἐσθλ	5
Νεμ	5
νοις	5
ἀγκ	5
πολύζηλος	5
λαοφόνος	5
χρυσάρματος	5
Ζῶνος	5
μεγαλοσθενής	5
ἀδίαντος	5
ἁβρόβιος	5
οὔλιος	5
Βαρδησιάνης	5
Γήλων	5
πληθυνέδομαι	5
ἀνταποδότης	5
ἐκνάω	5
χρεωστικῶς	5
Αχαίου	5
Μιάρα	5
γυναιθελγω	5
πολυθεσία	5
ὑπεράτων	5
εχγοναω	5
φυλακ	5
σπουδάλως	5
χωρισμένος	5
φείλω	5
ἀκλόντον	5
Δεξιανός	5
Πορφυροῦσα	5
Στένωρ	5
διεδύχετο	5
ἐπαίδεν	5
υποδένομαι	5
Γνωσίας	5
ἀσυγγνώμων	5
Φωτώ	5
ὁδοιπ	5
Ηρωδίας	5
μοιχή	5
στηλίτευση	5
παλίνη	5
ἀπαράτρεπτος	5
ΑΩΓΟΣ	5
μεταδέω	5
περικάτω	5
γέλος	5
ἄχρωστος	5
συντετίθημι	5
μεμέ	5
ἱκετευτικός	5
Φάσων	5
πολλάχθδεν	5
Ἡρώδιον	5
Γολγοθῇ	5
εὖτως	5
άσπορος	5
δυσπαραδεκτέω	5
απάγω	5
ἀδύλλως	5
τόνωμα	5
ἐπινάω	5
Διένη	5
Διδασκέτωσαν	5
ἑπερ	5
λιθογλύφος	5
εξεικονίζομαι	5
προσγορίας	5
ὑπηρετικῶς	5
δείλομαι	5
κατάλαλος	5
ανελεήμων	5
Ὑπερήφανος	5
αὐτάρεσκος	5
ΡΝΑ	5
ὑγιόω	5
ΣΛΘ	5
κατόρθωση	5
Ἀντίχα	5
ΕΝΕ	5
σφόδως	5
εὐφρος	5
σκέψη	5
συμβιπτοειντα	5
αναχαιρεω	5
προσκλαίω	5
υπογραμμός	5
ἀδλαδῶς	5
ἀμφιβαλ	5
ευεσια	5
σκβ	5
σκγ	5
γωγοῖς	5
σχαλευεν	5
ἀρίθμιος	5
ἀπαξελῶς	5
περιπλανάω	5
χαρισμένος	5
Τρες	5
ταραγῆς	5
ὀπωστιοῦν	5
Ἱερουσαλήμοις	5
κυριότητα	5
καυχημα	5
νινευιτης	5
Ἴκίζω	5
ἁλυσ(ε)ιδόω	5
τράγιος	5
πολλάχθεν	5
ἀρμοδιώτατον	5
συμνοια	5
Κάλλης	5
ἀπαλωτέροις	5
συνοδύρομαι	5
ἀντόμνυμι	5
λουτρόομαι	5
προεθίζω	5
Κλιάν	5
στερέωσις	5
μεριμνέω	5
αοετης	5
λακτον	5
Εμέ	5
προφητεῖν	5
Νινευθ	5
αλαζονικός	5
σμίδαλιν	5
ἐγγενέτης	5
εὐρεθέντας	5
λαχανιά	5
φιλοπλουτέω	5
δυσδιήγητος	5
διασῴρων	5
χαλαστός	5
μύσχον	5
μεσοπόρφυρος	5
Παραμυθία	5
ἄπαρχος	5
εποιχοδομεω	5
στήλωμα	5
Ῥαφάχην	5
επικειος	5
βολδιος	5
Ἀνόρ	5
έκθετος	5
γηλῶν	5
ἀρδέω	5
ὀρῆνος	5
Χανααν	5
εγκαταλειμμένος	5
προσταγορευω	5
Χόρτος	5
οἰκούω	5
εναδρυομενω	5
συμπαραδέχομαι	5
ἐπιμορφάζω	5
φιλενδείκτης	5
καππαδοκικός	5
χωρεπίσκοπος	5
ἀνευδεῶς	5
ἀφωσιωμένως	5
ἐφεύρεμα	5
πτωχοτροφεῖον	5
φιλοσαρκέω	5
Γλυκέριος	5
πολυάσχολος	5
διγαμία	5
φιλόσαρκος	5
ταπεινοφρόνως	5
ξηλοῦν	5
μακρινός	5
απειρομεγέθης	5
γύπειος	5
Εὐψύχιος	5
κρυσταλλόομαι	5
αἰδεῖσμος	5
ενδοηρα	5
εὐξείαν	5
ἰδύναι	5
πενιέστερον	5
μεγαλόωρος	5
ρυθμίζω	5
σιτοδοχεῖον	5
νωθρία	5
ἀπαρύω	5
Πιστῆς	5
άφεγγος	5
καταχλευάζω	5
τησον	5
ἰσαριθμέω	5
ἐπίπτωσις	5
χαρκινοος	5
ἀπήνεμος	5
ἔγχονα	5
δυσήνεμον	5
υποδρυχοω	5
αναλύω	5
κεκαλλω	5
αγώγιμος	5
Ἀράξ	5
Ἰεμενελ	5
σαρσιν	5
κοιλάμασι	5
ἐπιτελεστικός	5
Αἰσχύτης	5
ἐπίχαρος	5
αφύλαχτος	5
σμύρα	5
δνειδιζω	5
κτῆνον	5
αἰσχρολόγος	5
σπαράζω	5
ἕξαγμα	5
συγκυτις	5
αφανιστικός	5
Θάλλει	5
νοσοκόμος	5
Νύκτα	5
οἱδήποτε	5
ἀνέριχτον	5
λυμηθω	5
Βελίαλ	5
μιζοντ	5
καλοδιδάσκαλος	5
κλιροος	5
ἄλλοχόθεν	5
ὀφθαλμοδουλία	5
Ψύχας	5
παλαισμός	5
παραμυθίζομαι	5
τοιστος	5
δησιν	5
κατατιθέω	5
δυσχαιρέω	5
περισπούδαστα	5
Εἰσίων	5
ἔκθρεψις	5
Φανερός	5
δηγουντ	5
φιλόθρηνος	5
φιλόλυπος	5
φεως	5
άσπιλος	5
περιτρέφω	5
ψευδώς	5
εὔμαλος	5
ἄκομος	5
σισπαρος	5
Ἀρδάτου	5
ἀπομύω	5
ταριχέμπορος	5
πρωτολόγος	5
Δαμώ	5
ἐπικτείνω	5
Ἀσβύστης	5
Τελεστορίδης	5
χρυσέφ	5
λεπριάω	5
ἐπιπορπίς	5
μορμυσετα	5
θυωρός	5
προμολή	5
εγκάθετος	5
δώλη	5
σιφλός	5
δάκτας	5
νοῦσφ	5
δάκτα	5
αὐθε	5
Βαχχίων	5
ἵπαι	5
πόλλωνος	5
Βριαρεύς	5
Ἀηλάντου	5
ἐφημα	5
πέρξ	5
ἀνεκλήγω	5
τάγχουρος	5
χοροστάς	5
αχερόντειος	5
ἀλινδέω	5
Ερμάνος	5
μνωόμενος	5
Βαττιάδαι	5
νυμφήϊον	5
συμπερινοστέω	5
δημοκιδιδωμι	5
Ἀργῷος	5
ἐκπληξία	5
πρυμεις	5
γαλοῦχος	5
καλανδιαναξ	5
αφενιπως	5
οπισχνειος	5
χελιδονισμός	5
πασσύριον	5
ποικιλόθροος	5
νεόχυτος	5
θεοπέρατος	5
Λύσων	5
ρυν	5
μοιοι	5
ἀλέξιμος	5
Ἐλευθέρα	5
συμβοηθέω	5
Ἀλβανίς	5
ποντίφιξ	5
Φαουώνιος	5
ἰσχυρογνωμοσύνη	5
ἀνεπιεικής	5
ἐνθυμία	5
Σούηβος	5
πρόσκοπος	5
Οὐερκιγγετόριξ	5
Κυΐντος	5
Ταρκονδίμοτος	5
συγκαταφεύγω	5
συνεπαινέω	5
περιτείχισις	5
δυσνίκητος	5
φερέτριος	5
Ἀττίας	5
πληκτίζομαι	5
περιτέχνησις	5
γάϊος	5
παραζώννυμι	5
προνικάω	5
ἀποσταυρόω	5
Σισκίας	5
Δελμάτης	5
Ἀρτάξης	5
ἐμπολέμιος	5
ἀκηρυκτεί	5
μετάπεμψις	5
Ἄστυς	5
Ποτῖτος	5
ὀνείδισμα	5
Συρρεντόν	5
Νώρικον	5
Πρίμας	5
Σίλιος	5
ἐκφρονέω	5
προυποκειμενος	5
ἀποσαφέω	5
ἀγλευκής	5
εὐμετρία	5
σεῖστρον	5
ὑλομανέω	5
οἰκοφθορέω	5
ομοτιμία	5
ησυκιος	5
προαναφω	5
ρωται	5
εξολοθρεύω	5
Μάρτυρος	5
διόρ	5
πρόσπεινος	5
μαρυκάομαι	5
ολοκαλεω	5
Σκεύος	5
συναποστολή	5
Τώμῃ	5
εἱρκτοφύλαξ	5
πανέστιος	5
διΐληψις	5
Δάμαρις	5
συνομορέω	5
Ἱεροσό	5
σαθρόω	5
ὀνοματίζω	5
Ἀσιάρχης	5
σῖκα	5
ἀκριβόλεκτος	5
λεπτολογώ	5
βραδυπλοέω	5
Γρηγορούσης	5
ἐξιστάνω	5
ὁλός	5
θαλμοῖς	5
τλ΄	5
ἐθελοθρησκεία	5
εὐεπήβολος	5
ὑποδῆσαι	5
ὁφειλομένην	5
Θεόσωρος	5
Ὑπερόχη	5
ψηλαφία	5
Παυ	5
καύτης	5
οὐκέστιν	5
προσεμπεδόω	5
ἀμνησικακέω	5
ὁμούσιος	5
χοριος	5
λετῶν	5
πρόσχυσις	5
Χαιρᾶς	5
τρυχόομαι	5
ἀναπόσπαστος	5
γασμα	5
διακρατητικός	5
προγεννάω	5
Θεολωρήτου	5
Αγιά	5
Μάρτον	5
καταφρίσσω	5
ἀδιάφυκτος	5
αρχιειρω	5
φτσιν	5
μηλοειδής	5
Λατί	5
ΑΛΕ	5
απολύω	5
ἐνολισθάνω	5
καταμειδιάω	5
Βενιαμήν	5
ἀγαθότη	5
βατιπως	5
αἰνιτ	5
θανατώνω	5
ελευθερώνω	5
θειόω	5
δαρ	5
μεγαφρονέω	5
φεός	5
συμμορφόω	5
προεκκόπτω	5
προτελειόω	5
εξουσιαστικός	5
ἑνοποιῶ	5
ἀποπεμπτόω	5
τριοι	5
Ῥε	5
εὐηκοΐα	5
δασμολόγος	5
μεταμορ	5
θεοδυροος	5
Ὀλυμπᾶς	5
ἀμνηστέω	5
διηκριβωμένως	5
ευτρεπίζω	5
ἐξιτηλία	5
ἐξηπά	5
φιλοκακοῦργος	5
εὐκατάπρηστος	5
γραφάω	5
νίγνομισμαι	5
καταταγή	5
σύγγνωσις	5
πάσος	5
ἀνθέριξ	5
καταφαιδρύνω	5
ἀρχαγ	5
προαναλίσκω	5
κραταιόομαι	5
προτηταω	5
κυπινω	5
Κθρίου	5
ἐπεισάκτως	5
ἐξενοδόχησε	5
προενάρχομαι	5
ῥαβδίζω	5
εὐσχη	5
τουτέστν	5
ζωΰφιος	5
ΟΕΕ	5
καταλλάκτης	5
ἄσπον	5
πολυπληθέω	5
προσεφιλοτιμεῖτο	5
σητόβρωτος	5
κατιόομαι	5
ἐπερχο	5
ἀναμάρ	5
ραντίζω	5
ἀδιεξέταστος	5
συμμέθεξις	5
καταπραΰνω	5
παντουργικός	5
απαραλλαξία	5
νέστεροι	5
ταβαίνω	5
Λέα	5
γελιιστημι	5
Κλεώπα	5
Ἱερεύς	5
θεοπέσιος	5
Ἀλεκτρύων	5
τριώριος	5
κεκαλυμ	5
προμεριμνάω	5
δίδραγμον	5
Ῥαχάβ	5
κανανιος	5
καταπείρω	5
Τρυφώσης	5
πτερύ	5
τεκνοφαγία	5
ἀποκίνησις	5
δολ	5
ργ΄	5
Έιλι	5
πανάριον	5
βυτερεω	5
ὀφειλ	5
Ἱεριχῶ	5
τόλμ	5
οἴμμος	5
ὀνομακλήδην	5
Δέρας	5
βοωτέω	5
τειχιόεις	5
ἀπλεονέκτητος	5
Ἄβιννα	5
Μήτιου	5
Αἰθούσα	5
Λουσιτανός	5
Ζαριάσπης	5
Ἐχαταῖος	5
Κάρων	5
Χοιρ	5
Περσώ	5
περιος	5
ἐστιωμένοις	5
βελόνα	5
Ἀρραβίων	5
ευκεω	5
εγκαλούμαι	5
ἐπετήσιος	5
αλιδαις	5
γυναω	5
δήλιος	5
Ζώλα	5
βλήχημα	5
περιβρέμω	5
ἀχρῷ	5
ὅραι	5
ἐριβρύχης	5
ἀμελιχτον	5
ολιχοω	5
ἀνειλέω	5
Μενοντίου	5
Ξυλά	5
λαιδορίας	5
Φέρεις	5
ἀναπτή	5
Θεοῦπολις	5
πυκτίς	5
σχέο	5
οἱᾳδήποτε	5
τεσσαρισκαιδεκατος	5
ρξε΄	5
ρξβ΄	5
ρπζ΄	5
Φάλεγ	5
σκύθος	5
Σαρδανίς	5
Βέσσος	5
νϛ΄	5
Κίτιος	5
ξϛ΄	5
Σέβα	5
ῳ	5
Ἰωνίτης	5
Μαντία	5
μονανδρέω	5
ὀξυλάβη	5
αιαλς	5
Χαμῶς	5
γαβαθόν	5
σκδ΄	5
κισαν	5
πάτραρχος	5
ιουδεω	5
ξυλόω	5
Μέλχιος	5
ψυγμός	5
Οὐαφρῆν	5
Σῳζόμενος	5
Στρατηγός	5
θύα	5
Βιβουλάνου	5
ρκη΄	5
ρνε΄	5
ρξγ΄	5
ρξδ΄	5
υκε΄	5
υνγ΄	5
ἀντίπατρος	5
ρπβ΄	5
Ἰαδδός	5
Δεξιφάνης	5
ςτ΄	5
ὑποδείκτης	5
αψ΄	5
βατηρία	5
φρυκτωρέω	5
Τερτυλλιανός	5
σδ΄	5
Παΐλος	5
κρημνίζω	5
Παλεσί	5
σιη΄	5
πομπηιανω	5
Φουσκιανός	5
κερεάλιος	5
Κυϊντιλλιανῶν	5
Ἀφρίκης	5
σξθ΄	5
Κοτυαείῳ	5
σοβ΄	5
νισιβαινω	5
Ντίος	5
Ἀρινθαίου	5
Δαγαλαΐφου	5
Μαρῖνα	5
Σφωρακίου	5
Ἰσοκάσιε	5
Μαρεᾶς	5
Τζάθιος	5
κήρυκος	5
ἀδσηκρῆτις	5
βιοθανατέω	5
χριστοτόκος	5
Νεστ	5
Πραινέτου	5
χκ	5
ἐργαστηριακός	5
παλλικάριον	5
φπζ΄	5
Θυρεάτις	5
Χρυσίππειος	5
ὀνήτωρ	5
ἐπισκεπτικός	5
λευκαντικός	5
γλυκαντικός	5
γραμματιστική	5
ἀκύρωσις	5
λουθ	5
ἀπόφαντος	5
σωρίτης	5
λαμπάνω	5
διετ	5
Ἀγᾶς	5
ἀνάνετος	5
ἀνθρακόομαι	5
ισοβαρής	5
περιφερῶς	5
ἀπροσαύδητος	5
δελήνη	5
ἀποστηματικός	5
ἐσωτερικός	5
μάιστα	5
ἧστο	5
συνέρομαι	5
γλαφυρία	5
πηλόω	5
ἀποβλητής	5
ἐμμενετέον	5
χαρτίδιον	5
ἐνδοτικός	5
νέοζυξ	5
ὑψαυχέω	5
καινέω	5
λήρησις	5
ἀνθρωποβορία	5
καταστρώννυμι	5
κεκοσμημένως	5
μετειλ́ηχομαι	5
Τόλμων	5
καθέρπω	5
βομβώδης	5
μυρμηκιάω	5
φαρετρεών	5
φελλώ	5
ἔγγραυλις	5
θεοσυλία	5
ἐνηβητήριον	5
κυδρόω	5
προσήλιος	5
ἱππόκαμπος	5
Ἐπωπεύς	5
πρηγορεών	5
εὔεδρος	5
περινήχομαι	5
Πειραιοῖ	5
δημοποιέω	5
ἄνοστος	5
ἱλέομαι	5
ἀρτίστομος	5
παρειμένως	5
ἐπιθαρσύνω	5
Νικόδωρος	5
Ψωφίδιος	5
μαχιμυς	5
δυσείμων	5
πολυκαρπέω	5
παλαιόπλουτος	5
Πιερικός	5
Τιμησίας	5
ἀξύμων	5
Λαμπαῖος	5
βιαιοθανασία	5
ἰδιοσυγκρασία	5
Πρόκυν	5
προεκθέω	5
παρασημασία	5
οἰκοδεσποτικός	5
μοζεω	5
ὑφαιρετέον	5
ἰσοδυναμία	5
γένησις	5
εὐόνειρος	5
ἐπιβουλευτικός	5
ὑπορρυπάω	5
ΓΔΗ	5
τοβ	5
προδιοριστέον	5
ΛΗΒ	5
ΔΗΛ	5
περικαταλαμβάνω	5
υξγ΄	5
ΚΑΔ	5
χξθ	5
τπθ	5
ΚΝΞ	5
σπς	5
σξβ	5
απογεγραμμένος	5
χζ΄	5
επτάμηνο	5
΄βο	5
γ΄βο	5
πάρουρος	5
γοργόνιον	5
Πλόκαμος	5
κολλόροβον	5
ἐπίπυρον	5
ὀψινός	5
συνεγγισμός	5
ΒΖΛ	5
ΚΒΛ	5
υπδ	5
ΕΑΒΓ	5
ΝΖΞ	5
ΕΞΘ	5
ΕΓΘ	5
ΒΖΜ	5
ΜΕΓ	5
μιθ	5
Φρεάντλης	5
ἀφύσικος	5
σωφρονιστήρ	5
δυσέριστος	5
ἀναφε	5
αὐθαδίας	5
Εξίδου	5
ἐγώρει	5
Μάλλιου	5
Θεμιστογένης	5
θεοκριθη	5
Δανάχη	5
θητικόν	5
ἡρμημένων	5
Αἰσχί	5
ὁστέρου	5
δυναστευτικός	5
Κρητική	5
λοτιμιος	5
προπαροραω	5
ὀψοπωλία	5
Τευθραντικόν	5
ζελειος	5
ἐπίν(ο)ιον	5
ἀρχιδικαστής	5
φνε	5
ερμζ	5
Μεστραῖμ	5
λευκηπατίας	5
Κώμαρχος	5
ἐπαποδύομαι	5
ἐξακουστέον	5
παρασημειωτέον	5
ἔπουρος	5
ἀτέκνωσις	5
ὑπογραπτέον	5
πολυειδία	5
Συρακούσσιος	5
γελαστέον	5
διαγλύφω	5
ἀπαρκτέον	5
παιδοσπορέω	5
συγγηράσκω	5
θηλυγενής	5
βουβάλιον	5
πλάστρον	5
παστοφόρος	5
μεθετέον	5
κοσμητέον	5
ἐσχαρίς	5
Στόμιος	5
νεκυομαντεία	5
Φέρεφασσα	5
ἱεροφαντικός	5
Ἰμμάραδος	5
Ἵστων	5
ἀπλάνητος	5
ἀναγώνιστος	5
ἐπισεσυρμένως	5
μεταδοξάζω	5
Ἡλιοπόλις	5
Ἀνάκη	5
Βοιός	5
Πολυάρατος	5
λιμαγχονέω	5
ἀπάπτω	5
δενδροτομέω	5
ἀοκνία	5
ἀκορία	5
ἔμπολις	5
δακέθυμος	5
ἀπολιόρκητος	5
ὠκύπλανος	5
θύπτης	5
ἔναμμα	5
Ἀλαθέας	5
πολυάνθεμος	5
διάπτυξις	5
ἀπόκρουσις	5
εὐπροαίρετος	5
ἐπιγεννηματικός	5
Θεοδᾶς	5
κδ᾿	5
Άγιος	5
παμμέγιστος	5
Γιτθῶν	5
Ἰούστα	5
συμμεταλαμβάνω	5
Ἰούστης	5
περίδακρυς	5
φαυστινιανω	5
πενόω	5
προσανατίθημι	5
διισχυριζα	5
ψνχῆς	5
ματθιδιος	5
ἀνολοφύρομαι	5
εγχείρηση	5
σεληνοειδής	5
ἀνακραύγασμα	5
ἡμίπυρος	5
δοῦνος	5
ἀγελίας	5
κλινάρι	5
ἀγάλι	5
παπάς	5
χῶμαν	5
στεφάνιν	5
εκκλησία	5
οκάτι	5
σίδερον	5
φόσσα	5
Χιόνια	5
σαγίτταις	5
Εγένη	5
κάπου	5
θεωρῶ	5
αὔρι	5
σιτάρι	5
Πλάστη	5
εὔπρεπος	5
νεούτσικος	5
Απήρεν	5
θανή	5
ῥήγαινα	5
ἐγνωρίζω	5
καλλιώτερους	5
Λουμπαρδιάς	5
παμφρόνιμος	5
Αλαμάνιαν	5
σωρευτός	5
Μούρτζουφλος	5
Λουμπάρδοι	5
σέβος	5
πανάπιστος	5
εκαβαλλικεύαν	5
χωσιά	5
φλαμουραρίους	5
αφκράζου	5
Πόλη	5
αππλικέψαν	5
τζαγρατόρος	5
αρχοντολόι	5
σωτάρχισιν	5
σωτάρχειον	5
Τσαμπάνιαν	5
γαρνιζεω	5
Τσακωνιά	5
Ευγενικού	5
βάρκα	5
συναπαντάω	5
καλλιώτεροι	5
συμπεθερίαν	5
μοναστήρι	5
παρακαθισμός	5
δούλεψιν	5
δυναμάριν	5
Γουλιάμον	5
πριγκιπάτον	5
Θηβού	5
Ἔνας	5
σεβούν	5
λέη	5
ἑβγάλλω	5
Μορέα	5
συντεκνία	5
σκορτινοος	5
ισοβαινω	5
Πρινίτσας	5
διού	5
υπάμεν	5
Βουνά	5
πονεμένος	5
Μαφρόϊ	5
τσάμπραν	5
κουραδινος	5
κοντοσταβλον	5
πατέρας	5
μπριενος	5
κουμπάνια	5
μπαρουνίας	5
Σουλή	5
Στους	5
Φέρος	5
Καστελλάνος	5
Φιλόκαλος	5
γενουβισος	5
φαίνομαι	5
ψεγάδι	5
αρετή	5
λούλουδο	5
θεμέλιο	5
μουδ	5
ξαμώνουν	5
βλάψιμο	5
αιθάλη	5
φτερούγα	5
καλυτερος	5
δοξεύγει	5
πλιάν	5
Εθώρειε	5
χωστός	5
άσχημος	5
ανακάτωμα	5
Γένια	5
επήγαν	5
ντροπή	5
περιβόλι	5
νιότα	5
Ψηφᾶς	5
Καλογιέ	5
γρικήσεις	5
ξυπνός	5
Μάγαρις	5
αφορμαρά	5
λάφι	5
γλακάω	5
παλιός	5
αποχαιρετά	5
αποκοτώ	5
κονταροχτυπώ	5
Πεζοστράτη	5
σκλάβα	5
Ερωτάρη	5
ακολουθώ	5
διαβάζω	5
διάφορο	5
μάθηση	5
δοῦμος	5
κίντυνα	5
εδεπά	5
σημερνήν	5
οχτρός	5
κιαμια	5
ανάβαθος	5
πέτρες	5
δρακομηχος	5
Τριπόλεμος	5
δερμάτι	5
Δρακόκαρδος	5
ζερβός	5
καλοσύνη	5
Κυπρίδη	5
Κυπριώτη	5
Κυπριδήμος	5
ζυγαρά	5
Οἰκουμένη	5
σκλαβιά	5
δωκες	5
Σήμερο	5
υγεία	5
Γονής	5
κιεντυνω	5
δηγάται	5
φυρός	5
ξημερώνει	5
πρικύ	5
συμπάθιο	5
πρωτύτερος	5
ζάλος	5
Φλάκης	5
Μπάρμπα	5
ἀμμ	5
ὁμοιάζω	5
γρᾶς	5
τρομάζω	5
Νάχη	5
ἤσουνε	5
κάτου	5
ασήμι	5
ζωνάρι	5
κέντουκλον	5
λεοντόπαρδος	5
ανεβαίνω	5
Μέλια	5
Πωρικολόγος	5
Κίτρου	5
πάλμα	5
περιγελάω	5
εἴχω	5
ἀφάλω	5
ἰχάδιν	5
Θάλιος	5
ἀναυτέω	5
ἀλόχευτος	5
ἐννεάκυκλος	5
Κομάριος	5
βούδιον	5
Καρυστίου	5
ἐγκομβόω	5
Λακιάδης	5
Φιλιπίδου	5
Μέανδρος	5
πεφρ	5
Νικολάδας	5
Βάθων	5
τοῦπτάνιον	5
ἐστιάω	5
δηλυναω	5
Φιλάρχυρος	5
Ἀσος	5
τοιούτος	5
Πανσανίαν	5
Σπαρτιῶται	5
τραῦγμα	5
πεντεστάτηρον	5
ψηνίζω	5
προβατοκάπηλος	5
ἀρχολίπαρος	5
ἐναργ	5
ἠπ	5
γυναιχ	5
κριθοπομπία	5
ἰδρ	5
ἀνεπιδόκητος	5
Χυτρόπολις	5
τύρευμα	5
κληδ	5
δικαιόσυνος	5
σπάθημα	5
συκοφάντις	5
ἀντιπελάργωσις	5
διαναβάλλω	5
διασιλλόω	5
ψωμόδουλος	5
ἐπιδεικτιάω	5
θεμερυνω	5
κοδριος	5
κραδοφάγος	5
παρακεχορδιαν	5
Σάβου	5
ὀψιπέδων	5
σάραβος	5
χναῦμα	5
Πέλλιχος	5
αἰγυπτιάζω	5
Ἐτυμοκλῆς	5
σῆλην	5
φιλοσκόμμων	5
ὁργ	5
ἀδρ	5
σκεπάω	5
θερίστριον	5
Κιδαρφόδος	5
συνεξαπατάω	5
ὑδροχῶ	5
ἀληθολογία	5
Κεχρή	5
προένεξις	5
ζξψ	5
ημιχρόνιο	5
ὑποδεικτικός	5
διηρ	5
τηλικόδε	5
οριστέος	5
ἀδυν	5
ὑπόρρημα	5
ὑποτομή	5
προκείμενος	5
μικροτεχνία	5
εὐστασία	5
μονόχρονος	5
προσωπαί	5
ευσταλής	5
Ὠστερ	5
χλοῦς	5
τοιχέω	5
συναναίρω	5
λύγιον	5
λέπιον	5
ὁμόλοχος	5
ὑπομν	5
δευκαλιωνιδηω	5
Αἰνειάδης	5
Ἀρήσιος	5
κομβί	5
πεντάπτωτος	5
σχηλιαστικος	5
κατωμοτικός	5
τρυπάνιον	5
τάβολον	5
στραῖς	5
μεγιστᾶν	5
μναῖος	5
χρυσολευκόλιθος	5
Προσηγ	5
αἰγωλιός	5
αόριστος	5
ῥίττω	5
ἐποίνιος	5
ευωψ	5
διορθῶ	5
ξενοφωνία	5
σμῖχω	5
Σιφός	5
δύναμα	5
κάμιλος	5
ἀπότροφος	5
Ἐκτόριος	5
ἀναστρ	5
ἐλάφινος	5
Άνανθος	5
Εἰκᾶς	5
Ἡλιάς	5
ενθουσιαστικός	5
βυθμός	5
δυσδιέξοδος	5
εξοπλίζω	5
οὖζος	5
ἀπαραποίητος	5
αλλογλώσσος	5
κτηνοτροφέω	5
κουβοιρ	5
Οὐθμάν	5
Χωρασάν	5
Σιγριανή	5
Βεριγγέρη	5
Βεριγγέρης	5
Λαγουβαρδίας	5
Πιπίνος	5
ζαχλοομου	5
παγανός	5
Βικτωρῖνος	5
βαπτισμένος	5
ιδιόχειρος	5
Δανάστρεως	5
Κάγγαρ	5
Βελέγραδα	5
ζιχιος	5
νικοψη	5
κρικορικιος	5
Κελτζηνῇ	5
Ἀβδεραχείμ	5
Κουρκενίου	5
κισκαω	5
φλάμμουλον	5
σιγίλλιον	5
ἐλαιοφόρος	5
Τιμίου	5
προθυμοποιέω	5
βυρσάριον	5
χερνιβόξεστον	5
άπλωμα	5
φιλλικήσιμε	5
τζιτζάκιον	5
φῖνα	5
Ἀντίπασχα	5
βαλαντίδιον	5
Τριπέτωνα	5
ἀρτοπωλία	5
τόγα	5
σπαθαρίκιον	5
δίασπρος	5
σαβάνιον	5
δομεις	5
Κονσιστώριον	5
ὑφαπλόω	5
Σινάτος	5
Σελλίων	5
Πριμικηρίου	5
ὤατον	5
Νζ	5
μινσουράτωρ	5
ἀβδία	5
ζωστός	5
θερμάστρα	5
Πράσινος	5
τετράλεκτος	5
αυτοκρατορία	5
Νουμέρου	5
ἐξκουβίτωρ	5
φακτιονάρις	5
θεοπρόβλητος	5
Κρίστους	5
νόστερ	5
ωμοφόριο	5
Βόνα	5
ἰλλουστρία	5
δικουρίων	5
καμπιδούκτωρ	5
Καρούχας	5
συναριστάω	5
Οὐρβίκιος	5
ϟϛ	5
κατασπάζω	5
δορυλειος	5
κατακυλαας	5
Ικανάτος	5
πεντηκονταδύο	5
ἀποθέτης	5
πτυάριον	5
ἐπεύχιον	5
σάχαρ	5
Σέντζου	5
Σάρδος	5
μαντίον	5
Λάυ	5
Πρῶτις	5
ναλν	5
Πυργί	5
αὐγουστέως	5
τζυκανιστήριον	5
βιγάριος	5
μυριστικός	5
λαρνάκιον	5
μεναύλιον	5
μολίβιον	5
τοξοβολίστρα	5
Αρμαμέντου	5
προηγεμών	5
ἀνόνη	5
συνωνή	5
τοπίο	5
μονοπροσώπως	5
ἀντείσειμι	5
δούλκιον	5
γηρόκομος	5
ζϛ	5
Μαρωνίας	5
αυρηλιουπολις	5
Ταβία	5
Γέρμη	5
λογοθέσιον	5
Κλαυδιούπολις	5
Ἰωνόπολις	5
κονσιλάριος	5
Ἀβουβάχαρος	5
δυσπέρατος	5
Μαξιμιανούπολις	5
πανωνία	5
Σάβαν	5
ναβουθαις	5
Κύντιος	5
αμιλις	5
Ἀνκάων	5
Ἄβελος	5
λάχυν	5
ἀσσάρων	5
χρουματη	5
Λαβιδ	5
δαμάλα	5
ἐπενεργημένων	5
Ιεζάβελ	5
Ναβούθου	5
Κάχιον	5
ἑμαντῷ	5
Ενία	5
ἀνδρομανία	5
φιλογοω	5
Δράκ	5
Δαλιδά	5
νιάτο	5
Κικιννάτος	5
Κατιλῖνος	5
ἀποξυράω	5
δουλοκρατέομαι	5
Σπόρου	5
Βεσπασιανός	5
χαρπουμην	5
στρωμαῖς	5
Μάρχω	5
αρχουμενω	5
ἄγρυ	5
συγχλητικως	5
ἀγχινίας	5
συμβιάζομαι	5
ἀνέδηγ	5
Ἐνναῖος	5
Φερωνύμου	5
Πομπαίδιος	5
ἀποτρύω	5
φνομενος	5
Παρσῶνδην	5
γεῦ	5
Ζαριναίας	5
Ζαριναία	5
Ἀστιβάρας	5
ὠρίον	5
Ἀδραμυττείου	5
διενειιημι	5
Κλεόβι	5
Μαζάρης	5
Δημοχίδην	5
Γίλλος	5
πέρσης	5
Τήριλλος	5
Ἑρμῶνος	5
ὡσπερεἰ	5
Τοσαύτ	5
σιβατος	5
Καστωλός	5
ἀπαράπειστος	5
ἀχρατος	5
υπουλαω	5
Βάλαχρος	5
μισθοδοτέω	5
ἐξημίουν	5
ευμαρής	5
μοιχεω	5
ἀναισχυντογράφος	5
προσκαταψεύδομαι	5
επιμετρώ	5
σύγκριτος	5
ἐπί-ἀποστέλλω	5
Χάρετος	5
Ἀλαβανδεύς	5
λότατον	5
Ὀρτιάγων	5
ἐγκατ	5
ἑλληνοκοπέω	5
ἐναποδείκνυμαι	5
συνεχυρησος	5
Στόλων	5
εὐβ	5
Κύντος	5
μιζετος	5
Νόμαν	5
ἡλαττοῦτο	5
καταχορεύω	5
Ἀρούσος	5
ἄκερα	5
κούρβουλο	5
Βούρρος	5
κέδριον	5
Ἄννιον	5
βεσπασιανω	5
Κόμ	5
νοσηλευόμενος	5
κακογνώμων	5
Ἀλαμαννός	5
μεσομιδηω	5
Κούς	5
Ψευδαντωνῖνος	5
μοίρ	5
ἕκτερα	5
ἀγανακ	5
σαμοσατον	5
ἀπαυχενίζω	5
σιωπηρώς	5
οἱῳδήτινι	5
διανεκής	5
λευκόπεπλος	5
γάσος	5
Κλία	5
οὐμίων	5
μουσοφίλητος	5
γυγραιναιας	5
ογυγος	5
Ἀφέρ	5
εικοσιτρεις	5
κτηνότροφος	5
δρία	5
συγκάταινος	5
Ἐλιοῦν	5
Μωύσῳ	5
Σαλομῶνα	5
ὁλοσώματος	5
Ὕαγνις	5
φιλόκωμος	5
προεφιστημι	5
νοηματικός	5
γεννήτειρα	5
ἐνσωματίζω	5
ἀλληλοφονία	5
συμπαγία	5
προκαταβεβλημένος	5
διάλυτος	5
ἐμπερι	5
νεάνισκος	5
Δημοκράτεια	5
ἰσφ	5
Χύσας	5
Γλαύ	5
δεκατόσπορος	5
Εὐμόλπος	5
Κλενίου	5
Σιράν	5
οστ	5
εργ	5
Ἄχ	5
συριχτος	5
Νυμφόδοτος	5
Βήραν	5
κύδην	5
ἀγηνορίδης	5
Ἀσκληπιάς	5
γαλχοῦν	5
πολύδιον	5
οἰονόμος	5
υχον	5
Τενθρηδών	5
Τευκρίς	5
πίνυμι	5
θηροφόρος	5
εὔδομος	5
τραπίδεσσιν	5
πέρις	5
Δόμνα	5
χειροτέραν	5
σύναμος	5
αντιοχιον	5
συγῆ	5
κατάπαυμα	5
αστιια	5
περιρράνω	5
Μελίνη	5
ἀρίστ	5
Μόδιος	5
μητέρα	5
Ἄνιχα	5
Παραδάς	5
Καδμηίς	5
χῶταν	5
πυνῶν	5
Τοῦνεκ	5
Λυσιώ	5
Δαρίου	5
Ἰαμβλῖχον	5
ζώθαπτος	5
ἐγκατέπαλτο	5
πυρπνῶς	5
ἀπαντλῶ	5
ανταποδοτικώς	5
ἀμυχανίας	5
Σαμφών	5
ἐπιπομπή	5
Νήλ	5
γχαν	5
χρυερως	5
ᾬω	5
πανοικτίρμων	5
σερνοος	5
ΜΑΝ	5
ἀναπαυστήριος	5
ζύλων	5
θέαση	5
πατρία	5
ἀλληλοφάγος	5
ζωάγριον	5
ἱπποδότης	5
εὐδύνα	5
Κληίδας	5
δισσόπους	5
θλου	5
λαθρίως	5
λατρείω	5
προπάρειθε	5
βαμῶν	5
Χαλδ	5
λεοντοπρόσωπος	5
χρυσεοσάνδαλος	5
ανιχοω	5
Κουάδοι	5
μιξονόμος	5
Καλία	5
Φιλόστοργος	5
Ἔρμ	5
Ἱππόθους	5
τοχεω	5
τεσσάρι	5
Εὔδουλος	5
Λούκιλλα	5
Τύμδον	5
ἐπενίημι	5
ἀνεπίπλαστος	5
μαζοφάγος	5
εὐχερώτως	5
ἔγχριστος	5
αἰθής	5
σπάρτινος	5
Τελένικος	5
στημονίας	5
ὑλίζω	5
ἐφετίνδα	5
χαλαίρυπος	5
᾿χαῖρε	5
Νισιβηνός	5
σφαιρομαχία	5
ἀποδικάζω	5
ὡμότητι	5
γνίων	5
Μεχέμετι	5
πεζαίτερος	5
ἀπόχρησις	5
ιονουζω	5
ἀφικν	5
κρουω	5
καπνοβάτης	5
ἔνευ	5
ἀπονεκρόω	5
Γλα	5
Παρσώνδῃ	5
εἰνοῦχος	5
δυντάς	5
Ὀναφέρνην	5
ὀπλίας	5
Βαβυλ	5
διαμυρίους	5
Δερ	5
οἰδεμίαν	5
Μέωνος	5
ευνοχοω	5
ποινηλατέω	5
Ελένος	5
νδρῶν	5
πλαγκ-τήρ	5
Πολυδένικα	5
ὑποπλάκιος	5
πολυχρ	5
στυπηρίας	5
κισσοειδής	5
Βήρυλλος	5
σκοτεία	5
φιλίωσις	5
Ἐπιχάρης	5
λυγγούριον	5
γλαύκωσις	5
Ἕψης	5
καρυόφυλλον	5
τριφύλλιος	5
εὐσύλληπτος	5
πτίλος	5
ὠκυτόκιος	5
Κίσσα	5
λιθουρία	5
σταθμίζω	5
αγιασυνεος	5
παρίνει	5
μισθοποδοτος	5
Διάνυσος	5
αυτεξουθεος	5
Σωτήρη	5
Νεχρού	5
παρεμυθιιστημι	5
φάτης	5
νοῦματι	5
ἀνάλεξις	5
ἁλμ-άς	5
ΙΓ᾽	5
Ἠλίσαιου	5
ΑΔΤΕ	5
Σαπφείρῃ	5
Πυρί	5
Μίθων	5
ΚΖ᾽	5
ὁμολοῦν	5
ἐπαφρίζω	5
Βῆσις	5
εὐηρέτησε	5
απειραδιος	5
χαρισάμενος	5
εὐλαβίαν	5
ἀποπέω	5
προκαταμένω	5
διςχυριζω	5
φυχρω	5
πάρκο	5
ιγνιος	5
χορδός	5
ὀσσώπου	5
προσῳρίᾳ	5
επιχρυσεος	5
παραμυθητής	5
οἰδᾶν	5
ἀρμῳδίως	5
χυλῶ	5
ὁπάρχων	5
Παρόντη	5
τεραν	5
σμικροπρεπές	5
μετατρέχω	5
φιλοχρεια	5
λόγμης	5
δόνησις	5
ἐξοιστρέω	5
απαραχάρακτος	5
φυλαρίας	5
ἀσάβειαν	5
βουλωμένος	5
αγέλαστος	5
ἀπάρχων	5
τῆμιν	5
εἰκαιοσύνη	5
Ἄπεις	5
καταφορτίζω	5
Ἰωάννουν	5
καθημέ	5
διάλαμψις	5
νοηθεω	5
ἡττήματα	5
φιλονειχήσει	5
Πόδα	5
ἐπαλγύνω	5
φῶλον	5
αδουλητη	5
ζόνως	5
ἐντύφω	5
αλλογενής	5
συχοραντίας	5
λώσας	5
πρόσδεσις	5
πλῆστος	5
οὐδών	5
αξιομαστος	5
Ψαλμῶνος	5
λογιχοω	5
ἀρχιποιμένῳ	5
ὀανάτου	5
ἁγλήματα	5
φραμεν	5
ακήρατος	5
θυμωδιαω	5
χρηρημάτων	5
Δόσια	5
ρουω	5
ευχλειος	5
διδέω	5
ἄρριζος	5
Χρηστοῦς	5
Υπομενάς	5
ἐραζ	5
ἀρότριος	5
πῆρος	5
ἤπουντο	5
τινικαδος	5
διαδεικνύω	5
φιλάλ	5
Φασέχ	5
ἐπάπτω	5
Αγαλής	5
αφράτος	5
ᾀσμός	5
ἱεραφάντην	5
καταπωλέω	5
νεύμα	5
μελεδωνέω	5
απειδηω	5
ὀρέματα	5
κακοσμία	5
ὡραϊσμός	5
ἀτοκία	5
ἀναφυή	5
Οζιάν	5
ἀλλόφωνος	5
μύπων	5
φακεύς	5
σομωρος	5
ελαττωμένος	5
γροῖν	5
ὡσπε	5
δυσδιάφωκτον	5
αὐχμήεις	5
πυχρω	5
ἀμφίημι	5
καθελίσσω	5
θεσπίδιος	5
προσκυνάω	5
Περρώ	5
Ἄναλις	5
λωσίαν	5
κραπαλῶν	5
ἱερομύστης	5
πανσθενής	5
μύσκος	5
σύμφραξις	5
επερωτώ	5
ἀνθρόν	5
σύνθραυσις	5
ἁμῶνον	5
Θαύματος	5
ἀνάλυτος	5
αναποδηλος	5
απαρχής	5
ὤπιον	5
εὐπράδεκτος	5
ἀναμόρφωσις	5
αἰροντες	5
εὐωδώζω	5
σαυτός	5
ἀμιλλήσεται	5
Πεπλάνητο	5
πρεσβυδέστατον	5
επικαλούμαι	5
κατάδρομος	5
μεδιιστημι	5
Ναβαιώθ	5
ὑποσχάζω	5
απιστώ	5
κύνησις	5
Ορδς	5
Δικαιούτης	5
προάγγελσις	5
Ἀξαρίου	5
Ὀξίου	5
ἀπᾳδόντως	5
Ἅδερ	5
καταφλυαρέω	5
καταμεθύω	5
ἐκκληςία	5
κτόνος	5
κατημελημένως	5
ἐκθλί	5
ψευδοεποῦντες	5
παροιστράω	5
κατοδυνάω	5
τεχνουργός	5
δήπως	5
Ἀμέσσιος	5
ὀγδοηκονταπέντε	5
Ἱεροβάαλ	5
μετασοβέω	5
ἀπαράφθορος	5
ἐπερυθριάω	5
Μάστα	5
αναδεικνύω	5
αργός	5
Ἀμοῤῥαίου	5
τριημερία	5
Γκάτος	5
Αβιμέλεχ	5
ἀδόνητος	5
κατασπαταλάω	5
επιρρίπτω	5
φιλοικτίρμονα	5
σήρ	5
συναγηγερμένα	5
χαναναίων	5
βαοιλαος	5
Σουσακείμ	5
αξιά	5
δίκησις	5
μηλοσφαγία	5
συρισμός	5
συναγόρευσις	5
ῥησίδιον	5
ἀναβρύω	5
Λάμη	5
δυσεξίτητος	5
Νήπις	5
κατατέθηπα	5
ἐφιζάω	5
κητήριον	5
Ἰνσοῦς	5
ψευδάγγελος	5
ληρίας	5
φιλεργέω	5
Ἡμάθ	5
ἀλλοτ	5
παροικεσία	5
γραώδεσι	5
ὠφρυόω	5
γραμματοεισαγωγεύς	5
εὐιλατεύω	5
κολοβόκερκος	5
ἐπιστηδίων	5
συνόλλυμι	5
ὅσῳρ	5
πολυπραγμαινεος	5
ἰσουργός	5
Ἐνοσίαν	5
Οὐκο	5
αποφράζω	5
Ἀλλίων	5
βαθμίας	5
Φαίνη	5
ἐξηθέω	5
επικεικεω	5
απεικεω	5
ἀλιῶ	5
καταμολύνω	5
καπηλίας	5
ἀτόρητος	5
σάλω	5
Δέντος	5
ἡσυχάω	5
Γαλή	5
ὁρτάζω	5
ἀναντίας	5
Τούνιν	5
σφᾶρα	5
Ἀργίας	5
Μελετιανῶν	5
ἐναστράπτω	5
δορύκτατος	5
ἀναθρώσκω	5
σχολαστής	5
κατάγχω	5
μεταχαράσσω	5
Σεπφώρας	5
ἀπονευρόομαι	5
Ξύλου	5
ἔξαρσις	5
Ἀταρώθ	5
κατασκίασμα	5
ταυτοβουλίαν	5
κατοχεύω	5
ἑτεροδιδάσκαλος	5
ἐκτοκίζω	5
Παντέλειος	5
ἐκβλύζω	5
ὑπότιτθος	5
ἀποψιλόω	5
γονοῤῥυοῦς	5
ὁλόκαυστος	5
επιμαρτυρώ	5
ὀνυχίζω	5
ὀφιομάχης	5
ἀπόκνισις	5
ἀναφαλάντωμα	5
ἄνεφθος	5
Νουμηνία	5
διμηναῖον	5
διαυγασμός	5
δυσπό	5
πολαν	5
δυσαπότριπτος	5
προϋφεστήξει	5
διαναντίας	5
καινισμός	5
ἰδνῶν	5
Ματέρα	5
σχάρος	5
Δραπέτης	5
Αμμώς	5
γ̔άπτω	5
φιλοθρωπίαν	5
φιλοθρωπίᾳ	5
πτός	5
τῆλος	5
εἰσχωρέω	5
νεανικέω	5
συγκατανεύω	5
πανδαισαω	5
λαγομένων	5
διασφῆ	5
ἄμφορ	5
ἐπισκείας	5
εξολόθρευση	5
Όλμα	5
τῆσε	5
Διπλός	5
Ἑρμῆνος	5
ναῦμα	5
ἀγεννητῶς	5
δυσχρεῖς	5
οἷμος	5
ἐπάζειν	5
βίσης	5
μόχον	5
ὁμύναι	5
Αγάλου	5
φιλοστορι	5
δυνήν	5
διαβεβλημένος	5
ἀποταξία	5
λουτρός	5
ἀνίγμα	5
ριτῶν	5
συναλθέω	5
φοίτησις	5
μελωδώ	5
ὑπεροφία	5
λλίου	5
συμπραχίαν	5
στῖλα	5
ἀπάζει	5
γαστρέω	5
εὐχάριος	5
μεδα	5
Τούτῃστιν	5
ἄλετρον	5
εὐήνυτος	5
ὑπεροβίας	5
καράκαλλον	5
αἴνυγμα	5
ὁρλοῖ	5
κάπως	5
ἰδρύ	5
βαπ	5
Γαϊδάδ	5
νῶε	5
διεσμιλευμένως	5
παροίκησις	5
διανοιχθείς	5
διακεκομμένος	5
καταπόδας	5
διαβουλεύω	5
Ληναΐς	5
ἐρεικτός	5
ἀπχριβῶσαι	5
ἀνασθαι	5
ὑπαρόω	5
ἄριμος	5
Ἄφερ	5
ακλινεος	5
αὐτοθελῶς	5
ριοτητη	5
πέφη	5
μαχρῶ	5
φιλονοια	5
ἐξήτησις	5
Σκάλου	5
ερμηνευσαω	5
ἐπιτέλεσμα	5
Λέγου	5
Δέπου	5
ἐρῆμα	5
ἀντιπαρατείνω	5
ἐμφαντάζω	5
δυναμφοτερεω	5
αὐθυπό	5
ομοταγής	5
ἀντίκλεις	5
ἀδιάρ	5
βλήτα	5
προσαπαιτέω	5
αντιδιαρεσις	5
διάκριμα	5
ἀναβατέον	5
ἠνωμέ	5
ἀσύγχ	5
διασλάσει	5
συναπογεννάω	5
ὑδραῖος	5
τοιωσδί	5
Ἥρικεπαῖον	5
σεληναῖον	5
Πασώ	5
δισώματος	5
διατάκτωρ	5
Κύδης	5
ὁμοφύως	5
συμπαγής	5
παντοφυής	5
αδιαρετη	5
θομαι	5
ἀδιαι	5
Ὑλαία	5
συμπροΐημι	5
Νάδος	5
νίδας	5
ενοοιδα	5
δυοδεκάς	5
κἀτός	5
ἐσλῶτος	5
διαστατέω	5
ενοποιούμαι	5
τοιός	5
Άκτον	5
προϋπόστασις	5
ζωοποιία	5
Ἠρικεπαῖος	5
πόρσιον	5
ἀπομαντεύομαι	5
ὁπαδός	5
βραδύνους	5
Σῶθις	5
ἀντιχειροτονέω	5
σκίμπος	5
ροοραω	5
λιπάρησις	5
φαντώματα	5
Κάρπου	5
Νεχεψώς	5
Χρυσαόριον	5
επουσιωδώς	5
ἰσορρεπής	5
προκοίλι	5
τερῖς	5
καοδιος	5
πραγματώνω	5
Σκάρφη	5
ενθύμιο	5
ἀστεισμός	5
Φλόγιον	5
πέρροχος	5
ἠπιόλης	5
ἠρώχλει	5
Τίμανδρα	5
εὐφραστον	5
Δύσιος	5
Ἰπποδάμαντα	5
Αἰδῦμος	5
χλωρηίς	5
Σελευ	5
τύγος	5
χομιζα	5
Μαϊώτας	5
πτεροποιέω	5
Μαίωνα	5
Κοτυαέα	5
λόγησαν	5
Τάλου	5
Τριαγμοί	5
Λόγχη	5
δίλογχος	5
μητρώιος	5
προσλαγχάνω	5
ἄχλις	5
δύλων	5
Ἑταιρίων	5
ἴσι	5
καλλιχυριον	5
Νήσος	5
γῆλος	5
λάρανκα	5
ἀναπαίω	5
ἐφήμα	5
γλωρόν	5
Δρυ	5
Πήληκες	5
Παιωνίδης	5
Τυρμείδης	5
Κειριάδης	5
Κυδαντίδαι	5
Πλωθεύς	5
Προβάλινθος	5
Σκαμβωνίδαι	5
Στρατόδημος	5
Νομ	5
αβδ	5
ἐπιστομέω	5
ηπιότητα	5
Σίλλα	5
σιτομετρία	5
δομάω	5
Σπατέμβας	5
ἐβένινος	5
θρεμματοτροφέω	5
λιθουργικός	5
Ἰνδι	5
ἔμπροθεν	5
θησαυροφύλαξ	5
Θεσπρωτία	5
ριμος	5
Δῶρις	5
Λακρατίδας	5
ψκζ	5
Κόγχαρις	5
Ῥάμψης	5
Ἀμενῶφθις	5
Ἀχερρῆς	5
Θαλήτου	5
κ̄θ̄	5
φυσιοποιέω	5
ματαιοπονέω	5
εὐθένεια	5
χαριστικός	5
Ζωίου	5
κυματωδῶς	5
κλωσμός	5
εὐθύγνωμος	5
ἀξυνεσίη	5
τελεότης	5
ὁμόνοος	5
δημωφελέω	5
ἀμφίνοος	5
Ἀθηνόκριτος	5
κρατυντήριος	5
ἐκπέτασμα	5
συμφωτίζομαι	5
περίθερμος	5
λευκόν	5
ἄνωρος	5
αγαλματοποιός	5
ἐκνίπτω	5
Ἡρο	5
μοκρίτῳ	5
συγχριμα	5
σχολίτης	5
σκαληρῶν	5
συγχριτικως	5
Μεστάν	5
ὑπερφύομαι	5
Σώμας	5
προσομίῳ	5
μνι	5
δημιαβρων	5
προσπεριγίγνομαι	5
συνδιαιτητής	5
Αἴσιος	5
ἐποίζω	5
Ξυπεταιών	5
ἀνεψιότης	5
ἔφεκτος	5
σιτηγέω	5
Μιλτοκύθης	5
ἐντελόμισθος	5
συντριήραρχος	5
λιπόνεως	5
ὀπωρώνης	5
συνεκδίδωμι	5
φωνασκία	5
Πτοιόδωρος	5
Τιλφωσαῖον	5
συμπρεσβεύω	5
ἄγλαυρος	5
Κασσωπία	5
Ἐξήκεστος	5
αὐτολήκυθος	5
Πάνδια	5
χρυσοχοϊκή	5
αἴδεσις	5
Κτησικλέα	5
Κριτόδημος	5
ὁμοπάτωρ	5
ἀντεκκόπτω	5
Πυδναῖος	5
Βοηδρόμια	5
γοριος	5
δαμαγορεω	5
πλακίον	5
Φιλόπαις	5
Δικαίρχος	5
χωρογραφέω	5
ἁμαξήλατος	5
μελάγγειος	5
σοφοκαλεω	5
καθατήρια	5
φάχιν	5
πηνίξ	5
σκέπαστρον	5
απλοιδη	5
σάμαξ	5
κλινίς	5
συρμαϊσμός	5
ξφον	5
πολίφ	5
αντιλυγος	5
ἐπιλεύσσω	5
ὀρήματα	5
θαλιάζω	5
ἀναβρόχω	5
πορδάλις	5
ἀπαμάω	5
Ἰππαρις	5
Φαισάνα	5
αλκαιδηω	5
ἀλήϊος	5
Μαντινέα	5
ἡνιοχευτικός	5
Δαιδάλα	5
Βασσίδης	5
ΟΒΕ	5
ἐπικηρύκευμα	5
Νίταρος	5
μεγαλόσωμος	5
ἐνθρύπτω	5
Ἀργυρίππην	5
ΜΗΔΕΝ	5
λουέω	5
κατρός	5
Νυμφαῖος	5
τάντια	5
ἀπόσκοπος	5
αρχεσιλαος	5
βαρύνωτος	5
Γηθοσύνη	5
Γύμνος	5
Δίνες	5
επόπτευση	5
καίνυμι	5
χλυεν	5
Χόρσος	5
Κυδοιμός	5
λυμάντωρ	5
ὀχλολοῖδορος	5
Πίσω	5
Πρωταγόρης	5
Κυδίμαχος	5
στερκτέον	5
παρεκβολή	5
μοσίαν	5
ψγ	5
Δεινόλογος	5
ἀδυνατία	5
ὀλβάχιον	5
καιμεις	5
Δισίων	5
ὀπιπτεύω	5
ἐξᾴδω	5
φιλονικέω	5
ἑ	5
κοροπλάθος	5
διαπορρήγνυμι	5
ἐλίκωψ	5
πλουτοδότειρα	5
ἀσυντέλεστος	5
Σαβάκων	5
Θεσπιάδες	5
λήϊτος	5
Πολύβοια	5
συνάγκεια	5
στιβεύω	5
Ἐρικώδης	5
Ἰόκαστος	5
ἀπόπλυμα	5
Διονυσιάδας	5
Περσῖος	5
Κρίνακος	5
Τρίκοστος	5
Πισιδική	5
Ἱστιαιεύς	5
Φερενδάτης	5
βοιόν	5
Ἑρβιταῖος	5
καταυλίζομαι	5
ἀφυστερέω	5
Ἕλωρις	5
Σολοῦς	5
Κατανύσας	5
Στρούθας	5
δεκαναΐα	5
ψιλικός	5
βοιωταρχία	5
Ῥεομίθρης	5
Νεκτανεβώς	5
Φιλίππειον	5
Νύψιος	5
περικλῄζω	5
περιναιετάω	5
προσιππεύω	5
διεκπίπτω	5
Μενίδας	5
Τραλλεῖς	5
ἐκφλόγωσις	5
Ἐγχελεῖς	5
᾽́Εκνομος	5
Εὐρύηλος	5
Ἀτάρβας	5
παρευημερέω	5
ἱππηγός	5
Ὑρίατθον	5
Κερύνης	5
κισηροειδής	5
πυροειδῶς	5
ἀπαλώτατον	5
άφρων	5
Δάρδα	5
νανδρον	5
ἀνεπίβλητος	5
οὐσικός	5
Ἄγκης	5
Ιλιάν	5
Δάρω	5
π̣	5
ιτιά	5
Αγόρου	5
Κύβισθος	5
Δαΐμαχος	5
ἀπεραντολόγος	5
σήες	5
Κλέοβις	5
Πιττάκειος	5
ἀνακλύζω	5
ἀνδίας	5
Ἠτεῖος	5
φθειριάω	5
δυσείδεια	5
ἀλλαντοποιός	5
πεζογράφος	5
ἀνάλιστος	5
μετριοπαθής	5
Δημότιμος	5
ἀνασύρω	5
ἑλ́σκω	5
Σύλλος	5
δακτυλιογλύφος	5
Ἑρμοδάμας	5
δενδρεόθρεπτος	5
ἀπαγγέλω	5
ἀποκεντέω	5
ἐπιδερκτός	5
Νικίδιον	5
Ἀγεμόρτος	5
ὅλοσχερος	5
πλεκτικός	5
ἐνάργημα	5
ὑπεναντιότης	5
τεχνιτεία	5
ψυχρασία	5
ἀπόπαλσις	5
συμφυλία	5
ὀχλαγωγέω	5
ἰύζω	5
περιπο	5
ἀνηρός	5
ἀλγ	5
πολυπόδης	5
σαφηνής	5
παρῴενω	5
Παρρησία	5
ὅποτα	5
Ἄντρων	5
Λειβήθριον	5
Ἅμαξα	5
σταχάνη	5
θυννώδης	5
ἀσελγόκερως	5
τοιχωρυχία	5
Ἀμμαῖος	5
διετήσιος	5
Σατορνία	5
Σατόρνιον	5
Μῃόνος	5
Μενίππη	5
κάρμινα	5
Κάκος	5
Ἀννιβιακός	5
Κολλίνη	5
ειρηνοδίκης	5
Κοράτιος	5
κατάσκηψις	5
ὑπερένειμι	5
ἑξαετής	5
ὁμοτροπία	5
Τύρνος	5
Οὐινδίκιος	5
θριαμβικός	5
Οὐελιτρανός	5
Κορβιών	5
τροφεῖα	5
κινδυνωδῶς	5
ὁτουδήτινος	5
Ἰοῦλος	5
Βωλανός	5
περιτειχισμός	5
λιτριαῖος	5
Ῥωμίλιος	5
Ἀλγιδός	5
Νομιτώριος	5
συμπροπέμπω	5
βψζ	5
τηγορεω	5
ἑκατηβελέτης	5
ὀτρυντύς	5
Εὐπολίδειος	5
Εὔτρησις	5
εὔγραμμος	5
Τῖσις	5
ἐνθουσιῶ	5
κατασκευαστός	5
τραπεζιτικός	5
στριφνός	5
διακελευσμός	5
ἐπιμαρτυρία	5
δυσείκαστος	5
πρέσβευσις	5
εγχώριος	5
νήπειος	5
Λιβύηθε	5
βαθυκύμων	5
γέρα	5
ιηπυγη	5
Ἀράκυνθος	5
Σουνιάς	5
Βρετανίδες	5
Κασπίδα	5
βαθύκρημνος	5
Ὀρθωσίδα	5
φυτοεργός	5
πίος	5
Βερονικιανός	5
Βαιώ	5
κάχεινο	5
κυβοκυβοστόν	5
ἐλαττ	5
Μιζ	5
φνα	5
βνα	5
ζχ	5
Δγδ	5
Μκ	5
προστιθιέω	5
ΛΜγ	5
ῥχ	5
εψιζ	5
ςς	5
γτοε	5
ὁμολοῖς	5
Δγξ	5
Δγζ	5
ΛΜβ̄	5
ηκς	5
ΚΒΑ	5
Λιβυστῖνος	5
πυοποιός	5
πυρωτικός	5
ῥητινώδης	5
γύρις	5
ἐκθλιβ́ημι	5
εὐθρυβής	5
κηροειδής	5
περιήθημα	5
παρεμπλαστικός	5
μυρτίδανον	5
ἐσχαρωτικός	5
προσεμπάσσω	5
ἀρτοποιέω	5
λημ́πτω	5
κηπευτός	5
λαψάνη	5
Τεριάν	5
ὑπολίπαρος	5
φοίνιξις	5
εὐανάγωγος	5
Μαρμαρίδης	5
ἁλμαία	5
δάχιν	5
ἀποβλάστησις	5
λιμνήσιον	5
δίψακος	5
Θέρμαν	5
ἀψινθίτης	5
κονίλη	5
ψευδοδίκταμνον	5
ὑποστύφω	5
ἀπαλλακτικός	5
καταρροίζομαι	5
βούφθαλμον	5
πεντόροβος	5
πτερίς	5
χορτώδης	5
βουβώνιον	5
κορωνόπους	5
τριχομανές	5
πολύγαλον	5
ἱππόφαιστον	5
κυπαρισσίας	5
λυγώδης	5
περκάζω	5
ἔκτερον	5
βοτρυῖτις	5
ἰστάνω	5
γλοιόομαι	5
ἁλικάκκαβον	5
πυκνόκομον	5
ἀνθράκωσις	5
χλιάζω	5
λεπύχανον	5
ἀγάλοχον	5
χαμαιάκτη	5
βρογχοκήλη	5
ἀναμαλάσσω	5
φλυκταίνωσις	5
καρδαμίνη	5
ὀνοβρυχίς	5
ἠρύγγη	5
τεύκριον	5
κανδυτάνη	5
Αἴφιλος	5
ἐξάντες	5
Λέι	5
πεπληρωμένως	5
ἑβδομηκονταπέντε	5
βψιν	5
εὐπαῤῥησίαστος	5
βασλείας	5
Τωμαίοις	5
Τότι	5
Τεμύρ	5
Μόντης	5
μἱ	5
εισόδημα	5
Ὠσῆς	5
δρυμώνας	5
κόλις	5
υἱλς	5
Οὐγγρίᾳ	5
δωρολήπτης	5
πανυπεράγνου	5
προμήνυμα	5
αριγενος	5
ῥέμμα	5
εἰσεφθάρησαν	5
σκάνδα	5
συνηγμένως	5
ζυγομαχία	5
ἐπισκοπία	5
στομύλος	5
Ἤδων	5
δυνχας	5
μισόλογος	5
ἐνυπόθετος	5
ισούμαι	5
συγκαταπαύω	5
γῶσι	5
αποδεικνύω	5
ἀωαγκαῖον	5
λικώτερον	5
ουκις	5
πλησιαστής	5
αἰθροβάτης	5
ἐξαναθλίβω	5
γλυκεῖος	5
ἀνθυποχώρησις	5
πτεροβάμων	5
γομφόω	5
ὀρίζω	5
νυκτέριος	5
ἀλαῶπις	5
μονόγυιος	5
ἐπερεθισμός	5
ἐμπεδόφυλλος	5
Φλοῖος	5
δινάζω	5
αρύς	5
Κότταβος	5
κατάβολος	5
νυκτω	5
ἐξαμάω	5
γνυεπομαι	5
ἔκμακτος	5
Σωσικλῆς	5
υνάμεις	5
μελίσπονδα	5
ἱητροί	5
έμπεδο	5
σύμφοινα	5
βοῦφος	5
Μελιταιεῖς	5
Καρπίδας	5
ἀναίη	5
Κορωνεύς	5
ἡμιλίτριον	5
Ἀγριππῖνος	5
ἀριστῶ	5
ἐφυμνέω	5
ἀπονυστάζω	5
κακόχρους	5
ἑκοντής	5
πολνειδῶς	5
Πρόμα	5
ἀφυσιολόγητος	5
ἐγκυκλόω	5
τρόδωρος	5
κριτι	5
ματείαν	5
λάττοντας	5
ργα	5
στραγγουρικός	5
Κόλοφ	5
ἀμηχα	5
ἀντιμαρτύρησις	5
ἐπαίσθημα	5
ἐνδιασπείρω	5
μαλακύνω	5
προσθλίβω	5
Μετάκος	5
μεταδίδω	5
φλεδώ	5
βιαστέος	5
ἀγαλῆν	5
δίμα	5
Κλαυδιανού	5
ἦλιψ	5
Γαΐτης	5
Ουρανή	5
ιοδοχη	5
Ἥριννης	5
οδυρμένος	5
ἐρτυλλον	5
Λύσιος	5
Ἄγρυπνος	5
χρυφιον	5
ευσταχυς	5
δάκρυμα	5
αγυος	5
χορυναω	5
Ἥραιστε	5
χαμπτομενω	5
Σάρδης	5
ἀνθετο	5
ξυλογος	5
Αὐλία	5
ναλεῖν	5
παιδεῖος	5
ὀλιγαλάς	5
Ἐκάδη	5
ἰλις	5
πειλαγως	5
αλώνι	5
αρυκτω	5
σοῦσον	5
Βάκος	5
αιθυσια	5
ΔΑΗΑΟΝ	5
πολυπαις	5
Τιμαρχον	5
Κούφη	5
κάτθανε	5
Γείρ	5
ακάλυπτος	5
τρυγήλλα	5
ἀλεκτρούνα	5
ἔρρα	5
ἀρχιγέρων	5
Σέι	5
Οὐποτ	5
ἔρισμα	5
Ὀσσάτιον	5
οβριιστημι	5
ὁμότυπος	5
ὁπλίων	5
ἐκφαγεῖν	5
ἐκάθηνεν	5
καυλακαῦ	5
Μηρινθιανοί	5
Μαρκώσιοι	5
Κολόρβασος	5
Ἡρακλεωνῖται	5
Πρισκιλλιανοί	5
Αὐδιανός	5
μογγίλαλος	5
ἐκλοχίζω	5
Ἀχίμ	5
κρυπτάζω	5
σουτέστιν	5
Κηνᾶ	5
περιοικία	5
πεντεκαι	5
Μελιτιανοί	5
Ἀετιανοί	5
σπαρμένος	5
εὐθυέλεγκτος	5
πεντηκοντάδα	5
παραλαλώ	5
Σατορνῖλος	5
Νωρίαν	5
πωεῦμα	5
κομιτάτον	5
αδινουω	5
Ἀμψίου	5
συμπροβάλλω	5
προφήτιδα	5
ληρωδία	5
κακοδιδασκαλία	5
σημείο	5
κοίνωσις	5
ἐπασφαλίζω	5
οκταυιος	5
τρισκαι	5
ὤστερ	5
κατάντικρυ	5
ἡθεία	5
ἐναράσσω	5
οὗτι	5
ἐξοχωτάτην	5
καθευ	5
ἔ-χντῳσκω	5
ἀπελο	5
Ψευδή	5
μνημονέω	5
ὑπόχρισις	5
λοποννήσου	5
Ράτου	5
Παροπαμισός	5
ἰσπέρια	5
βαμοῦ	5
ὡρακίζω	5
Κωραλίας	5
Παραπαμισάδαι	5
Ἀἴδαν	5
ἄντλη	5
ἀντρέπω	5
καθάνω	5
ὀνεκρέμασαν	5
αἴφα	5
κίρνη	5
παρατί	5
σχοληκαω	5
σπάρ	5
ἀμφισφάλλω	5
ταυτηριος	5
πυρίς	5
ἀπαράχυτος	5
εἰσμάσσω	5
μεγαλόστομος	5
ἔκτομος	5
κνιπότης	5
κύσσαρος	5
Ράχες	5
μαλάτ	5
παιδοποίησις	5
σινόμωρος	5
Πόργος	5
τρυχίον	5
Οἰδίπ	5
ὑποφρον	5
φώδες	5
ἀποσιτικός	5
ἄργος	5
ἐπιμυλίς	5
ξρια	5
Ἀγέρωχος	5
ψαλτήρ	5
Αἰχμή	5
Ἀμάρα	5
Ώπη	5
ἄψογος	5
Αὐλός	5
Αὐς	5
Γλαφυρόν	5
Σαπφ	5
ἀνιππασία	5
πανδόκος	5
δύσσοος	5
Ἐπίτιμος	5
Ἰφικρατίδες	5
κέντριον	5
Εὐναῖος	5
θερειτηταω	5
ἱλαρία	5
ισχνάδα	5
κάγχανος	5
Καλιάς	5
Κάππαρις	5
σφαλίζω	5
Πρόσυμνα	5
Μυστία	5
κλεοφοντω	5
Λοχίτης	5
Λέβης	5
Λιμός	5
Λύγος	5
Σάμνος	5
μέσμα	5
απρόσληπτος	5
Μίξας	5
Μέλις	5
Μύκης	5
ἀνατεταμένως	5
Σίθωνος	5
Περιστερά	5
Πολιά	5
προβαλιανθος	5
σπέσι	5
στροφαλίζω	5
Ταινία	5
τρίπυλον	5
τροπίδιον	5
ὑλιστήρ	5
βηλιδηω	5
ὑπέρδικος	5
Φελλεύς	5
ξίλα	5
ἀποφλαυρίζω	5
Φύλα	5
φραίνω	5
Χάλα	5
χιράς	5
ἀνεπίρρεκτος	5
Αἰγλήντα	5
Γέρα	5
λευχειμονώ	5
υπνηλός	5
κίνδαλος	5
ἀπόθραυσμα	5
ρνο	5
Σέμμα	5
Ὀμηρικώτερον	5
Ἀμφιδρόμια	5
ἀσπίρ	5
νωθρεύω	5
μεγαλοψυχέω	5
σκιραφεῖον	5
Καλλιγένεια	5
ελαφηβόλος	5
φαινόλις	5
Ἰνδικτιών	5
χλο	5
Θουκυδίδ	5
ἀπελέσθαι	5
Βήτης	5
νέστερος	5
Πακόις	5
Ἀκτίς	5
ἀλυκτέω	5
παρητικαι	5
ἀλευρότησις	5
ὕγης	5
συνηγέομαι	5
χύτης	5
ζωογονώ	5
ἀνδρεφόντης	5
ἄναυς	5
μονόμαχος	5
Αἴνα	5
ἀπομάργματα	5
επιρρηματικώς	5
ἄρχαμος	5
αργοφοντω	5
Σιγηρός	5
ἀρτίζω	5
Ἄστις	5
Ἀπλ	5
Ἄταλος	5
ἐπέντασις	5
γλώτ	5
Βέβαιος	5
Βίαιος	5
βραχείς	5
ὅπλιν	5
ἐξύω	5
Γρῖπος	5
ἀρχίατρος	5
βίπτω	5
δίπτειν	5
Ἀηλίοις	5
διαλύγιον	5
Χείμων	5
Εὔνη	5
ημικός	5
νυμφευτής	5
Ἑλλῶς	5
Ἐπόπτης	5
Σάτος	5
εὔσχιστος	5
αλλία	5
συνηποος	5
Λυκηγενής	5
Φάσσω	5
Ζέλος	5
αγαμιδηω	5
Ιώνη	5
ἀποσοβῶ	5
Σαῦμα	5
πρόθεμα	5
Ἡρῶ	5
ἰδάλιμος	5
ἰσχία	5
ἰφιμος	5
Κάθοδος	5
καρχ	5
ΕΚΠΑ	5
τυροποιός	5
μεταχρηστικῶς	5
κάρημα	5
πολυπτώς	5
καπύω	5
κλῶσις	5
Καύστριος	5
περιπνέω	5
δίψασπις	5
Θεσιά	5
κλύσις	5
εὐπρόδεκτος	5
κοχλάω	5
συγχοος	5
Κτῆσις	5
φλογέω	5
οὐροδόχος	5
ἀπηρισμένην	5
ἑλετός	5
λίσφος	5
λούτος	5
ὑποζυ	5
ἐπιδίδω	5
Μελίς	5
Μήτρα	5
ἐνδότατος	5
μυστήρ	5
νεόγονος	5
νοστοῦφι	5
ἐριβρεμέτης	5
καμπτή	5
ξριφος	5
Εργάς	5
Τούντου	5
παράγραπτος	5
προπαραξύντως	5
καταδαπανώ	5
ξυλουργός	5
Πολιοῦχος	5
πρασία	5
Ράβδος	5
καιουος	5
ἰτητικός	5
ὁδωρ	5
μουλουμην	5
Σιωπή	5
σμάραχος	5
Σμαραγδώ	5
στερθῶς	5
τάλαντο	5
Πάινας	5
τράφος	5
Τίσις	5
Ἡμερώ	5
τιτλάριον	5
ἀτειρός	5
Τλήμων	5
Τόσος	5
κιτών	5
Τυφρηστής	5
ὕδρευσις	5
ὑγροποιός	5
Φαβώνιος	5
φαρμακών	5
Φλέβα	5
Φλοίσβος	5
μονονυχη	5
φευεγω	5
ωμορετος	5
απομορετος	5
αγνοινεω	5
θαυμαστις	5
ὠρύω	5
στάξ	5
διχογνωμονέω	5
ἐξετ	5
πλίσσω	5
ἰγδίον	5
καταδέρω	5
φαρμάκιον	5
Σῆλυς	5
τόντες	5
ρακτῆρα	5
Ράχος	5
λέως	5
αλίπαστος	5
μάραιρον	5
ἰχνύς	5
κλητήρας	5
ΕΠΖ	5
ΗΖΕ	5
ΗΚΛ	5
ΑΓΔΕΒ	5
ΗΚΔ	5
ΖΔΓ	5
ΗΘΜ	5
ΖΚΘ	5
ΜΘΗ	5
ΗΚΒ	5
ΜΗΘ	5
ΕΗΔ	5
ΕΗΓ	5
πεντεκαιδεκάγωνον	5
ἀντιπεπονθέω	5
ΛΘΚ	5
ΖΛΗ	5
ΑΒΓΔΕΜ	5
ΖΗΘΝ	5
ΑΕΒΖΓΗΔΘ	5
ΘΟΕΠΖΡΗΣ	5
ΔΤΑΥΒΦΓΧ	5
ΒΚΤ	5
ΖΜΟ	5
ΥΡ	5
ΑΩ	5
ΕΩ	5
ΨυΘ	5
ΦΣ	5
Κυλίνδρου	5
ΚΜΛ	5
ΞΘΟΠ	5
Κλυν	5
σμιχραω	5
ἀστρολο	5
λειπ	5
περιφορέω	5
διεξέρ	5
γιγαντώδης	5
οἰσύϊνος	5
συεδρα	5
ἀπημπόλει	5
ἀθλοθετέω	5
Ἡφαίστειος	5
ἀλαοσκοπιή	5
εὐτόκιον	5
εμπόδισμα	5
παρεπιδείκνυμαι	5
γαιζεω	5
νόσφρι	5
θιβρός	5
τριάνωρ	5
καταβασκαίνω	5
Μολύκρεια	5
νεόκοπος	5
ὄρυμβος	5
Βάστας	5
Τελέσιππος	5
λαφυγμός	5
ασχουειντα	5
Σάμφ	5
παραπρεσβευτής	5
Μαριχῇ	5
Νώντα	5
διοίκημα	5
γυναικωδῶς	5
ἀπαιώνιστος	5
῞ᾅδης	5
θοίναμα	5
Εἰρήνα	5
ἀρταμέω	5
σφραγίζομαι	5
ἀπρόσειλος	5
διαρροή	5
γαληνίζω	5
διφρήλατος	5
Κυκλώπιος	5
ἀποβώμιος	5
ἱκτήρ	5
προνωπής	5
κακόνυμφος	5
στόμαργος	5
ἐνθνῄσκω	5
παντάλας	5
παράτροπος	5
χοροποιός	5
Αμέρ	5
τρίκρανος	5
παλίρρους	5
Ὅπλητες	5
μεθήκω	5
θυηπολέω	5
βουφορβός	5
πνοῦς	5
μέτρημα	5
ἀμφίβλημα	5
αἰνόγαμος	5
ὁμόγαμος	5
φοίβειος	5
ἀμάτωρ	5
φοινικόλοφος	5
ἐκλυτήριος	5
ἀγάμετος	5
ἐπίσημα	5
κροκόεις	5
ἐπινωμάω	5
ἐξαμιλλάομαι	5
ὑπνοδότειρα	5
βαρβαρόω	5
ἐκπαγλέομαι	5
διαδιφρεύω	5
Γεραιστία	5
ἀῶ	5
καλλίβωλος	5
ὀξύπους	5
συνερείδω	5
φιολαω	5
νεανιότης	5
Βήθ	5
ρκϛ	5
Οὐρβικίῳ	5
κατηχητικός	5
Θαρσήν	5
Μαγιᾶς	5
φιλιάζω	5
δυσπίστως	5
Σωβᾶ	5
ἔγκατον	5
Ἐνγαδδί	5
αυτοπροαιρω	5
ἀφηνιάω	5
σεσιωπημένως	5
ἀνεκφωνήτων	5
κτηνωδῶς	5
δίκρανος	5
αποθαυμαστιπως	5
διαβεβαίωσις	5
ελιά	5
περιπειρω	5
αἰῶμα	5
ἐξομόργνυμι	5
εβραϊκός	5
στιππύον	5
σωρήκ	5
Υδραγωγού	5
νοσσεύω	5
ἐπαοιδία	5
στειρόω	5
βιωφελῶς	5
ψύξ	5
προυπέχω	5
αὐτπῶν	5
Παυλιανός	5
αὐθεκούσιος	5
Δόριας	5
στρεβλωτήριον	5
καινουργός	5
ονομαστί	5
Τρίκης	5
Χοσέ	5
λυψεν	5
ἐξομο	5
δοξομανής	5
ἡπατοσκοπία	5
ἀκριβασμός	5
ἴτερον	5
υφαρπάζω	5
Δρέ	5
αρχιποιμένας	5
τκγ	5
ἐκτεύω	5
τιτίς	5
κατακληροδοτέω	5
υλδ	5
διδαακαλίας	5
Ἡρῳδιάς	5
ὀλοφυρτικός	5
ὠάτος	5
Ἔζρας	5
Ἰνσοῦ	5
φιρμιλιανω	5
Φιρμιλιανός	5
Δημητριανός	5
ξεσμός	5
λευτήσας	5
προαναγράφω	5
απουδη	5
Ἀρνών	5
Βάλανος	5
Βαράδ	5
Ἐχέλης	5
Τραχωνῖτις	5
Λωτάν	5
Μακηδά	5
Ῥουμά	5
Φασγά	5
Ἐνακίμ	5
Σαβεέ	5
Ἰόλα	5
μυθολογητέον	5
ποικιλτέον	5
πολυτερπής	5
ὀβριμόγυιος	5
βαρυηχής	5
γαλακτοποτέω	5
μελιστί	5
ἀφώρατος	5
φληναφώ	5
ἀξιόθεος	5
μεταγραφεύς	5
προσαφαιρέομαι	5
ἐπελαφρίζω	5
ἐμπαιδοτριβέομαι	5
Αβραάμης	5
Ἐζεκίηλος	5
ἀλλήναλλος	5
Μήμ	5
Μισφραγμούθωσις	5
περίλαμψις	5
παρακινητικός	5
σκυτοτομία	5
πάνσμικρος	5
ἀδικητέον	5
τεσσαρακονταέτιδος	5
ἐπανατρυγάω	5
ὑπερδικέω	5
καταθεατέον	5
ῥευστικός	5
δρόνος	5
Ἀμορ	5
Δεξίς	5
ἀθονίᾳ	5
Πάτας	5
σεβασμιόω	5
ἐγκατασκευάζω	5
δεκαετηρίδα	5
αναγωγικός	5
Πολυπάτωρ	5
σκηνικῶς	5
Μνήστρα	5
Γράδης	5
τριξός	5
Λίτου	5
Λιομῆδην	5
εὐρήμων	5
Κίλλας	5
Κίλλη	5
δίστοι	5
διαφόγγου	5
πρωτοτυπία	5
σκίπτρον	5
Κουρίδης	5
σμνόν	5
ἄμπαλος	5
βῶτις	5
κάκισινος	5
πατρονυμιπως	5
ἀναβαπτίζω	5
ἀναστάτωσις	5
ζημοῦν	5
ἐπιόρρημα	5
μηρίζω	5
Νίστωρ	5
νεάνιδα	5
Κέιν	5
εὐσύντακτος	5
προαναφωνητικῶς	5
Σκαία	5
ἡμῶσθαι	5
συνεκδέχομαι	5
γραμῆς	5
ἀκαταθύμιος	5
διγενής	5
ἀπαρισμόν	5
ποσιδων	5
φραδάω	5
ὄφρος	5
Ἁγνία	5
ευρυχοριον	5
χωμικόν	5
Σωσῆς	5
ἱαντῷ	5
προβούλιον	5
ἀστάχνας	5
πλειονασμός	5
θεοσιτος	5
ξοργα	5
ΡΑΦΩΛΙΑ	5
δέλαρ	5
χρίος	5
ἐθᾶδες	5
οιλοχυτος	5
ἄραφος	5
Κηρισσίδι	5
δίστεγος	5
μινυθεος	5
τυθόν	5
κριεννυω	5
Φώχου	5
διένεξη	5
Ὑπέρης	5
νωρ	5
Πετεοῦ	5
κρατίαν	5
Οἰχαλίηθεν	5
Βουπρασιεύς	5
Ἐγινάδες	5
Βώκαρος	5
Ὀλοσσῶν	5
Σμίνων	5
πολύπλανος	5
Κῦνυρος	5
Φανάροια	5
Κρωμνίτης	5
Ἀλαζία	5
Ἀσκάπιος	5
Μήσνες	5
ταυτίζω	5
Εὐφροβος	5
Μυχάλῃ	5
Λουίνσιος	5
ἄδεικτος	5
Λυκήν	5
τοσοῦνδε	5
αἴζος	5
προπαριημι	5
Κακοΐλιος	5
ἀλήνην	5
σμύννει	5
ἀλλόγνωτος	5
ἀνάκλιντρον	5
ἐπιφορίας	5
υπερβιαλεω	5
προφηθείᾳ	5
ανιστόρητος	5
ἀίδρει	5
ακουστός	5
ὁποῖφ	5
αὐτοσφαγής	5
χρήδεμον	5
λιολιπως	5
ὁμόμοχ	5
σμνυτερος	5
Λιονσίου	5
επιορημα	5
εὐνόητος	5
Ἀρειδαντος	5
παραλιγουω	5
περιφρά	5
νεογλόν	5
Ἀστυμέδουσα	5
τυδεύς	5
χορεννυεπομαι	5
ἐφαμαρτάνω	5
χορυφουος	5
ὀπηρικά	5
Απέρη	5
προσενθυμητέον	5
Ἡραίστοιο	5
δξύνει	5
Μάιρος	5
χρυσολάχανον	5
κύνδαλος	5
Ματή	5
ταχυπολος	5
επιφρηματιπως	5
Ἐριάλτης	5
ζόφωσις	5
συντομότατος	5
ἐπιπώλησις	5
χρόμιος	5
ἐνίλατα	5
χιαστός	5
ῥαμφιδίᾳ	5
βροντερός	5
Λίλον	5
φραισμαω	5
Ἀρετάων	5
καινοπρέπεια	5
Ἰαχος	5
μεθυπλήγος	5
ὁμόστεγος	5
χωμικός	5
γῆσις	5
τριγωνοειδῶς	5
ὑστεροχρονία	5
ἐξοχικῶς	5
γυνᾳ̈κος	5
πολυμίων	5
αἰῦρα	5
υποτρος	5
ὑπερδέω	5
ἄφρις	5
Φιᾶς	5
χορύνῃ	5
ἐμιλλεν	5
ἐπίπροικος	5
Αφανού	5
ἀπολωβάομαι	5
ιπποδοος	5
πράστης	5
σωφρομενω	5
Κίνδων	5
Ὑμπίλη	5
σωφῆν	5
ἠναγκασμένως	5
ἀναγραμματισμός	5
τουνειειμι	5
εθίζω	5
σκιζω	5
ἐπιδωρατίς	5
Ἀττικιστής	5
ἡοῖοι	5
λεπτόφλοιος	5
δορυμη	5
Κύμα	5
μαχρομεθη	5
δυσανάβατος	5
δόνηση	5
Θῆλν	5
ἀτίμωσις	5
κῖριον	5
ευδυαω	5
Εφές	5
βωτιπως	5
κρεωδόχος	5
πρωτολογέω	5
Λιόθεν	5
αἰῶρος	5
περιστεριδεύς	5
Κῦλις	5
πάνιος	5
ἀναπόμπιμος	5
θημῷ	5
γηναι	5
Αλούρη	5
Ἁτῆς	5
ἄλληχοῦ	5
έδρανο	5
Χίτος	5
ὑποῦλος	5
πάροιος	5
ἀλώη	5
συνετέω	5
τιμιόω	5
ἐγκαρπα	5
ἔμπαις	5
Μέγντα	5
φράναι	5
ἐπιχορεύω	5
αχυρώδης	5
ἐμηνείαν	5
συναντήμασι	5
προλαλέω	5
Λόλῳ	5
ἄτρος	5
ὁήματα	5
ἀποδαρθάνω	5
κιμάς	5
δύγρον	5
ζημοῖ	5
κονίστρα	5
Περκώπη	5
θωρακοζώνη	5
Ἀσαῖος	5
ὕπτι	5
αὐλωπός	5
Κίρα	5
κυριολοξίαν	5
προσβείαν	5
Πανσανία	5
ψογερός	5
Ευρυπίδου	5
λῦχον	5
Μύλακες	5
χροεννυω	5
μοχλέω	5
Δήσιος	5
πυχῆς	5
παραγναθίδα	5
Ἰππημολγῶν	5
Πίνδα	5
Ἀχαϊκός	5
καινοτροπία	5
προσιάομαι	5
μηριονος	5
Ἐφυρος	5
πλεοναζόντως	5
Κάβησα	5
Ὑψήνωρ	5
τραφάλειαν	5
κιοιμοι	5
αποστορευς	5
τετραβόλος	5
κύνταῦθα	5
ἀντερίζω	5
Παραιβάτης	5
σθων	5
Λίμνος	5
αἰστός	5
στιλπῶ	5
ἰσχω	5
ἐπαλαστέω	5
παραχρηστικῶς	5
αγυροος	5
φρόβῳ	5
ἐκφθίω	5
ὀστόω	5
ἴχουν	5
κώλωμα	5
ὑπηρεισμένου	5
ἀπηρής	5
ἄχατος	5
θρε	5
ονειδιστικός	5
μυών	5
υπακούω	5
φῶ	5
ἐξαναλύω	5
ἀσύνθητες	5
κατάκρης	5
ενδιαστιπως	5
μιειμι	5
ἠχθῆρε	5
πικναω	5
Καλλιάνασσα	5
Ὀλυμπόνδε	5
μάχμον	5
αριξεστος	5
ἀναστενάχω	5
τροκλων	5
μυθίζω	5
τλῆσις	5
Ἄχμων	5
ἔπαιτον	5
κεχρώ	5
διρθόγου	5
ταυγετης	5
ὑμῆαιος	5
γωγίας	5
ὑποθεωρέω	5
Μύρο	5
φοίας	5
Κυανή	5
Αυλακά	5
χιτωνίσχος	5
ἀρηφάτους	5
έθιμο	5
αναρτώ	5
εὐφρίαν	5
αἰένυπνος	5
παραδιδάσκω	5
λιοντιθεος	5
μονότονος	5
ἀποζάω	5
Λωδώνῃ	5
έλεγχος	5
βουωτος	5
κερδώος	5
μαιφορος	5
φιλοκαλέω	5
Τροίανδε	5
ἀπάλαλκε	5
ἀνάδεσις	5
νεκνία	5
Χίμα	5
ἐρημέδεται	5
ἀντανίσωσις	5
ὁμοκλητήρ	5
περιγί	5
δίσοχον	5
ῥῖμμα	5
παρατρέω	5
Σιχ	5
ἀλγίων	5
Ταπεινοῦς	5
τεσσαράβοιος	5
χρόταλον	5
σκῦ	5
ὕρμια	5
ἐχλισιν	5
κόντα	5
σύγγυγος	5
Πάσχου	5
ευσοπους	5
δευτερώνω	5
ἀσπίως	5
Βρι	5
αστρογαλος	5
γράμα	5
ἐσπίραν	5
ἀναλήματα	5
βάριον	5
ἀμβρο	5
γρασι	5
πλάστις	5
Μολοττός	5
ἀγελῶς	5
εὐλαπίην	5
λαῖτα	5
τελυος	5
Εφρους	5
συγκατακτάομαι	5
κδνή	5
σύμφο	5
στενοχω	5
ηλικιων	5
Γόλη	5
παραμίαν	5
Βίλη	5
Ἀνίττεται	5
Ναυτεύς	5
Ἀντινώ	5
Ἀλιθέρσης	5
Λειώκριτος	5
Ἀσκληπίων	5
Ἀχιλίς	5
εὐδιανός	5
Εὐπλοία	5
δασοος	5
Σκάων	5
ἐναρχος	5
χερίζω	5
οὐλοχέτας	5
ἰχθῆς	5
διστά	5
γμος	5
γονέας	5
χλανθμοῦ	5
τρωπιπως	5
παμμάχος	5
ἀνίγνω	5
στῦμα	5
χλεῖος	5
διαθόργου	5
εὐτῷ	5
βυς	5
μαιν(ι)άω	5
ἐπιχρώννυμι	5
πορνίας	5
ἀπαναντίας	5
Βωῶτης	5
σολημη	5
ἄνευρος	5
ῥοθιάζω	5
καταφύομαι	5
πτέριον	5
᾽Οτι	5
ζώστρα	5
Ασπούς	5
ἰνταῦθα	5
βσα	5
πολλοχῷ	5
ἡμῖρον	5
αλικυω	5
Τρίγος	5
θυματήρια	5
τραγμάτων	5
Χένων	5
αἰώματα	5
Χρήστο	5
λοις	5
Παρθάσιος	5
θοντ	5
ἱεροσκόπος	5
Σόφω	5
ἀπάζειν	5
σταρχον	5
ενυσος	5
Παλλήνιον	5
Κίχονες	5
λείος	5
κινταῦθα	5
μεσήλικας	5
Ἰσχυρίας	5
ἐξαμόω	5
φθογ	5
ἀντιξ	5
δρομάω	5
πρόρρημα	5
θεογνιος	5
αντιματη	5
θύλα	5
μίζα	5
ιπειροος	5
χνου	5
ἀκείας	5
παντηκοειντα	5
τριττία	5
Λίσος	5
ροξυτοναω	5
σμικρο	5
μεθόρτοι	5
Ἀθῖδα	5
προχνη	5
Ίκοντα	5
απαγορευτικός	5
Πλαγντάς	5
ὕστρια	5
ὕλαγμα	5
βροσχημα	5
ἀλίπεδον	5
Ρίκας	5
δρυπέπεις	5
μοιραίος	5
ασενιπως	5
διερέσσω	5
Ἴκας	5
Φρόνυχος	5
προσεπιτίθημι	5
εὐελκής	5
σχυτοτομεω	5
ἐρμηνεύσαντι	5
παραγραμματισμός	5
θυμάματα	5
Ρακάς	5
Ξενόδοχος	5
Ἐνδημία	5
ἰσόπτερος	5
αἰμύλη	5
ἀμφουδίς	5
ψεκτέον	5
ἀγυρτάζω	5
στοφανος	5
καλλοποιέω	5
καθ᾿ἀ	5
Χάριος	5
ἀνθρώπτον	5
οδυσσειακός	5
ἐπητανός	5
ἔκπτι	5
σθος	5
λιδυεγω	5
ἄρω	5
φιλοτιω	5
λαίρεα	5
Φίλοιτος	5
βλαίων	5
ἐνέζομαι	5
λάνα	5
περισς	5
μυχοίτατος	5
ἱρκείου	5
ἱχνύς	5
γοη	5
πεινέω	5
Νηρησίσι	5
ἡμασε	5
ὑπερσυντε	5
ἐπιτηδίου	5
ξύστρον	5
διείρομαι	5
κάχει	5
τριχιαυτος	5
ὑπολογή	5
αὐθόρμητος	5
επικός	5
Τιτανόπανες	5
αὐτόθεος	5
οντότητα	5
τάζων	5
διευθετέω	5
ἱστουργικός	5
μετέλευσις	5
Βόντας	5
νοεραω	5
πολυέραστος	5
Δόδας	5
ΧΜ	5
κατήκω	5
ΚΓΘ	5
ΡΞΓ	5
τϚ	5
ᾱροβ	5
βιϚ	5
πανευσεβής	5
μισινομαι	5
Φαῦστας	5
Ζωσιμά	5
Κάδμ	5
μνάσιον	5
γιτῶνα	5
υποεις	5
Μεταλλίων	5
Ψάφων	5
θάτερον	5
κέρσης	5
τάγιος	5
γρήματα	5
χαλπωτέραν	5
ἀγωνοθεσία	5
Καρχηδό	5
τώνιον	5
Ἰωλ	5
Στοικός	5
βωμολογιος	5
τρώπανον	5
καδειροος	5
πολίωμα	5
πολυμ	5
βλία	5
βουτ(τ)ίον	5
Γραμματικόν	5
τεχνηρίων	5
ἐπωνυ	5
ρκ᾽	5
μαλθακότητα	5
Τίμανδρος	5
ἐπικαμπή	5
Ἀρρύβας	5
Ἀνδρότιμος	5
Φραταφέρνης	5
ἰληδόν	5
Εύ̓δανεμος	5
Τάπουροι	5
Ἀσσακηνός	5
Ἀβισάρης	5
Σόγδοι	5
Γαδρωσοί	5
Καλλίνης	5
τωὐτοῦ	5
σύνναος	5
φιλήσιος	5
Πυξίτης	5
Ῥόη	5
Βῆρις	5
αὐλαῖος	5
παραπλευρίδια	5
ὑπερφαλαγγέω	5
Σιγγάρος	5
Σάξονες	5
ἄκαρτος	5
νάισκος	5
Κρῆναι	5
ἡνιοχικός	5
τιπηρ	5
βαθυγένειος	5
ἐξοικοδομέω	5
σιλλογράφος	5
προρρητέον	5
χάμος	5
Ἀραμαῖοι	5
Ἐφραίμος	5
ἔνδακρυς	5
παρακατακλίνω	5
Σαβή	5
Δαθάμης	5
Βάλαμος	5
ἀποτινύω	5
προσοδεύω	5
ἐνεχυριάζω	5
Δεβώρας	5
Γίσσα	5
Ἐφράμου	5
Σιλώ	5
Ἰωθάμης	5
Γυάλης	5
ναάμις	5
Βόαζος	5
Κεισαῖος	5
Γελβουέ	5
Ληουῖτις	5
Ἀμασᾶς	5
προσχώριος	5
Ὠσήου	5
Σεναχείριμος	5
Ἐσθήρα	5
Κενδεβαῖος	5
Ἀμαραῖος	5
Ἄδωρα	5
ἐξοδεύω	5
δαμασκηνή	5
Σέλλιος	5
ὑπεκκλέπτω	5
ἐνδόμησις	5
Φασαηλίς	5
ἀνέκπυστος	5
ψευδαλέξανδρος	5
Δρούσιλλα	5
σεςανυς	5
δουλοκρατία	5
Ποππαία	5
μισάδελφος	5
δυσκαθαίρετος	5
προσαμύνω	5
Γεννησάρ	5
Γάβαρα	5
Κερεάλιος	5
Σωσᾶς	5
ἐοθ	5
προσειδίων	5
προγυμνια	5
προγυεις	5
απαιδηω	5
προγυαμια	5
ἀντιφωνητής	5
ξενώνας	5
αγιαστατεω	5
δικαιοσιος	5
κουνβουκαλεω	5
πριμιχνηρίῳ	5
κουβικλίου	5
επιτροπή	5
άγουσα	5
τοξεύς	5
Σανίδας	5
καστηρίῳ	5
προομίων	5
οἰασδήποτε	5
προγυμναίας	5
ὅσδε	5
ἀνθυπατεία	5
μακαριστατος	5
Διανίων	5
ταμειακός	5
Οὐανδαλικός	5
ἐπιτράβω	5
Βείου	5
διαστατόω	5
ιερασυνεος	5
δεκάμοις	5
εὐαγέω	5
κατανάγκη	5
προσανάγω	5
αγνομοσυνιημι	5
ἐναυσιχίων	5
γαμιέμαι	5
πείρασμα	5
Ἰανουαρία	5
ημο	5
οἱσδήποτε	5
διότιπερ	5
Τότη	5
επίσκοπος	5
Νόνας	5
ἐπιτιθέω	5
ἀμός	5
αποκατα	5
οἷονδήποτε	5
εὐρεθεῖν	5
λικρης	5
τρακτεντῶν	5
ἀβλάβεια	5
ἀπηγο	5
πρόσκαι	5
κάλησις	5
τισεαυτου	5
ὅτιπε	5
ἀστρικός	5
βάλαρες	5
Ἀσφάλειος	5
Ἀποτρόπαιοι	5
Λεβηναῖον	5
ἀγχίθεος	5
Ἀνδροφάγοι	5
ἄνθιον	5
αὐτομαθῶς	5
Σῶσπις	5
Φύλακες	5
δεκατάλαντος	5
ἀρροσελήνου	5
ἀστερίτης	5
μονοήμερος	5
ἄρσενος	5
πυριμαχέω	5
Ῥάσκος	5
ἀποσειρόω	5
κέφρον	5
ρίνισμα	5
σαπουνίζω	5
σολδίο	5
γαλκομεις	5
χωνή	5
χρύσοπτα	5
κολλ	5
ἀντιπερισπάω	5
πεντέγραμμος	5
τρηματίζω	5
ὤμιλλα	5
κυκ	5
κυλλόω	5
φιλώνειος	5
ἀναβιβρώσκω	5
μεγαληγόρος	5
υλβ΄	5
ὑπερψύχω	5
ἀντεισακτέον	5
πραικόκκιον	5
ῥύημα	5
ζεόπυρον	5
ἐπιγειόκαυλος	5
κορακοειδής	5
διαπύημα	5
σύσπαστος	5
ἐκκοπεύς	5
διπύρηνος	5
ψαλιδοειδής	5
πενταπέτηλον	5
ἀθαμαντικός	5
προσεπεμβάλλω	5
ὀστρακόω	5
προλειόω	5
ἔκτρησις	5
Κλεόφαντος	5
Ἀφροδᾶς	5
Μάραθρος	5
σκορπιόδηκτος	5
καθεψάω	5
ἀπήθημα	5
ἐννεαφάρμακος	5
παρέγχυσις	5
κλονωδῶς	5
ἔκτηξις	5
ῥυσότης	5
κυματίζομαι	5
παραφόρως	5
Ἀρχεκράτης	5
Κήδμηϊος	5
Ἁτταλικός	5
δίχρωμος	5
συλλούομαι	5
ἰχθυοκόλλα	5
σκιρρωδής	5
Ἁρπόκρας	5
καταγνωστέον	5
ψύδραξ	5
Φιλαδελφεύς	5
καυστήριον	5
Κᾀν	5
χαλκανθώδης	5
Νιγρῖνος	5
ευαπορρυος	5
καταβροχή	5
διαφυλακτικός	5
ἐπίχρισμα	5
φέκλη	5
καταντλητέον	5
ἐπιχριστέον	5
σικυαστέον	5
συνεργητέον	5
προσπιέζω	5
Ἀνδρώνειος	5
ἀποδακρύω	5
Θεοδότιος	5
ἐπαλγέω	5
πιτυΐς	5
κατισχναίνω	5
φθισικεύομαι	5
καταπόσια	5
δυοβολιαῖος	5
Εὐγένειος	5
ἐκλειόω	5
Βιθυνή	5
πωρώδης	5
ἰβηρίς	5
καρδιαλγής	5
παρακμαστικός	5
ὑπόσπληνος	5
ἀποφήμͅνημι	5
συνουλόω	5
ῥᾳστωνέω	5
ἰδρώς	5
ἑπτακαιδεκαταῖος	5
περαντέον	5
ἐπιπιεσμός	5
διπηχυαῖος	5
ἄπτυστος	5
φυματίας	5
ῥέγχος	5
οκοθεινω	5
πυκνοπνεύματος	5
ξηρθράω	5
χαλαρότης	5
προσκαταδέω	5
πρᾳύς	5
περισκληρύνω	5
παραμηκέως	5
δυσιητότερος	5
ἑτεροκρανία	5
προδιασκέπτομαι	5
παρατυπωτικός	5
παρακυνάγχη	5
λειεντερικός	5
γηροκομικός	5
φοινιγμός	5
γράφιον	5
ἄπαγμα	5
σκεπαρνηδόν	5
φακωτός	5
Ἄλβουλα	5
διπλασίασις	5
μυρσινοειδῶς	5
ποσθία	5
σαρκοκήλη	5
συνανασπάω	5
Πυρρώνιος	5
πεφ́γω	5
κονδυλώδης	5
καταρροϊκός	5
παρεμπίμπλημι	5
Μαρτιανός	5
δυσκαμπής	5
προχειριστέον	5
συνεκκενόω	5
ὀῤῥωδέστερον	5
Περπερίνη	5
ἰσχνόω	5
ἀνατριπτέον	5
ἀσκαρίζω	5
κιρσοειδής	5
θορώδης	5
συνεκκαίω	5
ἐμψυκτικός	5
ὑπαγωγός	5
ὑπερῶος	5
διαλεπτύνω	5
σαντόνικος	5
Κόστος	5
Μανδραγόρας	5
Πάπυρος	5
ἡλιοσκόπος	5
περιπλύνω	5
τρυσμός	5
Λευκᾶς	5
ὑποστόρεσμα	5
ἀμφιβληστροειδής	5
ὀστέϊνος	5
κυκλώδης	5
ἀζυγής	5
φαρμακευτέον	5
διαβορβορύζω	5
ἐκπυητικός	5
ῥαχιαῖος	5
οὔρημα	5
πελιδνόομαι	5
ἀθαλπέως	5
προστεκμαίρομαι	5
διδακτήριον	5
ἐκτεκνόω	5
κενεαγγικός	5
ἁλικός	5
εὐέκβατος	5
κροκίς	5
φλυζάκιον	5
ἀντώθησις	5
ἀντικατατείνω	5
ἐγχρίπτω	5
καταρροπίη	5
κατάσεισις	5
κρεμασμός	5
περιφοράδην	5
ἀντικόντωσις	5
ἐκπύημα	5
πτερνοβάτης	5
απορρέει	5
καταγλυφή	5
ὁμόχροια	5
παλιγκοταίνω	5
ὀξυγλυκύς	5
κρανέα	5
σπαστέος	5
ἔκτρεψις	5
πάρεξις	5
συνεπεῖδον	5
ὑποπέπων	5
Δημαίνετος	5
εὐρυάναξ	5
Κωα̈κός	5
Διδύμαρχος	5
ἀνανέσσω	5
διαπνιγεύσκω	5
ὀρθοπνοικός	5
ὑποπεριψύχω	5
ὑπόπροσθεν	5
ὀπισθοχειμών	5
τεινεσμώδης	5
προσβλάπτω	5
κινηθαίνω	5
ἐπιπαροξύνω	5
πρῃής	5
ἰθύθριξ	5
ἐποιδέω	5
περιεστηκός	5
συστρεπτικός	5
περιωδυνάω	5
ὀρειτυπία	5
Πληνός	5
ἀπώμαστος	5
ἀτεχνέω	5
πόω	5
ἐπαυξής	5
ἐπισπασμός	5
ὀδύνω	5
αφάνταστος	5
σκληρυσμός	5
ἐπιῤῥιγώσαντα	5
ὑπόφοβος	5
ἄγλισχρος	5
ἀντιλο	5
ἔξοπτος	5
ἀμφίδεα	5
ἀρικύμων	5
βόλβιον	5
Θύμων	5
λίριον	5
ἀποσημειόομαι	5
λῆναι	5
Σαμαρείτιδα	5
κατακρύφω	5
Φρουμεντίῳ	5
Πρόπους	5
Κηρύκιος	5
ὑδροφαντικός	5
φεβρ	5
Άριον	5
Κινόν	5
ἀργιλ	5
Φούσκας	5
ἀπουλ	5
Φλορ	5
ὀστρ	5
γύρωσις	5
κόκ	5
καλλικαρπέω	5
σφένδαμος	5
ἐπιχα	5
ἐνριζα	5
Τάραντ	5
περσινός	5
Διδύμ	5
ἕφημα	5
κάλλιος	5
ὀξυκάνθης	5
θυμιάζω	5
σμύρ	5
ὄρδον	5
μετριος	5
ακμαίος	5
ὑποστρωτέον	5
κηρόν	5
διανύσσω	5
Τίλι	5
κατάγραπτος	5
σκαληκῶν	5
ἐνθετέον	5
γογγ	5
ἐμφυλλ	5
ἐμφυλ	5
ξιζάνια	5
παραμέ	5
καμωδιανόν	5
κολίανδρον	5
ὀνεία	5
ψυλλόβρωτος	5
ἀπόξεμα	5
ὀσώπου	5
σκορπίς	5
καταθέτω	5
άρδευση	5
πυορσέω	5
εἰλέω	5
ἐκθλι	5
περιστερός	5
στερεῶνος	5
ῥαχός	5
πεφρυγμ	5
Πολύανθος	5
προσκομιστέον	5
μνελ	5
αφρονιτρος	5
καταχριστέον	5
σκαλήχων	5
μακροτριχαω	5
Φῖδος	5
Βάκων	5
δελέαξε	5
Σκορπίων	5
Θαυμαστός	5
κατάχασιν	5
Κύμων	5
Καμμύτζης	5
κατείργνυμι	5
ἱεροτελεστία	5
Γάνου	5
βλεμμυδηω	5
Λιβαδάριον	5
ὑπερκάθημαι	5
ιεροτελεστία	5
στεφηφορία	5
απεργάζομαι	5
Στενίμαχος	5
φορολογούμενος	5
ἐγκαθείργω	5
ἀναρρύω	5
Κκαθ	5
Λάμις	5
Φιλιστιείμ	5
δρακοντόπους	5
Μωθσῆς	5
δεκάπληγος	5
σισαρα	5
Ρα	5
Ιωσαφάτ	5
Ὁζίου	5
ὀκταετής	5
ΑΕΤΑ	5
τετραετηρίδα	5
Κορέσθητι	5
Λίβερ	5
εφλς	5
ἀκαρτέω	5
επισείω	5
θεότεκνος	5
ἀχάρι	5
Εὐφράτας	5
ἐπόζω	5
ἐνθουσιαστής	5
πολεμόκλονος	5
ἐπίξανθος	5
Πανόνιος	5
ρύκ	5
κάτισχνος	5
καταλυμαίνω	5
ϟζ	5
Ὁμηρόκεντρον	5
φασματώδης	5
νέγρα	5
πτωθῆναι	5
αποσχιστής	5
Κλητορία	5
πινσός	5
φιλοκτίστης	5
ἐπαρχικός	5
νηστευτής	5
Σαρβαραζᾷ	5
ῥιπτέω	5
ζαβός	5
Σαρβαραζᾶ	5
μονοθέλητος	5
κφ	5
Ρθ	5
φαναγουρια	5
ζαγοριον	5
ῥινότμητος	5
μιλιαρίσιον	5
μονοφυσιος	5
βχ	5
Λαχανοδράκων	5
καταγγίζω	5
παράβακχος	5
παρρησιαειδω	5
βίβλος	5
κιννύρα	5
Ἀρσαβήρ	5
κατακενόω	5
ἀνδριστέον	5
ΚΥΑ	5
ὅββ	5
Χρυσᾶς	5
Θεοφιλίτζην	5
ἐξάνθρωπος	5
σκληραύχην	5
καταστρῴζω	5
Κουρκούαν	5
Κέλε	5
κλωβός	5
κβασιλειος	5
Μαρούλης	5
βασιλλς	5
Μαλελίας	5
μασιλαος	5
ποικιλοτρόπως	5
Πάντον	5
οθτω	5
σιτοβολών	5
τξιμισκω	5
προβιβασμός	5
βέστη	5
Οκόν	5
Κλειδί	5
Ξιφίας	5
ασιλαος	5
Ἀπολάφαρ	5
Καλαφάτου	5
Κηρουλάριος	5
τύγην	5
ιαυος	5
Κεγένην	5
σελτές	5
υιοθετώ	5
κυβίστηση	5
Βακ	5
μονώνυχος	5
Έκτορας	5
χησί	5
πλάτωσις	5
Πικίαντος	5
ὀπίσωθεν	5
ἴσοςυλλάβως	5
Ξέρσης	5
πατρωνυ	5
λάχησις	5
Μάσσης	5
συγκοπ	5
πρόσκ	5
Ἥρακλέεε	5
Καπφοῖν	5
βέλο	5
ῥινέω	5
Ἄχιλ	5
Οὑναί	5
τειρα	5
Κοχ	5
ουντ	5
χελιδόνεως	5
ἐνικ	5
ύλλαβα	5
Ἀλκμάνας	5
Ὑπερί	5
δξύ	5
Ποσειδῆς	5
Τίκο	5
Σαμφώ	5
Ἀνδρομέδῃ	5
Κόμεν	5
παρακειμ	5
ριδι	5
πλύ	5
Πέρου	5
σθῶν	5
χαμαίλεον	5
δημοσθενης	5
εὐγεω	5
μειωμένος	5
ῥστ	5
παραγγ	5
προγυμνόω	5
Κφη	5
Μαργαρίτου	5
τούφα	5
Κμετ	5
προσμονάριος	5
Συμβάτιον	5
Ῥεντακίου	5
πάντοων	5
ρασιλαος	5
πικρίδιον	5
ἀλίγοι	5
Τζηρίθων	5
Κουρτίκης	5
Μαρούλη	5
αεοειντα	5
Τζαντζής	5
τριμιθεος	5
Κμγ	5
νῥ	5
μονοκρατορία	5
Λογοθέτου	5
απεριέργως	5
ψμ	5
σφοδρότερος	5
Ἀσσύρ	5
αχμαζουω	5
Σιν	5
Χανααναίους	5
Μαραθ	5
ἐπία	5
ὑπερωμία	5
πτίοις	5
εκκενώνω	5
θηνῶν	5
αδιάγνωστος	5
Μαροδάχ	5
Μαχχαβαίων	5
Μενδήσιον	5
ἀχριδεῖαν	5
καταστρ	5
διαχονοος	5
ἀνάρετος	5
καταδράω	5
ἰσχυρόω	5
μειζοναω	5
Σάσας	5
λάμος	5
καθόπλισις	5
ἑκαίνος	5
Νίζζον	5
Αὐτίων	5
πύρταν	5
κοπρώνας	5
Εὐσέβης	5
ὀφσει	5
ἐξωρ	5
ἄγρη	5
μπροσθεν	5
προεισόδιον	5
Ανανί	5
Αρμένιος	5
Ἐζεκήλ	5
Θεόληπτος	5
Θεοδότος	5
Λάμης	5
Φακεσίας	5
Φαναγορία	5
Φρίζος	5
καλογραία	5
τελεταρχέω	5
Κίσιν	5
πανευλαβῶς	5
Τένες	5
ἀσιγήτως	5
ἀποδιαστέλλω	5
ἐπίμνησις	5
καταλύτης	5
σθία	5
φωτοφάνεια	5
εμψυχωμένος	5
ἀγγελοπρεπής	5
υιικός	5
τῦτα	5
γηλνων	5
νεοτελος	5
ταυτότητα	5
βντος	5
ἀολλέω	5
παρυπόστασις	5
οὐσιωνυμία	5
οβασιλαας	5
ὑπερινάω	5
ὑπεράγνωστον	5
πλασίαν	5
Λεπρέας	5
συνεχόμενος	5
ἀρχιθύτης	5
δισύπατος	5
ποιαλλω	5
πυνθα	5
βακτη	5
παιδιόθεν	5
πελοπονησος	5
αἰωνίζω	5
ἐκμελίζω	5
ἐριστός	5
απεκδυόμενος	5
Ξιφιλῖνον	5
φώσσων	5
Τερτερῆς	5
Τερτερῆ	5
κακόσιτος	5
κεφαλατίκιον	5
Νοταρά	5
χαμουχᾶς	5
ανδρουω	5
Ἴαγρος	5
Τζαμπλάκωνος	5
Αἰκατερίνη	5
αρμάτωμα	5
Θητταλῶν	5
διαζώστρα	5
ἀληθόδος	5
Ἀγαμ	5
λιχῶς	5
Λίσχινῃ	5
κεφαλαίωσις	5
διπλασιολογία	5
κληροδοτώ	5
ὡμί	5
γωδίας	5
θηναίους	5
ψαμμαχοθεος	5
συγκαταχράομαι	5
γμεθα	5
θρωποτητη	5
Παζ	5
Μάζα	5
ευλαδουμην	5
Ἄπαντ	5
ἀκροστιχίς	5
ῥυπέω	5
Σαίνων	5
Ἐχόπει	5
Βροτέας	5
ἀλγή	5
Χαναανίας	5
δυχον	5
σαοφρονέω	5
συζυγή	5
καταμάρπτω	5
ἀφάριστον	5
βανιδαις	5
βαραιθρης	5
ἐπικαυχάομαι	5
θάνος	5
πτερύγ	5
συντράπεζος	5
συνδιασκέπτομαι	5
τδ᾽	5
Ωδ	5
χρωμ	5
νητρεκῶς	5
Καλλίστα	5
παγκοίρανος	5
σταλάσσω	5
εὔτροπος	5
Σώπα	5
πτῆγμα	5
απαγωγή	5
Γεωργίας	5
ἑκατοντάχειρος	5
Μαρτία	5
συνάνειμι	5
ἀφρεται	5
Ἀριμαθαῖος	5
Φυλακτός	5
ΕΛΛΑΔΙΩ	5
ΡΗΓ	5
παρρησιασμαι	5
Σακερδῶτα	5
ζοσι	5
Θεοσεβίαν	5
δυνεατος	5
ευπολις	5
μεγαλοδυροος	5
μυκόομαι	5
κάνατεῦθεν	5
ἀπῶς	5
προσήγγρευσεν	5
Ἰλῶς	5
σιτομέτρης	5
Μεσίτου	5
ραιτέρω	5
χωμωδία	5
ὑπούλη	5
ἐργοδότης	5
ἀπληξίᾳ	5
ετοιμοος	5
ἀναπαυστέον	5
Χαναανᾶν	5
ἀνέκβατος	5
θεοκάπηλος	5
αντετειλαας	5
Ἁγιασθῶτω	5
χαρίνω	5
γυναιχοω	5
ἀμπῶτις	5
ἀφανία	5
προσῳγίαν	5
συνεφ	5
ἀχράστον	5
συγχρήματος	5
γηνίων	5
οφειος	5
υπερκειμενω	5
συννάθω	5
Ρούντες	5
κακοργία	5
κατωφε	5
επιδρώ	5
διαλυτής	5
ἀντίβλεψις	5
αιιημι	5
άυλος	5
ἀγεννητως	5
εἱμαρμένας	5
ἀλληλογονία	5
ἀποτίημι	5
Τώρος	5
δύλον	5
Χαναανιῶν	5
ὁμίχλος	5
φορίζω	5
λειφαινω	5
καθαρεύουσα	5
ἀντίχρυ	5
ἀπέρριττος	5
ἐπίμειξις	5
ἐξελω	5
Πιστόλη	5
καπό	5
ἀνέραςτος	5
δρόρον	5
εὐδιάθετος	5
προσιμάζεσθαι	5
φυγάδευσις	5
ἀπονίπτω	5
σαρφειροος	5
Τέτα	5
δεκαπλασιάζω	5
εἰσέρω	5
Πάϊρας	5
Νουμίς	5
σωφλείαν	5
παρόδιος	5
δοξολο	5
συναποβάλλω	5
βίπτεται	5
θελαῖς	5
ἐγκοσμίως	5
παραπάνω	5
δυσχληρίας	5
έριο	5
ἀπόστημι	5
νήστιμος	5
αἰβάνη	5
θεοπαραδιδωμι	5
εὐωνέω	5
Οδίν	5
Μεσσαλιανῶν	5
τώτερον	5
ακριβολογώ	5
Βιθύνιον	5
Αἰγινητικός	5
Πισσούθνης	5
Ἀττικιανός	5
ἑλεόθρεπτος	5
ἐπίβοιον	5
ΕΡΑΝΙΣΤΗΣ	5
Κοιρωνίδης	5
Περρίδαι	5
κομιστικός	5
Πραξίων	5
Πρωτοκρέων	5
Μαστιηνοί	5
Λάμητος	5
Λάκμος	5
Κρίσος	5
Χαλάστρη	5
Σάτραι	5
Γανδαρικός	5
Σίγη	5
δμωνυμαω	5
Μέδμασα	5
Φοινικοῦσσα	5
Χέμβις	5
Μάζυες	5
ἀνακνάπτω	5
ἐπιτραγῳδέω	5
ὑπεκκαίω	5
ἀπρόσμικτος	5
μέταυλος	5
καταιδέζω	5
προσαναιρέω	5
ἡμίπλεθρον	5
ἐπικλυσμός	5
Περσῖνα	5
ἐπινοητέον	5
Τράγασος	5
ἐπιφθεγματικός	5
μάσλης	5
φιλόλυρος	5
πενθημιμερος	5
σύμπτυκτος	5
νεβροχίτων	5
βαα	5
ββαβ	5
προκαταληκτικός	5
ἄκμα	5
εξημιωθεω	5
Ἀράχοντος	5
Τέμμα	5
πολλάκως	5
ἕρμος	5
λαιφαντος	5
Ἀρχαιολογ	5
ἐπιθάλπω	5
καλαθοειδῶς	5
εἰσπειράω	5
ἐγκυρέω	5
ἀτμεύω	5
ξμπαλιν	5
συμψέλιον	5
Κάνδρος	5
δ	5
τριστοιχος	5
μέγυ	5
Αἰθιο	5
κέβλη	5
βελονίς	5
ἀνήδομαι	5
ὑμιᾶς	5
γράα	5
μοκράτην	5
ἑτερορρεπής	5
ΜΗΤΡΟΤΙΜΗ	5
γραμματίζω	5
μεζον	5
Λεωμέδοντος	5
Κοριττοῦς	5
δαφνηφόρος	5
Λουκίλλα	5
Ἀτρηνός	5
θυμοειδῶς	5
Μαρτιάλιος	5
παλινδικία	5
Καπελλιανός	5
Κυαξάρας	5
χρηστήριον	5
Τιμήσιος	5
Τερμίλαι	5
Τέρμιλαι	5
κριοπρόσωπος	5
νευρόσπαστος	5
Ῥαμψίνιτος	5
καταμεθύσκω	5
Βουβαστίτης	5
Αἰάκης	5
φλόϊνος	5
ἐνδέκομαι	5
Νευροί	5
ὑπέξειμι	5
Οἰόλυκος	5
Ἀρταφρένης	5
παρεσκευάδατο	5
ἀποκορυφόω	5
ἐπαείρω	5
Παφλαγονικός	5
Ἀρταΰκτης	5
Τιμῶναξ	5
εὔνοος	5
ὑπέκκειμαι	5
Ἀρτεμισίη	5
Καλυνδεύς	5
Στενύκληρος	5
ναΐσκος	5
περόνιον	5
κάγωνος	5
Πῖνα	5
ομβοειδος	5
παραλληλοπλευρα	5
διοπτεία	5
απαρέγκλιτος	5
κυνόστομον	5
Λύχας	5
δωδεκαόργυιος	5
ἀμβλύγωνος	5
αψχη	5
φκθ	5
περίμετρον	5
μοιρογνωμόνιον	5
ξόλος	5
῾β	5
τετράσειρον	5
περιτρόχιον	5
σμήρισμα	5
ἐπεγχέω	5
θεμιστοπόλος	5
γύθεν	5
Πολυδύκῃ	5
Ἀναξιβία	5
Ήττος	5
Μολούρος	5
ἑπταπόδης	5
Ἠλέκτρη	5
περιιάχω	5
ἐπιστοναχίζω	5
Φιλυρίδης	5
τυμβοσύνη	5
Ἐρετριακός	5
ἄγανα	5
Αγελάστου	5
κάλυντρον	5
Αγκά	5
νεκύσια	5
Ἰνάχφ	5
ἄθηλος	5
ἀθρήματα	5
Πελοποννή	5
ἁλίφλοιος	5
ἀμενηνόω	5
ἀμιθρέω	5
σμώχω	5
ἀβάστακτος	5
ἄοπος	5
Τρωίλφ	5
ἀποπροσωπίζομαι	5
ἀπουρίζω	5
περίχρυσος	5
Σάμορνα	5
ἄσειρος	5
ἄτευκτος	5
ἀτρακτυλίς	5
αὐτοδικέω	5
ἀφράσμων	5
προβατώδης	5
βαννάται	5
βατραχίς	5
Βενδίδεια	5
Βούδιος	5
βρίμη	5
βριμός	5
βροῦνος	5
βρυλλιχαω	5
γάνος	5
γέλουτρον	5
δαβελός	5
δέατος	5
δεννάζω	5
σάος	5
διαμηρίζω	5
δίγονος	5
ἄπυγος	5
δρεπτός	5
δυσχιδώτερον	5
Κοισύρα	5
εἰσφθείρω	5
έλιγμα	5
Ἑλλωτίς	5
πέρμα	5
ἐνασελγαίνω	5
ενθυμώ	5
ἐπίθεος	5
ὑπηρ	5
ἐπίκρουμα	5
ἐπίσειστος	5
νυμοι	5
τοῦράνου	5
ἐρέικω	5
μεγαλοηχος	5
ῥικνόω	5
καλορρημοσύνη	5
εὐκέφαλος	5
εὔοδμος	5
ἐχεπευκής	5
ζβίχ	5
μεταβάτης	5
ἀλλότυπος	5
βάμ	5
Θήβανις	5
ἰχταρ	5
ἱμάντωσις	5
Ἱππᾶς	5
Ἰστριανός	5
ΚΑΚΚ	5
πλατύσημος	5
Καλλυντήρια	5
κάπος	5
πιλωτός	5
καστ	5
καταβόησις	5
κεντρότυπος	5
κηρίωμα	5
λιμψ̄	5
κοδομεύω	5
φόφος	5
κοραχινοος	5
Κορύς	5
προκόττα	5
κύπαλον	5
κωνοφόρος	5
λοχαῖος	5
Λυκόποδες	5
λωγάνιον	5
μεμφιμοιερος	5
ἐπικόπανον	5
κελιώτης	5
πολύυδρος	5
μαραντικός	5
μύρτινος	5
ἀγκυροβόλιον	5
νέβεστα	5
νιγλαρεύω	5
οἰνήρυσις	5
Δεινολόχος	5
ὀλοσπάδες	5
ὁμόπαις	5
βασίλη	5
ὀρσίπους	5
χιτώ	5
ὄχθοιβος	5
παλημάτιον	5
Ἄσωπος	5
Ἰεῦς	5
λαντό	5
ὑβριστοδίκαι	5
πλᾶτις	5
παμώχος	5
βάφιον	5
δάθεα	5
κάλτον	5
ταυρίνδα	5
Φέλη	5
ιπποτρος	5
συλλαβίζω	5
Χύτος	5
Φερεκρά	5
παραίρημα	5
πεπαρεῖν	5
πλάθανον	5
πολυθυσανος	5
ποστημόριον	5
έντιμος	5
προτόνιον	5
ῥαβάσσω	5
Ῥαιχός	5
ἰσχνολ	5
ῥαπίς	5
σαρκήρης	5
διάσφαγμα	5
σκανάω	5
σκαπέρδα	5
σχυταλας	5
σπανιότης	5
ἐριθ	5
στλεγγύς	5
πιθανολόγος	5
συχοφάντρια	5
ἀνίσχαλος	5
τετραντίας	5
Τραγ	5
τριολύμπιος	5
Τρίτα	5
τριτήμορον	5
ὑδρωπία	5
ληρός	5
υπονεμω	5
ὑψικέραυνος	5
χρημάτιον	5
φλυ	5
φυσιόων	5
Φύτιος	5
φώριος	5
κλυδάζομαι	5
λίγνον	5
ἐπιτυφόω	5
πτωχίζω	5
Αἰγόσθενα	5
Αὐγουστόπολις	5
σάλτο	5
γῶρον	5
τρίγα	5
κυκλίζω	5
πολυστέρφανός	5
Ὀμφαρίην	5
ὑπάτυρον	5
ἀσθενικός	5
Φιλήσιος	5
νωθός	5
οὐνεκέν	5
πεντόγκιον	5
Βακχᾶς	5
κήπειος	5
κόις	5
Τόκα	5
μύσσω	5
Μανέρωτα	5
βίπτασκε	5
προστάτιδα	5
Πανδία	5
ἀρματείῳ	5
ἀνεξεύρετος	5
Ἡράκλ	5
ὁδσαν	5
βυσμός	5
απογη	5
ἀπολαυστέον	5
ἐπίσαλος	5
ποτταῦτα	5
ταῦσδε	5
αυταυος	5
γαμετρία	5
ποοτω	5
ποοτηταω	5
τρισμάκαρος	5
Οκούν	5
Δαμίς	5
Δάμιον	5
διαμύριοι	5
χρητ	5
αθοειντα	5
Ὀθβαίων	5
ἰωνός	5
δίπλα	5
Φαβωρίων	5
ερμηνευοδοω	5
Ηρόδη	5
θισατρα	5
Πρωτεσίλῳ	5
ξυμβ	5
ἐκεῖσιν	5
διοχετεύω	5
Μύτων	5
Ἰσαίας	5
βέπει	5
Ἀβλαδίος	5
ραπευεν	5
τεκνέω	5
προπεμπτικός	5
Ἄσκων	5
Περᾶς	5
ὑτῶν	5
μελίρρυτος	5
σθίοις	5
ἀντικατα	5
Πτολεμαικός	5
Θέμ	5
κυννάμωμον	5
κομις	5
βλίου	5
σφέκλη	5
νυκτῆρων	5
Δίζης	5
Κασς	5
κολοκυντίς	5
φόριμος	5
πρωτόστακτον	5
Σταλ	5
βεττονική	5
φάβατος	5
στάλαγμα	5
κώτατα	5
μοτάριον	5
ἀφθάω	5
κνησμονή	5
ὀποπάνας	5
πνευμονία	5
οἰσώπου	5
Ἰρεως	5
σχορπιζεω	5
πολύποτος	5
συντρ	5
αναμιζευς	5
ωπινεος	5
υπορρους	5
εμπρόσθιος	5
στυπ	5
ἐκπιάζω	5
ὁσκις	5
ἐμπυόομαι	5
ὁλέθριον	5
διαμπερέως	5
εἰσφλάω	5
ὑπεκχωρητικός	5
προσθετέω	5
κατωτερικός	5
περισπογγίζω	5
Ἐπιτύχης	5
σπόγγιον	5
ἐσάζω	5
Τημένης	5
κληβς	5
καταπότης	5
ῥεγχώδης	5
ὑπότραυλος	5
ζοφοειδής	5
ποδανιπτήρ	5
ἀνῶσαι	5
ὅͅτινις	5
συνιδρύω	5
εμπλέκω	5
καταφλογίζω	5
ἐκτιλάω	5
φελμοῦν	5
διαυγέω	5
ἄρκη	5
Ἠλχασά	5
Καρποφόροι	5
ὑψίκρημνος	5
σαβάκτης	5
βαθύκληρος	5
κοναβίζω	5
Αὐγειαί	5
Κυπαρισσήεις	5
Ὀλοοσσών	5
Αἰσυήτης	5
καύστειρα	5
σιμοείσιος	5
καταμύσσω	5
εὔθρονος	5
Κρείων	5
εὐρύπυλος	5
νεηκής	5
Σάτνιος	5
νηπιάα	5
κολλήεις	5
τανύφλοιος	5
ἐπηπύω	5
κλοτοπεύω	5
ὅπλομαι	5
ἐπινεφρίδιος	5
ἀπαείρω	5
εἰνάτερες	5
ἀποσκίδναμαι	5
ἑλκυστάζω	5
φυκιόεις	5
προπρηνής	5
Ἰθάκηνδε	5
Πεισήνωρ	5
μετεῖπον	5
Ζεφυρίη	5
Ἐχένηος	5
Εὐρυμίδης	5
δαίτηθεν	5
ἰχθυάω	5
οἰκωφελία	5
παραυδάω	5
βρότεος	5
θηητήρ	5
Ὡραπόλλων	5
χέρσονδε	5
Τελφοῦσα	5
ὑψιμέλαθρος	5
δικαςταί	5
καθμία	5
ἀπέρασις	5
Έστεν	5
ἀνεπιστρεπτί	5
Πρῶρος	5
Κλεόφρων	5
Εὐάνωρ	5
Κρατησίκλεια	5
ισότητα	5
ἐφοδευτέον	5
ἀρτιοταγής	5
συγκεφαλαίωμα	5
διανεμητέον	5
προωρ́γισμαι	5
λαθροδήκτης	5
δύναμν	5
ἀγλατῶν	5
Κυρωνίδης	5
Θεοφῶν	5
ζάγρος	5
σύκ	5
Ἁθύρ	5
ΔΑΔΑΟ	5
δοτρειω	5
ἱτ	5
ΚΑΛΛΙΚΤΗΡΟΣ	5
᾿ταῖρε	5
ξίνον	5
Ἀνδροθέα	5
Αρέθα	5
θεογιγνωσκω	5
ὀπλ	5
Ἐνθἀδ	5
Πίστη	5
φαεδοειντα	5
σεμνοπρεπής	5
λωφέω	5
ἀνακοινέω	5
τιθηρ	5
τιμοχλεος	5
Ὕπατος	5
Πλαυτίλλαν	5
Γαλλιηνός	5
κηδίας	5
Ὀνωρίαν	5
τροκουνδος	5
Χέρρεως	5
Μετέωρο	5
καλώνυμος	5
γύτης	5
καθυποδείκνυμι	5
ἑαιλ	5
τῆ	5
ἐπισπαίρω	5
χρησιμότης	5
βαρβός	5
ἐκπασιν	5
βεθυεις	5
χρηστοσύνη	5
ἐναῦθα	5
φῖλος	5
Ἀποστείλατε	5
γευνεος	5
σίμη	5
έξοδο	5
κολασία	5
Ὦστι	5
ονοεις	5
αποφεύγω	5
παιγίδος	5
πένθησις	5
εύχομαι	5
Μενής	5
συμμο	5
Ὑστερ	5
κλιθανατος	5
Επιφάνια	5
δηπρα	5
δοκιμόν	5
Οὐβαλ	5
εμβάλλω	5
μαστιγέω	5
παραινέτης	5
προσδοχατος	5
λῦθος	5
δυσωσιας	5
εὐθαρ	5
γαγγυος	5
Καλλή	5
πηδεμονίας	5
ὀδρεως	5
ὡρίμως	5
παραψάω	5
ἀσελεῖς	5
προτηρέω	5
ένοικος	5
ὀχάτῃ	5
κληροδομος	5
ὀργάνιον	5
ἐδυσχράνεν	5
μαγιιστημι	5
κρεβάτατόν	5
βύλα	5
ἐτέρουθεν	5
τριχίλιοι	5
προσαίνω	5
πενιχτῶν	5
διαψιλια	5
ὀθλῶν	5
οικιος	5
ευχαιρω	5
Ἱερουσύνη	5
ποτηριά	5
μεταφέ	5
ιταμοτητη	5
ῥαθυμόω	5
ἁδία	5
πραεῖριον	5
εἰσήκω	5
κυμμάτων	5
οὐρανοπολίτης	5
ἀρβονίαν	5
πικτευεν	5
δαύς	5
εἰσλδεῖν	5
Δέσιος	5
ἐπισῴζω	5
τιναγμός	5
ἀκονέω	5
ευτελέστερος	5
Ποτηρά	5
θυιαστήριον	5
ἄλληγοι	5
ὀλιγίν	5
φιλέ	5
σιμνοος	5
λοιπάς	5
Σφόδρος	5
παμπό	5
Αράχης	5
τειχομάχης	5
εὐλόγησις	5
μονοῦχῳ	5
βραβ	5
χώρακα	5
κιλό	5
πειθοκορυς	5
Ἐπαφρόδ	5
φιλοανθρωπιαω	5
Ἐνδο	5
Σώρου	5
μάλιστον	5
ὅσωρ	5
ἄρπατον	5
Ἀραβισσοῦ	5
Καστάβαλα	5
Υπίων	5
Τίγριον	5
δωρελείας	5
ἀπῶρυξ	5
κρεῖσς	5
σᾶμα	5
ἀποσυνάγω	5
μετακλίνω	5
φράττω	5
λαμός	5
ἀχάλαστος	5
ΡΙΓ΄	5
λίθιο	5
ξυλοκοπέω	5
Σαῦλ	5
ψάδει	5
ἐπισκεπάζω	5
κυνομύα	5
απροστάτευτος	5
Εὐπρόσδεκτος	5
νηπτικός	5
παρανομώ	5
χαυών	5
οαινεος	5
ἑδούλετο	5
κάρπωση	5
ραπείας	5
Σαών	5
χνισαω	5
Ἐτά	5
Ἐροβήθησαν	5
παρρησιάζω	5
ευδοιος	5
ὁμνύντι	5
καταμήνυσις	5
παρατεταγμένος	5
ἵππερος	5
ἐθουλοντο	5
Καθάρτερ	5
προεύχομαι	5
σέστα	5
ἀποχθίζω	5
ἀνεύθετος	5
Ἐλισάβει	5
ἐπιγαμβρία	5
ἀγωνιῶ	5
μονομαχεῖον	5
χορωδία	5
δαινοια	5
αρμοτεω	5
κοινωτής	5
τογιουτα	5
καταινέω	5
ὑδατῶ	5
Ὕσαρράτᾶ	5
μεσαουω	5
εμπαίζω	5
αρταδας	5
Κανή	5
Φέροωρ	5
ἐγώμια	5
παρακλησία	5
καλύσεως	5
δρυον	5
τίκνα	5
στητός	5
μενού	5
τουνεκας	5
αλῶμ	5
εκουω	5
λῴμῳ	5
φυσόω	5
αφοπλίζω	5
Κόλακ	5
ἀνεπαθέστερον	5
Σκά	5
Ἔνδικος	5
προδίδω	5
Κυλίας	5
δφει	5
οὐκία	5
αναλισχω	5
χνυσιν	5
προοιεις	5
ἕδλα	5
τάλατα	5
ὀπέρ	5
φθογγάζομαι	5
παγός	5
Τούσας	5
σκλήγγρα	5
απερίσκεπτος	5
προκαταρτίζω	5
Ἐμμελεν	5
πενυος	5
ασφράγιστος	5
ἄρβαβῶνα	5
μιουργοῦ	5
θυμαμάτων	5
ψωχοδηω	5
ισοθειος	5
Πληθυνθῶν	5
Ἐσκιρτάρατος	5
προφάνεια	5
ὁδεία	5
εἰρητής	5
οδοναω	5
Ἐξένηγε	5
Ισραέλ	5
Ἐγέγετο	5
Αδραμ	5
σαράι	5
χορῳδία	5
ἀθενείᾳ	5
ἀρχιδεσμοφύλαξ	5
Πλανά	5
επολησερ	5
ζηλῶς	5
Άντης	5
συνναίω	5
βάρθρου	5
Καπή	5
λῆπρα	5
Ἰεσοῦλ	5
τολίν	5
προφητειος	5
Καδέ	5
καταδαίω	5
ἀχριθέστερον	5
ὑποθύω	5
ὑποπτύω	5
διαφιλῶς	5
Θρηνησώμεν	5
ἐπτω	5
ἐχειρο	5
φρί	5
Σοδομων	5
δικλείας	5
ἐκτυπέω	5
χωφ	5
Μεσαρῖμ	5
χαλκιάς	5
ἄρομα	5
ἀνομάζομεν	5
Φιλογονίου	5
βαμά	5
ἀχολ	5
Παρανός	5
καλοποιέω	5
Σαράκ	5
πλαστούργημα	5
Βαρβατίων	5
σκορακιστέον	5
ἀσυνδύαστος	5
Δόσις	5
Σάρεπτα	5
απαρρησίαστος	5
δαβιτικεω	5
εὐμοιρέω	5
παρενοχλώ	5
Τελέσας	5
αὐτάναξ	5
δυσμόθεν	5
Λεοντίνη	5
κεφαλαγίαν	5
ἐπιμύθιος	5
φανλοτερας	5
θημοτοκλεις	5
στικοιξ	5
ΚΕΦΛΑ	5
διτι	5
Σμαράγδος	5
πανίλαος	5
Εὔστρατος	5
κατηύνασε	5
σεμνογαμία	5
σέπτεμ	5
ξφορον	5
Μέσσαπος	5
ζυγάδην	5
ἑπταχῇ	5
ἴχνυ	5
Κιμμερία	5
πιάδος	5
τήθω	5
Θελξιεπεία	5
ἐπισημειωτέον	5
Πάτα	5
ασύναπτος	5
ἐγκαταμένω	5
εὐχίνητος	5
ανακλώ	5
σφέκλον	5
ἡλιόομαι	5
προσευπορέω	5
κεντρικώς	5
τειχεῖον	5
συναπειλημμένου	5
ἀπειροπλασίων	5
διακρίνουσα	5
κεκαθάριυμι	5
ἀναδιπλόω	5
ἑαντοῖς	5
πουτέστιν	5
θότος	5
Μαλάχια	5
μολίβδαινα	5
μεθυπάρχω	5
κάναβος	5
ἀντασπάζομαι	5
Ἑξακιόνιον	5
Φοιβάμμωνος	5
Χερόφηνσον	5
κτύλῳ	5
Ἄρπαλος	5
συγγιαν	5
ιλαροος	5
σθον	5
Μιμιαμβῶν	5
θεόβουλος	5
ισυχιος	5
μελιχ	5
μαιις	5
Φοίξω	5
υριπιδηω	5
εἱμαρ	5
κοάω	5
ευωτις	5
αλληλοκτόνος	5
τόπαν	5
ἀναποδόω	5
σκάνεα	5
σύμμειξις	5
κινάσιός	5
μετανάστατος	5
Οὐλυμπόνδ	5
σχισμός	5
Αμφιφάη	5
ἀμφίασμα	5
ευχινεος	5
ἔκονσίως	5
εξαπατώ	5
προείκω	5
Κρατίλου	5
ἡνίξ	5
ὑδρηχόος	5
υβριστής	5
δυσέκφευκτος	5
φαβουρις	5
δοξοκοπους	5
μεσημβριάζω	5
ἔγχωρος	5
θουριακεω	5
συγγυμναστής	5
καχύποπτος	5
συνεξανίστημι	5
Νικομαχίδης	5
Ἀντιγενίδας	5
ἀγκιστρευτικός	5
τριοδοντία	5
Συναριστώσας	5
τεκμ	5
συμφύλαξ	5
ζηλοτυ	5
κύνουρα	5
νυκτοπορία	5
ὀλιγαριστία	5
ἀπίρηνος	5
ἐγχειρητικός	5
ὀρίγνω	5
Καλανρῶν	5
Ἠλεκτρώωνος	5
Καϊκός	5
ῥμα	5
δισύλλ	5
Ἄρπαλον	5
πεντάβιβλος	5
καταίσσω	5
Φιλής	5
ολζ	5
Επτάλοφος	5
Αἰόλη	5
Ζέλφας	5
ὀπισθοφάλακρος	5
πυρπολούμαι	5
μηχανουργία	5
Φαιώ	5
Βαβρίας	5
σακελιστήριον	5
Σώτων	5
Γαρέλλαν	5
βοησιλαας	5
χορταιος	5
ἰβάνη	5
μαγκάνι	5
Χρέλῃ	5
διαμπολις	5
καλόθετος	5
ἐνήδομαι	5
Βαλάγριτα	5
θωμοκαστρον	5
ἀποκτίννυμαι	5
συνασχημονέω	5
Συργής	5
Βατοπέδι	5
Ἀξειός	5
Ἀμούρ	5
Παρασπόνδυλος	5
Φακεωλάτου	5
ἀντεπεξάγω	5
βοιχναι	5
Δεινῆς	5
αικουω	5
Βαρδάνη	5
Βρίγγαν	5
Ῥουσέλιον	5
εξυμνώ	5
προσαπονίζω	5
ασιλαας	5
Φαυστοῦλος	5
ἄνωθα	5
Γίσγωνος	5
αὐτοέντης	5
ωμαίους	5
απτοήτως	5
ἀντεισῆκτο	5
ἀργυρίζομαι	5
βαρωνιανω	5
εὐστεφής	5
ξανδρείας	5
προσησχόλητο	5
Κροῦμον	5
διαιτητήριον	5
σουλδάνος	5
Δολιάνος	5
Εὐπρεπία	5
Βασιλάκης	5
δοκαιω	5
Φιλογένης	5
αικαιω	5
Γρήγορος	5
ζωλν	5
Παλῆς	5
ἀά	5
ἄνβρωπος	5
Κωνσταντίν	5
ἀπαυθαδιάζομαι	5
ἐγκαρδιόω	5
βδελυ	5
ξιφοφόρος	5
Θεοφιλίσκος	5
Σκελίαν	5
ὀκταχῶς	5
ξρημος	5
Ἀβεντῖνον	5
Καρβίλιος	5
πρόφαντις	5
φοιβόληπτος	5
ἀρτιμελής	5
ἄσκωμα	5
εὐκαθαίρετος	5
κημόω	5
φριμαγμός	5
Οὐλόκομος	5
ἀκειρεκόμης	5
ἀκρωλένιον	5
νωτοπλήξ	5
μισόπαις	5
ὁμόσιτος	5
μεσοκρινής	5
παλιντράπελος	5
ὁμοιωτικός	5
συνηγορικός	5
Τύρταιος	5
περίκομος	5
Ἑρμώνιος	5
ἀπομάκτρα	5
κυνοδρομέω	5
Τευμησσία	5
ἄγρωσσα	5
ὀλιγόφρων	5
σιφωνίζω	5
ὀψοποιικός	5
σκυτοδέψης	5
λυσίζωνος	5
κανδύτανες	5
βολεών	5
ἀργυραμοιβικός	5
ληκυθίζω	5
διάσειστος	5
Φαληρόν	5
σιτοβόλιον	5
Ἀχιλλείδης	5
ὑπονέμομαι	5
πηνήκη	5
παραβιβάζω	5
ἐθελοκωφέω	5
Τηλέτορον	5
Ἡλιδιάζω	5
Πραξήλος	5
Πάξηλος	5
ορθογρουλη	5
ορθογρουλαος	5
οτουμανος	5
χαλιλαος	5
Ζάρκου	5
χαρατινεος	5
κοσοβεω	5
μπουδη	5
μυερδω	5
Ἰανυΐοις	5
Προβεντίας	5
Τεμήρῃ	5
χαιδερω	5
Μυρζίην	5
Ὀμάρη	5
Χεσίην	5
Χεσίης	5
Ντόρια	5
Ἰσμαήλην	5
Ἄρτην	5
Ἀρδέλιον	5
δρακουλη	5
γρανάτης	5
Χασίμης	5
καρδινάλιος	5
κρουη	5
Σκενδέρην	5
Ζαγάνου	5
Ἰσμαήλεω	5
Ἰσμαήλης	5
Καλοκύρην	5
απερικτυπεω	5
Φισῶν	5
Μίτα	5
εξαποστειλάριο	5
ϟς	5
Κρε	5
Υπέρτιμος	5
Δἰγύπτου	5
σοκ	5
Κσεσθαι	5
φλτρου	5
βψεται	5
λαλς	5
ουαια	5
Ἰννοκέντιον	5
λωβάω	5
κούκουρον	5
κάος	5
παραταγή	5
πλαγιοφύλακας	5
νωτοφυλακέω	5
δπλων	5
ὀαδίως	5
Κασάς	5
Ἄθις	5
τιάδης	5
γέλλειν	5
ἀπημελέω	5
τευομενος	5
Νίθων	5
οἰχο	5
σκους	5
καλλωπί	5
ὑποκνίζω	5
εὐφραί	5
τηδείων	5
ἐξειρ	5
προσαιρέω	5
συνοργίζομαι	5
διαγρά	5
Κρανώνιος	5
φοντί	5
Μητέριος	5
ϥ΄	5
Φασγανίος	5
Σέβων	5
Καλλιόπιος	5
Ἀμμιανός	5
τεκμαί	5
Φουρτουνατιανῷ	5
Ασχόλιος	5
εἰσπρατ	5
Κόκκου	5
Κλυταιμνή	5
κρυπτό	5
ταίνυν	5
ἀφίκω	5
Εἰρήνηι	5
κυτάτι	5
λιμνάς	5
Τερεντιανός	5
συνεμβαίνω	5
ἀδιανέμητος	5
γυμνήτης	5
ὑπέρηδυς	5
Θεσμόπολις	5
Εὔκριτος	5
Μουσάριον	5
προσπαρακαλέω	5
Ἀτέας	5
Ἀλεξικλῆς	5
Ἀδύρμαχος	5
Απτ	5
φορύνω	5
ἀμφιδήριτος	5
διόνυξος	5
τρυγυτήρ	5
γινωμ	5
ἐπιτομικός	5
ψαλάσσω	5
ἐνναία	5
λαβράζω	5
ἀγάστωρ	5
Πακτώλιος	5
πρωτόσφακτος	5
ἱπποτέκτων	5
Ἀργυρῖνοι	5
Μήδας	5
ἰσήριθμος	5
ἐξαφαιρέω	5
φαιακις	5
ἀρέθω	5
ἐφθημμερεῖ	5
Αρένος	5
Σκοπάδαι	5
οὐλομόλυβδος	5
ἄλκα	5
θάφρος	5
Σκυθάριον	5
Σκιάθος	5
Ἄλέρα	5
λιδιδωμι	5
Νηλήϊος	5
Σαβινιανῷ	5
ἀπαμέρδω	5
ἀεθλατήρ	5
κολασμός	5
συγκαταμείγνυμι	5
ἐπιλά	5
Ρώνη	5
Πίσση	5
ἵκταρ	5
βυτέρους	5
οὐντων	5
Λεονή	5
ἄσυν	5
πάνταλον	5
Ταινάριος	5
τίπον	5
ὅλλ	5
Στολ	5
ἀπν	5
Φρα	5
τασχεῖν	5
Φακιάς	5
κωπ	5
Δίμων	5
ρακλεῖ	5
ἄχιστρον	5
ἐπτ	5
σάρων	5
οητοροος	5
Γεράδας	5
Τέρεβινθος	5
Λέρνος	5
ὐδρος	5
θαλαττ	5
Ἡφαιστος	5
Αἰζωνεύς	5
ψευδόπτωμα	5
Περιχλύμενος	5
ἐπιόπτης	5
φθειρίζω	5
Ἀπέλλιδος	5
Καλώνδαν	5
δικηγόρος	5
απόκριμα	5
Εὐνείκη	5
Στησιχόρειος	5
τραγί	5
Τιμησίθεος	5
ὀκτάμετρος	5
Εὐξενίδης	5
ἀλκίβιος	5
Θρασυκλέης	5
ὦβος	5
Γάλλας	5
Τριβουνιανός	5
Τέργεστρον	5
Ψύλλης	5
Χαδίσιον	5
Παλαισιμούνδος	5
Τίγγεως	5
Θῖναι	5
Ἀσαβοί	5
Βαγράδας	5
μουσαρνος	5
Λουγδουνησίαν	5
πρεττανικαι	5
Βάλσα	5
Μόνδα	5
ουιδροω	5
αρ΄	5
ουιαειδω	5
Σαρματικός	5
ειρημένος	5
λομένῳ	5
ἀπαρακολούθητος	5
Μάρνας	5
Ἀμαντίῳ	5
σιλευσω	5
ΗΗΗΗ	5
Καμαριώτου	5
χειρουρ	5
Ἀστραίη	5
ριιστημι	5
παραπροσεβείας	5
Τιμαρχου	5
διωρυχή	5
ἄκμητος	5
ἑκουσιότης	5
κωρυνηιος	5
ραψιζομενω	5
Ἱμνιδι	5
Ῥμινίι	5
παρουεις	5
κρῖδς	5
Ευεπής	5
Σουάνοις	5
παραφεύγω	5
διζαβουλας	5
Βαϊανού	5
ταργισος	5
Τούρξανθος	5
Κωχ	5
Αζάς	5
τραγοσκελής	5
σοίνυν	5
ατδιοτητη	5
Χρυσοῤῥήμονι	5
σλν	5
ὧστερον	5
χρυσοῤῥήμονος	5
Κγέγονεν	5
εξορύσσω	5
λόΚγον	5
κφυτις	5
ματήρ	5
λελές	5
λασιόκωφος	5
ρεθ	5
θεουργέω	5
σμικρομερής	5
Ἀρειοπαγίτης	5
συναύγεια	5
θδωρ	5
λονοος	5
Αα	5
Αἴθριος	5
Ἀτίαν	5
μοιός	5
ἀνατατικός	5
μαραιθρης	5
ναστότης	5
ἀναπήδησις	5
Εὐφήμη	5
Ἀλκιμάχης	5
Βαρκαῖος	5
Αγνιάς	5
Ἄωρι	5
ἄσφα	5
γαργα	5
άχαρος	5
δίφραξ	5
βαυκαλάω	5
Γρῖφος	5
θηλάστρια	5
κέκραγμα	5
κνέφαλον	5
ἐχλημα	5
Δημνίας	5
παρωκισαμη	5
ἀγελαιοκομικός	5
σπέλεθος	5
παροίγνυμι	5
στατεύω	5
τῖφος	5
ὑϊδοῦς	5
ψαθάλλω	5
σειραῖος	5
υποχοριζω	5
εἰλικτός	5
σπεκουλάτωρ	5
ανώνυμος	5
ἀνταπολαμβάνω	5
μετανέομαι	5
Ἀντιόφημος	5
βροχωτός	5
ἀνιγρός	5
ἀμμίγδην	5
ὄραμνος	5
μετρηδόν	5
σπέραδος	5
ἰάμνους	5
ἰσοελκής	5
ψαίρω	5
δάχμα	5
ὀξυκάρηνος	5
ὑδατόω	5
Ζηρύνθιον	5
μάλκη	5
Λανάνην	5
συναμάω	5
ὑπόψηφος	5
Ουρσίκιος	5
Ρίστο	5
ἐμπλεονάζω	5
ἀποτελεσματικός	5
Ἀρειανίζω	5
Ἀγκυρανός	5
βρετανιαναξ	5
Ἑκηβόλιος	5
Σαρότ	5
ιερωμένος	5
Βάρσου	5
ααυος	5
Σαράπιον	5
προστριβόμενος	5
σαββατιανός	5
ομοθυμαδόν	5
Λαγώδιος	5
μαρουθαω	5
Δολόϊκος	5
Ερίκος	5
αναπόσπαστος	5
επιβοσκω	5
Τουρκόπουλοι	5
μομιτιλλω	5
Παλαμίτης	5
μετουσιόω	5
κομπηρός	5
ὑποδρηστήρ	5
ευπαρρησιαστος	5
Κορράδος	5
ἐπαναλύω	5
μνῆστρα	5
βωμολόχευμα	5
σταθμητός	5
τρίψυχος	5
ἐρωτόληπτος	5
έλιξη	5
μακροδοαμβυξ	5
ὀπισθοφυλακέω	5
Κορράδον	5
διαπλωΐζω	5
ἀνεπεγκλήτως	5
ἀκέραστος	5
ἀπόκτησις	5
διαμηχανάομαι	5
Ρουκνατῖνος	5
Κφῶς	5
Τόρρηβος	5
Βερενικεύς	5
ἡσυχαστέον	5
ΠΡΟΓΓΥΝΑΣΜΑΤΑ	5
πολλαπλασιεπιμερής	5
παροργία	5
δίθροος	5
ἀλλοφανής	5
βαρυσμάραγος	5
ὁμοπλεκής	5
ποιμένιος	5
τερψίνοος	5
ἐγερσίμοθος	5
ἀπειλήτειρα	5
Τυφαόνιος	5
χαραδραῖος	5
ὀπιπευτήρ	5
θιασώδης	5
ὀπισθοπόρος	5
αὐτοβόητος	5
βραδυπειθής	5
βιοσσόος	5
αὐτολόχευτος	5
κυνοσπάς	5
ἁλίτροφος	5
ἑτερόθροος	5
ὀμφήεις	5
Γονόεσσα	5
ἀποσφηκόω	5
ἀμφελελίζω	5
ἱκετήσιος	5
ὀρεσσίχυτος	5
εὐρυγένειος	5
λυσσαλέος	5
ἰσοφανής	5
συλήτωρ	5
γυναιμανέοντι	5
αἰνομανής	5
γαλακτοφόρος	5
ἀτύμβευτος	5
λευκοθέα	5
δεκάδωρος	5
ἱπποδάμεια	5
πεδοσκαφής	5
τμητήρ	5
νεφεληδόν	5
φιλοστάφυλος	5
νοοσφαλής	5
ἀνούτητος	5
θεόσυτος	5
δοριθρασής	5
φοιβάς	5
ἀγχόνιος	5
χραισμήτωρ	5
ἀτευχής	5
Μορρή	5
ἀρτιδάικτος	5
αἰχμητήρ	5
Μορρῆα	5
ἀγρότις	5
ἄψινθος	5
τάχειος	5
προαιτιάομαι	5
ἀνθρωπΘ	5
Κελεσίνος	5
Μεσάς	5
άγνωστος	5
Κελεσίνω	5
ἀλαβής	5
αφοθουρος	5
πισδῶ	5
αλλοτειο	5
παρδίας	5
αρχή	5
τεσσαρακοσιδεκατος	5
Ἐπίνους	5
Νεσορίους	5
Νεστορία	5
διχόβουλος	5
θεοθεος	5
οὐκείως	5
Χάρεις	5
ναρχ	5
Λεπιδᾶς	5
Ὅλυν	5
ἐφυπνόω	5
δείκν	5
αποσταλος	5
τηνάλως	5
Καρχῖνος	5
συντομολόγος	5
Πλάτου	5
Νριστοῦ	5
Ἰλσοῦ	5
μέχα	5
οὐδι	5
νάμου	5
ἀνάποσις	5
ΚΜΣ	5
ἀναζωπυρόω	5
θραύστης	5
πραιτοῦρα	5
Ὀφελίων	5
λιχμάζω	5
ἐνορούω	5
κυρτεύς	5
φιλόσκιος	5
πολυπάμμονος	5
σητάνιος	5
αυσιηρως	5
σιύφοντες	5
εριδακινεος	5
σαμπόλλῳ	5
σίλμασι	5
Λέτ	5
λεπλυνουω	5
μελαγχ	5
πλισάνῃ	5
πωτόω	5
σιροφεω	5
σεφυλάχθαι	5
φιβωλος	5
σκαμμανίας	5
σίθματι	5
μινύναι	5
κύστως	5
ἥπ	5
συσίδσεως	5
ἐλθετέον	5
μαιωτικός	5
μεμφ	5
σλῦφειν	5
κατάπασμα	5
σίμφον	5
ωικρά	5
πεκαυμένα	5
σίψεως	5
λεπλομερα	5
Ῥώα	5
σιλύψεως	5
μήνυξ	5
ωλεϊστον	5
ὑπλίαν	5
Καταφ	5
εὐθυτενῶς	5
ἀποσλημάτων	5
σιεατωμάτων	5
ὡλησίον	5
παρακόλλησις	5
κολοκυθιδαις	5
σιρεφομενω	5
περιτιτράω	5
καμάρωσις	5
ἔρτος	5
ὥσπαρ	5
μετωπιαίος	5
ὀσλώδους	5
περιείλησις	5
παρασκέλια	5
σιρέφεται	5
παραρθρέω	5
ἐξάρτημα	5
κρεμαστήρ	5
δυσπεούλωτα	5
Πλατάνου	5
γαργαρίζω	5
σλυπηρίαν	5
ἐμβρεκτέον	5
τερεβινθῖνος	5
ἀφεγήματι	5
σιτυνεος	5
ὄρδινος	5
ψαλαίου	5
κλυστηρίδιον	5
ὑπόπυρος	5
σπλάσματα	5
Λημνία	5
ἀκολάσως	5
ἐμψάω	5
ἀρμότλει	5
σπόδιος	5
σιλιγνίτης	5
μελίκρατος	5
ἐπισκοπητέον	5
ἀπελέκητος	5
προσεπιτείνω	5
ὁποιωνδήποτε	5
γΐενημι	5
φανταςίᾳ	5
Ἰεζέκιος	5
Στἱχ	5
Γαβεέ	5
προπετεύομαι	5
ὁνδήποτε	5
ἀηδίζω	5
Ὀλι	5
φαρσόω	5
ἐσπι	5
Ἁερμών	5
στιρακα	5
Βουλέ	5
ἀπροσόρατος	5
Ὠβαίδος	5
θαύμακτρον	5
κοχλοειδής	5
τριγονέω	5
Κικόνιος	5
Μασαισύλιοι	5
καμαριος	5
ηχητικός	5
πολύφραστος	5
παλιντροπους	5
ἀπομαρτύρομαι	5
περιαινεω	5
ἀμίνθιον	5
τυρί	5
ἀγχίλωψ	5
᾿β	5
Χίνος	5
Ψύρας	5
χερώνιος	5
ἀπόκριτος	5
ψυχωμένος	5
σαιος	5
ἄκασχα	5
ἀμφιανακτίζω	5
ὁινᾶν	5
Πεντελής	5
Χθονοφύλη	5
Τιτάνη	5
Ὑπερμήστρη	5
Ὑπερμήστρα	5
χάραδρος	5
Πρευγένης	5
Λιμναίη	5
ἀκρίαι	5
Λυκωμίδης	5
Αἰπυτίδης	5
Ἀναξίδαμος	5
ἑκατομφόνια	5
Μάντικλος	5
κυνίσκη	5
Κάναχος	5
Ὀρεσθάσιος	5
Ἁλιαρτίη	5
Ἑστιαία	5
Μεναλκίδης	5
Μεναλκίδας	5
Τρικλαρίη	5
Ἀργυρᾶ	5
Μαιρή	5
Ἐρύκινος	5
Θεισόα	5
Ὕηττος	5
Πρόκλεια	5
Δωρίτης	5
ἀβόλλα	5
Ἀριακή	5
λιβανωτοφόρος	5
ὀνύχινος	5
πετράς	5
Παλτηνός	5
Καλύκαδνος	5
Καρπασεία	5
αω΄	5
Δόνουσα	5
πορθμία	5
Κωμίας	5
κλινόπους	5
Ἡροκλείδης	5
Ἐλβέστιοι	5
δυσυπομόνητος	5
λιποτακτέω	5
ἀνισόδρομος	5
ἐκδακρύω	5
ὠνητικός	5
ἀπελευθεριάζω	5
τηλαύγημα	5
ἀνθοβαφής	5
Λευκονοέα	5
Ιλό	5
γορε	5
Ἴαλ	5
ελφῶν	5
χτ	5
κατηξ	5
ΤΕΙ	5
ΓΕΙ	5
ΑΘΑ	5
καταγν	5
παρρης	5
λγε	5
Όλλο	5
συνανασκευάζω	5
Παρεῦ	5
ΑΥΤΟΘ	5
Φάιρ	5
φλυγίας	5
αταστέλλειν	5
ἀκρόπο	5
ΤΨ	5
νδρος	5
δυσχριος	5
ταώ	5
λιγ	5
ιτικεω	5
δμοεις	5
ριστοτελος	5
ολιτι	5
ργων	5
δητορικεω	5
ἰσμή	5
οσθεν	5
Όνεν	5
ησίον	5
χιά	5
ὀρνιθογονία	5
Σέρρα	5
προηγορέω	5
κίβαλος	5
τοσημερον	5
μονοφυσίτης	5
καρδίσς	5
περιαίρω	5
ἐπόπτω	5
ἀλίνδα	5
κηπίς	5
Βατυλλίδα	5
Βιτάτος	5
τεφρός	5
αὐονή	5
κάσος	5
ξενύγος	5
Κώρη	5
ἰρεο	5
παλαμάω	5
προάναρχος	5
ΟΩΧ	5
γῆσει	5
σφῆ	5
ισορεω	5
πτερος	5
Σέρης	5
τῦτον	5
μάξι	5
Μαξιντίος	5
ἀσωφρόνως	5
κράβυλος	5
ἑταιρ	5
ζαθερόν	5
μιερός	5
ἀνάττικος	5
Ἀρισο	5
ἀψεφής	5
ἀσραγάλους	5
σενιπως	5
Ἀσκληπίειος	5
σεμμάτων	5
σρογγύλον	5
δρτυγη	5
Φίμη	5
κίνυγμα	5
δβολοῦ	5
μονόφυλλος	5
παρακλήτωρ	5
τοφαινω	5
ψυχορροφέω	5
ζέμμα	5
τορνόω	5
οἰωνόβρωτος	5
Δήμνιον	5
συνάπ	5
κάρκαρος	5
φρυνικη	5
Δαμοτέλης	5
Δωδ	5
περισθενής	5
διακομπέω	5
Ἀπολλωνίδας	5
εὐάρματος	5
Γαδειρίς	5
ἄμπνευμα	5
Ἀλκιμίδας	5
Ὀλυμπιόνικος	5
ἀκρόθινα	5
λαλαγέω	5
κεχλαδώς	5
Ἄλιδος	5
παλαίγονος	5
ἁλιερκής	5
ὀρθωτήρ	5
τετράκναμος	5
κρύβδαν	5
ὑπερπόντιος	5
ἐπίνομος	5
μάχα	5
τέφφαντ	5
διομολογητέον	5
εὐφάνταστος	5
στενωπή	5
στερορόν	5
φυσίγγη	5
καθαροποιέω	5
γαρεῖς	5
κιόλαος	5
μωλέω	5
ἐντεροπράτης	5
ποδαρίζω	5
Ἄρχεπτολέμου	5
βωμολογος	5
πάσμα	5
Ἰνάγῳ	5
ἰσάλη	5
ἀναγεύω	5
Σιμέρμων	5
χωμῶ	5
διαμέδου	5
δάχτυλο	5
ἡλεκτρος	5
χρημαστῶν	5
ἄγνη	5
τένθω	5
ερσημιμερα	5
γαλχόν	5
δριμυζω	5
Διομείων	5
διαρτίζω	5
κάλλοπα	5
κηθάριον	5
δηκτικώς	5
παραβατικός	5
ἀποσπερματίζω	5
συδαριος	5
ἐπέκθεσις	5
προσφάγι	5
Ξενότιμος	5
τριη	5
Χαρτ	5
Ἐπίτευγμα	5
βοεχω	5
Κιννσίου	5
χώπας	5
ἀκαλήρας	5
Μνησίλογος	5
ἐξαγορέω	5
αἰγίπους	5
συνοφρύωμα	5
στρατηγιάω	5
συχωμα	5
ιχθοπως	5
ὑδατηγός	5
Χρεμῖλος	5
ἄλγαλέον	5
χρυσοχοικός	5
μειλιχτιπως	5
Ἀριστοῦλος	5
σκάτον	5
δάπης	5
χολοσυρτος	5
φιλαρεῖς	5
Κοτίνου	5
ἐκφλαυρίζω	5
θησείω	5
ἐκφλυαρέω	5
τρυγοπους	5
Γίγαρτος	5
περιτρίβω	5
Μνασίας	5
Ενόπλιος	5
Μιτυλ	5
Συμμ	5
χοιρις	5
φρατορία	5
ὑφάδιον	5
χωμωδους	5
διαλακωνισος	5
βουδωνιῶ	5
λόχορος	5
ἀκρατίζω	5
Θεττ	5
Λήμη	5
μουστόπιτα	5
Ἐμβραχυ	5
τριστιχία	5
ἀπογένεσις	5
συμπαραθέω	5
πτερορρύησις	5
σΐνω	5
Ξενάρης	5
Τριταιεύς	5
διάπλεως	5
πεδιεύς	5
ἀποπεράω	5
Βέρρης	5
Ἐλπινίκης	5
νέορτος	5
ἑπτακαιεικοσαπλάσιος	5
Δίιος	5
συμφιλέω	5
Θεάνωρ	5
ἐίμς	5
διαστροβέω	5
Τρεβίας	5
Βάνδιος	5
Ταρρακίνα	5
Χιομάρα	5
μουσοποιέω	5
Ἀχαρναί	5
Ἁγνωνίδης	5
Δηιδάμεια	5
ἀναχρονίζομαι	5
αακεδαιμονια	5
λεμαίῳ	5
θραίων	5
διεπρά	5
πραξικοπέω	5
θηρευτέον	5
Λυτάτιος	5
Φαραιεῖς	5
Φαραιεύς	5
Μαχατᾶς	5
Ἄμβρακος	5
σιτομετρέω	5
ἀρχηγέτις	5
Κνωπίας	5
ἀδιαλύτως	5
Δελματεύς	5
ψευδοφίλιππος	5
Πτολεμαίς	5
φθογη	5
ερυτητη	5
συναπλῆσι	5
τγν	5
ισοψεω	5
ἑτερόλογος	5
ἑσαρχομένῳ	5
ἐκάπτερον	5
λχ	5
πτερχορδῶ	5
τετραχόρῳ	5
θομ	5
ὀλυμ	5
ἀνίλλω	5
Ἑλουήττιοι	5
Λακωνίαν	5
λέρα	5
εἰδωλ	5
ἡγν	5
παῦμα	5
Βλήδαν	5
Βιγίλᾳ	5
συγκλώθω	5
βραχύπορος	5
ἀνταφεστιάω	5
δημιουργίς	5
ὀλιχώτερα	5
οὐνομ	5
μιουργῷ	5
σωπλικιος	5
εποχοδιδωμι	5
αγνβ	5
επτακαιεικοσαπλασιος	5
ηψμη	5
ὑπεπιμερής	5
ταυτοποιίον	5
κινητῶς	5
ἐπίταδες	5
ἀντίζομαι	5
σμίους	5
αρυβ	5
ᾱφλς	5
Πρόκλα	5
ἀντιτείχισμα	5
εὐδιήγητος	5
Λευάθαι	5
Ἀμιδηνός	5
Ζαβεργάνης	5
Σουρηνός	5
Δαηηνός	5
Φαγῆς	5
Ἰσδιγούσναν	5
Ἱππονερέγιον	5
Καλώνυμος	5
Καύκανον	5
τρικάμαρον	5
Ζερβούλη	5
σύν-λέγω	5
Οὐάκης	5
Τετραξίτης	5
Οὔαρνος	5
Γόαρ	5
Θὐκ	5
μεβ	5
Ἄσχαν	5
κροσώπου	5
γεδδούρ	5
ΚΕΘΑΛ	5
ἀρεμία	5
πρωτοψάλτης	5
δεφένσωρ	5
διβέλ(λ)ιον	5
μακέλας	5
Εύοσμος	5
ἐμψύχωσις	5
νηστικός	5
κατεπάγω	5
ἐναλγέω	5
σαφείρι	5
λίμα	5
φιλέταιρον	5
Χρυσίππη	5
προσεμφέρω	5
ἐτυμ	5
ὁμόδελφος	5
ἀργόλας	5
ενοφαω	5
Αιγινίτης	5
διατορέω	5
θαμειός	5
ἀνηπλωμένως	5
ἀπότιμος	5
Ἀποτεθρυωμένοι	5
απεμπολώ	5
ἄρκυον	5
διτος	5
δεξιάδην	5
ἐγκέλευστος	5
μίμος	5
Ἄντικρος	5
ΑΕΞΕΩΝ	5
Ἐμμέλεια	5
κορδακισμός	5
Πρυτανεία	5
Θύσσος	5
Νηρηίνη	5
ληϊάς	5
Ἀφάνναι	5
κικλωψ	5
Χρέμων	5
κάγλαοι	5
κουπ	5
Ράϊκος	5
Συβάρειος	5
παραπλάσσω	5
κοιχους	5
κριθνησκω	5
ὀμφαλοτόμος	5
λήιος	5
δαελός	5
Βαχλίδος	5
βάρχα	5
Παιδοκόρης	5
λασιχνεουω	5
μελωδός	5
ἀντέξειμι	5
Ἐδόβιχος	5
σ̣	5
ρ̣	5
ηναῖοι	5
Μαῶτις	5
θάναλον	5
Προμηθεῖαν	5
αιμυλη	5
σχλ	5
Τίπας	5
κίρκη	5
Ἰσμυῶν	5
ΛΙΣΧΥΛΟΥ	5
πάμπολις	5
Κεχροπία	5
Δημάγητος	5
ἀρπνίας	5
δεῦκος	5
ιπομνημα	5
Ἀρτιάδα	5
Σαλιάν	5
Ἀρεπάνη	5
Πλευ	5
Λιονύσῳ	5
ὁλόχαλκος	5
χοτινω	5
Ἀμμοσθένης	5
λλώνιος	5
Ὑδ	5
Τυπ	5
οργόνος	5
παραβολάδην	5
Ῥόπη	5
τεμίδωρος	5
Χαμπή	5
δελτωτός	5
Λιδύμοις	5
Καρκ	5
κελυφανώδης	5
σχυθαις	5
τηλεχλειδηω	5
Ἐχθεςις	5
ἐγχεχορδυλημένος	5
εὐρῆμεῖν	5
Χαμπάς	5
καταλούω	5
φιλοδιχω	5
φιλόδιχος	5
πολιορχουμενοω	5
κόχυ	5
Ἀργίνουσα	5
χλιμαχη	5
χομᾶ	5
ὀσπριόπωλις	5
κύφω	5
φαχιόλιον	5
διέργω	5
πωρητύς	5
Παμφυλίς	5
σιπύθην	5
Ἀρβάνιος	5
Σκοτοῦσα	5
Λίσχινς	5
λισχυνεος	5
διασυρτικός	5
εδυλειος	5
Ἄξεινος	5
Νικασία	5
Ἰαλυσός	5
ἀνασκαφή	5
ἀποκουφίζω	5
Αφθόνητος	5
λαιμότομος	5
καλλίδιφρος	5
Κουρήτις	5
λευκοκυμοδος	5
ἱπποβότης	5
ἐκκωφόω	5
Εὐρυγάνην	5
πεδαίρω	5
ἐχιδνώδης	5
βοστρυχώδης	5
̄π	5
καταστίκτω	5
ἀβιωτοποιός	5
Λυδιακός	5
ὀϊστεύω	5
χρνσοῦ	5
προσῳδικός	5
ΚΑΚΟΧΑΡΤΟΣ	5
ῬΣ	5
ΟΤΑΕ	5
πληιαειδω	5
ἐνδρουν	5
ἀδρέπανος	5
Σέλη	5
περιφθέγγομαι	5
ΤΕΚΕ	5
φροδίτη	5
ΟΤΡ	5
Μύρτιλλου	5
δοροπως	5
βελουλκία	5
μουμης	5
παμφα	5
ἀποκρυσταλλόω	5
ἄϊξ	5
ἠπιόφρων	5
Πρακλέων	5
φονευτικός	5
βιβασμός	5
εὔσοια	5
Τέμψα	5
πενταετηρικός	5
Αἰνειάς	5
τρυοινος	5
Αὐσῶνας	5
Πτώος	5
ἀρτάρια	5
ζάγχλον	5
Σηταῖον	5
ἐπιβαρής	5
ονιεχω	5
Κρηθηίς	5
Νεμεονίκης	5
τορική	5
συρακους	5
νεόρραντος	5
τέρμιος	5
ἄντομος	5
διαχονεος	5
Μούνατος	5
προσέσπερος	5
προσαυλέω	5
Σιμιγίδα	5
Πύξαι	5
ῥύμβος	5
Λυχεύς	5
πεντηκοντήρ	5
ΝΣΤ	5
οδρυθεος	5
Νάγεβ	5
δινεβάλωμι	5
αμμανειος	5
πίωμι	5
βανά	5
Μελχείας	5
ἀποικεσία	5
Ζαχαριά	5
υἱρῦ	5
Μειχά	5
παρανεβάλωμι	5
ἔκθεμα	5
Χαρμεί	5
Κοβάρ	5
ἀπόλοιπος	5
Γαλααδείτιδος	5
ενγαστριμυθος	5
Θημάρ	5
Ἀχεικάμ	5
Σελεμίας	5
ὑπόλιμμα	5
Αδωνιβεζέκ	5
Σεκελάκ	5
Νουά	5
Κεισών	5
Σελμανά	5
ὀρινός	5
πολιτίας	5
Γαντοκράτωρ	5
Σαμαά	5
Γεδσούρ	5
Ἀδραάζαρ	5
Ἀχειμέλεχ	5
Μααχά	5
Ἀχειά	5
Τωβείαν	5
αντιζηλία	5
ἰσοθεΐα	5
ἡμίπηχυς	5
κίνγσιν	5
ἀπεστενωμένως	5
ἀπειροδύναμα	5
Νακώλεια	5
λχν	5
βευθοανδανω	5
βαμβροδονεω	5
ὀφαιρεῖα	5
Φυγάλεια	5
Εὐθύνικος	5
ἵνιξά	5
αυστατος	5
ούστου	5
Ἀβασηνοί	5
κήτωρ	5
Τυμνησσεύς	5
Ἄδανος	5
δαυαπτην	5
κυρησις	5
Κορσεάτης	5
Σούλμων	5
Τρεμιθοῦς	5
Ἄμφρυσος	5
Πλακεντῖνος	5
Βιθ	5
Δαριεύς	5
Δαφνιάς	5
πιαστη	5
Αώρα	5
Ρίτη	5
Ἰσίνδιος	5
Ἰσμαρίς	5
Καινύσιον	5
Καναῖος	5
κρανειατη	5
Γραστοῦ	5
Πικεντίνη	5
Σάβυς	5
σιδηω	5
Ελλίς	5
Φαραίος	5
Φῶφις	5
Μοῦνδα	5
Ὀυακκαῖος	5
Ἴσαρος	5
Βόιος	5
μόνοικος	5
Πέλιγνοι	5
Δαλματεύς	5
Τιτάριος	5
παρεξαίρω	5
Ἀντίταυρος	5
Τάττα	5
καμινεύω	5
Ἰούβας	5
Λογοθέτης	5
Ἀβάρις	5
δωριαιω	5
Λεοντίσκος	5
ἀλινδήθρα	5
Σιμοκάτος	5
ναννοφυής	5
ΕΦΑΛ	5
Ἀλληλούτα	5
ἀναρτύψω	5
μαγώοις	5
τίπα	5
απαυτινω	5
Αλάρ	5
Θεστυλί	5
ἀλέθω	5
ἄγασμα	5
ἐμψαφέρον	5
ΚΑΚΟΜΥΘΙΑΣ	5
Βασανιτίδος	5
Σκηνωτηρίας	5
Ἰεζεήλ	5
ἑξάδαμῃ	5
ΜΚΞΝ	5
πατράει	5
ὑποτακτ	5
προσαρτώ	5
κλιτικῶς	5
κραταίπυλος	5
σέρφη	5
τερθρία	5
ΠΟΛΤΙΔΟΣ	5
ἀμφιπλήξ	5
ὁάκη	5
ᾱγ	5
χψ	5
δομεντζιολος	5
Ραζάτης	5
Σειρέμ	5
Σκλαυινίας	5
Αβδελά	5
Ζαοῦτζαν	5
πυρηνώδης	5
ὀψιβλαστέω	5
πάρυδρος	5
ὀρθοφυέω	5
πολυκαρποτερας	5
λαχανηρός	5
ἀπαγριόω	5
τελέωσις	5
ἔκπηξις	5
ἔνδᾳδος	5
κήλαστρος	5
ναρθηκώδης	5
ἀφάρκη	5
κρινωνιά	5
δυσώλεθρος	5
ὀρθοφυής	5
ἀκανώδης	5
Κθνη	5
θαρισαῖοι	5
πανσέβαστε	5
διεγχειρέω	5
῎Αβαροι	5
οἰνομάχη	5
Εὐμώλπον	5
Θουκλῆς	5
Ἀρριβαῖος	5
Σπείραιον	5
Ἀγησανδρίδας	5
διαμοθεος	5
Ἀπεσφακέλιζεν	5
θάπας	5
Κλαρώ	5
μεσημβείας	5
σφειγη	5
Ἀψαρος	5
αριηχεω	5
Ἄσαδῶν	5
Εὔδοτος	5
Ποσείδι	5
φεισος	5
ῥέμβη	5
Ἰσπερίας	5
Ἀνθέκαστος	5
ἐπικληρῆτις	5
τελλμυσος	5
ὑπερθάμιον	5
εναντιοβουλεω	5
ὡροσκόπησις	5
εὐεπίτευκτος	5
εὐμετανόητος	5
ἀγαθοδαιμονέω	5
οἰκοδεσπότησις	5
Τοξδτῃ	5
προευρίσκω	5
Κρεῦσις	5
κώμαρχος	5
Φρυνίσκος	5
Ἀδούσιος	5
Γοργώπας	5
ἐξυδραργύρωσις	5
βαπτικός	5
σουραινω	5
