slug	cts_urn	tlg
abydenus.fragmenta	urn:cts:greekLit:tlg0116.tlg001	tlg0116.tlg001
acesander.fragmenta	urn:cts:greekLit:tlg1832.tlg001	tlg1832.tlg001
achaeus.fragmenta	urn:cts:greekLit:tlg0309.tlg001	tlg0309.tlg001
achilles-tatius-scr-erot.leucippe-et-clitophon	urn:cts:greekLit:tlg0532.tlg001	tlg0532.tlg001
acta-barnabae.acta-barnabae	urn:cts:greekLit:tlg2949.tlg001	tlg2949.tlg001
acta-joannis.acta-joannis	urn:cts:greekLit:tlg0317.tlg001	tlg0317.tlg001
acta-joannis.acta-joannis-recensio	urn:cts:greekLit:tlg0317.tlg002	tlg0317.tlg002
acta-justini-et-septem-sodalium.acta-justini-et-septem-sodalium-recensio-b	urn:cts:greekLit:tlg0384.tlg002	tlg0384.tlg002
acta-philippi.acta-philippi	urn:cts:greekLit:tlg2948.tlg001	tlg2948.tlg001
acta-thomae.acta-thomae	urn:cts:greekLit:tlg2038.tlg001	tlg2038.tlg001
acusilaus.testimonia	urn:cts:greekLit:tlg0392.tlg001	tlg0392.tlg001
acusilaus.testimonia-2	urn:cts:greekLit:tlg0392.tlg003	tlg0392.tlg003
adamantius-judaeus.physiognomonica	urn:cts:greekLit:tlg0731.tlg001	tlg0731.tlg001
adamantius-judaeus.physiognomonica-epitome-matritensis	urn:cts:greekLit:tlg0731.tlg003	tlg0731.tlg003
adrianus.declamatio	urn:cts:greekLit:tlg0666.tlg001	tlg0666.tlg001
aelius-aristides.ai-gu-ptios	urn:cts:greekLit:tlg0284.tlg048	tlg0284.tlg048
aelius-aristides.apella-geneqliako-s	urn:cts:greekLit:tlg0284.tlg010	tlg0284.tlg010
aelius-aristides.aqhna	urn:cts:greekLit:tlg0284.tlg002	tlg0284.tlg002
aelius-aristides.ars-rhetorica-sp	urn:cts:greekLit:tlg0284.tlg056	tlg0284.tlg056
aelius-aristides.asklhpia-dai	urn:cts:greekLit:tlg0284.tlg007	tlg0284.tlg007
aelius-aristides.dio-nusos	urn:cts:greekLit:tlg0284.tlg004	tlg0284.tlg004
aelius-aristides.ei-s-ai-gai-on-pe-lagos	urn:cts:greekLit:tlg0284.tlg017	tlg0284.tlg017
aelius-aristides.ei-s-basile-sp	urn:cts:greekLit:tlg0284.tlg009	tlg0284.tlg009
aelius-aristides.ei-s-di	urn:cts:greekLit:tlg0284.tlg001	tlg0284.tlg001
aelius-aristides.ei-s-e-nanti-on	urn:cts:greekLit:tlg0284.tlg030	tlg0284.tlg030
aelius-aristides.ei-s-etewne-e-pikh-deios	urn:cts:greekLit:tlg0284.tlg011	tlg0284.tlg011
aelius-aristides.ei-s-fre-ar-tou-asklhpiou	urn:cts:greekLit:tlg0284.tlg018	tlg0284.tlg018
aelius-aristides.ei-s-n-sa-rapin	urn:cts:greekLit:tlg0284.tlg008	tlg0284.tlg008
aelius-aristides.eleusi-nios	urn:cts:greekLit:tlg0284.tlg019	tlg0284.tlg019
aelius-aristides.epi-aleca-ndrw-e-pita-fios	urn:cts:greekLit:tlg0284.tlg012	tlg0284.tlg012
aelius-aristides.epistolh-peri-smu-rnhs	urn:cts:greekLit:tlg0284.tlg041	tlg0284.tlg041
aelius-aristides.hraklh-s	urn:cts:greekLit:tlg0284.tlg005	tlg0284.tlg005
aelius-aristides.ieroi-lo-goi	urn:cts:greekLit:tlg0284.tlg023	tlg0284.tlg023
aelius-aristides.ieroi-lo-goi-b	urn:cts:greekLit:tlg0284.tlg024	tlg0284.tlg024
aelius-aristides.ieroi-lo-goi-d	urn:cts:greekLit:tlg0284.tlg026	tlg0284.tlg026
aelius-aristides.ieroi-lo-goi-e	urn:cts:greekLit:tlg0284.tlg027	tlg0284.tlg027
aelius-aristides.ieroi-lo-goi-g	urn:cts:greekLit:tlg0284.tlg025	tlg0284.tlg025
aelius-aristides.ieroi-lo-goi-s	urn:cts:greekLit:tlg0284.tlg028	tlg0284.tlg028
aelius-aristides.isqmiko-s-ei-s-poseidw-na	urn:cts:greekLit:tlg0284.tlg003	tlg0284.tlg003
aelius-aristides.kata-tw-n-e-corxoume-nwn	urn:cts:greekLit:tlg0284.tlg050	tlg0284.tlg050
aelius-aristides.lalia-ei-s-asklhpio-n	urn:cts:greekLit:tlg0284.tlg006	tlg0284.tlg006
aelius-aristides.leuktriko-s-b-u-pe-r-qhbai-wn-prw-tos	urn:cts:greekLit:tlg0284.tlg034	tlg0284.tlg034
aelius-aristides.leuktriko-s-d-u-pe-r-qhbai-wn-deu-teros	urn:cts:greekLit:tlg0284.tlg036	tlg0284.tlg036
aelius-aristides.leuktriko-s-e-u-pe-r-mhdete-rois-bohqei-n	urn:cts:greekLit:tlg0284.tlg037	tlg0284.tlg037
aelius-aristides.leuktriko-s-g-u-pe-r-lakedaimoni-wn-deu-teros	urn:cts:greekLit:tlg0284.tlg035	tlg0284.tlg035
aelius-aristides.leuktriko-s-u-pe-r-lakedaimoni-wn-prw-tos	urn:cts:greekLit:tlg0284.tlg033	tlg0284.tlg033
aelius-aristides.monw-di-e-pi-smu-rnh	urn:cts:greekLit:tlg0284.tlg020	tlg0284.tlg020
aelius-aristides.palinw-di-e-pi-smu-rnh-kai-tw-tau-ths-noikismw	urn:cts:greekLit:tlg0284.tlg021	tlg0284.tlg021
aelius-aristides.panaqhnai-ko-s	urn:cts:greekLit:tlg0284.tlg013	tlg0284.tlg013
aelius-aristides.panhguriko-s-e-n-kuzi-kw-peri-tou-naou	urn:cts:greekLit:tlg0284.tlg016	tlg0284.tlg016
aelius-aristides.panhguriko-s-e-pi-tw-u-dati-e-n-perga-mw	urn:cts:greekLit:tlg0284.tlg055	tlg0284.tlg055
aelius-aristides.peri-o-monoi-as-tai-s-po-lesin	urn:cts:greekLit:tlg0284.tlg042	tlg0284.tlg042
aelius-aristides.peri-tou-parafqe-gmatos	urn:cts:greekLit:tlg0284.tlg049	tlg0284.tlg049
aelius-aristides.peri-tou-pe-mpein-boh-qeian-toi-s-e-n-sikeli	urn:cts:greekLit:tlg0284.tlg029	tlg0284.tlg029
aelius-aristides.presbeutiko-s-pro-s-axille	urn:cts:greekLit:tlg0284.tlg052	tlg0284.tlg052
aelius-aristides.pro-s-dhmosqe-nh-peri-telei-as	urn:cts:greekLit:tlg0284.tlg053	tlg0284.tlg053
aelius-aristides.pro-s-kapi-twna	urn:cts:greekLit:tlg0284.tlg047	tlg0284.tlg047
aelius-aristides.pro-s-lepti-nhn-u-pe-r-telei-as	urn:cts:greekLit:tlg0284.tlg054	tlg0284.tlg054
aelius-aristides.pro-s-pla-twna-peri-r-htorikh-s	urn:cts:greekLit:tlg0284.tlg045	tlg0284.tlg045
aelius-aristides.pro-s-pla-twna-u-pe-r-tw-n-tetta-rwn	urn:cts:greekLit:tlg0284.tlg046	tlg0284.tlg046
aelius-aristides.pro-s-tou-s-ai-tiwme-nous-o-ti-mh-meletw-h	urn:cts:greekLit:tlg0284.tlg051	tlg0284.tlg051
aelius-aristides.prosfwnhtiko-s-smurnai-ko-s	urn:cts:greekLit:tlg0284.tlg022	tlg0284.tlg022
aelius-aristides.rodi-ois-peri-o-monoi-as	urn:cts:greekLit:tlg0284.tlg044	tlg0284.tlg044
aelius-aristides.rodiako-s-sp	urn:cts:greekLit:tlg0284.tlg043	tlg0284.tlg043
aelius-aristides.rw-mhs-e-gkw-mion	urn:cts:greekLit:tlg0284.tlg014	tlg0284.tlg014
aelius-aristides.smurnai-ko-s-politiko-s	urn:cts:greekLit:tlg0284.tlg015	tlg0284.tlg015
aelius-aristides.sumbouleutiko-s-peri-tou-mh-dei-n-kwmw-dei-n	urn:cts:greekLit:tlg0284.tlg040	tlg0284.tlg040
aelius-aristides.summaxiko-s	urn:cts:greekLit:tlg0284.tlg038	tlg0284.tlg038
aelius-aristides.summaxiko-s-b-pro-s-qhbai-ous-peri-th-s-summaxi-as	urn:cts:greekLit:tlg0284.tlg039	tlg0284.tlg039
aelius-aristides.upe-r-th-s-pro-s-aqhnai-ous-ei-rh-nhs	urn:cts:greekLit:tlg0284.tlg032	tlg0284.tlg032
aelius-aristides.upe-r-th-s-pro-s-lakedaimoni-ous-ei-rh-nhs	urn:cts:greekLit:tlg0284.tlg031	tlg0284.tlg031
aelius-dionysius.attika-o-no-mata	urn:cts:greekLit:tlg1323.tlg001	tlg1323.tlg001
aelius-dius.fragmenta	urn:cts:greekLit:tlg2434.tlg003	tlg2434.tlg003
aelius-herodianus-et-pseudo-herodianus.de-enclisi-epitome-ap-arcadium	urn:cts:greekLit:tlg0087.tlg002	tlg0087.tlg002
aelius-herodianus-et-pseudo-herodianus.de-figuris-peri-sxhma-twn	urn:cts:greekLit:tlg0087.tlg025	tlg0087.tlg025
aelius-herodianus-et-pseudo-herodianus.de-figuris-peri-sxhma-twn-sp	urn:cts:greekLit:tlg0087.tlg035	tlg0087.tlg035
aelius-herodianus-et-pseudo-herodianus.de-passionibus-excerpta-e-didymo	urn:cts:greekLit:tlg0087.tlg009a	tlg0087.tlg009a
aelius-herodianus-et-pseudo-herodianus.de-prosodia-catholica	urn:cts:greekLit:tlg0087.tlg001	tlg0087.tlg001
aelius-herodianus-et-pseudo-herodianus.ei-s-peri-genw-n-apollwni-ou-u-po-mnhma	urn:cts:greekLit:tlg0087.tlg014	tlg0087.tlg014
aelius-herodianus-et-pseudo-herodianus.ei-s-th-n-apollwni-ou-ei-sagwgh-n	urn:cts:greekLit:tlg0087.tlg032	tlg0087.tlg032
aelius-herodianus-et-pseudo-herodianus.mono-biblon-peri-tou-h-n	urn:cts:greekLit:tlg0087.tlg020	tlg0087.tlg020
aelius-herodianus-et-pseudo-herodianus.mono-biblon-peri-tou-mh-pa-nta-ta-r-h-mata-kli-nesqai-ei-s	urn:cts:greekLit:tlg0087.tlg018	tlg0087.tlg018
aelius-herodianus-et-pseudo-herodianus.mono-biblon-peri-tou-u-dwr	urn:cts:greekLit:tlg0087.tlg015	tlg0087.tlg015
aelius-herodianus-et-pseudo-herodianus.peri-attikh-s-prosw-di-as	urn:cts:greekLit:tlg0087.tlg006	tlg0087.tlg006
aelius-herodianus-et-pseudo-herodianus.peri-dixro-nwn	urn:cts:greekLit:tlg0087.tlg004	tlg0087.tlg004
aelius-herodianus-et-pseudo-herodianus.peri-e-pirrhma-twn	urn:cts:greekLit:tlg0087.tlg024	tlg0087.tlg024
aelius-herodianus-et-pseudo-herodianus.peri-ga-mou-kai-sumbiw-sews	urn:cts:greekLit:tlg0087.tlg029	tlg0087.tlg029
aelius-herodianus-et-pseudo-herodianus.peri-iliakh-s-prosw-di-as	urn:cts:greekLit:tlg0087.tlg007	tlg0087.tlg007
aelius-herodianus-et-pseudo-herodianus.peri-kli-sews-o-noma-twn	urn:cts:greekLit:tlg0087.tlg013	tlg0087.tlg013
aelius-herodianus-et-pseudo-herodianus.peri-metoxw-n	urn:cts:greekLit:tlg0087.tlg019	tlg0087.tlg019
aelius-herodianus-et-pseudo-herodianus.peri-monh-rous-le-cews	urn:cts:greekLit:tlg0087.tlg033	tlg0087.tlg033
aelius-herodianus-et-pseudo-herodianus.peri-monosulla-bwn	urn:cts:greekLit:tlg0087.tlg028	tlg0087.tlg028
aelius-herodianus-et-pseudo-herodianus.peri-ntwnumiw-n	urn:cts:greekLit:tlg0087.tlg023	tlg0087.tlg023
aelius-herodianus-et-pseudo-herodianus.peri-o-noma-twn	urn:cts:greekLit:tlg0087.tlg012	tlg0087.tlg012
aelius-herodianus-et-pseudo-herodianus.peri-o-rqografi-as	urn:cts:greekLit:tlg0087.tlg011	tlg0087.tlg011
aelius-herodianus-et-pseudo-herodianus.peri-odusseiakh-s-prosw-di-as	urn:cts:greekLit:tlg0087.tlg008	tlg0087.tlg008
aelius-herodianus-et-pseudo-herodianus.peri-paqw-n	urn:cts:greekLit:tlg0087.tlg009	tlg0087.tlg009
aelius-herodianus-et-pseudo-herodianus.peri-parwnu-mwn	urn:cts:greekLit:tlg0087.tlg026	tlg0087.tlg026
aelius-herodianus-et-pseudo-herodianus.peri-pneuma-twn	urn:cts:greekLit:tlg0087.tlg005	tlg0087.tlg005
aelius-herodianus-et-pseudo-herodianus.peri-r-hma-twn	urn:cts:greekLit:tlg0087.tlg021	tlg0087.tlg021
aelius-herodianus-et-pseudo-herodianus.peri-r-hmatikw-n-o-noma-twn	urn:cts:greekLit:tlg0087.tlg027	tlg0087.tlg027
aelius-herodianus-et-pseudo-herodianus.peri-sunta-cews-tw-n-stoixei-wn	urn:cts:greekLit:tlg0087.tlg010	tlg0087.tlg010
aelius-herodianus-et-pseudo-herodianus.peri-suzugiw-n	urn:cts:greekLit:tlg0087.tlg017	tlg0087.tlg017
aelius-herodianus-et-pseudo-herodianus.peri-tou-zw-s	urn:cts:greekLit:tlg0087.tlg016	tlg0087.tlg016
aelius-herodianus-et-pseudo-herodianus.peri-tw-n-ei-s-mi	urn:cts:greekLit:tlg0087.tlg022	tlg0087.tlg022
aelius-herodianus-et-pseudo-herodianus.prota-seis	urn:cts:greekLit:tlg0087.tlg031	tlg0087.tlg031
aelius-herodianus-et-pseudo-herodianus.sumpo-sion	urn:cts:greekLit:tlg0087.tlg030	tlg0087.tlg030
aelius-theon.progymnasmata	urn:cts:greekLit:tlg0607.tlg001	tlg0607.tlg001
aeneas-philosophy.epistulae	urn:cts:greekLit:tlg4001.tlg002	tlg4001.tlg002
aeneas-philosophy.theophrastus-sive-de-animarum-immortalitate-et-corporum-resurrectione	urn:cts:greekLit:tlg4001.tlg001	tlg4001.tlg001
aeneas-tactics.poliorcetica	urn:cts:greekLit:tlg0058.tlg001	tlg0058.tlg001
aeschines-socraticus.fragmenta	urn:cts:greekLit:tlg0673.tlg001	tlg0673.tlg001
aeschines.de-falsa-legatione	urn:cts:greekLit:tlg0026.tlg002	tlg0026.tlg002
aeschines.epistulae-sp	urn:cts:greekLit:tlg0026.tlg004	tlg0026.tlg004
aeschines.in-ctesiphontem	urn:cts:greekLit:tlg0026.tlg003	tlg0026.tlg003
aeschines.in-timarchum	urn:cts:greekLit:tlg0026.tlg001	tlg0026.tlg001
aeschylus-tragedy.agamemnon	urn:cts:greekLit:tlg0085.tlg005	tlg0085.tlg005
aeschylus-tragedy.choephoroe	urn:cts:greekLit:tlg0085.tlg006	tlg0085.tlg006
aeschylus-tragedy.eumenides	urn:cts:greekLit:tlg0085.tlg007	tlg0085.tlg007
aeschylus-tragedy.fragmenta	urn:cts:greekLit:tlg0085.tlg008	tlg0085.tlg008
aeschylus-tragedy.persae	urn:cts:greekLit:tlg0085.tlg002	tlg0085.tlg002
aeschylus-tragedy.prometheus-vinctus	urn:cts:greekLit:tlg0085.tlg003	tlg0085.tlg003
aeschylus-tragedy.septem-contra-thebas	urn:cts:greekLit:tlg0085.tlg004	tlg0085.tlg004
aeschylus-tragedy.supplices	urn:cts:greekLit:tlg0085.tlg001	tlg0085.tlg001
aesopus-et-aesopica.fabulae	urn:cts:greekLit:tlg0096.tlg002	tlg0096.tlg002
aethlius-samius.fragmenta	urn:cts:greekLit:tlg0686.tlg003	tlg0686.tlg003
agaclytus.fragmentum	urn:cts:greekLit:tlg0687.tlg002	tlg0687.tlg002
agatharchides-geography.de-mari-erythraeo-excerpta	urn:cts:greekLit:tlg0067.tlg001	tlg0067.tlg001
agatharchides-geography.fragmenta	urn:cts:greekLit:tlg0067.tlg004	tlg0067.tlg004
agatharchides-samius.fragmenta	urn:cts:greekLit:tlg2192.tlg002	tlg2192.tlg002
agathemerus.geographiae-informatio	urn:cts:greekLit:tlg0090.tlg001	tlg0090.tlg001
agathias-scholasticus.epigrammata	urn:cts:greekLit:tlg4024.tlg002	tlg4024.tlg002
agathias-scholasticus.historiae	urn:cts:greekLit:tlg4024.tlg001	tlg4024.tlg001
agathocles.fragmenta	urn:cts:greekLit:tlg0688.tlg001	tlg0688.tlg001
agathodaemon.agaqodai-mwn-ei-s-n-xrhsmo-n-orfe-ws-sunagwgh-kai	urn:cts:greekLit:tlg4086.tlg002	tlg4086.tlg002
agathodaemon.fragmentum-alchemicum-sine-titulo-e-cod-venet-marc-299-fol	urn:cts:greekLit:tlg4086.tlg001	tlg4086.tlg001
agathon-history.fragmenta	urn:cts:greekLit:tlg2566.tlg002	tlg2566.tlg002
agathon-tragedy.fragmenta	urn:cts:greekLit:tlg0318.tlg001	tlg0318.tlg001
agesilaus.fragmenta	urn:cts:greekLit:tlg2555.tlg002	tlg2555.tlg002
aglais.adversus-suffusiones-incipientes	urn:cts:greekLit:tlg0676.tlg001	tlg0676.tlg001
agroetas.fragmenta	urn:cts:greekLit:tlg1835.tlg002	tlg1835.tlg002
albinus.epitome-doctrinae-platonicae-sive-didaskaliko-s	urn:cts:greekLit:tlg0693.tlg001	tlg0693.tlg001
albinus.introductio-in-platonem	urn:cts:greekLit:tlg0693.tlg002	tlg0693.tlg002
alcaeus-comedy.fragmenta	urn:cts:greekLit:tlg0400.tlg001	tlg0400.tlg001
alcaeus-lyric.fragmenta	urn:cts:greekLit:tlg0383.tlg001	tlg0383.tlg001
alcidamas.fragmenta	urn:cts:greekLit:tlg0610.tlg001	tlg0610.tlg001
alcimus.fragmenta	urn:cts:greekLit:tlg0695.tlg003	tlg0695.tlg003
alciphron.epistulae	urn:cts:greekLit:tlg0640.tlg001	tlg0640.tlg001
alcmaeon.fragmenta	urn:cts:greekLit:tlg0766.tlg002	tlg0766.tlg002
alcmaeon.testimonia	urn:cts:greekLit:tlg0766.tlg001	tlg0766.tlg001
alcman.fragmenta	urn:cts:greekLit:tlg0291.tlg001	tlg0291.tlg001
alexander-lyric.fragmenta	urn:cts:greekLit:tlg0216.tlg001	tlg0216.tlg001
alexander-medicine.dedicatio-ad-cosman	urn:cts:greekLit:tlg0744.tlg001	tlg0744.tlg001
alexander-philosophy.apori-ai-kai-lu-seis-sp	urn:cts:greekLit:tlg0732.tlg012	tlg0732.tlg012
alexander-philosophy.de-anima	urn:cts:greekLit:tlg0732.tlg010	tlg0732.tlg010
alexander-philosophy.de-anima-libri-mantissa-de-anima-liber-alter-sp	urn:cts:greekLit:tlg0732.tlg011	tlg0732.tlg011
alexander-philosophy.de-fato	urn:cts:greekLit:tlg0732.tlg014	tlg0732.tlg014
alexander-philosophy.de-febribus-sp	urn:cts:greekLit:tlg0732.tlg003	tlg0732.tlg003
alexander-philosophy.de-mixtione	urn:cts:greekLit:tlg0732.tlg001	tlg0732.tlg001
alexander-philosophy.hqika-problh-mata-sp	urn:cts:greekLit:tlg0732.tlg013	tlg0732.tlg013
alexander-philosophy.in-aristotelis-analyticorum-priorum-librum-i-commentarium	urn:cts:greekLit:tlg0732.tlg005	tlg0732.tlg005
alexander-philosophy.in-aristotelis-metaphysica-commentaria	urn:cts:greekLit:tlg0732.tlg004	tlg0732.tlg004
alexander-philosophy.in-aristotelis-meteorologicorum-libros-commentaria	urn:cts:greekLit:tlg0732.tlg008	tlg0732.tlg008
alexander-philosophy.in-aristotelis-topicorum-libros-octo-commentaria	urn:cts:greekLit:tlg0732.tlg006	tlg0732.tlg006
alexander-philosophy.in-librum-de-sensu-commentarium	urn:cts:greekLit:tlg0732.tlg007	tlg0732.tlg007
alexander-rhetoric.de-figuris	urn:cts:greekLit:tlg0594.tlg002	tlg0594.tlg002
alexander.fragmenta	urn:cts:greekLit:tlg0401.tlg001	tlg0401.tlg001
alexarchus.fragmenta	urn:cts:greekLit:tlg2556.tlg002	tlg2556.tlg002
alexis-comedy.fragmenta	urn:cts:greekLit:tlg0402.tlg001	tlg0402.tlg001
alexis-samius.fragmenta	urn:cts:greekLit:tlg0707.tlg002	tlg0707.tlg002
alypius.isagoge-musica	urn:cts:greekLit:tlg2135.tlg001	tlg2135.tlg001
amelesagoras.fragmenta	urn:cts:greekLit:tlg2219.tlg003	tlg2219.tlg003
amipsias.fragmenta	urn:cts:greekLit:tlg0403.tlg001	tlg0403.tlg001
ammonius-grammar.de-adfinium-vocabulorum-differentia-peri-o-moi-wn-kai	urn:cts:greekLit:tlg0708.tlg001	tlg0708.tlg001
ammonius-philosophy.in-aristotelis-analytica-priora-sp	urn:cts:greekLit:tlg4016.tlg005	tlg4016.tlg005
ammonius-philosophy.in-aristotelis-analyticorum-priorum-librum-i-commentarium	urn:cts:greekLit:tlg4016.tlg004	tlg4016.tlg004
ammonius-philosophy.in-aristotelis-categorias-commentarius	urn:cts:greekLit:tlg4016.tlg002	tlg4016.tlg002
ammonius-philosophy.in-aristotelis-librum-de-interpretatione-commentarius	urn:cts:greekLit:tlg4016.tlg003	tlg4016.tlg003
ammonius-philosophy.in-porphyrii-isagogen-sive-quinque-voces	urn:cts:greekLit:tlg4016.tlg001	tlg4016.tlg001
amometus.fragmenta	urn:cts:greekLit:tlg2445.tlg003	tlg2445.tlg003
amphicrates-atheniensis.fragmenta	urn:cts:greekLit:tlg2699.tlg001	tlg2699.tlg001
amphilochius.epistula-synodalis	urn:cts:greekLit:tlg2112.tlg015	tlg2112.tlg015
amphis.fragmenta	urn:cts:greekLit:tlg0404.tlg001	tlg0404.tlg001
anacharsidis-epistulae.epistulae	urn:cts:greekLit:tlg0037.tlg001	tlg0037.tlg001
anacreon.fragmenta-2	urn:cts:greekLit:tlg0237.tlg002	tlg0237.tlg002
anacreontea.anacreontea	urn:cts:greekLit:tlg4150.tlg001	tlg4150.tlg001
ananius.fragmenta	urn:cts:greekLit:tlg0238.tlg001	tlg0238.tlg001
anaxagoras.testimonia	urn:cts:greekLit:tlg0713.tlg001	tlg0713.tlg001
anaxandrides.fragmenta	urn:cts:greekLit:tlg0405.tlg001	tlg0405.tlg001
anaxarchus.testimonia	urn:cts:greekLit:tlg0714.tlg001	tlg0714.tlg001
anaxicrates.fragmenta	urn:cts:greekLit:tlg2210.tlg002	tlg2210.tlg002
anaxilas.fragmenta	urn:cts:greekLit:tlg0406.tlg001	tlg0406.tlg001
anaximander.fragmenta	urn:cts:greekLit:tlg0725.tlg002	tlg0725.tlg002
anaximander.testimonia	urn:cts:greekLit:tlg0725.tlg001	tlg0725.tlg001
anaximenes-philosophy.testimonia	urn:cts:greekLit:tlg0617.tlg001	tlg0617.tlg001
anaximenis-milesii-epistulae.epistulae	urn:cts:greekLit:tlg1121.tlg001	tlg1121.tlg001
anaxippus.fragmenta	urn:cts:greekLit:tlg0407.tlg001	tlg0407.tlg001
andocides.de-mysteriis	urn:cts:greekLit:tlg0027.tlg001	tlg0027.tlg001
andocides.de-pace	urn:cts:greekLit:tlg0027.tlg003	tlg0027.tlg003
andocides.de-reditu-suo	urn:cts:greekLit:tlg0027.tlg002	tlg0027.tlg002
andocides.in-alcibiadem-sp	urn:cts:greekLit:tlg0027.tlg004	tlg0027.tlg004
andreas.fragmentum	urn:cts:greekLit:tlg2393.tlg002	tlg2393.tlg002
andriscus.fragmenta	urn:cts:greekLit:tlg2346.tlg002	tlg2346.tlg002
androetas-tenedius.fragmenta	urn:cts:greekLit:tlg2412.tlg002	tlg2412.tlg002
andron-alexandrinus.fragmenta	urn:cts:greekLit:tlg2172.tlg002	tlg2172.tlg002
andron-ephesius.fragmenta	urn:cts:greekLit:tlg4347.tlg001	tlg4347.tlg001
andron-halicarnassensis.fragmenta	urn:cts:greekLit:tlg1123.tlg002	tlg1123.tlg002
andron-tejus.fragmenta	urn:cts:greekLit:tlg2536.tlg003	tlg2536.tlg003
andronicus-rhodius.de-passionibus-lib-1-sp	urn:cts:greekLit:tlg1124.tlg001	tlg1124.tlg001
androtio.fragmenta	urn:cts:greekLit:tlg1125.tlg003	tlg1125.tlg003
androtion.fragmenta	urn:cts:greekLit:tlg1125.tlg001	tlg1125.tlg001
anna-comnena.alexias	urn:cts:greekLit:tlg2703.tlg001	tlg2703.tlg001
anon-tlg1140.tlg1140-tlg001	urn:cts:greekLit:tlg1140.tlg001	tlg1140.tlg001
anon-tlg4049.tlg4049-tlg001	urn:cts:greekLit:tlg4049.tlg001	tlg4049.tlg001
anonymi-de-barbarismo-et-soloecismo.de-barbarismo-et-soloecismo	urn:cts:greekLit:tlg1129.tlg001	tlg1129.tlg001
anonymi-de-terrae-motibus.de-terrae-motibus	urn:cts:greekLit:tlg2972.tlg001	tlg2972.tlg001
anonymi-exegesis-in-hesiodi-theogoniam.exegesis-in-hesiodi-theogoniam	urn:cts:greekLit:tlg3156.tlg001	tlg3156.tlg001
anonymi-geographia-in-sphaera-intelligenda.anonymi-summaria-ratio-geographiae-in-sphaera-intelligendae	urn:cts:greekLit:tlg2029.tlg001	tlg2029.tlg001
anonymi-geographiae-expositio-compendiaria.geographiae-expositio-compendiaria	urn:cts:greekLit:tlg0092.tlg001	tlg0092.tlg001
anonymi-in-aristotelis-artem-rhetoricam.fragmentum-commentarii-in-aristotelis-rhetorica	urn:cts:greekLit:tlg4026.tlg002	tlg4026.tlg002
anonymi-in-aristotelis-artem-rhetoricam.fragmentum-paraphrasis-in-aristotelis-rhetorica	urn:cts:greekLit:tlg4026.tlg003	tlg4026.tlg003
anonymi-in-aristotelis-artem-rhetoricam.in-aristotelis-artem-rhetoricam-commentarium	urn:cts:greekLit:tlg4026.tlg001	tlg4026.tlg001
anonymi-in-aristotelis-categorias.paraphrasis-categoriarum	urn:cts:greekLit:tlg4027.tlg001	tlg4027.tlg001
anonymi-in-aristotelis-ethica-nicomachea.in-ethica-nicomachea-paraphrasis-pseudepigraphum-olim-constantino	urn:cts:greekLit:tlg4033.tlg003	tlg4033.tlg003
anonymi-in-aristotelis-librum-alterum-analyticorum-posteriorum.anonymi-in-analyticorum-posteriorum-librum-alterum-commentarium	urn:cts:greekLit:tlg9004.tlg001	tlg9004.tlg001
anonymi-in-aristotelis-sophisticos-elenchos.in-aristotelis-sophisticos-elenchos-paraphrasis	urn:cts:greekLit:tlg4193.tlg012	tlg4193.tlg012
anonymi-in-oppiani-opera.in-oppiani-halieutica-exegesis-e-cod-paris-gr-2735	urn:cts:greekLit:tlg4171.tlg001	tlg4171.tlg001
anonymi-paradoxographi.de-incredibilibus-excerpta-vaticana	urn:cts:greekLit:tlg4037.tlg001	tlg4037.tlg001
anonymus-ad-avircium-marcellum-contra-cataphrygas.ad-avircium-marcellum-contra-cataphrygas	urn:cts:greekLit:tlg1131.tlg001	tlg1131.tlg001
anonymus-author-of-vita-cononis.vita-sancti-cononis-bidanae		pta:pta0041.pta001
anonymus-iamblichi.fragmenta	urn:cts:greekLit:tlg1134.tlg001	tlg1134.tlg001
anonymus-londinensis.fragmenta	urn:cts:greekLit:tlg0643.tlg002	tlg0643.tlg002
anonymus-londinensis.iatrica-fort-auctore-menone-brit-mus-inv-137	urn:cts:greekLit:tlg0643.tlg001	tlg0643.tlg001
anonymus-pseudo-john-chrysostom-pseudo-basil-of-caesarea.homilia-de-sancta-dominica		pta:pta0040.pta001
anonymus-pseudo-john-chrysostom.homilia-de-dominica-die		pta:pta0039.pta001
anonymus-pseudo-john-chrysostom.in-paralyticum		pta:pta0039.pta002
anonymus-pseudo-john-chrysostom.in-paralyticum-pta		pta:pta0039.pta003
antenor.fragmenta	urn:cts:greekLit:tlg2322.tlg003	tlg2322.tlg003
anthemius.dupuy-1777	urn:cts:greekLit:tlg4088.tlg001	tlg4088.tlg001
anthologia-graeca.anthologia-graeca	urn:cts:greekLit:tlg7000.tlg001	tlg7000.tlg001
antidotus.fragmenta	urn:cts:greekLit:tlg0409.tlg001	tlg0409.tlg001
antigoni-epistula.epistula	urn:cts:greekLit:tlg0618.tlg001	tlg0618.tlg001
antigonus-paradoxography.historiarum-mirabilium-collectio	urn:cts:greekLit:tlg0568.tlg001	tlg0568.tlg001
antileo.fragmenta	urn:cts:greekLit:tlg2173.tlg002	tlg2173.tlg002
antimachus-elegy.fragmenta	urn:cts:greekLit:tlg0239.tlg001	tlg0239.tlg001
antiochi-regis-epistulae.epistulae	urn:cts:greekLit:tlg0044.tlg001	tlg0044.tlg001
antiochus-history.fragmenta	urn:cts:greekLit:tlg1145.tlg003	tlg1145.tlg003
antipater.testimonia-et-fragmenta	urn:cts:greekLit:tlg1146.tlg001	tlg1146.tlg001
antiphanes.fragmenta	urn:cts:greekLit:tlg0410.tlg001	tlg0410.tlg001
antiphon-oratory.de-caede-herodis	urn:cts:greekLit:tlg0028.tlg005	tlg0028.tlg005
antiphon-oratory.de-choreuta	urn:cts:greekLit:tlg0028.tlg006	tlg0028.tlg006
antiphon-oratory.in-novercam	urn:cts:greekLit:tlg0028.tlg001	tlg0028.tlg001
antiphon-oratory.tetralogia-1	urn:cts:greekLit:tlg0028.tlg002	tlg0028.tlg002
antiphon-oratory.tetralogia-2	urn:cts:greekLit:tlg0028.tlg003	tlg0028.tlg003
antiphon-oratory.tetralogia-3	urn:cts:greekLit:tlg0028.tlg004	tlg0028.tlg004
antiphon-soph.fragmenta-2	urn:cts:greekLit:tlg1147.tlg003	tlg1147.tlg003
antiphon-soph.testimonia	urn:cts:greekLit:tlg1147.tlg002	tlg1147.tlg002
antiphon-tragedy.fragmenta	urn:cts:greekLit:tlg0323.tlg001	tlg0323.tlg001
antisthenes-atheniensis.testimonia	urn:cts:greekLit:tlg2313.tlg001	tlg2313.tlg001
antisthenes.declamationes-fragmenta	urn:cts:greekLit:tlg0591.tlg001	tlg0591.tlg001
antistius-ap-duebner-v2	urn:cts:greekLit:tlg0119.tlg003	tlg0119.tlg003
antonius-diogenes.hercher	urn:cts:greekLit:tlg1148.tlg001	tlg1148.tlg001
antyllus.ek-tou-peri-klusmw-n-o-ti-dia-trei-s-ai-ti-as	urn:cts:greekLit:tlg0749.tlg001	tlg0749.tlg001
anubion.fragmenta	urn:cts:greekLit:tlg1126.tlg003	tlg1126.tlg003
apellas-sive-apollas-ponticus.fragmenta	urn:cts:greekLit:tlg1162.tlg002	tlg1162.tlg002
aphthonius.progymnasmata	urn:cts:greekLit:tlg4100.tlg001	tlg4100.tlg001
apion.fragmenta	urn:cts:greekLit:tlg1152.tlg005	tlg1152.tlg005
apollodorus-cyzicenus.testimonia	urn:cts:greekLit:tlg2319.tlg001	tlg2319.tlg001
apollodorus-grammar.fragmenta-2	urn:cts:greekLit:tlg0549.tlg005	tlg0549.tlg005
apollodorus-history.fragmenta	urn:cts:greekLit:tlg1164.tlg002	tlg1164.tlg002
apollodorus-philosophy.fragmenta	urn:cts:greekLit:tlg1166.tlg001	tlg1166.tlg001
apollodorus.fragmenta	urn:cts:greekLit:tlg0413.tlg001	tlg0413.tlg001
apollodorus.fragmenta-2	urn:cts:greekLit:tlg0411.tlg001	tlg0411.tlg001
apollonius-aphrodisiensis.fragmenta	urn:cts:greekLit:tlg1170.tlg003	tlg1170.tlg003
apollonius-dyscolus-grammar.de-adverbiis	urn:cts:greekLit:tlg0082.tlg002	tlg0082.tlg002
apollonius-dyscolus-grammar.de-conjunctionibus	urn:cts:greekLit:tlg0082.tlg003	tlg0082.tlg003
apollonius-dyscolus-grammar.de-constructione	urn:cts:greekLit:tlg0082.tlg004	tlg0082.tlg004
apollonius-dyscolus-grammar.de-pronominibus	urn:cts:greekLit:tlg0082.tlg001	tlg0082.tlg001
apollonius-geom.conica	urn:cts:greekLit:tlg0550.tlg001	tlg0550.tlg001
apollonius-philosophy.apollonii-epistulae-dub	urn:cts:greekLit:tlg0619.tlg003	tlg0619.tlg003
apollonius-philosophy.apotelesmata-sp	urn:cts:greekLit:tlg0619.tlg001	tlg0619.tlg001
apollonius-rhodius-epic.argonautica	urn:cts:greekLit:tlg0001.tlg001	tlg0001.tlg001
apollonius-scr-eccl.fragmenta-ex-libro-adversus-cataphrygas-seu-montanistas	urn:cts:greekLit:tlg1171.tlg001	tlg1171.tlg001
apollonius-soph.lexicon-homericum	urn:cts:greekLit:tlg1168.tlg001	tlg1168.tlg001
apollophanes-comedy.fragmenta	urn:cts:greekLit:tlg0414.tlg001	tlg0414.tlg001
apollophanes.fragmenta	urn:cts:greekLit:tlg2168.tlg001	tlg2168.tlg001
appendix-proverbiorum.appendix-proverbiorum	urn:cts:greekLit:tlg9007.tlg001	tlg9007.tlg001
appianus.annibaica	urn:cts:greekLit:tlg0551.tlg008	tlg0551.tlg008
appianus.basilica-fragmenta	urn:cts:greekLit:tlg0551.tlg002	tlg0551.tlg002
appianus.bellum-civile	urn:cts:greekLit:tlg0551.tlg017	tlg0551.tlg017
appianus.celtica-fragmenta	urn:cts:greekLit:tlg0551.tlg005	tlg0551.tlg005
appianus.iberica	urn:cts:greekLit:tlg0551.tlg007	tlg0551.tlg007
appianus.illyrica	urn:cts:greekLit:tlg0551.tlg012	tlg0551.tlg012
appianus.italica-fragmenta	urn:cts:greekLit:tlg0551.tlg003	tlg0551.tlg003
appianus.libyca	urn:cts:greekLit:tlg0551.tlg009	tlg0551.tlg009
appianus.macedonica-fragmenta	urn:cts:greekLit:tlg0551.tlg011	tlg0551.tlg011
appianus.mithridatica	urn:cts:greekLit:tlg0551.tlg014	tlg0551.tlg014
appianus.numidica-fragmenta	urn:cts:greekLit:tlg0551.tlg010	tlg0551.tlg010
appianus.prooemium	urn:cts:greekLit:tlg0551.tlg001	tlg0551.tlg001
appianus.samnitica-fragmenta	urn:cts:greekLit:tlg0551.tlg004	tlg0551.tlg004
appianus.sicelica-fragmenta	urn:cts:greekLit:tlg0551.tlg006	tlg0551.tlg006
appianus.syriaca	urn:cts:greekLit:tlg0551.tlg013	tlg0551.tlg013
aquila.fragmenta	urn:cts:greekLit:tlg1768.tlg001	tlg1768.tlg001
araros.fragmenta	urn:cts:greekLit:tlg0415.tlg001	tlg0415.tlg001
aratus-astronomy.phaenomena	urn:cts:greekLit:tlg0653.tlg001	tlg0653.tlg001
aratus-sicyonius.fragmenta	urn:cts:greekLit:tlg2162.tlg003	tlg2162.tlg003
arcadius.de-accentibus-sp	urn:cts:greekLit:tlg2116.tlg001	tlg2116.tlg001
arcesilaus-comedy.fragmentum	urn:cts:greekLit:tlg0520.tlg001	tlg0520.tlg001
archedemus.fragmenta	urn:cts:greekLit:tlg1173.tlg001	tlg1173.tlg001
archedicus.fragmenta	urn:cts:greekLit:tlg0416.tlg001	tlg0416.tlg001
archelaus-paradoxography.fragmenta	urn:cts:greekLit:tlg0570.tlg003	tlg0570.tlg003
archelaus-philosophy.testimonia	urn:cts:greekLit:tlg2303.tlg001	tlg2303.tlg001
archemachus.fragmenta	urn:cts:greekLit:tlg1174.tlg001	tlg1174.tlg001
archestratus-parodius.fragmenta	urn:cts:greekLit:tlg1175.tlg001	tlg1175.tlg001
archilochus.fragmenta	urn:cts:greekLit:tlg0232.tlg001	tlg0232.tlg001
archimedes.ad-eratosthenem-methodus	urn:cts:greekLit:tlg0552.tlg010	tlg0552.tlg010
archimedes.arenarius	urn:cts:greekLit:tlg0552.tlg006	tlg0552.tlg006
archimedes.de-conoidibus-et-sphaeroidibus	urn:cts:greekLit:tlg0552.tlg003	tlg0552.tlg003
archimedes.de-corporibus-fluitantibus	urn:cts:greekLit:tlg0552.tlg008	tlg0552.tlg008
archimedes.de-lineis-spiralibus	urn:cts:greekLit:tlg0552.tlg004	tlg0552.tlg004
archimedes.de-planorum-aequilibriis	urn:cts:greekLit:tlg0552.tlg005	tlg0552.tlg005
archimedes.de-sphaera-et-cylindro	urn:cts:greekLit:tlg0552.tlg001	tlg0552.tlg001
archimedes.dimensio-circuli	urn:cts:greekLit:tlg0552.tlg002	tlg0552.tlg002
archimedes.fragmenta	urn:cts:greekLit:tlg0552.tlg013	tlg0552.tlg013
archimedes.liber-assumptorum	urn:cts:greekLit:tlg0552.tlg011	tlg0552.tlg011
archimedes.problema-bovinum	urn:cts:greekLit:tlg0552.tlg012	tlg0552.tlg012
archimedes.quadratura-parabolae	urn:cts:greekLit:tlg0552.tlg007	tlg0552.tlg007
archimedes.stomachion	urn:cts:greekLit:tlg0552.tlg009	tlg0552.tlg009
archinus.fragmenta	urn:cts:greekLit:tlg2418.tlg002	tlg2418.tlg002
archippus.fragmenta	urn:cts:greekLit:tlg0417.tlg001	tlg0417.tlg001
archytas-philosophy.fragmenta	urn:cts:greekLit:tlg0620.tlg002	tlg0620.tlg002
archytas-philosophy.testimonia	urn:cts:greekLit:tlg0620.tlg001	tlg0620.tlg001
aresas.fragmentum	urn:cts:greekLit:tlg1178.tlg001	tlg1178.tlg001
aretades.fragmenta	urn:cts:greekLit:tlg2193.tlg002	tlg2193.tlg002
aretaeus.de-causis-et-signis-acutorum-morborum-lib-1	urn:cts:greekLit:tlg0719.tlg001	tlg0719.tlg001
aretaeus.de-causis-et-signis-acutorum-morborum-lib-2	urn:cts:greekLit:tlg0719.tlg002	tlg0719.tlg002
aretaeus.de-curatione-acutorum-morborum-libri-duo	urn:cts:greekLit:tlg0719.tlg003	tlg0719.tlg003
aretaeus.de-curatione-diuturnorum-morborum-libri-duo	urn:cts:greekLit:tlg0719.tlg004	tlg0719.tlg004
aristaenetus.epistulae	urn:cts:greekLit:tlg4000.tlg001	tlg4000.tlg001
aristaeus.fragmenta	urn:cts:greekLit:tlg1180.tlg001	tlg1180.tlg001
aristagoras-comedy.fragmenta	urn:cts:greekLit:tlg0418.tlg001	tlg0418.tlg001
aristagoras-milesius.fragmenta	urn:cts:greekLit:tlg1190.tlg003	tlg1190.tlg003
aristarchus-astronomy.de-magnitudinibus-et-distantiis-solis-et-lunae	urn:cts:greekLit:tlg1181.tlg001	tlg1181.tlg001
aristarchus-ludwich	urn:cts:greekLit:tlg1767.tlg001	tlg1767.tlg001
aristarchus.fragmenta	urn:cts:greekLit:tlg0306.tlg001	tlg0306.tlg001
aristias.fragmenta	urn:cts:greekLit:tlg0305.tlg001	tlg0305.tlg001
aristides-milesius.fragmenta	urn:cts:greekLit:tlg2194.tlg002	tlg2194.tlg002
aristides-quintilianus-music.de-musica	urn:cts:greekLit:tlg2054.tlg001	tlg2054.tlg001
aristippus.fragmenta	urn:cts:greekLit:tlg2216.tlg003	tlg2216.tlg003
aristo-pellaeus.fragmenta	urn:cts:greekLit:tlg1992.tlg003	tlg1992.tlg003
aristobulus.fhg3	urn:cts:greekLit:tlg2557.tlg001	tlg2557.tlg001
aristobulus.fragmenta	urn:cts:greekLit:tlg2557.tlg002	tlg2557.tlg002
aristocles-messanius.fragmenta	urn:cts:greekLit:tlg1188.tlg001	tlg1188.tlg001
aristocles-messanius.fragmenta-2	urn:cts:greekLit:tlg1188.tlg002	tlg1188.tlg002
aristocles.fragmenta	urn:cts:greekLit:tlg0571.tlg001	tlg0571.tlg001
aristocrates.fragmenta	urn:cts:greekLit:tlg1189.tlg003	tlg1189.tlg003
aristocreon.fragmenta	urn:cts:greekLit:tlg2455.tlg003	tlg2455.tlg003
aristocritus.fragmenta	urn:cts:greekLit:tlg2341.tlg003	tlg2341.tlg003
aristodemus.fragmenta	urn:cts:greekLit:tlg1875.tlg001	tlg1875.tlg001
aristomenes.fragmenta	urn:cts:greekLit:tlg0419.tlg001	tlg0419.tlg001
ariston-chius.testimonia-et-fragmenta	urn:cts:greekLit:tlg1193.tlg001	tlg1193.tlg001
aristonicus-friedlaender	urn:cts:greekLit:tlg1348.tlg012	tlg1348.tlg012
aristonicus-grammar.de-signis-odysseae	urn:cts:greekLit:tlg1194.tlg001	tlg1194.tlg001
aristonicus-tarentinus.fragmenta	urn:cts:greekLit:tlg1899.tlg002	tlg1899.tlg002
aristonymus.fragmenta	urn:cts:greekLit:tlg0420.tlg001	tlg0420.tlg001
aristophanes-boeotus.fragmenta	urn:cts:greekLit:tlg1196.tlg004	tlg1196.tlg004
aristophanes-byzantii-nauck	urn:cts:greekLit:tlg1002.tlg019	tlg1002.tlg019
aristophanes-comedy.acharnenses	urn:cts:greekLit:tlg0019.tlg001	tlg0019.tlg001
aristophanes-comedy.aves	urn:cts:greekLit:tlg0019.tlg006	tlg0019.tlg006
aristophanes-comedy.ecclesiazusae	urn:cts:greekLit:tlg0019.tlg010	tlg0019.tlg010
aristophanes-comedy.equites	urn:cts:greekLit:tlg0019.tlg002	tlg0019.tlg002
aristophanes-comedy.fragmenta-2	urn:cts:greekLit:tlg0019.tlg013	tlg0019.tlg013
aristophanes-comedy.lysistrata	urn:cts:greekLit:tlg0019.tlg007	tlg0019.tlg007
aristophanes-comedy.nubes	urn:cts:greekLit:tlg0019.tlg003	tlg0019.tlg003
aristophanes-comedy.pax	urn:cts:greekLit:tlg0019.tlg005	tlg0019.tlg005
aristophanes-comedy.plutus	urn:cts:greekLit:tlg0019.tlg011	tlg0019.tlg011
aristophanes-comedy.ranae	urn:cts:greekLit:tlg0019.tlg009	tlg0019.tlg009
aristophanes-comedy.thesmophoriazusae	urn:cts:greekLit:tlg0019.tlg008	tlg0019.tlg008
aristophanes-comedy.vespae	urn:cts:greekLit:tlg0019.tlg004	tlg0019.tlg004
aristophanes-grammar.aristophanis-historiae-animalium-epitome-subjunctis-aeliani-timothei	urn:cts:greekLit:tlg0644.tlg001	tlg0644.tlg001
aristophon.fragmenta	urn:cts:greekLit:tlg0421.tlg001	tlg0421.tlg001
aristoteles-et-corpus-aristotelicum.analytica-priora-et-posteriora	urn:cts:greekLit:tlg0086.tlg001	tlg0086.tlg001
aristoteles-et-corpus-aristotelicum.aqhnai-wn-politei	urn:cts:greekLit:tlg0086.tlg003	tlg0086.tlg003
aristoteles-et-corpus-aristotelicum.categoriae	urn:cts:greekLit:tlg0086.tlg006	tlg0086.tlg006
aristoteles-et-corpus-aristotelicum.de-anima	urn:cts:greekLit:tlg0086.tlg002	tlg0086.tlg002
aristoteles-et-corpus-aristotelicum.de-anima-codicis-e-fragmenta-recensionis-vulgata-diversae	urn:cts:greekLit:tlg0086.tlg052	tlg0086.tlg052
aristoteles-et-corpus-aristotelicum.de-audibilibus	urn:cts:greekLit:tlg0086.tlg004	tlg0086.tlg004
aristoteles-et-corpus-aristotelicum.de-caelo	urn:cts:greekLit:tlg0086.tlg005	tlg0086.tlg005
aristoteles-et-corpus-aristotelicum.de-coloribus	urn:cts:greekLit:tlg0086.tlg007	tlg0086.tlg007
aristoteles-et-corpus-aristotelicum.de-divinatione-per-somnum	urn:cts:greekLit:tlg0086.tlg008	tlg0086.tlg008
aristoteles-et-corpus-aristotelicum.de-generatione-animalium	urn:cts:greekLit:tlg0086.tlg012	tlg0086.tlg012
aristoteles-et-corpus-aristotelicum.de-generatione-et-corruptione	urn:cts:greekLit:tlg0086.tlg013	tlg0086.tlg013
aristoteles-et-corpus-aristotelicum.de-incessu-animalium	urn:cts:greekLit:tlg0086.tlg015	tlg0086.tlg015
aristoteles-et-corpus-aristotelicum.de-insomniis	urn:cts:greekLit:tlg0086.tlg016	tlg0086.tlg016
aristoteles-et-corpus-aristotelicum.de-interpretatione	urn:cts:greekLit:tlg0086.tlg017	tlg0086.tlg017
aristoteles-et-corpus-aristotelicum.de-juventute-et-senectute-de-vita-et-morte	urn:cts:greekLit:tlg0086.tlg018	tlg0086.tlg018
aristoteles-et-corpus-aristotelicum.de-lineis-insecabilibus	urn:cts:greekLit:tlg0086.tlg019	tlg0086.tlg019
aristoteles-et-corpus-aristotelicum.de-longitudine-et-brevitate-vitae	urn:cts:greekLit:tlg0086.tlg020	tlg0086.tlg020
aristoteles-et-corpus-aristotelicum.de-memoria-et-reminiscentia	urn:cts:greekLit:tlg0086.tlg024	tlg0086.tlg024
aristoteles-et-corpus-aristotelicum.de-motu-animalium	urn:cts:greekLit:tlg0086.tlg021	tlg0086.tlg021
aristoteles-et-corpus-aristotelicum.de-partibus-animalium	urn:cts:greekLit:tlg0086.tlg030	tlg0086.tlg030
aristoteles-et-corpus-aristotelicum.de-respiratione	urn:cts:greekLit:tlg0086.tlg037	tlg0086.tlg037
aristoteles-et-corpus-aristotelicum.de-sensu-et-sensibilibus	urn:cts:greekLit:tlg0086.tlg041	tlg0086.tlg041
aristoteles-et-corpus-aristotelicum.de-somno-et-vigilia	urn:cts:greekLit:tlg0086.tlg042	tlg0086.tlg042
aristoteles-et-corpus-aristotelicum.de-spiritu	urn:cts:greekLit:tlg0086.tlg043	tlg0086.tlg043
aristoteles-et-corpus-aristotelicum.de-ventorum-situ-et-nominibus	urn:cts:greekLit:tlg0086.tlg046	tlg0086.tlg046
aristoteles-et-corpus-aristotelicum.de-virtutibus-et-vitiis	urn:cts:greekLit:tlg0086.tlg045	tlg0086.tlg045
aristoteles-et-corpus-aristotelicum.de-xenophane-de-zenone-de-gorgia	urn:cts:greekLit:tlg0086.tlg047	tlg0086.tlg047
aristoteles-et-corpus-aristotelicum.divisiones-aristoteleae	urn:cts:greekLit:tlg0086.tlg048	tlg0086.tlg048
aristoteles-et-corpus-aristotelicum.epistulae	urn:cts:greekLit:tlg0086.tlg011	tlg0086.tlg011
aristoteles-et-corpus-aristotelicum.ethica-eudemia	urn:cts:greekLit:tlg0086.tlg009	tlg0086.tlg009
aristoteles-et-corpus-aristotelicum.ethica-nicomachea	urn:cts:greekLit:tlg0086.tlg010	tlg0086.tlg010
aristoteles-et-corpus-aristotelicum.historia-animalium	urn:cts:greekLit:tlg0086.tlg014	tlg0086.tlg014
aristoteles-et-corpus-aristotelicum.magna-moralia	urn:cts:greekLit:tlg0086.tlg022	tlg0086.tlg022
aristoteles-et-corpus-aristotelicum.mechanica	urn:cts:greekLit:tlg0086.tlg023	tlg0086.tlg023
aristoteles-et-corpus-aristotelicum.metaphysica	urn:cts:greekLit:tlg0086.tlg025	tlg0086.tlg025
aristoteles-et-corpus-aristotelicum.meteorologica	urn:cts:greekLit:tlg0086.tlg026	tlg0086.tlg026
aristoteles-et-corpus-aristotelicum.mirabilium-auscultationes	urn:cts:greekLit:tlg0086.tlg027	tlg0086.tlg027
aristoteles-et-corpus-aristotelicum.oeconomica	urn:cts:greekLit:tlg0086.tlg029	tlg0086.tlg029
aristoteles-et-corpus-aristotelicum.physica	urn:cts:greekLit:tlg0086.tlg031	tlg0086.tlg031
aristoteles-et-corpus-aristotelicum.physicorum-libri-octavi-textus-alter-post-267b26	urn:cts:greekLit:tlg0086.tlg054	tlg0086.tlg054
aristoteles-et-corpus-aristotelicum.physiognomonica	urn:cts:greekLit:tlg0086.tlg032	tlg0086.tlg032
aristoteles-et-corpus-aristotelicum.poetica	urn:cts:greekLit:tlg0086.tlg034	tlg0086.tlg034
aristoteles-et-corpus-aristotelicum.politica	urn:cts:greekLit:tlg0086.tlg035	tlg0086.tlg035
aristoteles-et-corpus-aristotelicum.problemata	urn:cts:greekLit:tlg0086.tlg036	tlg0086.tlg036
aristoteles-et-corpus-aristotelicum.rhetorica	urn:cts:greekLit:tlg0086.tlg038	tlg0086.tlg038
aristoteles-et-corpus-aristotelicum.sophistici-elenchi	urn:cts:greekLit:tlg0086.tlg040	tlg0086.tlg040
aristoteles-et-corpus-aristotelicum.tlg0086-tlg039	urn:cts:greekLit:tlg0086.tlg039	tlg0086.tlg039
aristoteles-et-corpus-aristotelicum.topica	urn:cts:greekLit:tlg0086.tlg044	tlg0086.tlg044
aristoxenus-music.elementa-harmonica	urn:cts:greekLit:tlg0088.tlg001	tlg0088.tlg001
aristoxenus-music.fragmenta	urn:cts:greekLit:tlg0088.tlg006	tlg0088.tlg006
arius-didymus.liber-de-philosophorum-sectis-epitome-ap-stobaeum	urn:cts:greekLit:tlg0529.tlg002	tlg0529.tlg002
arius-didymus.physica-fragmenta	urn:cts:greekLit:tlg0529.tlg001	tlg0529.tlg001
armenidas.fragmenta	urn:cts:greekLit:tlg0360.tlg002	tlg0360.tlg002
artaxerxis-epistulae.epistulae	urn:cts:greekLit:tlg0045.tlg001	tlg0045.tlg001
artemidorus-oneirocritica.onirocriticon	urn:cts:greekLit:tlg0553.tlg001	tlg0553.tlg001
artemon-cassandrensis.fragmenta	urn:cts:greekLit:tlg1197.tlg001	tlg1197.tlg001
artemon-history.fragmenta	urn:cts:greekLit:tlg2307.tlg002	tlg2307.tlg002
artemon-pergamenus.fragmenta	urn:cts:greekLit:tlg2392.tlg003	tlg2392.tlg003
asclepiades-mendesius.fragmenta	urn:cts:greekLit:tlg2423.tlg002	tlg2423.tlg002
asclepiades-myrleanus.fragmenta	urn:cts:greekLit:tlg1199.tlg003	tlg1199.tlg003
asclepiades-tragilensis.fragmenta	urn:cts:greekLit:tlg1200.tlg003	tlg1200.tlg003
asclepiades.fragmenta	urn:cts:greekLit:tlg1200.tlg001	tlg1200.tlg001
asclepiodotus.tactica	urn:cts:greekLit:tlg0556.tlg001	tlg0556.tlg001
asclepius.in-aristotelis-metaphysicorum-libros-az-commentaria	urn:cts:greekLit:tlg4018.tlg001	tlg4018.tlg001
asius.fragmentum-elegiacum	urn:cts:greekLit:tlg0242.tlg001	tlg0242.tlg001
aspasius.in-ethica-nichomachea-commentaria	urn:cts:greekLit:tlg0615.tlg001	tlg0615.tlg001
astrampsychus-magus.astrampsychus-oracula-hercher	urn:cts:greekLit:tlg2642.tlg001	tlg2642.tlg001
astydamas.fragmenta	urn:cts:greekLit:tlg0325.tlg001	tlg0325.tlg001
athanasius-of-alexandria.apologia-ad-constantium	urn:cts:greekLit:tlg2035.tlg134	tlg2035.tlg134
athanasius-of-alexandria.epistula-ad-afros	urn:cts:greekLit:tlg2035.tlg138	tlg2035.tlg138
athanasius-of-alexandria.epistula-ad-dracontium	urn:cts:greekLit:tlg2035.tlg137	tlg2035.tlg137
athanasius-of-alexandria.epistula-ad-ioannem-et-antiochum	urn:cts:greekLit:tlg2035.tlg135	tlg2035.tlg135
athanasius-of-alexandria.epistula-ad-jovianum	urn:cts:greekLit:tlg2035.tlg140	tlg2035.tlg140
athanasius-of-alexandria.epistula-ad-palladium	urn:cts:greekLit:tlg2035.tlg136	tlg2035.tlg136
athanasius-of-alexandria.petitiones-arianorum	urn:cts:greekLit:tlg2035.tlg141	tlg2035.tlg141
athanasius-of-alexandria.tomus-ad-antiochenos	urn:cts:greekLit:tlg2035.tlg139	tlg2035.tlg139
athanasius-theology.contra-gentes	urn:cts:greekLit:tlg2035.tlg001	tlg2035.tlg001
athanasius-theology.de-azymis-sp	urn:cts:greekLit:tlg2035.tlg058	tlg2035.tlg058
athanasius-theology.de-corpore-et-anima-sp	urn:cts:greekLit:tlg2035.tlg103	tlg2035.tlg103
athanasius-theology.de-decretis-nicaenae-synodi	urn:cts:greekLit:tlg2035.tlg003	tlg2035.tlg003
athanasius-theology.de-incarnatione-contra-apollinarium-libri-ii-sp	urn:cts:greekLit:tlg2035.tlg124	tlg2035.tlg124
athanasius-theology.de-incarnatione-verbi	urn:cts:greekLit:tlg2035.tlg002	tlg2035.tlg002
athanasius-theology.de-sabbatis-et-circumcisione-sp	urn:cts:greekLit:tlg2035.tlg068	tlg2035.tlg068
athanasius-theology.de-sancta-trinitate-dialogi-1-3-5-sp	urn:cts:greekLit:tlg2035.tlg109	tlg2035.tlg109
athanasius-theology.de-sancta-trinitate-dialogi-2-and-4-sp	urn:cts:greekLit:tlg2035.tlg027	tlg2035.tlg027
athanasius-theology.de-sententia-dionysii	urn:cts:greekLit:tlg2035.tlg004	tlg2035.tlg004
athanasius-theology.de-synodis-arimini-in-italia-et-seleuciae-in-isauria	urn:cts:greekLit:tlg2035.tlg010	tlg2035.tlg010
athanasius-theology.de-virginitate-sp	urn:cts:greekLit:tlg2035.tlg029	tlg2035.tlg029
athanasius-theology.dialogi-duo-contra-macedonianos-sp	urn:cts:greekLit:tlg2035.tlg099	tlg2035.tlg099
athanasius-theology.disputatio-contra-arium-sp	urn:cts:greekLit:tlg2035.tlg072	tlg2035.tlg072
athanasius-theology.doctrina-ad-antiochum-ducem-sp	urn:cts:greekLit:tlg2035.tlg026	tlg2035.tlg026
athanasius-theology.doctrina-ad-monachos-sp	urn:cts:greekLit:tlg2035.tlg102	tlg2035.tlg102
athanasius-theology.epistula-ad-adelphium	urn:cts:greekLit:tlg2035.tlg050	tlg2035.tlg050
athanasius-theology.epistula-ad-afros-episcopos	urn:cts:greekLit:tlg2035.tlg049	tlg2035.tlg049
athanasius-theology.epistula-ad-epictetum	urn:cts:greekLit:tlg2035.tlg110	tlg2035.tlg110
athanasius-theology.epistula-ad-jovianum	urn:cts:greekLit:tlg2035.tlg119	tlg2035.tlg119
athanasius-theology.epistula-ad-marcellinum-de-interpretatione-psalmorum	urn:cts:greekLit:tlg2035.tlg059	tlg2035.tlg059
athanasius-theology.epistula-ad-maximum	urn:cts:greekLit:tlg2035.tlg051	tlg2035.tlg051
athanasius-theology.epistula-ad-monachos-2	urn:cts:greekLit:tlg2035.tlg055	tlg2035.tlg055
athanasius-theology.epistula-ad-rufinianum	urn:cts:greekLit:tlg2035.tlg015	tlg2035.tlg015
athanasius-theology.epistula-catholica-sp	urn:cts:greekLit:tlg2035.tlg065	tlg2035.tlg065
athanasius-theology.epistula-festalis-xxxix-fragmentum-in-collectione-canonum	urn:cts:greekLit:tlg2035.tlg014	tlg2035.tlg014
athanasius-theology.epistulae-ad-castorem-sp	urn:cts:greekLit:tlg2035.tlg085	tlg2035.tlg085
athanasius-theology.epistulae-festales-ap-cosmam-indicopleustem	urn:cts:greekLit:tlg2035.tlgX01	tlg2035.tlgX01
athanasius-theology.epistulae-quattuor-ad-serapionem	urn:cts:greekLit:tlg2035.tlg043	tlg2035.tlg043
athanasius-theology.expositiones-in-psalmos	urn:cts:greekLit:tlg2035.tlg061	tlg2035.tlg061
athanasius-theology.fragmenta-varia	urn:cts:greekLit:tlg2035.tlg054	tlg2035.tlg054
athanasius-theology.homilia-de-passione-et-cruce-domini-additamenta	urn:cts:greekLit:tlg2035.tlg125	tlg2035.tlg125
athanasius-theology.homilia-de-passione-et-cruce-domini-sp	urn:cts:greekLit:tlg2035.tlg070	tlg2035.tlg070
athanasius-theology.homilia-de-semente-sp	urn:cts:greekLit:tlg2035.tlg069	tlg2035.tlg069
athanasius-theology.homilia-in-occursum-domini-sp	urn:cts:greekLit:tlg2035.tlg090	tlg2035.tlg090
athanasius-theology.homilia-in-passionem-domini-et-in-parasceve-sp	urn:cts:greekLit:tlg2035.tlgX08	tlg2035.tlgX08
athanasius-theology.homilia-in-sanctum-andream-sp	urn:cts:greekLit:tlg2035.tlgX12	tlg2035.tlgX12
athanasius-theology.homilia-in-sanctum-pascha-et-in-recens-illuminatos-sp	urn:cts:greekLit:tlg2035.tlgX10	tlg2035.tlgX10
athanasius-theology.homilia-in-sanctum-pascha-sp	urn:cts:greekLit:tlg2035.tlgX09	tlg2035.tlgX09
athanasius-theology.in-caecum-nativitate-sp	urn:cts:greekLit:tlg2035.tlg091	tlg2035.tlg091
athanasius-theology.in-illud-profecti-in-pagum-invenietis-pullum-alligatum-sp	urn:cts:greekLit:tlg2035.tlg017	tlg2035.tlg017
athanasius-theology.in-nativitatem-praecursoris-sp	urn:cts:greekLit:tlg2035.tlg086	tlg2035.tlg086
athanasius-theology.interpretatio-in-symbolum-sp	urn:cts:greekLit:tlg2035.tlgX06	tlg2035.tlgX06
athanasius-theology.liber-de-definitionibus-sp	urn:cts:greekLit:tlg2035.tlg075	tlg2035.tlg075
athanasius-theology.narratio-de-cruce-seu-imagine-berytensi-sp	urn:cts:greekLit:tlg2035.tlg082	tlg2035.tlg082
athanasius-theology.oratio-i-contra-arianos	urn:cts:greekLit:tlg2035.tlg130	tlg2035.tlg130
athanasius-theology.oratio-ii-contra-arianos	urn:cts:greekLit:tlg2035.tlg131	tlg2035.tlg131
athanasius-theology.oratio-iii-contra-arianos	urn:cts:greekLit:tlg2035.tlg132	tlg2035.tlg132
athanasius-theology.oratio-in-resurrectionem-et-in-recens-baptizatos-sp	urn:cts:greekLit:tlg2035.tlg036	tlg2035.tlg036
athanasius-theology.oratio-quarta-contra-arianos-sp	urn:cts:greekLit:tlg2035.tlg117	tlg2035.tlg117
athanasius-theology.orationes-tres-contra-arianos	urn:cts:greekLit:tlg2035.tlg042	tlg2035.tlg042
athanasius-theology.quaestiones-ad-antiochum-ducem-sp	urn:cts:greekLit:tlg2035.tlg077	tlg2035.tlg077
athanasius-theology.quaestiones-aliae-sp	urn:cts:greekLit:tlg2035.tlg081	tlg2035.tlg081
athanasius-theology.quaestiones-in-evangelia-sp	urn:cts:greekLit:tlg2035.tlg078	tlg2035.tlg078
athanasius-theology.quaestiones-in-scripturam-sacram-sp	urn:cts:greekLit:tlg2035.tlg080	tlg2035.tlg080
athanasius-theology.refutatio-hypocriseos-meletii-et-eusebii-sp	urn:cts:greekLit:tlg2035.tlg066	tlg2035.tlg066
athanasius-theology.scholia-in-acta-fort-ex-libris-contra-novatianos	urn:cts:greekLit:tlg2035.tlg057	tlg2035.tlg057
athanasius-theology.sermo-ad-antiochum-ducem-sp	urn:cts:greekLit:tlg2035.tlg076	tlg2035.tlg076
athanasius-theology.sermo-contra-latinos-sp	urn:cts:greekLit:tlg2035.tlg083	tlg2035.tlg083
athanasius-theology.sermo-contra-omnes-haereses-sp	urn:cts:greekLit:tlg2035.tlg073	tlg2035.tlg073
athanasius-theology.sermo-de-descriptione-deiparae-sp	urn:cts:greekLit:tlg2035.tlg088	tlg2035.tlg088
athanasius-theology.sermo-de-patientia-sp	urn:cts:greekLit:tlg2035.tlg056	tlg2035.tlg056
athanasius-theology.sermo-exhortatorius-sp-e-cod-paris-gr-769	urn:cts:greekLit:tlg2035.tlg038	tlg2035.tlg038
athanasius-theology.sermo-in-annuntiationem-deiparae-sp	urn:cts:greekLit:tlg2035.tlg087	tlg2035.tlg087
athanasius-theology.sermo-in-nativitatem-christi-sp	urn:cts:greekLit:tlg2035.tlg089	tlg2035.tlg089
athanasius-theology.sermo-pro-iis-qui-saeculo-renuntiarunt-sp	urn:cts:greekLit:tlg2035.tlg101	tlg2035.tlg101
athanasius-theology.symbolum-quicumque-sp	urn:cts:greekLit:tlg2035.tlg106	tlg2035.tlg106
athanasius-theology.synopsis-scripturae-sacrae-sp	urn:cts:greekLit:tlg2035.tlg071	tlg2035.tlg071
athanasius-theology.syntagma-ad-monachos-e-cod-vossiano-gr-fol-46-sp	urn:cts:greekLit:tlg2035.tlg118	tlg2035.tlg118
athanasius-theology.syntagma-ad-quendam-politicum-sp	urn:cts:greekLit:tlg2035.tlg100	tlg2035.tlg100
athanasius-theology.testimonia-e-scriptura-de-communi-essentia-patris-et-filii-et-spiritus	urn:cts:greekLit:tlg2035.tlg064	tlg2035.tlg064
athanasius-theology.vita-antonii	urn:cts:greekLit:tlg2035.tlg047	tlg2035.tlg047
athanasius-theology.vita-sanctae-syncleticae-sp	urn:cts:greekLit:tlg2035.tlg104	tlg2035.tlg104
athanasius-theology.vitae-monasticae-institutio-sp	urn:cts:greekLit:tlg2035.tlg084	tlg2035.tlg084
athenaeus-mechanics.de-machinis	urn:cts:greekLit:tlg1204.tlg001	tlg1204.tlg001
athenaeus-naucratita.fragmenta	urn:cts:greekLit:tlg0008.tlg002	tlg0008.tlg002
athenaeus-soph.deipnosophistae	urn:cts:greekLit:tlg0008.tlg001	tlg0008.tlg001
athenagoras.de-resurrectione	urn:cts:greekLit:tlg1205.tlg002	tlg1205.tlg002
athenagoras.legatio-sive-supplicatio-pro-christianis	urn:cts:greekLit:tlg1205.tlg001	tlg1205.tlg001
athenodorus-philosophy.fragmenta	urn:cts:greekLit:tlg1206.tlg003	tlg1206.tlg003
atridarum-reditus.fragmenta	urn:cts:greekLit:tlg1212.tlg002	tlg1212.tlg002
atridarum-reditus.fragmentum	urn:cts:greekLit:tlg1212.tlg001	tlg1212.tlg001
autesion.fragmenta	urn:cts:greekLit:tlg2205.tlg002	tlg2205.tlg002
autocharis.fragmentum	urn:cts:greekLit:tlg2175.tlg002	tlg2175.tlg002
autocrates-comedy.fragmenta	urn:cts:greekLit:tlg0423.tlg001	tlg0423.tlg001
autocrates.fragmenta	urn:cts:greekLit:tlg2204.tlg002	tlg2204.tlg002
autolycus.de-ortibus-et-occasibus	urn:cts:greekLit:tlg1210.tlg002	tlg1210.tlg002
autolycus.de-sphaera-quae-movetur	urn:cts:greekLit:tlg1210.tlg001	tlg1210.tlg001
axionicus.fragmenta	urn:cts:greekLit:tlg0424.tlg001	tlg0424.tlg001
bacchius-geron.isagoge	urn:cts:greekLit:tlg2136.tlg001	tlg2136.tlg001
bacchylides.tlg0199-tlg001	urn:cts:greekLit:tlg0199.tlg001	tlg0199.tlg001
bacchylides.tlg0199-tlg002	urn:cts:greekLit:tlg0199.tlg002	tlg0199.tlg002
barnabae-epistula.barnabae-epistula	urn:cts:greekLit:tlg1216.tlg001	tlg1216.tlg001
basilides.fragmentum	urn:cts:greekLit:tlg2398.tlg001	tlg2398.tlg001
basilis.fragmenta	urn:cts:greekLit:tlg1218.tlg003	tlg1218.tlg003
basilius-scr-eccl.de-vita-et-miraculis-sanctae-theclae-libri-ii-sp	urn:cts:greekLit:tlg2800.tlg018	tlg2800.tlg018
basilius-scr-eccl.sermones-xli	urn:cts:greekLit:tlg2800.tlg002	tlg2800.tlg002
basilius-theology.adversus-eunomium-libri-5	urn:cts:greekLit:tlg2040.tlg019	tlg2040.tlg019
basilius-theology.asceticon-magnum-sive-quaestiones-regulae-brevius	urn:cts:greekLit:tlg2040.tlg050	tlg2040.tlg050
basilius-theology.asceticon-magnum-sive-quaestiones-regulae-fusius	urn:cts:greekLit:tlg2040.tlg048	tlg2040.tlg048
basilius-theology.consolatoria-ad-aegrotum-sp-sub-auctore-proclo	urn:cts:greekLit:tlg2040.tlg068	tlg2040.tlg068
basilius-theology.constitutiones-asceticae-sp	urn:cts:greekLit:tlg2040.tlg074	tlg2040.tlg074
basilius-theology.contra-sabellianos-et-arium-et-anomoeos	urn:cts:greekLit:tlg2040.tlg039	tlg2040.tlg039
basilius-theology.de-baptismo-libri-duo	urn:cts:greekLit:tlg2040.tlg052	tlg2040.tlg052
basilius-theology.de-fide	urn:cts:greekLit:tlg2040.tlg031	tlg2040.tlg031
basilius-theology.de-humilitate	urn:cts:greekLit:tlg2040.tlg036	tlg2040.tlg036
basilius-theology.de-jejunio-homilia-1	urn:cts:greekLit:tlg2040.tlg020	tlg2040.tlg020
basilius-theology.de-jejunio-homilia-2	urn:cts:greekLit:tlg2040.tlg021	tlg2040.tlg021
basilius-theology.de-jejunio-homilia-3-sp	urn:cts:greekLit:tlg2040.tlg063	tlg2040.tlg063
basilius-theology.de-legendis-gentilium-libris	urn:cts:greekLit:tlg2040.tlg002	tlg2040.tlg002
basilius-theology.de-spiritu-sancto	urn:cts:greekLit:tlg2040.tlg003	tlg2040.tlg003
basilius-theology.enarratio-in-prophetam-isaiam-dub	urn:cts:greekLit:tlg2040.tlg009	tlg2040.tlg009
basilius-theology.epistulae	urn:cts:greekLit:tlg2040.tlg004	tlg2040.tlg004
basilius-theology.epitimia-in-canonicas-epitimia-25-dub	urn:cts:greekLit:tlg2040.tlg066	tlg2040.tlg066
basilius-theology.homilia-adversus-eos-qui-irascuntur	urn:cts:greekLit:tlg2040.tlg026	tlg2040.tlg026
basilius-theology.homilia-de-invidia	urn:cts:greekLit:tlg2040.tlg027	tlg2040.tlg027
basilius-theology.homilia-de-misericordia-et-judicio-sp	urn:cts:greekLit:tlg2040.tlg069	tlg2040.tlg069
basilius-theology.homilia-de-spiritu-sancto-sp	urn:cts:greekLit:tlg2040.tlg057	tlg2040.tlg057
basilius-theology.homilia-dicta-in-lacisis	urn:cts:greekLit:tlg2040.tlg058	tlg2040.tlg058
basilius-theology.homilia-dicta-tempore-famis-et-siccitatis	urn:cts:greekLit:tlg2040.tlg024	tlg2040.tlg024
basilius-theology.homilia-exhortatoria-ad-sanctum-baptisma	urn:cts:greekLit:tlg2040.tlg029	tlg2040.tlg029
basilius-theology.homilia-in-divites	urn:cts:greekLit:tlg2040.tlg008	tlg2040.tlg008
basilius-theology.homilia-in-illud-destruam-horrea-mea	urn:cts:greekLit:tlg2040.tlg007	tlg2040.tlg007
basilius-theology.homilia-in-illud-ne-dederis-somnum-oculis-tuis-sp	urn:cts:greekLit:tlg2040.tlg062	tlg2040.tlg062
basilius-theology.homilia-in-principium-proverbiorum	urn:cts:greekLit:tlg2040.tlg028	tlg2040.tlg028
basilius-theology.homilia-in-psalmum-37-sp	urn:cts:greekLit:tlg2040.tlg054	tlg2040.tlg054
basilius-theology.homiliae-in-hexaemeron	urn:cts:greekLit:tlg2040.tlg001	tlg2040.tlg001
basilius-theology.homiliae-super-psalmos	urn:cts:greekLit:tlg2040.tlg018	tlg2040.tlg018
basilius-theology.in-barlaam-martyrem-sp	urn:cts:greekLit:tlg2040.tlg033	tlg2040.tlg033
basilius-theology.in-ebriosos	urn:cts:greekLit:tlg2040.tlg030	tlg2040.tlg030
basilius-theology.in-gordium-martyrem	urn:cts:greekLit:tlg2040.tlg034	tlg2040.tlg034
basilius-theology.in-illud-in-principio-erat-verbum	urn:cts:greekLit:tlg2040.tlg032	tlg2040.tlg032
basilius-theology.in-mamantem-martyrem	urn:cts:greekLit:tlg2040.tlg038	tlg2040.tlg038
basilius-theology.in-quadraginta-martyres-sebastenses	urn:cts:greekLit:tlg2040.tlg035	tlg2040.tlg035
basilius-theology.in-sanctam-christi-generationem	urn:cts:greekLit:tlg2040.tlg059	tlg2040.tlg059
basilius-theology.liturgia-recensio-brevior-vetusta	urn:cts:greekLit:tlg2040.tlg071	tlg2040.tlg071
basilius-theology.orationes-sive-exorcismi-sp	urn:cts:greekLit:tlg2040.tlg064	tlg2040.tlg064
basilius-theology.poenae-in-monachos-delinquentes-epitimia-24-dub	urn:cts:greekLit:tlg2040.tlg065	tlg2040.tlg065
basilius-theology.prologus-3-prooemium-in-regulas-brevius-tractatas	urn:cts:greekLit:tlg2040.tlg049	tlg2040.tlg049
basilius-theology.prologus-4-prooemium-in-asceticum-magnum	urn:cts:greekLit:tlg2040.tlg047	tlg2040.tlg047
basilius-theology.prologus-5-sermo-asceticus-dub	urn:cts:greekLit:tlg2040.tlg046	tlg2040.tlg046
basilius-theology.prologus-7-de-judicio-dei	urn:cts:greekLit:tlg2040.tlg043	tlg2040.tlg043
basilius-theology.prologus-8-de-fide	urn:cts:greekLit:tlg2040.tlg045	tlg2040.tlg045
basilius-theology.quod-deus-non-est-auctor-malorum	urn:cts:greekLit:tlg2040.tlg025	tlg2040.tlg025
basilius-theology.quod-rebus-mundanis-adhaerendum-non-sit	urn:cts:greekLit:tlg2040.tlg037	tlg2040.tlg037
basilius-theology.regulae-morales	urn:cts:greekLit:tlg2040.tlg051	tlg2040.tlg051
basilius-theology.sermo-10-praevia-institutio-ascetica-dub	urn:cts:greekLit:tlg2040.tlg040	tlg2040.tlg040
basilius-theology.sermo-11-sermo-asceticus-et-exhortatio-de-renuntiatione-mundi	urn:cts:greekLit:tlg2040.tlg041	tlg2040.tlg041
basilius-theology.sermo-ob-sacerdotum-instructionem-recensio-brevior-sp	urn:cts:greekLit:tlg2040.tlg070	tlg2040.tlg070
basilius-theology.sermones-de-moribus-symeone-metaphrasta-collecti	urn:cts:greekLit:tlg2040.tlg075	tlg2040.tlg075
batrachomyomachia.batrachomyomachia	urn:cts:greekLit:tlg1220.tlg001	tlg1220.tlg001
beros-s-us.fragmenta	urn:cts:greekLit:tlg1222.tlg001	tlg1222.tlg001
bion-bucolic.epitaphius-adonis	urn:cts:greekLit:tlg0036.tlg001	tlg0036.tlg001
bion-bucolic.epithalamium-achillis-et-deidameiae-sp	urn:cts:greekLit:tlg0036.tlg002	tlg0036.tlg002
bion-bucolic.fragmenta	urn:cts:greekLit:tlg0036.tlg003	tlg0036.tlg003
bion-history.fragmenta	urn:cts:greekLit:tlg1225.tlg003	tlg1225.tlg003
bion-mathematics.testimonia	urn:cts:greekLit:tlg2153.tlg001	tlg2153.tlg001
bion-philosophy.fragmenta	urn:cts:greekLit:tlg1224.tlg001	tlg1224.tlg001
bion-proconnensis.fragmenta	urn:cts:greekLit:tlg1871.tlg003	tlg1871.tlg003
blaesus.fragmentum	urn:cts:greekLit:tlg1227.tlg001	tlg1227.tlg001
boethus.fragmenta	urn:cts:greekLit:tlg2397.tlg001	tlg2397.tlg001
boidas.testimonium	urn:cts:greekLit:tlg2230.tlg001	tlg2230.tlg001
bolus.testimonium	urn:cts:greekLit:tlg1306.tlg006	tlg1306.tlg006
brotinus.testimonia	urn:cts:greekLit:tlg1230.tlg002	tlg1230.tlg002
bruti-epistulae.epistulae	urn:cts:greekLit:tlg1803.tlg001	tlg1803.tlg001
bryson.fragmentum	urn:cts:greekLit:tlg1231.tlg001	tlg1231.tlg001
butherus.fragmentum	urn:cts:greekLit:tlg1232.tlg001	tlg1232.tlg001
callias.fragmenta	urn:cts:greekLit:tlg0426.tlg001	tlg0426.tlg001
callicratidas.fragmenta	urn:cts:greekLit:tlg1237.tlg001	tlg1237.tlg001
callimachus.aetia	urn:cts:greekLit:tlg0533.tlg006	tlg0533.tlg006
callimachus.callimachea-schneider-v1	urn:cts:greekLit:tlg0533.tlg001	tlg0533.tlg001
callimachus.epigrammata	urn:cts:greekLit:tlg0533.tlg003	tlg0533.tlg003
callimachus.epigrammata-2	urn:cts:greekLit:tlg0533.tlg004	tlg0533.tlg004
callimachus.hecala	urn:cts:greekLit:tlg0533.tlg009	tlg0533.tlg009
callimachus.iambi	urn:cts:greekLit:tlg0533.tlg007	tlg0533.tlg007
callimachus.in-apollinem-hymn-2	urn:cts:greekLit:tlg0533.tlg016	tlg0533.tlg016
callimachus.in-cererem-hymn-6	urn:cts:greekLit:tlg0533.tlg020	tlg0533.tlg020
callimachus.in-delum-hymn-4	urn:cts:greekLit:tlg0533.tlg018	tlg0533.tlg018
callimachus.in-dianam-hymn-3	urn:cts:greekLit:tlg0533.tlg017	tlg0533.tlg017
callimachus.in-jovem-hymn-1	urn:cts:greekLit:tlg0533.tlg015	tlg0533.tlg015
callimachus.in-lavacrum-palladis-hymn-5	urn:cts:greekLit:tlg0533.tlg019	tlg0533.tlg019
callinicus-soph.fragmenta	urn:cts:greekLit:tlg2189.tlg002	tlg2189.tlg002
callinicus-soph.fragmenta-2	urn:cts:greekLit:tlg2189.tlg003	tlg2189.tlg003
callinus.fragmenta	urn:cts:greekLit:tlg0243.tlg001	tlg0243.tlg001
calliphon-et-democedes.testimonia	urn:cts:greekLit:tlg2218.tlg001	tlg2218.tlg001
callippus-corinthius.fragmenta	urn:cts:greekLit:tlg2270.tlg002	tlg2270.tlg002
callistratus-soph.statuarum-descriptiones	urn:cts:greekLit:tlg4091.tlg001	tlg4091.tlg001
callixenus-rhodius.fragmenta	urn:cts:greekLit:tlg1240.tlg003	tlg1240.tlg003
callixenus.fragmenta	urn:cts:greekLit:tlg1240.tlg001	tlg1240.tlg001
cantharus.fragmenta	urn:cts:greekLit:tlg0428.tlg001	tlg0428.tlg001
canticum-euripidis.ex-orestis-stasimo-i	urn:cts:greekLit:tlg2138.tlg001	tlg2138.tlg001
capito.fragmenta	urn:cts:greekLit:tlg2506.tlg003	tlg2506.tlg003
carcinus-junior.fragmenta	urn:cts:greekLit:tlg0327.tlg001	tlg0327.tlg001
carmina-convivialia-pmg.fragmenta	urn:cts:greekLit:tlg0296.tlg001	tlg0296.tlg001
carmina-delphis-inventa.carmina-delphis-inventa	urn:cts:greekLit:tlg0362.tlg001	tlg0362.tlg001
carmina-popularia-pmg.fragmenta	urn:cts:greekLit:tlg0295.tlg001	tlg0295.tlg001
carystius.fragmenta	urn:cts:greekLit:tlg1245.tlg001	tlg1245.tlg001
cassius-dio.historiae-romanae	urn:cts:greekLit:tlg0385.tlg001	tlg0385.tlg001
cassius-iatrosophista.quaestiones-medicae-et-problemata-physica	urn:cts:greekLit:tlg0733.tlg001	tlg0733.tlg001
cassius-longinus.ars-rhetorica	urn:cts:greekLit:tlg2178.tlg001	tlg2178.tlg001
cassius-longinus.excerpta	urn:cts:greekLit:tlg2178.tlg002	tlg2178.tlg002
cassius-longinus.fragmenta	urn:cts:greekLit:tlg2178.tlg004	tlg2178.tlg004
catenae-novum-testamentum.catena-in-acta-catena-andreae-e-cod-oxon-coll-nov-58	urn:cts:greekLit:tlg4102.tlg008	tlg4102.tlg008
catenae-novum-testamentum.catena-in-epistulam-ad-colossenses-typus-parisinus-e-cod	urn:cts:greekLit:tlg4102.tlg022	tlg4102.tlg022
catenae-novum-testamentum.catena-in-epistulam-ad-ephesios-typus-parisinus-e-cod-coislin	urn:cts:greekLit:tlg4102.tlg020	tlg4102.tlg020
catenae-novum-testamentum.catena-in-epistulam-ad-galatas-typus-parisinus-e-cod-coislin	urn:cts:greekLit:tlg4102.tlg019	tlg4102.tlg019
catenae-novum-testamentum.catena-in-epistulam-ad-hebraeos-e-cod-paris-coislin-204	urn:cts:greekLit:tlg4102.tlg038	tlg4102.tlg038
catenae-novum-testamentum.catena-in-epistulam-ad-philemonem-e-cod-paris-coislin-204	urn:cts:greekLit:tlg4102.tlg037	tlg4102.tlg037
catenae-novum-testamentum.catena-in-epistulam-ad-philippenses-typus-parisinus-e-cod	urn:cts:greekLit:tlg4102.tlg021	tlg4102.tlg021
catenae-novum-testamentum.catena-in-epistulam-ad-romanos-typus-monacensis-e-cod-monac-gr	urn:cts:greekLit:tlg4102.tlg011	tlg4102.tlg011
catenae-novum-testamentum.catena-in-epistulam-ad-romanos-typus-vaticanus-e-cod-oxon-bodl	urn:cts:greekLit:tlg4102.tlg010	tlg4102.tlg010
catenae-novum-testamentum.catena-in-epistulam-ad-titum-e-cod-paris-coislin-204	urn:cts:greekLit:tlg4102.tlg036	tlg4102.tlg036
catenae-novum-testamentum.catena-in-epistulam-i-ad-corinthios-typus-vaticanus-e-cod-paris	urn:cts:greekLit:tlg4102.tlg012	tlg4102.tlg012
catenae-novum-testamentum.catena-in-epistulam-i-ad-thessalonicenses-typus-parisinus-e-cod	urn:cts:greekLit:tlg4102.tlg023	tlg4102.tlg023
catenae-novum-testamentum.catena-in-epistulam-i-ad-timotheum-e-cod-paris-coislin-204	urn:cts:greekLit:tlg4102.tlg034	tlg4102.tlg034
catenae-novum-testamentum.catena-in-epistulam-ii-ad-corinthios-catena-pseudooecumenii-e	urn:cts:greekLit:tlg4102.tlg013	tlg4102.tlg013
catenae-novum-testamentum.catena-in-epistulam-ii-ad-thessalonicenses-typus-parisinus-e-cod	urn:cts:greekLit:tlg4102.tlg024	tlg4102.tlg024
catenae-novum-testamentum.catena-in-epistulam-ii-ad-timotheum-e-cod-paris-coislin-204	urn:cts:greekLit:tlg4102.tlg035	tlg4102.tlg035
catenae-novum-testamentum.catena-in-epistulam-jacobi-catena-andreae-e-cod-oxon-coll-nov	urn:cts:greekLit:tlg4102.tlg040	tlg4102.tlg040
catenae-novum-testamentum.catena-in-epistulam-joannis-i-catena-andreae-e-cod-oxon-coll	urn:cts:greekLit:tlg4102.tlg043	tlg4102.tlg043
catenae-novum-testamentum.catena-in-epistulam-joannis-ii-catena-andreae-e-cod-oxon-coll	urn:cts:greekLit:tlg4102.tlg044	tlg4102.tlg044
catenae-novum-testamentum.catena-in-epistulam-joannis-iii-catena-andreae-e-cod-oxon-coll	urn:cts:greekLit:tlg4102.tlg045	tlg4102.tlg045
catenae-novum-testamentum.catena-in-epistulam-juda-catena-andreae-e-cod-oxon-coll-nov	urn:cts:greekLit:tlg4102.tlg046	tlg4102.tlg046
catenae-novum-testamentum.catena-in-epistulam-petri-i-catena-andreae-e-cod-oxon-coll	urn:cts:greekLit:tlg4102.tlg041	tlg4102.tlg041
catenae-novum-testamentum.catena-in-epistulam-petri-ii-catena-andreae-e-cod-oxon-coll	urn:cts:greekLit:tlg4102.tlg042	tlg4102.tlg042
catenae-novum-testamentum.catena-in-joannem-catena-integra-e-codd-paris-coislin-23	urn:cts:greekLit:tlg4102.tlg005	tlg4102.tlg005
catenae-novum-testamentum.catena-in-lucam-typus-b-e-codd-paris-coislin-23-oxon-bodl	urn:cts:greekLit:tlg4102.tlg004	tlg4102.tlg004
catenae-novum-testamentum.catena-in-marcum-recensio-ii-e-codd-oxon-bodl-laud-33	urn:cts:greekLit:tlg4102.tlg002	tlg4102.tlg002
catenae-novum-testamentum.catena-in-matthaeum-catena-integra-e-cod-paris-coislin-gr-23	urn:cts:greekLit:tlg4102.tlg001	tlg4102.tlg001
catenae-novum-testamentum.supplementum-et-varietas-lectionis-ad-catenam-in-evangelium-sancti	urn:cts:greekLit:tlg4102.tlg006	tlg4102.tlg006
catenae-novum-testamentum.supplementum-et-varietas-lectionis-ad-catenam-in-evangelium-sancti-2	urn:cts:greekLit:tlg4102.tlg007	tlg4102.tlg007
catenae-novum-testamentum.supplementum-et-varietas-lectionis-ad-commentarium-chrysostomi-in	urn:cts:greekLit:tlg4102.tlg003	tlg4102.tlg003
cebes.cebetis-tabula	urn:cts:greekLit:tlg1247.tlg001	tlg1247.tlg001
cephalion.fragmenta	urn:cts:greekLit:tlg1249.tlg003	tlg1249.tlg003
cephisodorus.fragmenta	urn:cts:greekLit:tlg0429.tlg001	tlg0429.tlg001
cercidas.fragmenta	urn:cts:greekLit:tlg1250.tlg001	tlg1250.tlg001
cercops.testimonium	urn:cts:greekLit:tlg2286.tlg001	tlg2286.tlg001
certamen-homeri-et-hesiodi.certamen-homeri-et-hesiodi	urn:cts:greekLit:tlg1252.tlg002	tlg1252.tlg002
chaeremon-history.fragmenta	urn:cts:greekLit:tlg2424.tlg003	tlg2424.tlg003
chaeremon-tragedy.fragmenta	urn:cts:greekLit:tlg0328.tlg001	tlg0328.tlg001
chaeremon.fragmenta	urn:cts:greekLit:tlg2424.tlg001	tlg2424.tlg001
charax.fragmenta	urn:cts:greekLit:tlg1254.tlg003	tlg1254.tlg003
chariclides.fragmentum	urn:cts:greekLit:tlg0430.tlg001	tlg0430.tlg001
chariton.de-chaerea-et-callirhoe	urn:cts:greekLit:tlg0554.tlg001	tlg0554.tlg001
charon.fragmenta	urn:cts:greekLit:tlg1258.tlg003	tlg1258.tlg003
chionides.fragmenta	urn:cts:greekLit:tlg0431.tlg001	tlg0431.tlg001
chionis-epistulae.epistulae	urn:cts:greekLit:tlg0041.tlg001	tlg0041.tlg001
choerilus-tragedy.fragmenta	urn:cts:greekLit:tlg0302.tlg001	tlg0302.tlg001
choerilus.fragmenta-epica	urn:cts:greekLit:tlg1263.tlg005	tlg1263.tlg005
choricius.opera	urn:cts:greekLit:tlg4094.tlg001	tlg4094.tlg001
chronicon-paschale.chronicon-paschale	urn:cts:greekLit:tlg2371.tlg001	tlg2371.tlg001
chrysermus.fragmenta	urn:cts:greekLit:tlg2195.tlg002	tlg2195.tlg002
chrysippus-philosophy.fragmenta-ad-singulos-libros-relata	urn:cts:greekLit:tlg1264.tlg004	tlg1264.tlg004
chrysippus-philosophy.fragmenta-logica-et-physica	urn:cts:greekLit:tlg1264.tlg001	tlg1264.tlg001
chrysippus-philosophy.fragmenta-moralia	urn:cts:greekLit:tlg1264.tlg002	tlg1264.tlg002
chrysippus-philosophy.fragmenta-quae-ad-explicationem-carminum-homericorum-pertinent	urn:cts:greekLit:tlg1264.tlg003	tlg1264.tlg003
chrysippus.fragmenta	urn:cts:greekLit:tlg2559.tlg002	tlg2559.tlg002
cineas-thessalus.fragmenta	urn:cts:greekLit:tlg2417.tlg003	tlg2417.tlg003
cinesias.fragmentum	urn:cts:greekLit:tlg0375.tlg001	tlg0375.tlg001
claudius-aelianus.de-natura-animalium	urn:cts:greekLit:tlg0545.tlg001	tlg0545.tlg001
claudius-aelianus.epistulae-rusticae	urn:cts:greekLit:tlg0545.tlg003	tlg0545.tlg003
claudius-aelianus.fragmenta	urn:cts:greekLit:tlg0545.tlg004	tlg0545.tlg004
claudius-aelianus.varia-historia	urn:cts:greekLit:tlg0545.tlg002	tlg0545.tlg002
claudius-apollinarius.fragmenta	urn:cts:greekLit:tlg1163.tlg001	tlg1163.tlg001
claudius-iolaus.fragmenta	urn:cts:greekLit:tlg1268.tlg002	tlg1268.tlg002
claudius-ptolemaeus.apotelesmatica-tetrabiblos	urn:cts:greekLit:tlg0363.tlg007	tlg0363.tlg007
claudius-ptolemaeus.musica	urn:cts:greekLit:tlg0363.tlg011	tlg0363.tlg011
claudius-ptolemaeus.syntaxis-mathematica	urn:cts:greekLit:tlg0363.tlg001	tlg0363.tlg001
cleanthes.testimonia-et-fragmenta	urn:cts:greekLit:tlg1269.tlg002	tlg1269.tlg002
clearchus-comedy.fragmenta	urn:cts:greekLit:tlg0432.tlg001	tlg0432.tlg001
clearchus-philosophy.fragmenta	urn:cts:greekLit:tlg1270.tlg001	tlg1270.tlg001
clearchus-solensis.fragmenta	urn:cts:greekLit:tlg1270.tlg001	tlg1270.tlg001
clemens-alexandrinus.eclogae-propheticae	urn:cts:greekLit:tlg0555.tlg005	tlg0555.tlg005
clemens-alexandrinus.excerpta-ex-theodoto	urn:cts:greekLit:tlg0555.tlg007	tlg0555.tlg007
clemens-alexandrinus.fragmenta	urn:cts:greekLit:tlg0555.tlg008	tlg0555.tlg008
clemens-alexandrinus.paedagogus	urn:cts:greekLit:tlg0555.tlg002	tlg0555.tlg002
clemens-alexandrinus.protrepticus	urn:cts:greekLit:tlg0555.tlg001	tlg0555.tlg001
clemens-alexandrinus.quis-dives-salvetur	urn:cts:greekLit:tlg0555.tlg006	tlg0555.tlg006
clemens-alexandrinus.stromata	urn:cts:greekLit:tlg0555.tlg004	tlg0555.tlg004
clemens-romanus-et-clementina.contestatio-sp	urn:cts:greekLit:tlg1271.tlg004	tlg1271.tlg004
clemens-romanus-et-clementina.epistula-clementis-ad-jacobum-sp	urn:cts:greekLit:tlg1271.tlg005	tlg1271.tlg005
clemens-romanus-et-clementina.epistula-i-ad-corinthios	urn:cts:greekLit:tlg1271.tlg001	tlg1271.tlg001
clemens-romanus-et-clementina.epistula-ii-ad-corinthios-sp	urn:cts:greekLit:tlg1271.tlg002	tlg1271.tlg002
clemens-romanus-et-clementina.epistula-petri-ad-jacobum-sp	urn:cts:greekLit:tlg1271.tlg003	tlg1271.tlg003
clemens-romanus-et-clementina.epistulae-de-virginitate-sp	urn:cts:greekLit:tlg1271.tlg010	tlg1271.tlg010
clemens-romanus-et-clementina.homiliae-sp	urn:cts:greekLit:tlg1271.tlg006	tlg1271.tlg006
clemens-romanus-et-clementina.pseudoclementina-epitome-altera-auctore-symeone-metaphrasta-sp	urn:cts:greekLit:tlg1271.tlg011	tlg1271.tlg011
clemens-romanus-et-clementina.pseudoclementina-epitome-de-gestis-petri-praemetaphrastica-sp	urn:cts:greekLit:tlg1271.tlg012	tlg1271.tlg012
cleobulina-scriptor-aenigmatum.fragmenta	urn:cts:greekLit:tlg0244.tlg001	tlg0244.tlg001
cleomedes.de-motu-circulari-corporum-caelestium	urn:cts:greekLit:tlg1272.tlg001	tlg1272.tlg001
cleonides.introductio-harmonica	urn:cts:greekLit:tlg0361.tlg001	tlg0361.tlg001
cleostratus.testimonia	urn:cts:greekLit:tlg1275.tlg001	tlg1275.tlg001
clidemus-philosophy.testimonia	urn:cts:greekLit:tlg2305.tlg001	tlg2305.tlg001
clidemus.testimonia	urn:cts:greekLit:tlg2305.tlg001	tlg2305.tlg001
clinias.fragmenta	urn:cts:greekLit:tlg1277.tlg001	tlg1277.tlg001
clitonymus.fragmenta	urn:cts:greekLit:tlg2190.tlg002	tlg2190.tlg002
clitophon-rhodius.fragmenta	urn:cts:greekLit:tlg1281.tlg002	tlg1281.tlg002
clytus.fragmenta	urn:cts:greekLit:tlg1282.tlg002	tlg1282.tlg002
cogPG.PG003	urn:cts:greekLit:cogPG.PG003	cogPG.PG003
cogPG.PG005	urn:cts:greekLit:cogPG.PG005	cogPG.PG005
cogPG.PG006	urn:cts:greekLit:cogPG.PG006	cogPG.PG006
cogPG.PG067	urn:cts:greekLit:cogPG.PG067	cogPG.PG067
cogPG.PG087_1	urn:cts:greekLit:cogPG.PG087_1	cogPG.PG087_1
cogPG.PG101	urn:cts:greekLit:cogPG.PG101	cogPG.PG101
cogPG.PG107	urn:cts:greekLit:cogPG.PG107	cogPG.PG107
cogPG.PG109	urn:cts:greekLit:cogPG.PG109	cogPG.PG109
cogPG.PG112	urn:cts:greekLit:cogPG.PG112	cogPG.PG112
cogPG.PG113	urn:cts:greekLit:cogPG.PG113	cogPG.PG113
cogPG.PG118	urn:cts:greekLit:cogPG.PG118	cogPG.PG118
cogPG.PG122	urn:cts:greekLit:cogPG.PG122	cogPG.PG122
cogPG.PG123	urn:cts:greekLit:cogPG.PG123	cogPG.PG123
cogPG.PG124	urn:cts:greekLit:cogPG.PG124	cogPG.PG124
cogPG.PG125	urn:cts:greekLit:cogPG.PG125	cogPG.PG125
cogPG.PG126	urn:cts:greekLit:cogPG.PG126	cogPG.PG126
cogPG.PG134	urn:cts:greekLit:cogPG.PG134	cogPG.PG134
cogPG.PG139	urn:cts:greekLit:cogPG.PG139	cogPG.PG139
cogPG.PG146	urn:cts:greekLit:cogPG.PG146	cogPG.PG146
cogPG.PG151	urn:cts:greekLit:cogPG.PG151	cogPG.PG151
cogPG.PG155	urn:cts:greekLit:cogPG.PG155	cogPG.PG155
cogPG.PG157	urn:cts:greekLit:cogPG.PG157	cogPG.PG157
cogPG.PG158	urn:cts:greekLit:cogPG.PG158	cogPG.PG158
colluthus.raptio-helenae	urn:cts:greekLit:tlg4081.tlg001	tlg4081.tlg001
comarius.de-lapide-philosophorum-e-cod-paris-b-n-gr-2327-fol-74r	urn:cts:greekLit:tlg2632.tlg001	tlg2632.tlg001
comarius.peri-th-s-qei-as-kai-i-era-s-te-xnhs-tw-n-filoso-fwn-e	urn:cts:greekLit:tlg2632.tlgX01	tlg2632.tlgX01
comica-adespota-caf.fragmenta-incertorum-poetarum	urn:cts:greekLit:tlg0408.tlg001	tlg0408.tlg001
commentaria-in-dionysii-thracis-artem-grammaticam.prolegomena-vossiana	urn:cts:greekLit:tlg4175.tlg001	tlg4175.tlg001
conon.fragmenta	urn:cts:greekLit:tlg1285.tlg003	tlg1285.tlg003
constantinus-vii-porphyrogenitus-imperator.de-administrando-imperio	urn:cts:greekLit:tlg3023.tlg008	tlg3023.tlg008
constantinus-vii-porphyrogenitus-imperator.de-cerimoniis-aulae-byzantinae-lib-1-84-2-56	urn:cts:greekLit:tlg3023.tlg010	tlg3023.tlg010
constantinus-vii-porphyrogenitus-imperator.de-thematibus	urn:cts:greekLit:tlg3023.tlg009	tlg3023.tlg009
constantinus-vii-porphyrogenitus-imperator.de-virtutibus-et-vitiis	urn:cts:greekLit:tlg3023.tlg002	tlg3023.tlg002
corinna.fragmenta	urn:cts:greekLit:tlg0294.tlg001	tlg0294.tlg001
cornelius-alexander.fragmenta	urn:cts:greekLit:tlg0697.tlg003	tlg0697.tlg003
corpus-hermeticum.asklhpiw-eu-fronei-n	urn:cts:greekLit:tlg1286.tlg014	tlg1286.tlg014
corpus-hermeticum.dialogus-sine-titulo	urn:cts:greekLit:tlg1286.tlg002	tlg1286.tlg002
corpus-hermeticum.dialogus-sine-titulo-2	urn:cts:greekLit:tlg1286.tlg017	tlg1286.tlg017
corpus-hermeticum.fragmenta	urn:cts:greekLit:tlg1286.tlg020	tlg1286.tlg020
corpus-hermeticum.hieros-logos	urn:cts:greekLit:tlg1286.tlg003	tlg1286.tlg003
corpus-hermeticum.klei-s	urn:cts:greekLit:tlg1286.tlg010	tlg1286.tlg010
corpus-hermeticum.nou-s-pro-s-ermh-n	urn:cts:greekLit:tlg1286.tlg011	tlg1286.tlg011
corpus-hermeticum.oroi-asklhpiou-pro-s-ammwna-basile	urn:cts:greekLit:tlg1286.tlg016	tlg1286.tlg016
corpus-hermeticum.oti-e-n-mo-nw-tw-qew-gaqo-n-e-stin-llaxo-qi-de	urn:cts:greekLit:tlg1286.tlg006	tlg1286.tlg006
corpus-hermeticum.oti-me-giston-kako-n-e-n-nqrw-pois-h-peri-tou-qeou	urn:cts:greekLit:tlg1286.tlg007	tlg1286.tlg007
corpus-hermeticum.oti-ou-de-n-tw-n-o-ntwn-po-llutai-lla-ta-s-metabola-s	urn:cts:greekLit:tlg1286.tlg008	tlg1286.tlg008
corpus-hermeticum.peri-noh-sews-kai-ai-sqh-sews-o-ti-e-n-mo-nw-tw-qew	urn:cts:greekLit:tlg1286.tlg009	tlg1286.tlg009
corpus-hermeticum.peri-nou-koinou-pro-s-ta-t	urn:cts:greekLit:tlg1286.tlg012	tlg1286.tlg012
corpus-hermeticum.peri-th-s-u-po-tou-pa-qous-tou-sw-matos-e-mpodizome-nhs	urn:cts:greekLit:tlg1286.tlg018	tlg1286.tlg018
corpus-hermeticum.poimandres	urn:cts:greekLit:tlg1286.tlg001	tlg1286.tlg001
corpus-hermeticum.pro-s-n-ui-o-n-ta-t-e-n-o-rei-lo-gos-po-krufos-peri	urn:cts:greekLit:tlg1286.tlg013	tlg1286.tlg013
corpus-hermeticum.pro-s-ta-t-o-krath-r-h-mona-s	urn:cts:greekLit:tlg1286.tlg004	tlg1286.tlg004
corpus-hermeticum.pro-s-ta-t-ui-o-n-o-ti-fanh-s-qeo-s-fanerw-tato-s-e-stin	urn:cts:greekLit:tlg1286.tlg005	tlg1286.tlg005
cosmas-hieromonachus.ermhnei-th-s-e-pisth-mhs-th-s-xrusopoii-as-i-eromona-xou-tou	urn:cts:greekLit:tlg4330.tlg001	tlg4330.tlg001
cougny-appendix-nova.didot-anthologia-v3		note:edition-scoped work: Cougny, Epigrammatum Anthologia Palatina... et appendice nova, vol. III (Didot 1890); formerly mislabeled thomas-patricius-anthol-dubner-v3 with a fabricated tlg4049.tlg001 claim (tlg4049 not in the TLG canon); no tlg urn - no open edition of the appendix exists
crantor.fragmenta	urn:cts:greekLit:tlg1287.tlg001	tlg1287.tlg001
craterus.fragmenta	urn:cts:greekLit:tlg1288.tlg001	tlg1288.tlg001
crates-atheniensis.fragmenta	urn:cts:greekLit:tlg1289.tlg002	tlg1289.tlg002
crates-comedy.fragmenta	urn:cts:greekLit:tlg0433.tlg001	tlg0433.tlg001
crates-poet-phil.fragmenta	urn:cts:greekLit:tlg0336.tlg002	tlg0336.tlg002
cratetis-epistulae.epistulae	urn:cts:greekLit:tlg0623.tlg001	tlg0623.tlg001
crateuas.fragmenta	urn:cts:greekLit:tlg0657.tlg001	tlg0657.tlg001
cratinus-junior.fragmenta	urn:cts:greekLit:tlg0435.tlg001	tlg0435.tlg001
cratinus.fragmenta	urn:cts:greekLit:tlg0434.tlg001	tlg0434.tlg001
cratippus.fragmenta	urn:cts:greekLit:tlg1907.tlg003	tlg1907.tlg003
cratylus.testimonia	urn:cts:greekLit:tlg2291.tlg001	tlg2291.tlg001
creon-vel-paeon-amathusius.fragmenta	urn:cts:greekLit:tlg2512.tlg002	tlg2512.tlg002
creophylus.fragmenta	urn:cts:greekLit:tlg1291.tlg002	tlg1291.tlg002
crinis.fragmenta	urn:cts:greekLit:tlg1293.tlg001	tlg1293.tlg001
critias.fragmenta	urn:cts:greekLit:tlg0319.tlg001	tlg0319.tlg001
critias.fragmenta-3	urn:cts:greekLit:tlg0319.tlg004	tlg0319.tlg004
critias.testimonia	urn:cts:greekLit:tlg0319.tlg003	tlg0319.tlg003
critolaus-history.fragmenta	urn:cts:greekLit:tlg2552.tlg002	tlg2552.tlg002
criton-pieriota.fragmenta	urn:cts:greekLit:tlg1867.tlg003	tlg1867.tlg003
crobylus.fragmenta	urn:cts:greekLit:tlg0437.tlg001	tlg0437.tlg001
ctesias.fragmenta	urn:cts:greekLit:tlg0845.tlg002	tlg0845.tlg002
ctesiphon.fragmenta	urn:cts:greekLit:tlg2201.tlg002	tlg2201.tlg002
cypria.cypria-fragmenta	urn:cts:greekLit:tlg1296.tlg001	tlg1296.tlg001
cyranides.cyranides	urn:cts:greekLit:tlg1482.tlg001	tlg1482.tlg001
cyrillus-scr-eccl.catecheses-ad-illuminandos-1-18	urn:cts:greekLit:tlg2110.tlg003	tlg2110.tlg003
cyrillus-scr-eccl.epistula-ad-constantium-imperatorem	urn:cts:greekLit:tlg2110.tlg013	tlg2110.tlg013
cyrillus-scr-eccl.homilia-in-occursum-domini-sp	urn:cts:greekLit:tlg2110.tlg007	tlg2110.tlg007
cyrillus-scr-eccl.mystagogiae-1-5-sp	urn:cts:greekLit:tlg2110.tlg002	tlg2110.tlg002
cyrillus-scr-eccl.procatechesis	urn:cts:greekLit:tlg2110.tlg001	tlg2110.tlg001
cyrillus-theology.ad-calosyrium-epist-83	urn:cts:greekLit:tlg4090.tlg022	tlg4090.tlg022
cyrillus-theology.ad-euoptium-episcopum-ptolemaidis-epist-84	urn:cts:greekLit:tlg4090.tlgX48	tlg4090.tlgX48
cyrillus-theology.apologeticus-ad-theodosium-imperatorem	urn:cts:greekLit:tlg4090.tlgX30	tlg4090.tlgX30
cyrillus-theology.apologia-xii-anathematismorum-contra-theodoretum	urn:cts:greekLit:tlg4090.tlgX49	tlg4090.tlgX49
cyrillus-theology.apologia-xii-capitulorum-contra-orientales	urn:cts:greekLit:tlg4090.tlgX53	tlg4090.tlgX53
cyrillus-theology.collectio-dictorum-veteris-testamenti-sp	urn:cts:greekLit:tlg4090.tlg124	tlg4090.tlg124
cyrillus-theology.commentarii-in-joannem	urn:cts:greekLit:tlg4090.tlg002	tlg4090.tlg002
cyrillus-theology.commentarii-in-lucam-in-catenis	urn:cts:greekLit:tlg4090.tlg108	tlg4090.tlg108
cyrillus-theology.commentarius-in-isaiam-prophetam	urn:cts:greekLit:tlg4090.tlg103	tlg4090.tlg103
cyrillus-theology.commentarius-in-xii-prophetas-minores	urn:cts:greekLit:tlg4090.tlg001	tlg4090.tlg001
cyrillus-theology.contra-julianum-lib-1-2	urn:cts:greekLit:tlg4090.tlg176	tlg4090.tlg176
cyrillus-theology.de-adoratione-et-cultu-in-spiritu-et-veritate	urn:cts:greekLit:tlg4090.tlg096	tlg4090.tlg096
cyrillus-theology.de-incarnatione-dei-verbi-homilia-diversa-15	urn:cts:greekLit:tlg4090.tlgX78	tlg4090.tlgX78
cyrillus-theology.de-incarnatione-unigeniti	urn:cts:greekLit:tlg4090.tlg026	tlg4090.tlg026
cyrillus-theology.de-sancta-trinitate-dialogi-ivii	urn:cts:greekLit:tlg4090.tlg023	tlg4090.tlg023
cyrillus-theology.de-sancta-trinitate-sp	urn:cts:greekLit:tlg4090.tlg123	tlg4090.tlg123
cyrillus-theology.dialogus-cum-nestorio-sp	urn:cts:greekLit:tlg4090.tlg110	tlg4090.tlg110
cyrillus-theology.epistulae-paschales-sive-homiliae-paschales-epist-1-30	urn:cts:greekLit:tlg4090.tlg032	tlg4090.tlg032
cyrillus-theology.explanatio-xii-capitulorum	urn:cts:greekLit:tlg4090.tlgX44	tlg4090.tlgX44
cyrillus-theology.expositio-in-psalmos	urn:cts:greekLit:tlg4090.tlg100	tlg4090.tlg100
cyrillus-theology.expositio-in-psalmos-prooemium	urn:cts:greekLit:tlg4090.tlg125	tlg4090.tlg125
cyrillus-theology.fragmenta-in-canticum-canticorum	urn:cts:greekLit:tlg4090.tlg102	tlg4090.tlg102
cyrillus-theology.fragmenta-in-libros-regum	urn:cts:greekLit:tlg4090.tlg099	tlg4090.tlg099
cyrillus-theology.fragmenta-in-sancti-pauli-epistulam-ad-hebraeos	urn:cts:greekLit:tlg4090.tlg006	tlg4090.tlg006
cyrillus-theology.fragmenta-in-sancti-pauli-epistulam-ad-romanos	urn:cts:greekLit:tlg4090.tlg003	tlg4090.tlg003
cyrillus-theology.fragmenta-in-sancti-pauli-epistulam-ii-ad-corinthios	urn:cts:greekLit:tlg4090.tlg005	tlg4090.tlg005
cyrillus-theology.glaphyra-in-pentateuchum	urn:cts:greekLit:tlg4090.tlg097	tlg4090.tlg097
cyrillus-theology.libri-v-contra-nestorium	urn:cts:greekLit:tlg4090.tlgX47	tlg4090.tlgX47
cyrillus-theology.oratio-ad-arcadiam-et-marinam-augustas-de-fide	urn:cts:greekLit:tlg4090.tlgX46	tlg4090.tlgX46
cyrillus-theology.oratio-ad-pulcheriam-et-eudociam-augustas-de-fide	urn:cts:greekLit:tlg4090.tlgX45	tlg4090.tlgX45
cyrillus-theology.oratio-ad-theodosium-imperatorem-de-recta-fide	urn:cts:greekLit:tlg4090.tlgX06	tlg4090.tlgX06
cyrillus-theology.quod-unus-sit-christus	urn:cts:greekLit:tlg4090.tlg027	tlg4090.tlg027
cyrillus-theology.responsiones-ad-tiberium-diaconum-sociosque-suos	urn:cts:greekLit:tlg4090.tlg021	tlg4090.tlg021
cyrillus-theology.scholia-de-incarnatione-unigeniti-fragmenta	urn:cts:greekLit:tlg4090.tlgX62	tlg4090.tlgX62
cyrillus-theology.sermo-de-obitu-sanctorum-trium-puerorum-fragmenta-sp	urn:cts:greekLit:tlg4090.tlg122	tlg4090.tlg122
cyrillus-theology.thesaurus-de-sancta-consubstantiali-trinitate	urn:cts:greekLit:tlg4090.tlg109	tlg4090.tlg109
daimachus-history.fragmenta	urn:cts:greekLit:tlg1908.tlg003	tlg1908.tlg003
damascius.de-principiis	urn:cts:greekLit:tlg4066.tlg003	tlg4066.tlg003
damascius.in-parmenidem	urn:cts:greekLit:tlg4066.tlg004	tlg4066.tlg004
damascius.vita-isidori-ap-sudam-hesychium-photium-et-e-cod-vat	urn:cts:greekLit:tlg4066.tlg002	tlg4066.tlg002
damastes-sigeensis.fragmenta	urn:cts:greekLit:tlg1868.tlg003	tlg1868.tlg003
damianus-scriptor-de-opticis.optica	urn:cts:greekLit:tlg2627.tlg001	tlg2627.tlg001
damigeron-magus.de-lapidibus-e-codd-vat-gr-578-ambros-95-sup	urn:cts:greekLit:tlg2655.tlg002	tlg2655.tlg002
damon-et-phintias.testimonium	urn:cts:greekLit:tlg2244.tlg001	tlg2244.tlg001
damon-history.fragmentum	urn:cts:greekLit:tlg2273.tlg002	tlg2273.tlg002
damoxenus.fragmenta	urn:cts:greekLit:tlg0438.tlg001	tlg0438.tlg001
david.in-porphyrii-isagogen-commentarium	urn:cts:greekLit:tlg4021.tlg002	tlg4021.tlg002
david.prolegomena-philosophiae	urn:cts:greekLit:tlg4021.tlg001	tlg4021.tlg001
demades.fragmenta	urn:cts:greekLit:tlg0535.tlg001	tlg0535.tlg001
demaratus.fragmenta	urn:cts:greekLit:tlg1812.tlg002	tlg1812.tlg002
demetrius-callatianus.fragmenta	urn:cts:greekLit:tlg1917.tlg003	tlg1917.tlg003
demetrius-comedy.fragmenta	urn:cts:greekLit:tlg0439.tlg001	tlg0439.tlg001
demetrius-phalereus.fragmenta	urn:cts:greekLit:tlg0624.tlg001	tlg0624.tlg001
demetrius-poet-phil.demetrius-de-eloc-roberts	urn:cts:greekLit:tlg1301.tlg001	tlg1301.tlg001
demetrius-poet-phil.fragmenta-et-titulus	urn:cts:greekLit:tlg1301.tlg002	tlg1301.tlg002
demetrius-rhetoric.de-elocutione	urn:cts:greekLit:tlg0613.tlg001	tlg0613.tlg001
demetrius-salaminius.fragmenta	urn:cts:greekLit:tlg2511.tlg002	tlg2511.tlg002
demochares.fhg2	urn:cts:greekLit:tlg1303.tlg001	tlg1303.tlg001
demochares.fragmenta	urn:cts:greekLit:tlg1303.tlg003	tlg1303.tlg003
democles-pygelensis.fragmenta	urn:cts:greekLit:tlg4390.tlg001	tlg4390.tlg001
democritus-history.fragmentum	urn:cts:greekLit:tlg1305.tlg003	tlg1305.tlg003
democritus-philosophy.fragmenta	urn:cts:greekLit:tlg1304.tlg002	tlg1304.tlg002
democritus-philosophy.testimonia	urn:cts:greekLit:tlg1304.tlg001	tlg1304.tlg001
democritus.fragmenta	urn:cts:greekLit:tlg1305.tlg001	tlg1305.tlg001
demodocus.fragmenta	urn:cts:greekLit:tlg0245.tlg001	tlg0245.tlg001
demon.fragmenta	urn:cts:greekLit:tlg1307.tlg003	tlg1307.tlg003
demonax-philosophy.fragmenta	urn:cts:greekLit:tlg2969.tlg001	tlg2969.tlg001
demosthenes-oratory.adversus-androtionem	urn:cts:greekLit:tlg0014.tlg022	tlg0014.tlg022
demosthenes-oratory.adversus-leptinem	urn:cts:greekLit:tlg0014.tlg020	tlg0014.tlg020
demosthenes-oratory.contra-apatourium-sp	urn:cts:greekLit:tlg0014.tlg033	tlg0014.tlg033
demosthenes-oratory.contra-aphobum	urn:cts:greekLit:tlg0014.tlg029	tlg0014.tlg029
demosthenes-oratory.contra-boeotum-1	urn:cts:greekLit:tlg0014.tlg039	tlg0014.tlg039
demosthenes-oratory.contra-boeotum-2-sp	urn:cts:greekLit:tlg0014.tlg040	tlg0014.tlg040
demosthenes-oratory.contra-calliclem	urn:cts:greekLit:tlg0014.tlg055	tlg0014.tlg055
demosthenes-oratory.contra-callippum-sp	urn:cts:greekLit:tlg0014.tlg052	tlg0014.tlg052
demosthenes-oratory.contra-eubulidem	urn:cts:greekLit:tlg0014.tlg057	tlg0014.tlg057
demosthenes-oratory.contra-lacritum-sp	urn:cts:greekLit:tlg0014.tlg035	tlg0014.tlg035
demosthenes-oratory.contra-leocharem-sp	urn:cts:greekLit:tlg0014.tlg044	tlg0014.tlg044
demosthenes-oratory.contra-macartatum-sp	urn:cts:greekLit:tlg0014.tlg043	tlg0014.tlg043
demosthenes-oratory.contra-nausimachum-et-xenopeithea	urn:cts:greekLit:tlg0014.tlg038	tlg0014.tlg038
demosthenes-oratory.contra-nicostratum	urn:cts:greekLit:tlg0014.tlg053	tlg0014.tlg053
demosthenes-oratory.contra-onetorem-1	urn:cts:greekLit:tlg0014.tlg030	tlg0014.tlg030
demosthenes-oratory.contra-onetorem-2	urn:cts:greekLit:tlg0014.tlg031	tlg0014.tlg031
demosthenes-oratory.contra-pantaenetum	urn:cts:greekLit:tlg0014.tlg037	tlg0014.tlg037
demosthenes-oratory.contra-phaenippum-sp	urn:cts:greekLit:tlg0014.tlg042	tlg0014.tlg042
demosthenes-oratory.contra-phormionem	urn:cts:greekLit:tlg0014.tlg034	tlg0014.tlg034
demosthenes-oratory.contra-polyclem-sp	urn:cts:greekLit:tlg0014.tlg050	tlg0014.tlg050
demosthenes-oratory.contra-spudiam	urn:cts:greekLit:tlg0014.tlg041	tlg0014.tlg041
demosthenes-oratory.contra-timotheum-sp	urn:cts:greekLit:tlg0014.tlg049	tlg0014.tlg049
demosthenes-oratory.contra-zenothemin	urn:cts:greekLit:tlg0014.tlg032	tlg0014.tlg032
demosthenes-oratory.de-chersoneso	urn:cts:greekLit:tlg0014.tlg008	tlg0014.tlg008
demosthenes-oratory.de-corona	urn:cts:greekLit:tlg0014.tlg018	tlg0014.tlg018
demosthenes-oratory.de-corona-trierarchiae	urn:cts:greekLit:tlg0014.tlg051	tlg0014.tlg051
demosthenes-oratory.de-falsa-legatione	urn:cts:greekLit:tlg0014.tlg019	tlg0014.tlg019
demosthenes-oratory.de-halonneso	urn:cts:greekLit:tlg0014.tlg007	tlg0014.tlg007
demosthenes-oratory.de-pace	urn:cts:greekLit:tlg0014.tlg005	tlg0014.tlg005
demosthenes-oratory.de-rhodiorum-libertate	urn:cts:greekLit:tlg0014.tlg015	tlg0014.tlg015
demosthenes-oratory.epistulae	urn:cts:greekLit:tlg0014.tlg063	tlg0014.tlg063
demosthenes-oratory.epitaphius	urn:cts:greekLit:tlg0014.tlg060	tlg0014.tlg060
demosthenes-oratory.eroticus-sp	urn:cts:greekLit:tlg0014.tlg061	tlg0014.tlg061
demosthenes-oratory.exordia	urn:cts:greekLit:tlg0014.tlg062	tlg0014.tlg062
demosthenes-oratory.in-aphobum-1	urn:cts:greekLit:tlg0014.tlg027	tlg0014.tlg027
demosthenes-oratory.in-aphobum-2	urn:cts:greekLit:tlg0014.tlg028	tlg0014.tlg028
demosthenes-oratory.in-aristocratem	urn:cts:greekLit:tlg0014.tlg023	tlg0014.tlg023
demosthenes-oratory.in-aristogitonem-1	urn:cts:greekLit:tlg0014.tlg025	tlg0014.tlg025
demosthenes-oratory.in-aristogitonem-2	urn:cts:greekLit:tlg0014.tlg026	tlg0014.tlg026
demosthenes-oratory.in-cononem	urn:cts:greekLit:tlg0014.tlg054	tlg0014.tlg054
demosthenes-oratory.in-dionysodorum-sp	urn:cts:greekLit:tlg0014.tlg056	tlg0014.tlg056
demosthenes-oratory.in-epistulam-philippi-sp	urn:cts:greekLit:tlg0014.tlg011	tlg0014.tlg011
demosthenes-oratory.in-evergum-et-mnesibulum-sp	urn:cts:greekLit:tlg0014.tlg047	tlg0014.tlg047
demosthenes-oratory.in-midiam	urn:cts:greekLit:tlg0014.tlg021	tlg0014.tlg021
demosthenes-oratory.in-neaeram-sp	urn:cts:greekLit:tlg0014.tlg059	tlg0014.tlg059
demosthenes-oratory.in-olympiodorum-sp	urn:cts:greekLit:tlg0014.tlg048	tlg0014.tlg048
demosthenes-oratory.in-stephanum-1	urn:cts:greekLit:tlg0014.tlg045	tlg0014.tlg045
demosthenes-oratory.in-stephanum-2-sp	urn:cts:greekLit:tlg0014.tlg046	tlg0014.tlg046
demosthenes-oratory.in-theocrinem-sp	urn:cts:greekLit:tlg0014.tlg058	tlg0014.tlg058
demosthenes-oratory.in-timocratem	urn:cts:greekLit:tlg0014.tlg024	tlg0014.tlg024
demosthenes-oratory.olynthiaca-1	urn:cts:greekLit:tlg0014.tlg001	tlg0014.tlg001
demosthenes-oratory.olynthiaca-2	urn:cts:greekLit:tlg0014.tlg002	tlg0014.tlg002
demosthenes-oratory.olynthiaca-3	urn:cts:greekLit:tlg0014.tlg003	tlg0014.tlg003
demosthenes-oratory.peri-sunta-cews-sp	urn:cts:greekLit:tlg0014.tlg013	tlg0014.tlg013
demosthenes-oratory.peri-tw-n-pro-s-ale-candron-sunqhkw-n-sp	urn:cts:greekLit:tlg0014.tlg017	tlg0014.tlg017
demosthenes-oratory.peri-tw-n-summoriw-n	urn:cts:greekLit:tlg0014.tlg014	tlg0014.tlg014
demosthenes-oratory.philippi-epistula	urn:cts:greekLit:tlg0014.tlg012	tlg0014.tlg012
demosthenes-oratory.philippica-1	urn:cts:greekLit:tlg0014.tlg004	tlg0014.tlg004
demosthenes-oratory.philippica-2	urn:cts:greekLit:tlg0014.tlg006	tlg0014.tlg006
demosthenes-oratory.philippica-3	urn:cts:greekLit:tlg0014.tlg009	tlg0014.tlg009
demosthenes-oratory.philippica-4-sp	urn:cts:greekLit:tlg0014.tlg010	tlg0014.tlg010
demosthenes-oratory.pro-megalopolitanis	urn:cts:greekLit:tlg0014.tlg016	tlg0014.tlg016
demosthenes-oratory.pro-phormione	urn:cts:greekLit:tlg0014.tlg036	tlg0014.tlg036
dercyllus.fragmenta	urn:cts:greekLit:tlg2196.tlg001	tlg2196.tlg001
dexippus.in-aristotelis-categorias-commentarium	urn:cts:greekLit:tlg2036.tlg001	tlg2036.tlg001
diagoras.fragmenta	urn:cts:greekLit:tlg0371.tlg001	tlg0371.tlg001
dialexeis-dissoi-logoi.fragmenta	urn:cts:greekLit:tlg1309.tlg001	tlg1309.tlg001
dicaearchus.fragmenta	urn:cts:greekLit:tlg0066.tlg001	tlg0066.tlg001
didache-xii-apostolorum.didaxai-tw-n-postolw-n	urn:cts:greekLit:tlg1311.tlg001	tlg1311.tlg001
didymus-scriptor-de-mensuris.mensurae-marmorum-ac-lignorum	urn:cts:greekLit:tlg0357.tlg001	tlg0357.tlg001
didymus.schmidt	urn:cts:greekLit:tlg1312.tlg001	tlg1312.tlg001
dieuches-oribasius-daremberg1	urn:cts:greekLit:tlg0836.tlg002	tlg0836.tlg002
dieuchidas.fragmenta	urn:cts:greekLit:tlg1313.tlg001	tlg1313.tlg001
dinarchus.in-aristogitonem	urn:cts:greekLit:tlg0029.tlg005	tlg0029.tlg005
dinarchus.in-demosthenem	urn:cts:greekLit:tlg0029.tlg004	tlg0029.tlg004
dinarchus.in-philoclem	urn:cts:greekLit:tlg0029.tlg006	tlg0029.tlg006
dinias.fragmenta	urn:cts:greekLit:tlg1314.tlg004	tlg1314.tlg004
dinolochus.fragmentum	urn:cts:greekLit:tlg1315.tlg001	tlg1315.tlg001
dio-chrysostomus.orationes	urn:cts:greekLit:tlg0612.tlg001	tlg0612.tlg001
diocles.fragmenta	urn:cts:greekLit:tlg0443.tlg001	tlg0443.tlg001
diodorus-aspendius.fragmentum	urn:cts:greekLit:tlg2681.tlg001	tlg2681.tlg001
diodorus-comedy.fragmenta	urn:cts:greekLit:tlg0444.tlg001	tlg0444.tlg001
diodorus-periegesis.fragmenta	urn:cts:greekLit:tlg2265.tlg002	tlg2265.tlg002
diodorus-siculus.bibliotheca-historica-lib-1-20	urn:cts:greekLit:tlg0060.tlg001	tlg0060.tlg001
diodorus-siculus.fragmenta-lib-21-40	urn:cts:greekLit:tlg0060.tlg003	tlg0060.tlg003
diogenes-apolloniates.fragmenta	urn:cts:greekLit:tlg1319.tlg002	tlg1319.tlg002
diogenes-apolloniates.testimonia	urn:cts:greekLit:tlg1319.tlg001	tlg1319.tlg001
diogenes-babylonius.testimonia-et-fragmenta	urn:cts:greekLit:tlg1320.tlg001	tlg1320.tlg001
diogenes-cyzicenus.fragmenta	urn:cts:greekLit:tlg2328.tlg003	tlg2328.tlg003
diogenes-laertius-biography.vitae-philosophorum	urn:cts:greekLit:tlg0004.tlg001	tlg0004.tlg001
diogenes-oenoandensis.diogenes-oenoanda-william	urn:cts:greekLit:tlg1321.tlg001	tlg1321.tlg001
diogenes-philosophy.fragmenta	urn:cts:greekLit:tlg0334.tlg001	tlg0334.tlg001
diogenes-smyrnaeus.testimonium	urn:cts:greekLit:tlg2314.tlg001	tlg2314.tlg001
diogenes.fragmentum	urn:cts:greekLit:tlg0320.tlg001	tlg0320.tlg001
diogenianus-grammar.paroemiae-epitome-operis-sub-nomine-diogeniani-e-cod-mazarinco	urn:cts:greekLit:tlg0097.tlg001	tlg0097.tlg001
diogenis-sinopensis-epistulae.epistulae	urn:cts:greekLit:tlg1325.tlg001	tlg1325.tlg001
dionysius-argivus.fragmenta	urn:cts:greekLit:tlg1324.tlg002	tlg1324.tlg002
dionysius-byzantius.per-bosporum-navigatio	urn:cts:greekLit:tlg0083.tlg003	tlg0083.tlg003
dionysius-chalcidensis.fragmenta	urn:cts:greekLit:tlg1328.tlg001	tlg1328.tlg001
dionysius-chalcus.fragmenta	urn:cts:greekLit:tlg0246.tlg001	tlg0246.tlg001
dionysius-comedy.fragmenta	urn:cts:greekLit:tlg0445.tlg001	tlg0445.tlg001
dionysius-geography.descriptio-graeciae	urn:cts:greekLit:tlg0069.tlg001	tlg0069.tlg001
dionysius-halicarnassensis-history.ad-ammaeum	urn:cts:greekLit:tlg0081.tlg008	tlg0081.tlg008
dionysius-halicarnassensis-history.antiquitates-romanae	urn:cts:greekLit:tlg0081.tlg001	tlg0081.tlg001
dionysius-halicarnassensis-history.ars-rhetorica-sp	urn:cts:greekLit:tlg0081.tlg016	tlg0081.tlg016
dionysius-halicarnassensis-history.de-antiquis-oratoribus	urn:cts:greekLit:tlg0081.tlg002	tlg0081.tlg002
dionysius-halicarnassensis-history.de-compositione-verborum	urn:cts:greekLit:tlg0081.tlg012	tlg0081.tlg012
dionysius-halicarnassensis-history.de-compositione-verborum-epitome	urn:cts:greekLit:tlg0081.tlg013	tlg0081.tlg013
dionysius-halicarnassensis-history.de-demosthenis-dictione	urn:cts:greekLit:tlg0081.tlg006	tlg0081.tlg006
dionysius-halicarnassensis-history.de-dinarcho	urn:cts:greekLit:tlg0081.tlg009	tlg0081.tlg009
dionysius-halicarnassensis-history.de-imitatione-fragmenta	urn:cts:greekLit:tlg0081.tlg014	tlg0081.tlg014
dionysius-halicarnassensis-history.de-isaeo	urn:cts:greekLit:tlg0081.tlg005	tlg0081.tlg005
dionysius-halicarnassensis-history.de-isocrate	urn:cts:greekLit:tlg0081.tlg004	tlg0081.tlg004
dionysius-halicarnassensis-history.de-lysia	urn:cts:greekLit:tlg0081.tlg003	tlg0081.tlg003
dionysius-halicarnassensis-history.de-thucydide	urn:cts:greekLit:tlg0081.tlg010	tlg0081.tlg010
dionysius-halicarnassensis-history.de-thucydidis-idiomatibus-epistula-ad-ammaeum	urn:cts:greekLit:tlg0081.tlg011	tlg0081.tlg011
dionysius-halicarnassensis-history.epistula-ad-pompeium-geminum	urn:cts:greekLit:tlg0081.tlg015	tlg0081.tlg015
dionysius-halicarnassensis-history.libri-secundi-de-antiquis-oratoribus-reliquiae	urn:cts:greekLit:tlg0081.tlg007	tlg0081.tlg007
dionysius-i-tragedy.fragmenta	urn:cts:greekLit:tlg0330.tlg001	tlg0330.tlg001
dionysius-metaqemenos.fragmenta	urn:cts:greekLit:tlg2185.tlg001	tlg2185.tlg001
dionysius-milesius.fragmenta	urn:cts:greekLit:tlg2466.tlg003	tlg2466.tlg003
dionysius-periegesis.orbis-descriptio	urn:cts:greekLit:tlg0084.tlg001	tlg0084.tlg001
dionysius-scr-eccl.fragmenta	urn:cts:greekLit:tlg1329.tlg001	tlg1329.tlg001
dionysius-soph.epistulae	urn:cts:greekLit:tlg4184.tlg001	tlg4184.tlg001
dionysius-thrax-grammar.ars-grammatica	urn:cts:greekLit:tlg0063.tlg001	tlg0063.tlg001
dionysius-thrax.fragmenta	urn:cts:greekLit:tlg0063.tlg004	tlg0063.tlg004
diophantus-mathematics.arithmeticorum-libri-sex	urn:cts:greekLit:tlg2039.tlg001	tlg2039.tlg001
diophantus-mathematics.fragmentum-sp-e-cod-paris-453	urn:cts:greekLit:tlg2039.tlg004	tlg2039.tlg004
diophantus-mathematics.fragmentum-sp-e-cod-paris-gr-2448	urn:cts:greekLit:tlg2039.tlg005	tlg2039.tlg005
diophantus-mathematics.fragmentum-sp-e-cod-paris-suppl-gr-387-fol-181r	urn:cts:greekLit:tlg2039.tlg003	tlg2039.tlg003
diophantus.fragmenta	urn:cts:greekLit:tlg2539.tlg003	tlg2539.tlg003
dioscorides-pedanius.de-materia-medica	urn:cts:greekLit:tlg0656.tlg001	tlg0656.tlg001
dioscorides-pedanius.euporista-vel-de-simplicibus-medicinis	urn:cts:greekLit:tlg0656.tlg002	tlg0656.tlg002
dioscurides.fragmenta	urn:cts:greekLit:tlg2409.tlg001	tlg2409.tlg001
diotimus-philosophy.testimonia	urn:cts:greekLit:tlg2340.tlg001	tlg2340.tlg001
dioxippus.fragmenta	urn:cts:greekLit:tlg0446.tlg001	tlg0446.tlg001
diphilus-comedy.fragmenta	urn:cts:greekLit:tlg0447.tlg001	tlg0447.tlg001
diphilus-epic.fragmentum	urn:cts:greekLit:tlg0248.tlg001	tlg0248.tlg001
dius.fragmenta	urn:cts:greekLit:tlg1334.tlg001	tlg1334.tlg001
diyllus.fragmenta	urn:cts:greekLit:tlg1911.tlg003	tlg1911.tlg003
dokumente-zur-geschichte-des-arianischen-streites-athanasius-werke-iii.dok-1-theologische-erklarung-alexandrinischer-kleriker-an-alexander-von-alexandrien		pta:pta0100.pta001
dokumente-zur-geschichte-des-arianischen-streites-athanasius-werke-iii.dok-10-fragmente-eines-briefes-des-eusebius-von-caesarea-an-euphration-von-balaneae		pta:pta0100.pta010
dokumente-zur-geschichte-des-arianischen-streites-athanasius-werke-iii.dok-2-briefe-des-alexander-von-alexandrien		pta:pta0100.pta002
dokumente-zur-geschichte-des-arianischen-streites-athanasius-werke-iii.dok-3-regest-eines-rundbriefes-einer-synode-in-bithynien		pta:pta0100.pta003
dokumente-zur-geschichte-des-arianischen-streites-athanasius-werke-iii.dok-4-brief-des-eusebius-von-nikomedien-an-paulinus-von-tyrus		pta:pta0100.pta004
dokumente-zur-geschichte-des-arianischen-streites-athanasius-werke-iii.dok-5-referate-eines		pta:pta0100.pta005
dokumente-zur-geschichte-des-arianischen-streites-athanasius-werke-iii.dok-6-fragment-eines-briefes-des-presbyters-georgius-an-alexander-von-alexandrien		pta:pta0100.pta006
dokumente-zur-geschichte-des-arianischen-streites-athanasius-werke-iii.dok-7-fragment-eines-briefes-des-presbyters-georgius-an-die-arianer-in-alexandrien		pta:pta0100.pta007
dokumente-zur-geschichte-des-arianischen-streites-athanasius-werke-iii.dok-8-regeste-eines-briefes		pta:pta0100.pta008
dokumente-zur-geschichte-des-arianischen-streites-athanasius-werke-iii.dok-9-fragment-eines-briefes-des-eusebius-von-caesarea-an-alexander-von-alexandrien		pta:pta0100.pta009
domitius-callistratus.fragmenta	urn:cts:greekLit:tlg1239.tlg001	tlg1239.tlg001
dorotheus.fragmenta-alia-antiqua	urn:cts:greekLit:tlg1337.tlg003	tlg1337.tlg003
dosiadas-lyric.bwmo-s	urn:cts:greekLit:tlg0208.tlg001	tlg0208.tlg001
dosiadas.fragmenta	urn:cts:greekLit:tlg1338.tlg001	tlg1338.tlg001
dositheus-magister.ars-grammatica	urn:cts:greekLit:tlg4096.tlg001	tlg4096.tlg001
dositheus.fragmenta	urn:cts:greekLit:tlg1896.tlg002	tlg1896.tlg002
dromo.fragmenta	urn:cts:greekLit:tlg0448.tlg001	tlg0448.tlg001
ducas.historia-turcobyzantina	urn:cts:greekLit:tlg3146.tlg001	tlg3146.tlg001
duris.fragmenta	urn:cts:greekLit:tlg1339.tlg003	tlg1339.tlg003
echephylidas.fragmenta	urn:cts:greekLit:tlg2289.tlg002	tlg2289.tlg002
ecphantides.fragmenta	urn:cts:greekLit:tlg0449.tlg001	tlg0449.tlg001
ecphantus.testimonia	urn:cts:greekLit:tlg1341.tlg002	tlg1341.tlg002
elias-cretensis.commentarii-in-sancti-gregorii-nazianzeni-orationes-xix	urn:cts:greekLit:tlg4520.tlg001	tlg4520.tlg001
elias.eliae-olim-davidis-in-aristotelis-categorias-commentarium	urn:cts:greekLit:tlg4020.tlg002	tlg4020.tlg002
elias.in-porphyrii-isagogen	urn:cts:greekLit:tlg4020.tlg001	tlg4020.tlg001
empedocles.diels-ppf	urn:cts:greekLit:tlg1342.tlg001	tlg1342.tlg001
empedocles.epigramma	urn:cts:greekLit:tlg1342.tlg002	tlg1342.tlg002
empedocles.testimonia	urn:cts:greekLit:tlg1342.tlg003	tlg1342.tlg003
eparchides.fragmenta	urn:cts:greekLit:tlg1343.tlg002	tlg1343.tlg002
ephippus.fragmenta	urn:cts:greekLit:tlg0450.tlg001	tlg0450.tlg001
ephorus.fragmenta	urn:cts:greekLit:tlg0536.tlg001	tlg0536.tlg001
epicharmus-et-pseudepicharmea.fragmenta-2	urn:cts:greekLit:tlg0521.tlg008	tlg0521.tlg008
epicharmus-et-pseudepicharmea.testimonia	urn:cts:greekLit:tlg0521.tlg007	tlg0521.tlg007
epicrates.fragmenta	urn:cts:greekLit:tlg0451.tlg001	tlg0451.tlg001
epictetus.dissertationes-ab-arriano-digestae	urn:cts:greekLit:tlg0557.tlg001	tlg0557.tlg001
epictetus.dissertationum-epictetearum-sive-ab-arriano-sive-ab-aliis-digestarum	urn:cts:greekLit:tlg0557.tlg003	tlg0557.tlg003
epictetus.enchiridion	urn:cts:greekLit:tlg0557.tlg002	tlg0557.tlg002
epictetus.gnomologium-epicteteum-e-stobaei-libris-1-2	urn:cts:greekLit:tlg0557.tlg004	tlg0557.tlg004
epictetus.gnomologium-epicteteum-e-stobaei-libris-3-4	urn:cts:greekLit:tlg0557.tlg005	tlg0557.tlg005
epicurus.deperditorum-librorum-reliquiae	urn:cts:greekLit:tlg0537.tlg015	tlg0537.tlg015
epicurus.epistula-ad-herodotum	urn:cts:greekLit:tlg0537.tlg010	tlg0537.tlg010
epicurus.epistula-ad-menoeceum	urn:cts:greekLit:tlg0537.tlg012	tlg0537.tlg012
epicurus.epistula-ad-pythoclem	urn:cts:greekLit:tlg0537.tlg011	tlg0537.tlg011
epicurus.gnomologium-vaticanum-epicureum	urn:cts:greekLit:tlg0537.tlg014	tlg0537.tlg014
epicurus.ratae-sententiae	urn:cts:greekLit:tlg0537.tlg013	tlg0537.tlg013
epigenes.fragmenta	urn:cts:greekLit:tlg0452.tlg001	tlg0452.tlg001
epigonus-ap-cougny-v1	urn:cts:greekLit:tlg0179.tlg001	tlg0179.tlg001
epilycus.fragmenta	urn:cts:greekLit:tlg0453.tlg001	tlg0453.tlg001
epimenides.fragmenta-2	urn:cts:greekLit:tlg1347.tlg004	tlg1347.tlg004
epimenides.testimonia-2	urn:cts:greekLit:tlg1347.tlg003	tlg1347.tlg003
epinicus.fragmenta	urn:cts:greekLit:tlg0454.tlg001	tlg0454.tlg001
epiphanius.anacephalaeosis-sp	urn:cts:greekLit:tlg2021.tlg003	tlg2021.tlg003
epiphanius.ancoratus	urn:cts:greekLit:tlg2021.tlg001	tlg2021.tlg001
epiphanius.panarion-adversus-haereses	urn:cts:greekLit:tlg2021.tlg002	tlg2021.tlg002
epistula-ecclesiarum-apud-lugdunum-et-viennam.epistula-ecclesiarum-apud-lugdunum-et-viennam	urn:cts:greekLit:tlg1352.tlg001	tlg1352.tlg001
epitaphium-sicili.sicili-epitaphium	urn:cts:greekLit:tlg2139.tlg001	tlg2139.tlg001
eratosthenes-et-eratosthenica.catasterismi	urn:cts:greekLit:tlg0222.tlg001	tlg0222.tlg001
ergias-rhodius.fragmenta	urn:cts:greekLit:tlg1354.tlg002	tlg1354.tlg002
erinna.fragmenta	urn:cts:greekLit:tlg1355.tlg001	tlg1355.tlg001
eriphus.fragmenta	urn:cts:greekLit:tlg0455.tlg001	tlg0455.tlg001
erotianus.vocum-hippocraticarum-collectio	urn:cts:greekLit:tlg0716.tlg001	tlg0716.tlg001
etymologicum-genuinum.etymologicum-genuinum-mwsge-pws	urn:cts:greekLit:tlg4097.tlg001	tlg4097.tlg001
etymologicum-gudianum.etymologicum-gudianum-lion-zeiai	urn:cts:greekLit:tlg4098.tlg001	tlg4098.tlg001
euagon.fragmenta	urn:cts:greekLit:tlg2372.tlg003	tlg2372.tlg003
euangelus.fragmentum	urn:cts:greekLit:tlg0456.tlg001	tlg0456.tlg001
eubulides.fragmentum	urn:cts:greekLit:tlg0457.tlg001	tlg0457.tlg001
eubulus.fragmenta	urn:cts:greekLit:tlg0458.tlg001	tlg0458.tlg001
euclides-geom.catoptrica-recensio-theonis	urn:cts:greekLit:tlg1799.tlg011	tlg1799.tlg011
euclides-geom.data	urn:cts:greekLit:tlg1799.tlg007	tlg1799.tlg007
euclides-geom.data-demonstrationes-alterae	urn:cts:greekLit:tlg1799.tlg008	tlg1799.tlg008
euclides-geom.elementa	urn:cts:greekLit:tlg1799.tlg001	tlg1799.tlg001
euclides-geom.epigramma	urn:cts:greekLit:tlg1799.tlg017	tlg1799.tlg017
euclides-geom.fragmenta	urn:cts:greekLit:tlg1799.tlg016	tlg1799.tlg016
euclides-geom.optica	urn:cts:greekLit:tlg1799.tlg009	tlg1799.tlg009
euclides-geom.opticorum-recensio-theonis	urn:cts:greekLit:tlg1799.tlg010	tlg1799.tlg010
euclides-geom.phaenomena	urn:cts:greekLit:tlg1799.tlg012	tlg1799.tlg012
euclides-geom.phaenomena-demonstrationes-alterae-recensionis-b	urn:cts:greekLit:tlg1799.tlg014	tlg1799.tlg014
euclides-geom.phaenomena-recensio-b	urn:cts:greekLit:tlg1799.tlg013	tlg1799.tlg013
euclides-geom.sectio-canonis-sp	urn:cts:greekLit:tlg1799.tlg015	tlg1799.tlg015
eudemus-philosophy.fragmenta	urn:cts:greekLit:tlg1357.tlg001	tlg1357.tlg001
eudoxus-astronomy.fragmenta	urn:cts:greekLit:tlg1358.tlg001	tlg1358.tlg001
eudoxus-rhodius.fragmenta	urn:cts:greekLit:tlg1915.tlg003	tlg1915.tlg003
eudoxus.fragmenta	urn:cts:greekLit:tlg0399.tlg001	tlg0399.tlg001
eudromus.fragmenta	urn:cts:greekLit:tlg2399.tlg001	tlg2399.tlg001
euenus.fragmenta	urn:cts:greekLit:tlg0251.tlg001	tlg0251.tlg001
eumachus-neapolitanus.fragmenta	urn:cts:greekLit:tlg1972.tlg002	tlg1972.tlg002
eumelus.fragmentum	urn:cts:greekLit:tlg0298.tlg001	tlg0298.tlg001
eunapius.fragmenta-historica	urn:cts:greekLit:tlg2050.tlg002	tlg2050.tlg002
eunapius.vitae-sophistarum	urn:cts:greekLit:tlg2050.tlg001	tlg2050.tlg001
eunicus.fragmentum	urn:cts:greekLit:tlg0459.tlg001	tlg0459.tlg001
euphanes.fragmentum	urn:cts:greekLit:tlg0396.tlg001	tlg0396.tlg001
euphantus-olynthius.fragmenta	urn:cts:greekLit:tlg1912.tlg004	tlg1912.tlg004
euphorion.fragmenta	urn:cts:greekLit:tlg0221.tlg001	tlg0221.tlg001
eupolis.fragmenta	urn:cts:greekLit:tlg0461.tlg001	tlg0461.tlg001
euripides.fragmenta	urn:cts:greekLit:tlg0006.tlg020	tlg0006.tlg020
euripides.tlg0006-tlg001	urn:cts:greekLit:tlg0006.tlg001	tlg0006.tlg001
euripides.tlg0006-tlg002	urn:cts:greekLit:tlg0006.tlg002	tlg0006.tlg002
euripides.tlg0006-tlg003	urn:cts:greekLit:tlg0006.tlg003	tlg0006.tlg003
euripides.tlg0006-tlg004	urn:cts:greekLit:tlg0006.tlg004	tlg0006.tlg004
euripides.tlg0006-tlg005	urn:cts:greekLit:tlg0006.tlg005	tlg0006.tlg005
euripides.tlg0006-tlg006	urn:cts:greekLit:tlg0006.tlg006	tlg0006.tlg006
euripides.tlg0006-tlg007	urn:cts:greekLit:tlg0006.tlg007	tlg0006.tlg007
euripides.tlg0006-tlg008	urn:cts:greekLit:tlg0006.tlg008	tlg0006.tlg008
euripides.tlg0006-tlg009	urn:cts:greekLit:tlg0006.tlg009	tlg0006.tlg009
euripides.tlg0006-tlg010	urn:cts:greekLit:tlg0006.tlg010	tlg0006.tlg010
euripides.tlg0006-tlg011	urn:cts:greekLit:tlg0006.tlg011	tlg0006.tlg011
euripides.tlg0006-tlg012	urn:cts:greekLit:tlg0006.tlg012	tlg0006.tlg012
euripides.tlg0006-tlg013	urn:cts:greekLit:tlg0006.tlg013	tlg0006.tlg013
euripides.tlg0006-tlg014	urn:cts:greekLit:tlg0006.tlg014	tlg0006.tlg014
euripides.tlg0006-tlg015	urn:cts:greekLit:tlg0006.tlg015	tlg0006.tlg015
euripides.tlg0006-tlg016	urn:cts:greekLit:tlg0006.tlg016	tlg0006.tlg016
euripides.tlg0006-tlg017	urn:cts:greekLit:tlg0006.tlg017	tlg0006.tlg017
euripides.tlg0006-tlg018	urn:cts:greekLit:tlg0006.tlg018	tlg0006.tlg018
euripides.tlg0006-tlg019	urn:cts:greekLit:tlg0006.tlg019	tlg0006.tlg019
euripidis-epistulae.epistulae	urn:cts:greekLit:tlg1367.tlg001	tlg1367.tlg001
euryphamus.fragmentum	urn:cts:greekLit:tlg1360.tlg001	tlg1360.tlg001
eurytus.fragmentum	urn:cts:greekLit:tlg1362.tlg001	tlg1362.tlg001
eurytus.testimonia	urn:cts:greekLit:tlg1362.tlg002	tlg1362.tlg002
eusebius-alexandrinus.de-die-dominica		pta:pta0030.pta016
eusebius-of-caesarea.hypomnema-de-psalmis		pta:pta0003.pta018
eusebius-of-caesarea.prologi-varii		pta:pta0003.pta019
eusebius-philosophy.fragmenta	urn:cts:greekLit:tlg2640.tlg001	tlg2640.tlg001
eusebius-scr-eccl.antiquorum-martyriorum-collectio-fragmenta	urn:cts:greekLit:tlg2018.tlg025	tlg2018.tlg025
eusebius-scr-eccl.commentaria-in-psalmos	urn:cts:greekLit:tlg2018.tlg034	tlg2018.tlg034
eusebius-scr-eccl.commentarius-in-isaiam	urn:cts:greekLit:tlg2018.tlg019	tlg2018.tlg019
eusebius-scr-eccl.constantini-imperatoris-oratio-ad-coetum-sanctorum	urn:cts:greekLit:tlg2018.tlg021	tlg2018.tlg021
eusebius-scr-eccl.contra-marcellum	urn:cts:greekLit:tlg2018.tlg007	tlg2018.tlg007
eusebius-scr-eccl.de-ecclesiastica-theologia	urn:cts:greekLit:tlg2018.tlg009	tlg2018.tlg009
eusebius-scr-eccl.de-laudibus-constantini	urn:cts:greekLit:tlg2018.tlg022	tlg2018.tlg022
eusebius-scr-eccl.de-martyribus-palaestinae-recensio-brevior	urn:cts:greekLit:tlg2018.tlg003	tlg2018.tlg003
eusebius-scr-eccl.de-solemnitate-paschali	urn:cts:greekLit:tlg2018.tlg039	tlg2018.tlg039
eusebius-scr-eccl.de-theophania-fragmenta	urn:cts:greekLit:tlg2018.tlg010	tlg2018.tlg010
eusebius-scr-eccl.de-vitis-prophetarum-fragmenta	urn:cts:greekLit:tlg2018.tlg033	tlg2018.tlg033
eusebius-scr-eccl.demonstratio-evangelica	urn:cts:greekLit:tlg2018.tlg005	tlg2018.tlg005
eusebius-scr-eccl.epistula-ad-carpianum-ad-canones-evangeliorum-praemissa	urn:cts:greekLit:tlg2018.tlg013	tlg2018.tlg013
eusebius-scr-eccl.epistula-ad-flacillum	urn:cts:greekLit:tlg2018.tlg008	tlg2018.tlg008
eusebius-scr-eccl.fragmenta-in-lucam	urn:cts:greekLit:tlg2018.tlg037	tlg2018.tlg037
eusebius-scr-eccl.generalis-elementaria-introductio-eclogae-propheticae	urn:cts:greekLit:tlg2018.tlg023	tlg2018.tlg023
eusebius-scr-eccl.historia-ecclesiastica	urn:cts:greekLit:tlg2018.tlg002	tlg2018.tlg002
eusebius-scr-eccl.onomasticon	urn:cts:greekLit:tlg2018.tlg011	tlg2018.tlg011
eusebius-scr-eccl.praeparatio-evangelica	urn:cts:greekLit:tlg2018.tlg001	tlg2018.tlg001
eusebius-scr-eccl.quaestiones-evangelicae-ad-marinum	urn:cts:greekLit:tlg2018.tlg029	tlg2018.tlg029
eusebius-scr-eccl.quaestiones-evangelicae-ad-stephanum	urn:cts:greekLit:tlg2018.tlg028	tlg2018.tlg028
eusebius-scr-eccl.supplementa-ad-quaestiones-ad-marinum	urn:cts:greekLit:tlg2018.tlg031	tlg2018.tlg031
eusebius-scr-eccl.vita-constantini	urn:cts:greekLit:tlg2018.tlg020	tlg2018.tlg020
eustathius-philol.commentarii-ad-homeri-iliadem	urn:cts:greekLit:tlg4083.tlg001	tlg4083.tlg001
eustathius-philol.commentarii-ad-homeri-odysseam	urn:cts:greekLit:tlg4083.tlg003	tlg4083.tlg003
eustochius-cappadox.fragmenta	urn:cts:greekLit:tlg2499.tlg003	tlg2499.tlg003
eustratius.in-aristotelis-analyticorum-posteriorum-librum-secundum-commentarium	urn:cts:greekLit:tlg4031.tlg001	tlg4031.tlg001
eustratius.in-aristotelis-ethica-nicomachea-i-commentaria	urn:cts:greekLit:tlg4031.tlg002	tlg4031.tlg002
eutecnius.paraphrasis-in-oppiani-cynegetica-fort-auctore-eutecnio	urn:cts:greekLit:tlg0752.tlg003	tlg0752.tlg003
euthycles.fragmenta	urn:cts:greekLit:tlg0462.tlg001	tlg0462.tlg001
eutocius.commentarii-in-libros-de-sphaera-et-cylindro	urn:cts:greekLit:tlg4072.tlg001	tlg4072.tlg001
eutocius.commentarius-in-dimensionem-circuli	urn:cts:greekLit:tlg4072.tlg002	tlg4072.tlg002
eutocius.commentarius-in-libros-de-planorum-aequilibriis	urn:cts:greekLit:tlg4072.tlg003	tlg4072.tlg003
evagrius-scholasticus.historia-ecclesiastica	urn:cts:greekLit:tlg2733.tlg001	tlg2733.tlg001
favorinus.fragmenta	urn:cts:greekLit:tlg1377.tlg003	tlg1377.tlg003
fhg-vol3-mueller-diocles-rhodius	urn:cts:greekLit:tlg2206.tlg001	tlg2206.tlg001
flavius-arrianus.acies-contra-alanos	urn:cts:greekLit:tlg0074.tlg006	tlg0074.tlg006
flavius-arrianus.alexandri-anabasis	urn:cts:greekLit:tlg0074.tlg001	tlg0074.tlg001
flavius-arrianus.cynegeticus	urn:cts:greekLit:tlg0074.tlg003	tlg0074.tlg003
flavius-arrianus.epistula-ad-lucium-gellium	urn:cts:greekLit:tlg0074.tlg008	tlg0074.tlg008
flavius-arrianus.historia-indica	urn:cts:greekLit:tlg0074.tlg002	tlg0074.tlg002
flavius-arrianus.periplus-ponti-euxini	urn:cts:greekLit:tlg0074.tlg004	tlg0074.tlg004
flavius-arrianus.tactica	urn:cts:greekLit:tlg0074.tlg005	tlg0074.tlg005
flavius-claudius-julianus-imperator.aqhnai-wn-th-boulh-kai-tw-dh-mw	urn:cts:greekLit:tlg2003.tlg005	tlg2003.tlg005
flavius-claudius-julianus-imperator.contra-galilaeos	urn:cts:greekLit:tlg2003.tlg017	tlg2003.tlg017
flavius-claudius-julianus-imperator.egkw-mion-ei-s-n-au-tokra-tora-kwnsta-ntion	urn:cts:greekLit:tlg2003.tlg001	tlg2003.tlg001
flavius-claudius-julianus-imperator.ei-s-n-basile-hlion-pro-s-salou-stion	urn:cts:greekLit:tlg2003.tlg011	tlg2003.tlg011
flavius-claudius-julianus-imperator.ei-s-th-n-mhte-ra-tw-n-qew-n	urn:cts:greekLit:tlg2003.tlg008	tlg2003.tlg008
flavius-claudius-julianus-imperator.ei-s-tou-s-paideu-tous-ku-nas	urn:cts:greekLit:tlg2003.tlg009	tlg2003.tlg009
flavius-claudius-julianus-imperator.epi-th-e-co-dw-tou-gaqwta-tou-salousti-ou-paramuqhtiko-s-ei-s	urn:cts:greekLit:tlg2003.tlg004	tlg2003.tlg004
flavius-claudius-julianus-imperator.epistulae	urn:cts:greekLit:tlg2003.tlg013	tlg2003.tlg013
flavius-claudius-julianus-imperator.eu-sebi-as-th-s-basili-dos-e-gkw-mion	urn:cts:greekLit:tlg2003.tlg002	tlg2003.tlg002
flavius-claudius-julianus-imperator.misopogon-sc-antioxiko-s-h-misopw-gwn	urn:cts:greekLit:tlg2003.tlg012	tlg2003.tlg012
flavius-claudius-julianus-imperator.peri-tw-n-tou-au-tokra-toros-pra-cewn-h-peri-basilei-as	urn:cts:greekLit:tlg2003.tlg003	tlg2003.tlg003
flavius-claudius-julianus-imperator.pro-s-hra-kleion-kuniko-n-peri-tou-pw-s-kuniste-on-kai-ei	urn:cts:greekLit:tlg2003.tlg007	tlg2003.tlg007
flavius-claudius-julianus-imperator.qemisti-w-filoso-fw	urn:cts:greekLit:tlg2003.tlg006	tlg2003.tlg006
flavius-claudius-julianus-imperator.sumpo-sion-h-kro-nia-sive-caesares	urn:cts:greekLit:tlg2003.tlg010	tlg2003.tlg010
flavius-josephus.antiquitates-judaicae	urn:cts:greekLit:tlg0526.tlg001	tlg0526.tlg001
flavius-josephus.contra-apionem-de-judaeorum-vetustate	urn:cts:greekLit:tlg0526.tlg003	tlg0526.tlg003
flavius-josephus.de-bello-judaico-libri-vii	urn:cts:greekLit:tlg0526.tlg004	tlg0526.tlg004
flavius-josephus.josephi-vita	urn:cts:greekLit:tlg0526.tlg002	tlg0526.tlg002
flavius-justinianus-imperator.novellae	urn:cts:greekLit:tlg2734.tlg013	tlg2734.tlg013
flavius-philostratus.de-gymnastica	urn:cts:greekLit:tlg0638.tlg007	tlg0638.tlg007
flavius-philostratus.epistulae-et-dialexeis	urn:cts:greekLit:tlg0638.tlg006	tlg0638.tlg006
flavius-philostratus.heroicus	urn:cts:greekLit:tlg0638.tlg004	tlg0638.tlg004
flavius-philostratus.nero	urn:cts:greekLit:tlg0638.tlg005	tlg0638.tlg005
flavius-philostratus.vita-apollonii	urn:cts:greekLit:tlg0638.tlg001	tlg0638.tlg001
flavius-philostratus.vitae-sophistarum	urn:cts:greekLit:tlg0638.tlg003	tlg0638.tlg003
fragmenta-alchemica.bafh-tou-i-ndikou-sidh-rou-grafei-sa-tw-au-tw-xro-nw	urn:cts:greekLit:tlg1379.tlg030	tlg1379.tlg030
fragmenta-alchemica.bafh-tou-para-pe-rsais-e-ceurhme-nou-xalkou-grafei-sa-po	urn:cts:greekLit:tlg1379.tlg029	tlg1379.tlg029
fragmenta-alchemica.de-margaritis-collectio-excerptorum-quae-incipit-vocibus	urn:cts:greekLit:tlg1379.tlg034	tlg1379.tlg034
fragmenta-alchemica.de-quattuor-elementis-tractatus-qui-incipit-vocibus-rxh-th-s	urn:cts:greekLit:tlg1379.tlg027	tlg1379.tlg027
fragmenta-alchemica.dia-gramma-th-s-mega-lhs-h-liourgi-as-paraballo-menon-ei-s-th-n	urn:cts:greekLit:tlg1379.tlg050	tlg1379.tlg050
fragmenta-alchemica.diaforai-moli-bdou-kai-xrusopeta-lou-e-cod-venet-marc	urn:cts:greekLit:tlg1379.tlg042	tlg1379.tlg042
fragmenta-alchemica.ei-qe-leis-poih-sai-fou-rmas-kai-tu-lous-po-bronthsi-ou-poi-ei	urn:cts:greekLit:tlg1379.tlg041	tlg1379.tlg041
fragmenta-alchemica.eu-xh-ei-s-meli-ssion-e-cod-venet-marc-299-fol-3r	urn:cts:greekLit:tlg1379.tlg051	tlg1379.tlg051
fragmenta-alchemica.excerptum-de-mensibus-sine-titulo-e-cod-paris-b-n-gr-2327	urn:cts:greekLit:tlg1379.tlg045	tlg1379.tlg045
fragmenta-alchemica.fragmentum-alchemicum-sine-titulo-e-cod-venet-marc-299-fol	urn:cts:greekLit:tlg1379.tlg062	tlg1379.tlg062
fragmenta-alchemica.fragmentum-alchemicum-sine-titulo-e-cod-venet-marc-299-fol-2	urn:cts:greekLit:tlg1379.tlg065	tlg1379.tlg065
fragmenta-alchemica.fragmentum-alchemicum-sine-titulo-e-cod-venet-marc-299-fol-3	urn:cts:greekLit:tlg1379.tlg066	tlg1379.tlg066
fragmenta-alchemica.fragmentum-alchemicum-sine-titulo-e-cod-venet-marc-299-fol-4	urn:cts:greekLit:tlg1379.tlg067	tlg1379.tlg067
fragmenta-alchemica.fragmentum-peri-leukw-sews-xalkou-sine-titulo-e	urn:cts:greekLit:tlg1379.tlg072	tlg1379.tlg072
fragmenta-alchemica.h-gwgh-e-cod-venet-marc-299-101r	urn:cts:greekLit:tlg1379.tlg069	tlg1379.tlg069
fragmenta-alchemica.h-oi-konomi-e-cod-venet-marc-299-fol-98v	urn:cts:greekLit:tlg1379.tlg060	tlg1379.tlg060
fragmenta-alchemica.h-poi-hsis-e-cod-venet-marc-299-fol-100v	urn:cts:greekLit:tlg1379.tlg068	tlg1379.tlg068
fragmenta-alchemica.katabafh-li-qwn-kai-smara-gdwn-kai-lixnitw-n-kai	urn:cts:greekLit:tlg1379.tlg032	tlg1379.tlg032
fragmenta-alchemica.kinnaba-rews-skeuasi-e-cod-paris-b-n-gr-2327-fol	urn:cts:greekLit:tlg1379.tlg048	tlg1379.tlg048
fragmenta-alchemica.leu-kwsis-u-datos-di-ou-leukai-netai-oi-konomou-menon	urn:cts:greekLit:tlg1379.tlg055	tlg1379.tlg055
fragmenta-alchemica.o-li-qos-th-s-filosofi-as-fort-auctore-zosimo-e-cod	urn:cts:greekLit:tlg1379.tlg073	tlg1379.tlg073
fragmenta-alchemica.oi-konomi-th-s-sbe-stou-e-cod-venet-marc-299-fol	urn:cts:greekLit:tlg1379.tlg063	tlg1379.tlg063
fragmenta-alchemica.oti-su-nqeton-kai-ou-x-plou-n-ei-dos-kai-ti-s-h	urn:cts:greekLit:tlg1379.tlg058	tlg1379.tlg058
fragmenta-alchemica.peri-bafh-s-sidh-rou-e-cod-venet-marc-299-fol-104r	urn:cts:greekLit:tlg1379.tlg028	tlg1379.tlg028
fragmenta-alchemica.peri-leukw-sews-tou-rsenikou-tou-sxistou-e-cod	urn:cts:greekLit:tlg1379.tlg056	tlg1379.tlg056
fragmenta-alchemica.peri-th-s-qei-as-kai-i-era-s-te-xnhs-tw-n-filoso-fwn-e	urn:cts:greekLit:tlg1379.tlg071	tlg1379.tlg071
fragmenta-alchemica.peri-th-s-timiwta-ths-kai-polufh-mou-xrusoxoi-kh-s-e-cod	urn:cts:greekLit:tlg1379.tlg026	tlg1379.tlg026
fragmenta-alchemica.peri-tou-li-qou-tw-n-filoso-fwn-e-cod-b-n-gr-2327-fol	urn:cts:greekLit:tlg1379.tlg074	tlg1379.tlg074
fragmenta-alchemica.peri-tou-o-reixa-lkou	urn:cts:greekLit:tlg1379.tlg053	tlg1379.tlg053
fragmenta-alchemica.peri-tou-poih-sai-o-cuggosa-pounon-e-cod-paris-b-n-gr	urn:cts:greekLit:tlg1379.tlg044	tlg1379.tlg044
fragmenta-alchemica.peri-tou-poih-sai-turo-kollan-e-cod-paris-b-n-gr-2327	urn:cts:greekLit:tlg1379.tlg043	tlg1379.tlg043
fragmenta-alchemica.peri-tou-qei-ou-kau-stou-e-cod-paris-b-n-gr-2327	urn:cts:greekLit:tlg1379.tlg054	tlg1379.tlg054
fragmenta-alchemica.peri-tou-xrusw-sai-si-dhron-e-cod-paris-b-n-gr-2327	urn:cts:greekLit:tlg1379.tlg057	tlg1379.tlg057
fragmenta-alchemica.peri-zu-qwn-poih-sews-e-cod-venet-marc-299-fol-162r	urn:cts:greekLit:tlg1379.tlg035	tlg1379.tlg035
fragmenta-alchemica.po-sos-o-tw-n-baptome-nwn-e-ri-wn-staqmo-s-w-feilen-kai-po-sos-o	urn:cts:greekLit:tlg1379.tlg037	tlg1379.tlg037
fragmenta-alchemica.poi-hsis-krustalli-wn-e-cod-venet-marc-299-fol-116r	urn:cts:greekLit:tlg1379.tlg031	tlg1379.tlg031
fragmenta-alchemica.poi-hsis-ma-llon-tou-panto-s-e-cod-venet-marc-299-fol	urn:cts:greekLit:tlg1379.tlg059	tlg1379.tlg059
fragmenta-alchemica.poi-hsis-rgu-rou-e-cod-venet-marc-299-fol-194v	urn:cts:greekLit:tlg1379.tlg052	tlg1379.tlg052
fragmenta-alchemica.poi-hsis-sbe-stou-e-cod-venet-marc-299-fol-99v	urn:cts:greekLit:tlg1379.tlg064	tlg1379.tlg064
fragmenta-alchemica.skeuasi-froni-trou-tou-zhtoume-nou-ei-s-ta-s-kollh-seis-xrusou	urn:cts:greekLit:tlg1379.tlg047	tlg1379.tlg047
fragmenta-alchemica.sta-kths-poi-hsis-e-cod-venet-marc-299-fol-162v	urn:cts:greekLit:tlg1379.tlg036	tlg1379.tlg036
fragmenta-alchemica.sumpe-rasma-th-s-poih-sews-e-cod-venet-marc-299-fol	urn:cts:greekLit:tlg1379.tlg070	tlg1379.tlg070
fragmenta-alchemica.ti-s-h-meta-th-n-i-wsin-oi-konomi-e-cod-venet-marc	urn:cts:greekLit:tlg1379.tlg040	tlg1379.tlg040
fragmenta-alchemica.ti-s-h-th-s-koma-rews-su-nqesis-e-cod-venet-marc-299	urn:cts:greekLit:tlg1379.tlg039	tlg1379.tlg039
fragmenta-alchemica.ti-s-h-tou-me-lanos-chri-ou-kataskeuh-e-cod-venet-marc	urn:cts:greekLit:tlg1379.tlg038	tlg1379.tlg038
fragmenta-alchemica.ti-s-h-tw-n-rxai-wn-sbestos-e-cod-venet-marc-299	urn:cts:greekLit:tlg1379.tlg061	tlg1379.tlg061
fragmenta-alchemica.xrh-sis-ioustinianou-basile-ws-sine-titulo-e-cod	urn:cts:greekLit:tlg1379.tlg049	tlg1379.tlg049
fragmenta-alchemica.xrusou-poi-hsis-e-cod-paris-b-n-gr-2327-fol-232r	urn:cts:greekLit:tlg1379.tlg046	tlg1379.tlg046
fragmentum-stoicum.fragmentum	urn:cts:greekLit:tlg2287.tlg001	tlg2287.tlg001
fragmentum-synodicae-epistulae-concilii-caesariensis.fragmentum-epistulae	urn:cts:greekLit:tlg1381.tlg001	tlg1381.tlg001
gaius-musonius-rufus.dissertationum-lucio-digestarum-reliquiae	urn:cts:greekLit:tlg0628.tlg001	tlg0628.tlg001
gaius-musonius-rufus.epistulae-spuriae	urn:cts:greekLit:tlg0628.tlg003	tlg0628.tlg003
gaius-musonius-rufus.fragmenta-minora	urn:cts:greekLit:tlg0628.tlg002	tlg0628.tlg002
gaius-suetonius-tranquillus.peri-blasfhmiw-n-kai-po-qen-e-ka-sth	urn:cts:greekLit:tlg1760.tlg001	tlg1760.tlg001
gaius.fragmenta	urn:cts:greekLit:tlg0572.tlg001	tlg0572.tlg001
galenus-kuehn-opera-v1	urn:cts:greekLit:tlg1348.tlg013	tlg1348.tlg013
galenus.ad-glauconem-de-medendi-methodo-libri-ii	urn:cts:greekLit:tlg0057.tlg067	tlg0057.tlg067
galenus.adhortatio-ad-artes-addiscendas	urn:cts:greekLit:tlg0057.tlg001	tlg0057.tlg001
galenus.adversus-ea-quae-juliano-in-hippocratis-aphorismos-enuntiata-sunt	urn:cts:greekLit:tlg0057.tlg094	tlg0057.tlg094
galenus.adversus-eos-qui-de-typis-scripserunt-vel-de-circuitibus	urn:cts:greekLit:tlg0057.tlg049	tlg0057.tlg049
galenus.adversus-lycum-libellus	urn:cts:greekLit:tlg0057.tlg093	tlg0057.tlg093
galenus.ars-medica	urn:cts:greekLit:tlg0057.tlg007	tlg0057.tlg007
galenus.de-alimentorum-facultatibus-libri-iii	urn:cts:greekLit:tlg0057.tlg037	tlg0057.tlg037
galenus.de-anatomicis-administrationibus-libri-ix	urn:cts:greekLit:tlg0057.tlg011	tlg0057.tlg011
galenus.de-animi-cuiuslibet-peccatorum-dignotione-et-curatione-de	urn:cts:greekLit:tlg0057.tlg029	tlg0057.tlg029
galenus.de-antidotis-libri-ii	urn:cts:greekLit:tlg0057.tlg078	tlg0057.tlg078
galenus.de-atra-bile	urn:cts:greekLit:tlg0057.tlg030	tlg0057.tlg030
galenus.de-bono-habitu-liber	urn:cts:greekLit:tlg0057.tlg025	tlg0057.tlg025
galenus.de-causis-morborum-liber	urn:cts:greekLit:tlg0057.tlg042	tlg0057.tlg042
galenus.de-causis-pulsuum-libri-iv	urn:cts:greekLit:tlg0057.tlg061	tlg0057.tlg061
galenus.de-causis-respirationis	urn:cts:greekLit:tlg0057.tlg114	tlg0057.tlg114
galenus.de-comate-secundum-hippocratem-liber	urn:cts:greekLit:tlg0057.tlg052	tlg0057.tlg052
galenus.de-compositione-medicamentorum-per-genera-libri-vii	urn:cts:greekLit:tlg0057.tlg077	tlg0057.tlg077
galenus.de-compositione-medicamentorum-secundum-locos-libri-x	urn:cts:greekLit:tlg0057.tlg076	tlg0057.tlg076
galenus.de-constitutione-artis-medicae-ad-patrophilum	urn:cts:greekLit:tlg0057.tlg006	tlg0057.tlg006
galenus.de-consuetudinibus	urn:cts:greekLit:tlg0057.tlg103	tlg0057.tlg103
galenus.de-crisibus-libri-iii	urn:cts:greekLit:tlg0057.tlg064	tlg0057.tlg064
galenus.de-curandi-ratione-per-venae-sectionem	urn:cts:greekLit:tlg0057.tlg070	tlg0057.tlg070
galenus.de-diebus-decretoriis-libri-iii	urn:cts:greekLit:tlg0057.tlg065	tlg0057.tlg065
galenus.de-differentia-pulsuum-libri-iv	urn:cts:greekLit:tlg0057.tlg059	tlg0057.tlg059
galenus.de-differentiis-febrium-libri-ii	urn:cts:greekLit:tlg0057.tlg045	tlg0057.tlg045
galenus.de-difficultate-respirationis-libri-iii	urn:cts:greekLit:tlg0057.tlg056	tlg0057.tlg056
galenus.de-dignoscendis-pulsibus-libri-iv	urn:cts:greekLit:tlg0057.tlg060	tlg0057.tlg060
galenus.de-dignotione-ex-insomniis	urn:cts:greekLit:tlg0057.tlg040	tlg0057.tlg040
galenus.de-elementis-ex-hippocrate-libri-ii	urn:cts:greekLit:tlg0057.tlg008	tlg0057.tlg008
galenus.de-experientia-medica	urn:cts:greekLit:tlg0057.tlg107	tlg0057.tlg107
galenus.de-foetuum-formatione-libellus	urn:cts:greekLit:tlg0057.tlg022	tlg0057.tlg022
galenus.de-hirundinibus-revulsione-cucurbitula-incisione-et	urn:cts:greekLit:tlg0057.tlg071	tlg0057.tlg071
galenus.de-humero-iis-modis-prolapso-quos-hippocrates-non-vidit	urn:cts:greekLit:tlg0057.tlg096	tlg0057.tlg096
galenus.de-inaequali-intemperie-liber	urn:cts:greekLit:tlg0057.tlg055	tlg0057.tlg055
galenus.de-instrumento-odoratus	urn:cts:greekLit:tlg0057.tlg015	tlg0057.tlg015
galenus.de-libris-propriis-liber	urn:cts:greekLit:tlg0057.tlg104	tlg0057.tlg104
galenus.de-locis-affectis-libri-vi	urn:cts:greekLit:tlg0057.tlg057	tlg0057.tlg057
galenus.de-marcore-liber	urn:cts:greekLit:tlg0057.tlg053	tlg0057.tlg053
galenus.de-methodo-medendi-libri-xiv	urn:cts:greekLit:tlg0057.tlg066	tlg0057.tlg066
galenus.de-morborum-differentiis	urn:cts:greekLit:tlg0057.tlg041	tlg0057.tlg041
galenus.de-morborum-temporibus-liber	urn:cts:greekLit:tlg0057.tlg046	tlg0057.tlg046
galenus.de-motu-musculorum-libri-ii	urn:cts:greekLit:tlg0057.tlg018	tlg0057.tlg018
galenus.de-musculorum-dissectione-ad-tirones	urn:cts:greekLit:tlg0057.tlg102	tlg0057.tlg102
galenus.de-naturalibus-facultatibus	urn:cts:greekLit:tlg0057.tlg010	tlg0057.tlg010
galenus.de-nervorum-dissectione	urn:cts:greekLit:tlg0057.tlg014	tlg0057.tlg014
galenus.de-optima-corporis-nostri-constitutione	urn:cts:greekLit:tlg0057.tlg024	tlg0057.tlg024
galenus.de-optima-doctrina	urn:cts:greekLit:tlg0057.tlg002	tlg0057.tlg002
galenus.de-ordine-librorum-suorum-ad-eugenianum	urn:cts:greekLit:tlg0057.tlg105	tlg0057.tlg105
galenus.de-ossibus-ad-tirones	urn:cts:greekLit:tlg0057.tlg012	tlg0057.tlg012
galenus.de-parvae-pilae-exercitio	urn:cts:greekLit:tlg0057.tlg034	tlg0057.tlg034
galenus.de-placitis-hippocratis-et-platonis	urn:cts:greekLit:tlg0057.tlg032	tlg0057.tlg032
galenus.de-plenitudine-liber	urn:cts:greekLit:tlg0057.tlg050	tlg0057.tlg050
galenus.de-praenotione-ad-posthumum-epigenem	urn:cts:greekLit:tlg0057.tlg083	tlg0057.tlg083
galenus.de-praesagitione-ex-pulsibus-libri-iv	urn:cts:greekLit:tlg0057.tlg062	tlg0057.tlg062
galenus.de-propriorum-animi-cuiuslibet-affectuum-dignotione-et-curatione	urn:cts:greekLit:tlg0057.tlg028	tlg0057.tlg028
galenus.de-ptisana	urn:cts:greekLit:tlg0057.tlg039	tlg0057.tlg039
galenus.de-pulsibus-libellus-ad-tirones	urn:cts:greekLit:tlg0057.tlg058	tlg0057.tlg058
galenus.de-purgantium-medicamentorum-facultate	urn:cts:greekLit:tlg0057.tlg072	tlg0057.tlg072
galenus.de-rebus-boni-malique-suci	urn:cts:greekLit:tlg0057.tlg038	tlg0057.tlg038
galenus.de-sanitate-tuenda-libri-vi	urn:cts:greekLit:tlg0057.tlg036	tlg0057.tlg036
galenus.de-sectis-ad-eos-qui-introducuntur	urn:cts:greekLit:tlg0057.tlg004	tlg0057.tlg004
galenus.de-semine-libri-ii	urn:cts:greekLit:tlg0057.tlg021	tlg0057.tlg021
galenus.de-simplicium-medicamentorum-temperamentis-ac-facultatibus-libri-xi	urn:cts:greekLit:tlg0057.tlg075	tlg0057.tlg075
galenus.de-sophismatis-seu-captionibus-penes-dictionem	urn:cts:greekLit:tlg0057.tlg082	tlg0057.tlg082
galenus.de-substantia-facultatum-naturalium-fragmentum-de-propriis	urn:cts:greekLit:tlg0057.tlg084	tlg0057.tlg084
galenus.de-symptomatum-causis-libri-iii	urn:cts:greekLit:tlg0057.tlg044	tlg0057.tlg044
galenus.de-symptomatum-differentiis-liber	urn:cts:greekLit:tlg0057.tlg043	tlg0057.tlg043
galenus.de-temperamentis-libri-iii	urn:cts:greekLit:tlg0057.tlg009	tlg0057.tlg009
galenus.de-theriaca-ad-pisonem	urn:cts:greekLit:tlg0057.tlg079	tlg0057.tlg079
galenus.de-totius-morbi-temporibus-liber	urn:cts:greekLit:tlg0057.tlg047	tlg0057.tlg047
galenus.de-tremore-palpitatione-convulsione-et-rigore-liber	urn:cts:greekLit:tlg0057.tlg051	tlg0057.tlg051
galenus.de-tumoribus-praeter-naturam	urn:cts:greekLit:tlg0057.tlg054	tlg0057.tlg054
galenus.de-typis-liber	urn:cts:greekLit:tlg0057.tlg048	tlg0057.tlg048
galenus.de-usu-partium	urn:cts:greekLit:tlg0057.tlg017	tlg0057.tlg017
galenus.de-usu-pulsuum	urn:cts:greekLit:tlg0057.tlg031	tlg0057.tlg031
galenus.de-uteri-dissectione	urn:cts:greekLit:tlg0057.tlg016	tlg0057.tlg016
galenus.de-utilitate-respirationis-liber	urn:cts:greekLit:tlg0057.tlg020	tlg0057.tlg020
galenus.de-venae-sectione-adversus-erasistrateos-romae-degentes	urn:cts:greekLit:tlg0057.tlg069	tlg0057.tlg069
galenus.de-venae-sectione-adversus-erasistratum	urn:cts:greekLit:tlg0057.tlg068	tlg0057.tlg068
galenus.de-venarum-arteriarumque-dissectione	urn:cts:greekLit:tlg0057.tlg013	tlg0057.tlg013
galenus.de-venereis-ap-oribasium	urn:cts:greekLit:tlg0057.tlg035	tlg0057.tlg035
galenus.de-victu-attenuante	urn:cts:greekLit:tlg0057.tlg019	tlg0057.tlg019
galenus.in-arteriis-natura-sanguis-contineatur	urn:cts:greekLit:tlg0057.tlg023	tlg0057.tlg023
galenus.in-hippocratis-aphorismos-commentarii-vii	urn:cts:greekLit:tlg0057.tlg092	tlg0057.tlg092
galenus.in-hippocratis-de-natura-hominis-librum-commentarii-iii	urn:cts:greekLit:tlg0057.tlg085	tlg0057.tlg085
galenus.in-hippocratis-de-victu-acutorum-commentaria-iv	urn:cts:greekLit:tlg0057.tlg087	tlg0057.tlg087
galenus.in-hippocratis-librum-de-articulis-et-galeni-in-eum-commentarii-iv	urn:cts:greekLit:tlg0057.tlg095	tlg0057.tlg095
galenus.in-hippocratis-librum-de-fracturis-commentarii-iii	urn:cts:greekLit:tlg0057.tlg100	tlg0057.tlg100
galenus.in-hippocratis-librum-de-officina-medici-commentarii-iii	urn:cts:greekLit:tlg0057.tlg101	tlg0057.tlg101
galenus.in-hippocratis-librum-iii-epidemiarum-commentarii-iii	urn:cts:greekLit:tlg0057.tlg090	tlg0057.tlg090
galenus.in-hippocratis-librum-primum-epidemiarum-commentarii-iii	urn:cts:greekLit:tlg0057.tlg089	tlg0057.tlg089
galenus.in-hippocratis-librum-vi-epidemiarum-commentarii-vi	urn:cts:greekLit:tlg0057.tlg091	tlg0057.tlg091
galenus.in-hippocratis-prognosticum-commentaria-iii	urn:cts:greekLit:tlg0057.tlg099	tlg0057.tlg099
galenus.in-hippocratis-prorrheticum-i-commentaria-iii	urn:cts:greekLit:tlg0057.tlg088	tlg0057.tlg088
galenus.in-hippocratis-vel-polybi-opus-de-salubri-victus-ratione-privatorum-commentarius	urn:cts:greekLit:tlg0057.tlg086	tlg0057.tlg086
galenus.institutio-logica	urn:cts:greekLit:tlg0057.tlg081	tlg0057.tlg081
galenus.linguarum-seu-dictionum-exoletarum-hippocratis-explicatio	urn:cts:greekLit:tlg0057.tlg106	tlg0057.tlg106
galenus.pro-puero-epileptico-consilium	urn:cts:greekLit:tlg0057.tlg074	tlg0057.tlg074
galenus.quod-animi-mores-corporis-temperamenta-sequantur	urn:cts:greekLit:tlg0057.tlg027	tlg0057.tlg027
galenus.quod-optimus-medicus-sit-quoque-philosophus	urn:cts:greekLit:tlg0057.tlg003	tlg0057.tlg003
galenus.quod-qualitates-incorporeae-sint	urn:cts:greekLit:tlg0057.tlg111	tlg0057.tlg111
galenus.quomodo-morborum-simulantes-sint-deprehendendi	urn:cts:greekLit:tlg0057.tlg115	tlg0057.tlg115
galenus.quos-quibus-catharticis-medicamentis-et-quando-purgare-oporteat-ap	urn:cts:greekLit:tlg0057.tlg073	tlg0057.tlg073
galenus.synopsis-librorum-suorum-de-pulsibus	urn:cts:greekLit:tlg0057.tlg063	tlg0057.tlg063
galenus.thrasybulus-sive-utrum-medicinae-sit-gymnasticae-hygieine	urn:cts:greekLit:tlg0057.tlg033	tlg0057.tlg033
gaudentius.harmonica-introductio	urn:cts:greekLit:tlg2137.tlg001	tlg2137.tlg001
gelasius.historia-ecclesiastica	urn:cts:greekLit:tlg2768.tlg001	tlg2768.tlg001
geminus.elementa-astronomiae	urn:cts:greekLit:tlg1383.tlg001	tlg1383.tlg001
geoponica.geoponica	urn:cts:greekLit:tlg4080.tlg001	tlg4080.tlg001
georgius-acropolites.annales	urn:cts:greekLit:tlg3141.tlg002	tlg3141.tlg002
georgius-acropolites.contra-latinos	urn:cts:greekLit:tlg3141.tlg010	tlg3141.tlg010
georgius-cedrenus.compendium-historiarum	urn:cts:greekLit:tlg3018.tlg001	tlg3018.tlg001
georgius-choeroboscus.prolegomena-et-scholia-in-theodosii-alexandrini-canones-isagogicos-de	urn:cts:greekLit:tlg4093.tlg001	tlg4093.tlg001
georgius-monachus-continuatus.chronicon-continuatio-redactio	urn:cts:greekLit:tlg3051.tlg001	tlg3051.tlg001
georgius-monachus.chronicon-breve-lib-1-6-redactio-recentior	urn:cts:greekLit:tlg3043.tlg002	tlg3043.tlg002
georgius-pachymeres.suggrafikai-i-stori-ai-libri-vi-de-michaele-palaeologo	urn:cts:greekLit:tlg3142.tlg001	tlg3142.tlg001
georgius-sphrantzes.chronicon-sive-minus-sp	urn:cts:greekLit:tlg3143.tlg001	tlg3143.tlg001
glaucus-rheginus.fragmenta	urn:cts:greekLit:tlg4391.tlg001	tlg4391.tlg001
gnomologium-vaticanum.gnomologium-vaticanum	urn:cts:greekLit:tlg2945.tlg001	tlg2945.tlg001
gorgias-atheniensis.fragmenta	urn:cts:greekLit:tlg2255.tlg003	tlg2255.tlg003
gorgias-rhetoric.fragmenta	urn:cts:greekLit:tlg0593.tlg003	tlg0593.tlg003
gorgias-rhetoric.testimonia	urn:cts:greekLit:tlg0593.tlg002	tlg0593.tlg002
gorgon.fragmenta	urn:cts:greekLit:tlg2357.tlg002	tlg2357.tlg002
gregorius-nazianzenus.ad-eos-qui-ipsum-acciverant-nec-occurrerant-orat-3	urn:cts:greekLit:tlg2022.tlg017	tlg2022.tlg017
gregorius-nazianzenus.ad-gregorium-nyssenum-orat-11	urn:cts:greekLit:tlg2022.tlg024	tlg2022.tlg024
gregorius-nazianzenus.ad-julianum-tributorum-exaequatorem-orat-19	urn:cts:greekLit:tlg2022.tlg032	tlg2022.tlg032
gregorius-nazianzenus.ad-patrem-orat-12	urn:cts:greekLit:tlg2022.tlg025	tlg2022.tlg025
gregorius-nazianzenus.adversus-eunomianos-orat-27	urn:cts:greekLit:tlg2022.tlg007	tlg2022.tlg007
gregorius-nazianzenus.apologetica-orat-2	urn:cts:greekLit:tlg2022.tlg016	tlg2022.tlg016
gregorius-nazianzenus.apologeticus-ad-patrem-orat-9	urn:cts:greekLit:tlg2022.tlg022	tlg2022.tlg022
gregorius-nazianzenus.carmina-de-se-ipso	urn:cts:greekLit:tlg2022.tlg061	tlg2022.tlg061
gregorius-nazianzenus.carmina-dogmatica	urn:cts:greekLit:tlg2022.tlg059	tlg2022.tlg059
gregorius-nazianzenus.carmina-moralia	urn:cts:greekLit:tlg2022.tlg060	tlg2022.tlg060
gregorius-nazianzenus.carmina-quae-spectant-ad-alios	urn:cts:greekLit:tlg2022.tlg062	tlg2022.tlg062
gregorius-nazianzenus.christus-patiens-dub-fort-auctore-constantino-manasse	urn:cts:greekLit:tlg2022.tlg003	tlg2022.tlg003
gregorius-nazianzenus.contra-arianos-et-de-seipso-orat-33	urn:cts:greekLit:tlg2022.tlg041	tlg2022.tlg041
gregorius-nazianzenus.contra-julianum-imperatorem-1-orat-4	urn:cts:greekLit:tlg2022.tlg018	tlg2022.tlg018
gregorius-nazianzenus.de-dogmate-et-constitutione-episcoporum-orat-20	urn:cts:greekLit:tlg2022.tlg033	tlg2022.tlg033
gregorius-nazianzenus.de-filio-orat-29	urn:cts:greekLit:tlg2022.tlg009	tlg2022.tlg009
gregorius-nazianzenus.de-filio-orat-30	urn:cts:greekLit:tlg2022.tlg010	tlg2022.tlg010
gregorius-nazianzenus.de-martyribus-et-adversus-arianos-orat-35-sp	urn:cts:greekLit:tlg2022.tlg043	tlg2022.tlg043
gregorius-nazianzenus.de-moderatione-in-disputando-orat-32	urn:cts:greekLit:tlg2022.tlg040	tlg2022.tlg040
gregorius-nazianzenus.de-pace-1-orat-6	urn:cts:greekLit:tlg2022.tlg020	tlg2022.tlg020
gregorius-nazianzenus.de-pauperum-amore-orat-14	urn:cts:greekLit:tlg2022.tlg027	tlg2022.tlg027
gregorius-nazianzenus.de-seipso-et-ad-eos-qui-ipsum-cathedram-constantinopolitanam-affectare	urn:cts:greekLit:tlg2022.tlg044	tlg2022.tlg044
gregorius-nazianzenus.de-spiritu-sancto-orat-31	urn:cts:greekLit:tlg2022.tlg011	tlg2022.tlg011
gregorius-nazianzenus.de-theologia-orat-28	urn:cts:greekLit:tlg2022.tlg008	tlg2022.tlg008
gregorius-nazianzenus.epistulae	urn:cts:greekLit:tlg2022.tlg001	tlg2022.tlg001
gregorius-nazianzenus.epistulae-theologicae	urn:cts:greekLit:tlg2022.tlg002	tlg2022.tlg002
gregorius-nazianzenus.fragmentum-ex-oratione-contra-astronomos-sp	urn:cts:greekLit:tlg2022.tlg054	tlg2022.tlg054
gregorius-nazianzenus.funebris-in-laudem-caesarii-fratris-oratio-orat-7	urn:cts:greekLit:tlg2022.tlg005	tlg2022.tlg005
gregorius-nazianzenus.funebris-oratio-in-laudem-basilii-magni-caesareae-in-cappadocia	urn:cts:greekLit:tlg2022.tlg006	tlg2022.tlg006
gregorius-nazianzenus.funebris-oratio-in-patrem-orat-18	urn:cts:greekLit:tlg2022.tlg031	tlg2022.tlg031
gregorius-nazianzenus.in-aegyptiorum-adventum-orat-34	urn:cts:greekLit:tlg2022.tlg042	tlg2022.tlg042
gregorius-nazianzenus.in-consecratione-eulalii-doarensium-episcopi-orat-13	urn:cts:greekLit:tlg2022.tlg026	tlg2022.tlg026
gregorius-nazianzenus.in-dictum-evangelii-cum-consummasset-jesus-hos-sermones-orat-37	urn:cts:greekLit:tlg2022.tlg045	tlg2022.tlg045
gregorius-nazianzenus.in-laudem-athanasii-orat-21	urn:cts:greekLit:tlg2022.tlg034	tlg2022.tlg034
gregorius-nazianzenus.in-laudem-heronis-philosophi-orat-25	urn:cts:greekLit:tlg2022.tlg038	tlg2022.tlg038
gregorius-nazianzenus.in-laudem-sororis-gorgoniae-orat-8	urn:cts:greekLit:tlg2022.tlg021	tlg2022.tlg021
gregorius-nazianzenus.in-machabaeorum-laudem-orat-15	urn:cts:greekLit:tlg2022.tlg028	tlg2022.tlg028
gregorius-nazianzenus.in-novam-dominicam-orat-44	urn:cts:greekLit:tlg2022.tlg051	tlg2022.tlg051
gregorius-nazianzenus.in-patrem-tacentem-orat-16	urn:cts:greekLit:tlg2022.tlg029	tlg2022.tlg029
gregorius-nazianzenus.in-sancta-lumina-orat-39	urn:cts:greekLit:tlg2022.tlg047	tlg2022.tlg047
gregorius-nazianzenus.in-sanctum-baptisma-orat-40	urn:cts:greekLit:tlg2022.tlg048	tlg2022.tlg048
gregorius-nazianzenus.in-sanctum-pascha-et-in-tarditatem-orat-1	urn:cts:greekLit:tlg2022.tlg015	tlg2022.tlg015
gregorius-nazianzenus.in-sanctum-pascha-orat-45	urn:cts:greekLit:tlg2022.tlg052	tlg2022.tlg052
gregorius-nazianzenus.in-seipsum-ad-patrem-et-basilium-magnum-orat-10	urn:cts:greekLit:tlg2022.tlg023	tlg2022.tlg023
gregorius-nazianzenus.in-seipsum-cum-rure-rediisset-post-ea-quae-maximo-perpetrata	urn:cts:greekLit:tlg2022.tlg039	tlg2022.tlg039
gregorius-nazianzenus.in-theophania-orat-38	urn:cts:greekLit:tlg2022.tlg046	tlg2022.tlg046
gregorius-nazianzenus.liturgia-sancti-gregorii-sp	urn:cts:greekLit:tlg2022.tlg055	tlg2022.tlg055
gregorius-nazianzenus.significatio-in-ezechielem-sp	urn:cts:greekLit:tlg2022.tlg053	tlg2022.tlg053
gregorius-nazianzenus.supremum-vale-orat-42	urn:cts:greekLit:tlg2022.tlg050	tlg2022.tlg050
gregorius-nazianzenus.testamentum	urn:cts:greekLit:tlg2022.tlg058	tlg2022.tlg058
gregorius-nyssenus.ad-ablabium-quod-non-sint-tres-dei	urn:cts:greekLit:tlg2017.tlg003	tlg2017.tlg003
gregorius-nyssenus.ad-graecos-ex-communibus-notionibus	urn:cts:greekLit:tlg2017.tlg002	tlg2017.tlg002
gregorius-nyssenus.ad-imaginem-dei-et-ad-similitudinem-sp	urn:cts:greekLit:tlg2017.tlg055	tlg2017.tlg055
gregorius-nyssenus.ad-theophilum-adversus-apollinaristas	urn:cts:greekLit:tlg2017.tlg007	tlg2017.tlg007
gregorius-nyssenus.adversus-arium-et-sabellium-de-patre-et-filio	urn:cts:greekLit:tlg2017.tlg005	tlg2017.tlg005
gregorius-nyssenus.adversus-eos-qui-castigationes-aegre-ferunt	urn:cts:greekLit:tlg2017.tlg059	tlg2017.tlg059
gregorius-nyssenus.adversus-macedonianos-de-spiritu-sancto	urn:cts:greekLit:tlg2017.tlg006	tlg2017.tlg006
gregorius-nyssenus.antirrheticus-adversus-apollinarium	urn:cts:greekLit:tlg2017.tlg008	tlg2017.tlg008
gregorius-nyssenus.apologia-in-hexaemeron	urn:cts:greekLit:tlg2017.tlg078	tlg2017.tlg078
gregorius-nyssenus.contra-eunomium	urn:cts:greekLit:tlg2017.tlg030	tlg2017.tlg030
gregorius-nyssenus.contra-fatum	urn:cts:greekLit:tlg2017.tlg082	tlg2017.tlg082
gregorius-nyssenus.contra-fornicarios	urn:cts:greekLit:tlg2017.tlg013	tlg2017.tlg013
gregorius-nyssenus.contra-usurarios	urn:cts:greekLit:tlg2017.tlg012	tlg2017.tlg012
gregorius-nyssenus.de-anima-sp	urn:cts:greekLit:tlg2017.tlgX02	tlg2017.tlgX02
gregorius-nyssenus.de-beneficentia-vulgo-de-pauperibus-amandis-i	urn:cts:greekLit:tlg2017.tlg010	tlg2017.tlg010
gregorius-nyssenus.de-creatione-hominis-sermo-alter-sp	urn:cts:greekLit:tlg2017.tlg035	tlg2017.tlg035
gregorius-nyssenus.de-creatione-hominis-sermo-primus-sp	urn:cts:greekLit:tlg2017.tlg034	tlg2017.tlg034
gregorius-nyssenus.de-deitate-adversus-evagrium-vulgo-in-suam	urn:cts:greekLit:tlg2017.tlg020	tlg2017.tlg020
gregorius-nyssenus.de-deitate-filii-et-spiritus-sancti	urn:cts:greekLit:tlg2017.tlg062	tlg2017.tlg062
gregorius-nyssenus.de-infantibus-praemature-abreptis	urn:cts:greekLit:tlg2017.tlg083	tlg2017.tlg083
gregorius-nyssenus.de-instituto-christiano	urn:cts:greekLit:tlg2017.tlg024	tlg2017.tlg024
gregorius-nyssenus.de-mortuis-non-esse-dolendum	urn:cts:greekLit:tlg2017.tlg009	tlg2017.tlg009
gregorius-nyssenus.de-occursu-domini-sp	urn:cts:greekLit:tlg2017.tlg073	tlg2017.tlg073
gregorius-nyssenus.de-opificio-hominis	urn:cts:greekLit:tlg2017.tlg079	tlg2017.tlg079
gregorius-nyssenus.de-oratione-dominica-orationes-v	urn:cts:greekLit:tlg2017.tlg047	tlg2017.tlg047
gregorius-nyssenus.de-perfectione-christiana-ad-olympium-monachum	urn:cts:greekLit:tlg2017.tlg026	tlg2017.tlg026
gregorius-nyssenus.de-professione-christiana-ad-harmonium	urn:cts:greekLit:tlg2017.tlg025	tlg2017.tlg025
gregorius-nyssenus.de-pythonissa-ad-theodosium-episcopum	urn:cts:greekLit:tlg2017.tlg084	tlg2017.tlg084
gregorius-nyssenus.de-sancto-theodoro	urn:cts:greekLit:tlg2017.tlg065	tlg2017.tlg065
gregorius-nyssenus.de-spiritu-sancto-sive-in-pentecosten	urn:cts:greekLit:tlg2017.tlg063	tlg2017.tlg063
gregorius-nyssenus.de-virginitate	urn:cts:greekLit:tlg2017.tlg043	tlg2017.tlg043
gregorius-nyssenus.de-vita-gregorii-thaumaturgi	urn:cts:greekLit:tlg2017.tlg069	tlg2017.tlg069
gregorius-nyssenus.de-vita-mosis	urn:cts:greekLit:tlg2017.tlg042	tlg2017.tlg042
gregorius-nyssenus.decem-syllogismi-contra-manichaeos-sp	urn:cts:greekLit:tlg2017.tlg061	tlg2017.tlg061
gregorius-nyssenus.dialogus-de-anima-et-resurrectione	urn:cts:greekLit:tlg2017.tlg056	tlg2017.tlg056
gregorius-nyssenus.encomium-in-sanctum-stephanum-protomartyrem-i	urn:cts:greekLit:tlg2017.tlg040	tlg2017.tlg040
gregorius-nyssenus.encomium-in-xl-martyres-i	urn:cts:greekLit:tlg2017.tlg066	tlg2017.tlg066
gregorius-nyssenus.encomium-in-xl-martyres-ii	urn:cts:greekLit:tlg2017.tlg067	tlg2017.tlg067
gregorius-nyssenus.epistula-canonica-ad-letoium	urn:cts:greekLit:tlg2017.tlg076	tlg2017.tlg076
gregorius-nyssenus.epistulae	urn:cts:greekLit:tlg2017.tlg033	tlg2017.tlg033
gregorius-nyssenus.in-ascensionem-christi	urn:cts:greekLit:tlg2017.tlg019	tlg2017.tlg019
gregorius-nyssenus.in-basilium-fratrem	urn:cts:greekLit:tlg2017.tlg048	tlg2017.tlg048
gregorius-nyssenus.in-canticum-canticorum-homiliae-15	urn:cts:greekLit:tlg2017.tlg032	tlg2017.tlg032
gregorius-nyssenus.in-ecclesiasten-homiliae-8	urn:cts:greekLit:tlg2017.tlg029	tlg2017.tlg029
gregorius-nyssenus.in-illud-quatenus-uni-ex-his-fecistis-mihi-fecistis	urn:cts:greekLit:tlg2017.tlg011	tlg2017.tlg011
gregorius-nyssenus.in-illud-tunc-et-ipse-filius	urn:cts:greekLit:tlg2017.tlg081	tlg2017.tlg081
gregorius-nyssenus.in-inscriptiones-psalmorum	urn:cts:greekLit:tlg2017.tlg027	tlg2017.tlg027
gregorius-nyssenus.in-luciferam-sanctam-domini-resurrectionem-vulgo-in	urn:cts:greekLit:tlg2017.tlg018	tlg2017.tlg018
gregorius-nyssenus.in-sanctum-ephraim	urn:cts:greekLit:tlg2017.tlg068	tlg2017.tlg068
gregorius-nyssenus.in-sanctum-et-salutare-pascha-vulgo-in-christi	urn:cts:greekLit:tlg2017.tlg017	tlg2017.tlg017
gregorius-nyssenus.in-sanctum-pascha-vulgo-in-christi-resurrectionem-oratio	urn:cts:greekLit:tlg2017.tlg015	tlg2017.tlg015
gregorius-nyssenus.oratio-catechetica-magna	urn:cts:greekLit:tlg2017.tlg046	tlg2017.tlg046
gregorius-nyssenus.oratio-consolatoria-in-pulcheriam	urn:cts:greekLit:tlg2017.tlg022	tlg2017.tlg022
gregorius-nyssenus.oratio-funebris-in-flacillam-imperatricem	urn:cts:greekLit:tlg2017.tlg023	tlg2017.tlg023
gregorius-nyssenus.oratio-funebris-in-meletium-episcopum	urn:cts:greekLit:tlg2017.tlg021	tlg2017.tlg021
gregorius-nyssenus.oratio-in-diem-natalem-christi	urn:cts:greekLit:tlg2017.tlg049	tlg2017.tlg049
gregorius-nyssenus.orationes-viii-de-beatitudinibus	urn:cts:greekLit:tlg2017.tlg053	tlg2017.tlg053
gregorius-nyssenus.testimonia-adversus-judaeos-sp	urn:cts:greekLit:tlg2017.tlg058	tlg2017.tlg058
gregorius-nyssenus.vita-sanctae-macrinae	urn:cts:greekLit:tlg2017.tlg041	tlg2017.tlg041
gregorius.paroemiae	urn:cts:greekLit:tlg9006.tlg001	tlg9006.tlg001
gregorius.tlg9006-tlg016	urn:cts:greekLit:tlg9006.tlg016	tlg9006.tlg016
h-eren-n-ius-philo.de-diversis-verborum-significationibus-peri-diafo-rous-2	urn:cts:greekLit:tlg1416.tlg007	tlg1416.tlg007
harmodius.fragmenta	urn:cts:greekLit:tlg1388.tlg001	tlg1388.tlg001
harpocration.lexicon-in-decem-oratores-atticos	urn:cts:greekLit:tlg1389.tlg001	tlg1389.tlg001
hecataeus-abderita.fragmenta-2	urn:cts:greekLit:tlg1390.tlg004	tlg1390.tlg004
hecataeus-abderita.testimonia-2	urn:cts:greekLit:tlg1390.tlg003	tlg1390.tlg003
hecataeus.testimonia	urn:cts:greekLit:tlg0538.tlg001	tlg0538.tlg001
hegemon-parodius.fragmentum	urn:cts:greekLit:tlg0463.tlg001	tlg0463.tlg001
hegesander.fragmenta	urn:cts:greekLit:tlg1392.tlg001	tlg1392.tlg001
hegesianax.fragmenta	urn:cts:greekLit:tlg1393.tlg001	tlg1393.tlg001
hegesippus-mecybernaeus.fragmenta	urn:cts:greekLit:tlg1397.tlg003	tlg1397.tlg003
hegesippus-scr-eccl.fragmenta-ex-incerto-libro	urn:cts:greekLit:tlg1398.tlg001	tlg1398.tlg001
hegesippus.fragmenta	urn:cts:greekLit:tlg0464.tlg001	tlg0464.tlg001
heliodorus-atheniensis.fragmenta	urn:cts:greekLit:tlg1400.tlg003	tlg1400.tlg003
heliodorus-scr-erot.aethiopica	urn:cts:greekLit:tlg0658.tlg001	tlg0658.tlg001
heliodorus.fragmenta	urn:cts:greekLit:tlg1400.tlg001	tlg1400.tlg001
helladius-chrestomathia-photius-bekker-v2	urn:cts:greekLit:tlg1401.tlg001	tlg1401.tlg001
hellanicus.fragmenta	urn:cts:greekLit:tlg0539.tlg002	tlg0539.tlg002
hellanicus.testimonia	urn:cts:greekLit:tlg0539.tlg001	tlg0539.tlg001
heniochus.fragmenta	urn:cts:greekLit:tlg0465.tlg001	tlg0465.tlg001
hephaestion-grammar.de-poematis	urn:cts:greekLit:tlg1402.tlg003	tlg1402.tlg003
hephaestion-grammar.de-signis	urn:cts:greekLit:tlg1402.tlg004	tlg1402.tlg004
hephaestion-grammar.enchiridion-de-metris	urn:cts:greekLit:tlg1402.tlg001	tlg1402.tlg001
hephaestion-grammar.fragmenta-hephaestionea	urn:cts:greekLit:tlg1402.tlg005	tlg1402.tlg005
hephaestion-grammar.introductio-metrica	urn:cts:greekLit:tlg1402.tlg002	tlg1402.tlg002
heraclides-comedy.fragmentum	urn:cts:greekLit:tlg0466.tlg001	tlg0466.tlg001
heraclides-lembus.excerpta-politiarum	urn:cts:greekLit:tlg1407.tlg001	tlg1407.tlg001
heraclides-ponticus-junior-grammar.fragmenta	urn:cts:greekLit:tlg0283.tlg001	tlg0283.tlg001
heraclides-ponticus.fragmenta	urn:cts:greekLit:tlg1409.tlg001	tlg1409.tlg001
heraclides.fragmenta	urn:cts:greekLit:tlg1406.tlg001	tlg1406.tlg001
heraclit-quaest-hom-mehler	urn:cts:greekLit:tlg1415.tlg001	tlg1415.tlg001
heraclitus-1ce.allegoriae-quaestiones-homericae	urn:cts:greekLit:tlg1414.tlg001	tlg1414.tlg001
heraclitus-paradoxography.de-incredibilibus	urn:cts:greekLit:tlg1413.tlg001	tlg1413.tlg001
heraclitus-philosophy.fragmenta	urn:cts:greekLit:tlg0626.tlg002	tlg0626.tlg002
heraclitus-philosophy.testimonia	urn:cts:greekLit:tlg0626.tlg001	tlg0626.tlg001
hereas.fragmenta	urn:cts:greekLit:tlg2336.tlg002	tlg2336.tlg002
herillus.fragmenta	urn:cts:greekLit:tlg2169.tlg001	tlg2169.tlg001
hermas.pastor	urn:cts:greekLit:tlg1419.tlg001	tlg1419.tlg001
hermes.ai-nigma-tou-filosofikou-li-qou-ermou-kai-agaqodai-monos	urn:cts:greekLit:tlg4325.tlg002	tlg4325.tlg002
hermesianax-cyprius.fragmenta	urn:cts:greekLit:tlg2532.tlg002	tlg2532.tlg002
hermesianax.fragmenta	urn:cts:greekLit:tlg0213.tlg001	tlg0213.tlg001
hermias-apologetics.irrisio-gentilium-philosophorum	urn:cts:greekLit:tlg0531.tlg001	tlg0531.tlg001
hermias-history.fragmenta	urn:cts:greekLit:tlg2384.tlg003	tlg2384.tlg003
hermias.fragmenta	urn:cts:greekLit:tlg2384.tlg001	tlg2384.tlg001
hermippus-comedy.fragmenta	urn:cts:greekLit:tlg0252.tlg001	tlg0252.tlg001
hermippus-comedy.fragmenta-4	urn:cts:greekLit:tlg0252.tlg004	tlg0252.tlg004
hermippus.fragmenta	urn:cts:greekLit:tlg1421.tlg001	tlg1421.tlg001
hermogenes.peri-eu-re-sews-sp	urn:cts:greekLit:tlg0592.tlg003	tlg0592.tlg003
hermogenes.peri-i-dew-n-lo-gou	urn:cts:greekLit:tlg0592.tlg004	tlg0592.tlg004
hermogenes.peri-meqo-dou-deino-thtos-sp	urn:cts:greekLit:tlg0592.tlg005	tlg0592.tlg005
hermogenes.peri-sta-sewn	urn:cts:greekLit:tlg0592.tlg002	tlg0592.tlg002
hermogenes.progymnasmata-dub	urn:cts:greekLit:tlg0592.tlg001	tlg0592.tlg001
herodas.mimiambi	urn:cts:greekLit:tlg0650.tlg001	tlg0650.tlg001
herodianus.ab-excessu-divi-marci	urn:cts:greekLit:tlg0015.tlg001	tlg0015.tlg001
herodorus.fragmenta	urn:cts:greekLit:tlg1427.tlg001	tlg1427.tlg001
herodotus.historiae	urn:cts:greekLit:tlg0016.tlg001	tlg0016.tlg001
heron.belopoeica	urn:cts:greekLit:tlg0559.tlg012	tlg0559.tlg012
heron.catoptrica	urn:cts:greekLit:tlg0559.tlg005	tlg0559.tlg005
heron.de-automatis	urn:cts:greekLit:tlg0559.tlg002	tlg0559.tlg002
heron.de-mensuris	urn:cts:greekLit:tlg0559.tlg011	tlg0559.tlg011
heron.definitiones	urn:cts:greekLit:tlg0559.tlg008	tlg0559.tlg008
heron.dioptra	urn:cts:greekLit:tlg0559.tlg007	tlg0559.tlg007
heron.fragmenta-heroniana	urn:cts:greekLit:tlg0559.tlg014	tlg0559.tlg014
heron.geodaesia-sp	urn:cts:greekLit:tlg0559.tlg015	tlg0559.tlg015
heron.geometrica	urn:cts:greekLit:tlg0559.tlg009	tlg0559.tlg009
heron.liber-geeponicus-sp	urn:cts:greekLit:tlg0559.tlg016	tlg0559.tlg016
heron.mechanicorum-fragmenta	urn:cts:greekLit:tlg0559.tlg004	tlg0559.tlg004
heron.metrica	urn:cts:greekLit:tlg0559.tlg006	tlg0559.tlg006
heron.pneumatica	urn:cts:greekLit:tlg0559.tlg001	tlg0559.tlg001
heron.stereometrica	urn:cts:greekLit:tlg0559.tlg010	tlg0559.tlg010
hesiodus.fragmenta	urn:cts:greekLit:tlg0020.tlg004	tlg0020.tlg004
hesiodus.opera-et-dies	urn:cts:greekLit:tlg0020.tlg002	tlg0020.tlg002
hesiodus.scutum	urn:cts:greekLit:tlg0020.tlg003	tlg0020.tlg003
hesiodus.theogonia	urn:cts:greekLit:tlg0020.tlg001	tlg0020.tlg001
hesychius-illustrius.fragmenta	urn:cts:greekLit:tlg2274.tlg007	tlg2274.tlg007
hesychius-lexicography.epistula-ad-eulogium	urn:cts:greekLit:tlg4085.tlg001	tlg4085.tlg001
hesychius-lexicography.lexicon-o	urn:cts:greekLit:tlg4085.tlg002	tlg4085.tlg002
hesychius-lexicography.lexicon-p-w	urn:cts:greekLit:tlg4085.tlg003	tlg4085.tlg003
hesychius-of-jerusalem.commentarius-magnus-in-psalmos		pta:pta0006.pta001
hicetas.testimonia	urn:cts:greekLit:tlg2240.tlg001	tlg2240.tlg001
hierocles-philosophy.hqikh-stoixei-wsis	urn:cts:greekLit:tlg1429.tlg001	tlg1429.tlg001
hieronymus-cardianus.fragmenta	urn:cts:greekLit:tlg1953.tlg003	tlg1953.tlg003
hieronymus.fragmenta	urn:cts:greekLit:tlg1953.tlg001	tlg1953.tlg001
hierotheus-alchemy.ieroqe-ou-peri-th-s-i-era-s-te-xnhs-e-cod-paris-b-n-gr	urn:cts:greekLit:tlg4331.tlg001	tlg4331.tlg001
himerius.declamationes-et-orationes	urn:cts:greekLit:tlg2051.tlg001	tlg2051.tlg001
hipparchus-astronomy.in-arati-et-eudoxi-phaenomena-commentariorum-libri-iii	urn:cts:greekLit:tlg1431.tlg003	tlg1431.tlg003
hipparchus-comedy.fragmenta	urn:cts:greekLit:tlg0468.tlg001	tlg0468.tlg001
hipparchus-philosophy.fragmentum	urn:cts:greekLit:tlg1432.tlg001	tlg1432.tlg001
hippasus.testimonia	urn:cts:greekLit:tlg2260.tlg001	tlg2260.tlg001
hippias-erythraeus.fragmenta	urn:cts:greekLit:tlg1435.tlg002	tlg1435.tlg002
hippias-soph.fragmenta-2	urn:cts:greekLit:tlg1434.tlg004	tlg1434.tlg004
hippias-soph.testimonia-2	urn:cts:greekLit:tlg1434.tlg003	tlg1434.tlg003
hippiatrica.appendices-ad-hippiatrica-berolinensia	urn:cts:greekLit:tlg0738.tlg002	tlg0738.tlg002
hippiatrica.hippiatrica-berolinensia	urn:cts:greekLit:tlg0738.tlg001	tlg0738.tlg001
hippocrates-et-corpus-hippocraticum.aphorismi	urn:cts:greekLit:tlg0627.tlg012	tlg0627.tlg012
hippocrates-et-corpus-hippocraticum.coa-praesagia	urn:cts:greekLit:tlg0627.tlg017	tlg0627.tlg017
hippocrates-et-corpus-hippocraticum.de-ae-re-aquis-et-locis	urn:cts:greekLit:tlg0627.tlg002	tlg0627.tlg002
hippocrates-et-corpus-hippocraticum.de-affectionibus	urn:cts:greekLit:tlg0627.tlg025	tlg0627.tlg025
hippocrates-et-corpus-hippocraticum.de-affectionibus-interioribus	urn:cts:greekLit:tlg0627.tlg032	tlg0627.tlg032
hippocrates-et-corpus-hippocraticum.de-alimento	urn:cts:greekLit:tlg0627.tlg046	tlg0627.tlg046
hippocrates-et-corpus-hippocraticum.de-anatome	urn:cts:greekLit:tlg0627.tlg040	tlg0627.tlg040
hippocrates-et-corpus-hippocraticum.de-arte	urn:cts:greekLit:tlg0627.tlg018	tlg0627.tlg018
hippocrates-et-corpus-hippocraticum.de-articulis	urn:cts:greekLit:tlg0627.tlg010	tlg0627.tlg010
hippocrates-et-corpus-hippocraticum.de-capitis-vulneribus	urn:cts:greekLit:tlg0627.tlg007	tlg0627.tlg007
hippocrates-et-corpus-hippocraticum.de-carnibus	urn:cts:greekLit:tlg0627.tlg043	tlg0627.tlg043
hippocrates-et-corpus-hippocraticum.de-corde	urn:cts:greekLit:tlg0627.tlg045	tlg0627.tlg045
hippocrates-et-corpus-hippocraticum.de-decente-habitu	urn:cts:greekLit:tlg0627.tlg050	tlg0627.tlg050
hippocrates-et-corpus-hippocraticum.de-dentitione	urn:cts:greekLit:tlg0627.tlg041	tlg0627.tlg041
hippocrates-et-corpus-hippocraticum.de-diaeta-acutorum-sp	urn:cts:greekLit:tlg0627.tlg005	tlg0627.tlg005
hippocrates-et-corpus-hippocraticum.de-diaeta-iiv	urn:cts:greekLit:tlg0627.tlg031	tlg0627.tlg031
hippocrates-et-corpus-hippocraticum.de-diaeta-in-morbis-acutis	urn:cts:greekLit:tlg0627.tlg004	tlg0627.tlg004
hippocrates-et-corpus-hippocraticum.de-diaeta-salubri	urn:cts:greekLit:tlg0627.tlg020	tlg0627.tlg020
hippocrates-et-corpus-hippocraticum.de-diebus-judicatoriis	urn:cts:greekLit:tlg0627.tlg053	tlg0627.tlg053
hippocrates-et-corpus-hippocraticum.de-exsectione-foetus	urn:cts:greekLit:tlg0627.tlg039	tlg0627.tlg039
hippocrates-et-corpus-hippocraticum.de-fistulis	urn:cts:greekLit:tlg0627.tlg030	tlg0627.tlg030
hippocrates-et-corpus-hippocraticum.de-flatibus	urn:cts:greekLit:tlg0627.tlg021	tlg0627.tlg021
hippocrates-et-corpus-hippocraticum.de-fracturis	urn:cts:greekLit:tlg0627.tlg009	tlg0627.tlg009
hippocrates-et-corpus-hippocraticum.de-genitura	urn:cts:greekLit:tlg0627.tlg024a	tlg0627.tlg024a
hippocrates-et-corpus-hippocraticum.de-glandulis	urn:cts:greekLit:tlg0627.tlg042	tlg0627.tlg042
hippocrates-et-corpus-hippocraticum.de-haemorrhoidibus	urn:cts:greekLit:tlg0627.tlg029	tlg0627.tlg029
hippocrates-et-corpus-hippocraticum.de-humidorum-usu	urn:cts:greekLit:tlg0627.tlg022	tlg0627.tlg022
hippocrates-et-corpus-hippocraticum.de-humoribus	urn:cts:greekLit:tlg0627.tlg015	tlg0627.tlg015
hippocrates-et-corpus-hippocraticum.de-judicationibus	urn:cts:greekLit:tlg0627.tlg052	tlg0627.tlg052
hippocrates-et-corpus-hippocraticum.de-locis-in-homine	urn:cts:greekLit:tlg0627.tlg026	tlg0627.tlg026
hippocrates-et-corpus-hippocraticum.de-medico	urn:cts:greekLit:tlg0627.tlg049	tlg0627.tlg049
hippocrates-et-corpus-hippocraticum.de-morbis-iiii	urn:cts:greekLit:tlg0627.tlg023	tlg0627.tlg023
hippocrates-et-corpus-hippocraticum.de-morbis-popularibus-epidemiae	urn:cts:greekLit:tlg0627.tlg006	tlg0627.tlg006
hippocrates-et-corpus-hippocraticum.de-morbo-sacro	urn:cts:greekLit:tlg0627.tlg027	tlg0627.tlg027
hippocrates-et-corpus-hippocraticum.de-mulierum-affectibus-iiii	urn:cts:greekLit:tlg0627.tlg036	tlg0627.tlg036
hippocrates-et-corpus-hippocraticum.de-natura-hominis	urn:cts:greekLit:tlg0627.tlg019	tlg0627.tlg019
hippocrates-et-corpus-hippocraticum.de-natura-muliebri	urn:cts:greekLit:tlg0627.tlg033	tlg0627.tlg033
hippocrates-et-corpus-hippocraticum.de-natura-pueri	urn:cts:greekLit:tlg0627.tlg024b	tlg0627.tlg024b
hippocrates-et-corpus-hippocraticum.de-octimestri-partu	urn:cts:greekLit:tlg0627.tlg035	tlg0627.tlg035
hippocrates-et-corpus-hippocraticum.de-officina-medici	urn:cts:greekLit:tlg0627.tlg008	tlg0627.tlg008
hippocrates-et-corpus-hippocraticum.de-ossium-natura	urn:cts:greekLit:tlg0627.tlg048	tlg0627.tlg048
hippocrates-et-corpus-hippocraticum.de-prisca-medicina	urn:cts:greekLit:tlg0627.tlg001	tlg0627.tlg001
hippocrates-et-corpus-hippocraticum.de-superfetatione	urn:cts:greekLit:tlg0627.tlg038	tlg0627.tlg038
hippocrates-et-corpus-hippocraticum.de-ulceribus	urn:cts:greekLit:tlg0627.tlg028	tlg0627.tlg028
hippocrates-et-corpus-hippocraticum.de-virginum-morbis	urn:cts:greekLit:tlg0627.tlg037	tlg0627.tlg037
hippocrates-et-corpus-hippocraticum.de-visu	urn:cts:greekLit:tlg0627.tlg047	tlg0627.tlg047
hippocrates-et-corpus-hippocraticum.epistulae	urn:cts:greekLit:tlg0627.tlg055	tlg0627.tlg055
hippocrates-et-corpus-hippocraticum.jusjurandum	urn:cts:greekLit:tlg0627.tlg013	tlg0627.tlg013
hippocrates-et-corpus-hippocraticum.lex	urn:cts:greekLit:tlg0627.tlg014	tlg0627.tlg014
hippocrates-et-corpus-hippocraticum.praeceptiones	urn:cts:greekLit:tlg0627.tlg051	tlg0627.tlg051
hippocrates-et-corpus-hippocraticum.prognosticon	urn:cts:greekLit:tlg0627.tlg003	tlg0627.tlg003
hippocrates-et-corpus-hippocraticum.prorrheticon	urn:cts:greekLit:tlg0627.tlg016	tlg0627.tlg016
hippocrates-et-corpus-hippocraticum.vectiarius	urn:cts:greekLit:tlg0627.tlg011	tlg0627.tlg011
hippocrates.testimonia	urn:cts:greekLit:tlg2235.tlg001	tlg2235.tlg001
hippodamus.fragmenta-sp	urn:cts:greekLit:tlg1436.tlg001	tlg1436.tlg001
hippolytus-of-rome.commentarii-in-danielem		pta:pta0037.pta001
hippolytus.refutatio-omnium-haeresium-philosophumena	urn:cts:greekLit:tlg2115.tlg060	tlg2115.tlg060
hippon.testimonia	urn:cts:greekLit:tlg1437.tlg001	tlg1437.tlg001
hipponax.fragmenta	urn:cts:greekLit:tlg0233.tlg001	tlg0233.tlg001
hippostratus.fragmenta	urn:cts:greekLit:tlg2391.tlg003	tlg2391.tlg003
hippys.fragmenta	urn:cts:greekLit:tlg1438.tlg003	tlg1438.tlg003
homerica.versus-heroici	urn:cts:greekLit:tlg1802.tlg001	tlg1802.tlg001
homerus-epic.epigrammata	urn:cts:greekLit:tlg0012.tlg003	tlg0012.tlg003
homerus-epic.ilias	urn:cts:greekLit:tlg0012.tlg001	tlg0012.tlg001
homerus-epic.odyssea	urn:cts:greekLit:tlg0012.tlg002	tlg0012.tlg002
horapollo.hieroglyphica-translatio-philippi	urn:cts:greekLit:tlg2052.tlg001	tlg2052.tlg001
hymni-homerici.fragmenta-hymni-in-bacchum	urn:cts:greekLit:tlg0013.tlg001	tlg0013.tlg001
hymni-homerici.in-aesculapium	urn:cts:greekLit:tlg0013.tlg016	tlg0013.tlg016
hymni-homerici.in-apollinem	urn:cts:greekLit:tlg0013.tlg021	tlg0013.tlg021
hymni-homerici.in-apollinem-fort-auctore-cynaetho-chio	urn:cts:greekLit:tlg0013.tlg003	tlg0013.tlg003
hymni-homerici.in-bacchum	urn:cts:greekLit:tlg0013.tlg007	tlg0013.tlg007
hymni-homerici.in-bacchum-2	urn:cts:greekLit:tlg0013.tlg026	tlg0013.tlg026
hymni-homerici.in-cererem	urn:cts:greekLit:tlg0013.tlg002	tlg0013.tlg002
hymni-homerici.in-cererem-2	urn:cts:greekLit:tlg0013.tlg013	tlg0013.tlg013
hymni-homerici.in-dianam	urn:cts:greekLit:tlg0013.tlg009	tlg0013.tlg009
hymni-homerici.in-dianam-2	urn:cts:greekLit:tlg0013.tlg027	tlg0013.tlg027
hymni-homerici.in-dioscuros	urn:cts:greekLit:tlg0013.tlg017	tlg0013.tlg017
hymni-homerici.in-dioscuros-2	urn:cts:greekLit:tlg0013.tlg033	tlg0013.tlg033
hymni-homerici.in-herculem	urn:cts:greekLit:tlg0013.tlg015	tlg0013.tlg015
hymni-homerici.in-jovem	urn:cts:greekLit:tlg0013.tlg023	tlg0013.tlg023
hymni-homerici.in-junonem	urn:cts:greekLit:tlg0013.tlg012	tlg0013.tlg012
hymni-homerici.in-lunam	urn:cts:greekLit:tlg0013.tlg032	tlg0013.tlg032
hymni-homerici.in-martem	urn:cts:greekLit:tlg0013.tlg008	tlg0013.tlg008
hymni-homerici.in-matrem-deorum	urn:cts:greekLit:tlg0013.tlg014	tlg0013.tlg014
hymni-homerici.in-mercurium	urn:cts:greekLit:tlg0013.tlg004	tlg0013.tlg004
hymni-homerici.in-mercurium-2	urn:cts:greekLit:tlg0013.tlg018	tlg0013.tlg018
hymni-homerici.in-minervam	urn:cts:greekLit:tlg0013.tlg011	tlg0013.tlg011
hymni-homerici.in-minervam-2	urn:cts:greekLit:tlg0013.tlg028	tlg0013.tlg028
hymni-homerici.in-musas-et-apollinem	urn:cts:greekLit:tlg0013.tlg025	tlg0013.tlg025
hymni-homerici.in-neptunum	urn:cts:greekLit:tlg0013.tlg022	tlg0013.tlg022
hymni-homerici.in-pana	urn:cts:greekLit:tlg0013.tlg019	tlg0013.tlg019
hymni-homerici.in-solem	urn:cts:greekLit:tlg0013.tlg031	tlg0013.tlg031
hymni-homerici.in-tellurem-matrem-omnium	urn:cts:greekLit:tlg0013.tlg030	tlg0013.tlg030
hymni-homerici.in-venerem	urn:cts:greekLit:tlg0013.tlg005	tlg0013.tlg005
hymni-homerici.in-venerem-2	urn:cts:greekLit:tlg0013.tlg006	tlg0013.tlg006
hymni-homerici.in-venerem-3	urn:cts:greekLit:tlg0013.tlg010	tlg0013.tlg010
hymni-homerici.in-vestam	urn:cts:greekLit:tlg0013.tlg024	tlg0013.tlg024
hymni-homerici.in-vestam-2	urn:cts:greekLit:tlg0013.tlg029	tlg0013.tlg029
hymni-homerici.in-volcanum	urn:cts:greekLit:tlg0013.tlg020	tlg0013.tlg020
hyperides.epitaphius	urn:cts:greekLit:tlg0030.tlg006	tlg0030.tlg006
hyperides.in-athenogenem	urn:cts:greekLit:tlg0030.tlg005	tlg0030.tlg005
hyperides.in-demosthenem	urn:cts:greekLit:tlg0030.tlg001	tlg0030.tlg001
hyperides.in-philippidem	urn:cts:greekLit:tlg0030.tlg004	tlg0030.tlg004
hyperides.pro-euxenippo	urn:cts:greekLit:tlg0030.tlg003	tlg0030.tlg003
hyperides.pro-lycophrone	urn:cts:greekLit:tlg0030.tlg002	tlg0030.tlg002
hypermenes.fragmenta	urn:cts:greekLit:tlg2277.tlg002	tlg2277.tlg002
hyperochus.fragmenta	urn:cts:greekLit:tlg2396.tlg003	tlg2396.tlg003
iamblichus-alchemy.fragmenta-alchemica-e-cod-paris-b-n-gr-2327-fol-266r	urn:cts:greekLit:tlg2140.tlg001	tlg2140.tlg001
iamblichus-philosophy.de-communi-mathematica-scientia	urn:cts:greekLit:tlg2023.tlg003	tlg2023.tlg003
iamblichus-philosophy.de-mysteriis	urn:cts:greekLit:tlg2023.tlg006	tlg2023.tlg006
iamblichus-philosophy.de-vita-pythagorica	urn:cts:greekLit:tlg2023.tlg001	tlg2023.tlg001
iamblichus-philosophy.in-nicomachi-arithmeticam-introductionem	urn:cts:greekLit:tlg2023.tlg004	tlg2023.tlg004
iamblichus-philosophy.protrepticus	urn:cts:greekLit:tlg2023.tlg002	tlg2023.tlg002
iamblichus-scr-erot.babyloniaca	urn:cts:greekLit:tlg1441.tlg001	tlg1441.tlg001
ibycus.fragmenta	urn:cts:greekLit:tlg0293.tlg001	tlg0293.tlg001
iccus.testimonia	urn:cts:greekLit:tlg2226.tlg001	tlg2226.tlg001
idaeus-philosophy.testimonium	urn:cts:greekLit:tlg2304.tlg001	tlg2304.tlg001
idomeneus.fragmenta	urn:cts:greekLit:tlg1442.tlg004	tlg1442.tlg004
ignatius-scr-eccl.epistulae-interpolatae-et-epistulae-suppositiciae-recensio-longior	urn:cts:greekLit:tlg1443.tlg002	tlg1443.tlg002
ignatius-scr-eccl.epistulae-vii-genuinae-recensio-media	urn:cts:greekLit:tlg1443.tlg001	tlg1443.tlg001
ilias-parva.ilias-parva-fragmenta	urn:cts:greekLit:tlg1444.tlg001	tlg1444.tlg001
iliu-persis.iliu-persis-fragmenta	urn:cts:greekLit:tlg1445.tlg001	tlg1445.tlg001
ion-philosophy.fragmenta	urn:cts:greekLit:tlg0308.tlg001	tlg0308.tlg001
ion-philosophy.testimonia-2	urn:cts:greekLit:tlg0308.tlg008	tlg0308.tlg008
iophon.fragmenta	urn:cts:greekLit:tlg0311.tlg001	tlg0311.tlg001
irenaeus.adversus-haereses-libri-1-2	urn:cts:greekLit:tlg1447.tlg001	tlg1447.tlg001
irenaeus.fragmenta-synodicae-epistulae	urn:cts:greekLit:tlg1447.tlg009	tlg1447.tlg009
isaeus.de-apollodoro	urn:cts:greekLit:tlg0017.tlg007	tlg0017.tlg007
isaeus.de-aristarcho	urn:cts:greekLit:tlg0017.tlg010	tlg0017.tlg010
isaeus.de-astyphilo	urn:cts:greekLit:tlg0017.tlg009	tlg0017.tlg009
isaeus.de-cirone	urn:cts:greekLit:tlg0017.tlg008	tlg0017.tlg008
isaeus.de-cleonymo	urn:cts:greekLit:tlg0017.tlg001	tlg0017.tlg001
isaeus.de-dicaeogene	urn:cts:greekLit:tlg0017.tlg005	tlg0017.tlg005
isaeus.de-hagnia	urn:cts:greekLit:tlg0017.tlg011	tlg0017.tlg011
isaeus.de-menecle	urn:cts:greekLit:tlg0017.tlg002	tlg0017.tlg002
isaeus.de-nicostrato	urn:cts:greekLit:tlg0017.tlg004	tlg0017.tlg004
isaeus.de-philoctemone	urn:cts:greekLit:tlg0017.tlg006	tlg0017.tlg006
isaeus.de-pyrrho	urn:cts:greekLit:tlg0017.tlg003	tlg0017.tlg003
isaeus.pro-euphileto	urn:cts:greekLit:tlg0017.tlg012	tlg0017.tlg012
isidore-charax.mansiones-parthicae	urn:cts:greekLit:tlg0070.tlg001	tlg0070.tlg001
isidorus-scholasticus-anthol-didot	urn:cts:greekLit:tlg4052.tlg001	tlg4052.tlg001
isigonus-nicaeensis.fragmenta	urn:cts:greekLit:tlg1083.tlg002	tlg1083.tlg002
isocrates.ad-alexandrum-epist-5	urn:cts:greekLit:tlg0010.tlg028	tlg0010.tlg028
isocrates.ad-antipatrum-epist-4	urn:cts:greekLit:tlg0010.tlg029	tlg0010.tlg029
isocrates.ad-archidamum-epist-9	urn:cts:greekLit:tlg0010.tlg024	tlg0010.tlg024
isocrates.ad-demonicum-orat-1	urn:cts:greekLit:tlg0010.tlg007	tlg0010.tlg007
isocrates.ad-dionysium-epist-1	urn:cts:greekLit:tlg0010.tlg022	tlg0010.tlg022
isocrates.ad-filios-jasonis-epist-6	urn:cts:greekLit:tlg0010.tlg023	tlg0010.tlg023
isocrates.ad-nicoclem-orat-2	urn:cts:greekLit:tlg0010.tlg013	tlg0010.tlg013
isocrates.ad-philippum-epist-2	urn:cts:greekLit:tlg0010.tlg027	tlg0010.tlg027
isocrates.ad-philippum-epist-3	urn:cts:greekLit:tlg0010.tlg030	tlg0010.tlg030
isocrates.ad-reges-mytilenaeos-epist-8	urn:cts:greekLit:tlg0010.tlg025	tlg0010.tlg025
isocrates.ad-timotheum-epist-7	urn:cts:greekLit:tlg0010.tlg026	tlg0010.tlg026
isocrates.aegineticus-orat-19	urn:cts:greekLit:tlg0010.tlg006	tlg0010.tlg006
isocrates.antidosis-orat-15	urn:cts:greekLit:tlg0010.tlg019	tlg0010.tlg019
isocrates.archidamus-orat-6	urn:cts:greekLit:tlg0010.tlg016	tlg0010.tlg016
isocrates.areopagiticus-orat-7	urn:cts:greekLit:tlg0010.tlg018	tlg0010.tlg018
isocrates.busiris-orat-11	urn:cts:greekLit:tlg0010.tlg010	tlg0010.tlg010
isocrates.de-bigis-orat-16	urn:cts:greekLit:tlg0010.tlg004	tlg0010.tlg004
isocrates.de-pace-orat-8	urn:cts:greekLit:tlg0010.tlg017	tlg0010.tlg017
isocrates.evagoras-orat-9	urn:cts:greekLit:tlg0010.tlg015	tlg0010.tlg015
isocrates.helenae-encomium-orat-10	urn:cts:greekLit:tlg0010.tlg009	tlg0010.tlg009
isocrates.in-callimachum-orat-18	urn:cts:greekLit:tlg0010.tlg002	tlg0010.tlg002
isocrates.in-euthynum-orat-21	urn:cts:greekLit:tlg0010.tlg001	tlg0010.tlg001
isocrates.in-lochitem-orat-20	urn:cts:greekLit:tlg0010.tlg003	tlg0010.tlg003
isocrates.in-sophistas-orat-13	urn:cts:greekLit:tlg0010.tlg008	tlg0010.tlg008
isocrates.nicocles-orat-3	urn:cts:greekLit:tlg0010.tlg014	tlg0010.tlg014
isocrates.panathenaicus-orat-12	urn:cts:greekLit:tlg0010.tlg021	tlg0010.tlg021
isocrates.panegyricus-orat-4	urn:cts:greekLit:tlg0010.tlg011	tlg0010.tlg011
isocrates.philippus-orat-5	urn:cts:greekLit:tlg0010.tlg020	tlg0010.tlg020
isocrates.plataicus-orat-14	urn:cts:greekLit:tlg0010.tlg012	tlg0010.tlg012
isocrates.trapeziticus-orat-17	urn:cts:greekLit:tlg0010.tlg005	tlg0010.tlg005
ister.fragmenta	urn:cts:greekLit:tlg1450.tlg004	tlg1450.tlg004
isyllus.fragmenta-ig-4-950	urn:cts:greekLit:tlg0201.tlg001	tlg0201.tlg001
jacobs-anthologia-graeca-t13.appendix-epigrammatum		note:edition-scoped work: Jacobs, Anth. Gr. Tom. XIII (Animadversiones III.3, Leipzig 1814); no tlg urn
joannes-antiochenus.fragmenta	urn:cts:greekLit:tlg4394.tlg001	tlg4394.tlg001
joannes-archiereus.iwa-nnou-rxiere-ws-tou-e-n-ebeigi-peri-th-s-qei-as-te-xnhs	urn:cts:greekLit:tlg4327.tlg001	tlg4327.tlg001
joannes-cameniates.de-expugnatione-thessalonicae	urn:cts:greekLit:tlg3015.tlg001	tlg3015.tlg001
joannes-chrysostomus.ad-demetrium-de-compunctione-lib-1	urn:cts:greekLit:tlg2062.tlg004	tlg2062.tlg004
joannes-chrysostomus.ad-eos-qui-scandalizati-sunt	urn:cts:greekLit:tlg2062.tlg087	tlg2062.tlg087
joannes-chrysostomus.ad-illuminandos-catecheses-1-2-series-prima-et-secunda	urn:cts:greekLit:tlg2062.tlg025	tlg2062.tlg025
joannes-chrysostomus.ad-populum-antiochenum-homiliae-1-21	urn:cts:greekLit:tlg2062.tlg024	tlg2062.tlg024
joannes-chrysostomus.ad-stagirium-daemone-vexatum-lib-1-3	urn:cts:greekLit:tlg2062.tlg006	tlg2062.tlg006
joannes-chrysostomus.ad-stelechium-de-compunctione-lib-2	urn:cts:greekLit:tlg2062.tlg005	tlg2062.tlg005
joannes-chrysostomus.ad-theodorum-lapsum-lib-1	urn:cts:greekLit:tlg2062.tlg002	tlg2062.tlg002
joannes-chrysostomus.ad-theodorum-lapsum-lib-2-epistula-ad-theodorum	urn:cts:greekLit:tlg2062.tlg001	tlg2062.tlg001
joannes-chrysostomus.ad-viduam-juniorem	urn:cts:greekLit:tlg2062.tlg010	tlg2062.tlg010
joannes-chrysostomus.adversus-ebriosos-et-de-resurrectione-domini-nostri-jesu-christi	urn:cts:greekLit:tlg2062.tlg035	tlg2062.tlg035
joannes-chrysostomus.adversus-judaeos-orationes-1-8	urn:cts:greekLit:tlg2062.tlg021	tlg2062.tlg021
joannes-chrysostomus.adversus-oppugnatores-vitae-monasticae-lib-1-3	urn:cts:greekLit:tlg2062.tlg003	tlg2062.tlg003
joannes-chrysostomus.ascetam-facetiis-uti-non-debere-sp	urn:cts:greekLit:tlg2062.tlg117	tlg2062.tlg117
joannes-chrysostomus.commentarius-in-job	urn:cts:greekLit:tlg2062.tlg505	tlg2062.tlg505
joannes-chrysostomus.comparatio-regis-et-monachi-dub	urn:cts:greekLit:tlg2062.tlg116	tlg2062.tlg116
joannes-chrysostomus.contra-anomoeos-homilia-11	urn:cts:greekLit:tlg2062.tlg019	tlg2062.tlg019
joannes-chrysostomus.contra-eos-qui-subintroductas-habent-virgines	urn:cts:greekLit:tlg2062.tlg007	tlg2062.tlg007
joannes-chrysostomus.contra-judaeos-gentiles-et-haereticos-et-in-illud-vocatus-est-jesus	urn:cts:greekLit:tlg2062.tlg122	tlg2062.tlg122
joannes-chrysostomus.contra-ludos-et-theatra	urn:cts:greekLit:tlg2062.tlg175	tlg2062.tlg175
joannes-chrysostomus.de-anna-sermones-1-5	urn:cts:greekLit:tlg2062.tlg114	tlg2062.tlg114
joannes-chrysostomus.de-babyla-contra-julianum-et-gentiles	urn:cts:greekLit:tlg2062.tlg373	tlg2062.tlg373
joannes-chrysostomus.de-beato-abraham-sp	urn:cts:greekLit:tlg2062.tlg128	tlg2062.tlg128
joannes-chrysostomus.de-chananaea-dub	urn:cts:greekLit:tlg2062.tlg101	tlg2062.tlg101
joannes-chrysostomus.de-christi-divinitate-contra-anomoeos-homilia-12	urn:cts:greekLit:tlg2062.tlg020	tlg2062.tlg020
joannes-chrysostomus.de-christi-precibus-contra-anomoeos-homilia-10	urn:cts:greekLit:tlg2062.tlg018	tlg2062.tlg018
joannes-chrysostomus.de-coemeterio-et-de-cruce	urn:cts:greekLit:tlg2062.tlg031	tlg2062.tlg031
joannes-chrysostomus.de-confessione-pretiosae-crucis-sp	urn:cts:greekLit:tlg2062.tlg111	tlg2062.tlg111
joannes-chrysostomus.de-davide-et-saule-homiliae-1-3	urn:cts:greekLit:tlg2062.tlg115	tlg2062.tlg115
joannes-chrysostomus.de-decem-millium-talentorum-debitore	urn:cts:greekLit:tlg2062.tlg061	tlg2062.tlg061
joannes-chrysostomus.de-eleemosyna	urn:cts:greekLit:tlg2062.tlg075	tlg2062.tlg075
joannes-chrysostomus.de-fato-et-providentia-orationes-1-6	urn:cts:greekLit:tlg2062.tlg060	tlg2062.tlg060
joannes-chrysostomus.de-fugienda-simulata-specie-sp	urn:cts:greekLit:tlg2062.tlg121	tlg2062.tlg121
joannes-chrysostomus.de-laudibus-sancti-pauli-apostoli-homiliae-1-7	urn:cts:greekLit:tlg2062.tlg486	tlg2062.tlg486
joannes-chrysostomus.de-lazaro-homiliae-1-7	urn:cts:greekLit:tlg2062.tlg023	tlg2062.tlg023
joannes-chrysostomus.de-libello-repudii	urn:cts:greekLit:tlg2062.tlg071	tlg2062.tlg071
joannes-chrysostomus.de-maccabeis-homiliae-1-3	urn:cts:greekLit:tlg2062.tlg047	tlg2062.tlg047
joannes-chrysostomus.de-melchisedech-sp	urn:cts:greekLit:tlg2062.tlg210	tlg2062.tlg210
joannes-chrysostomus.de-non-iterando-conjugio	urn:cts:greekLit:tlg2062.tlg011	tlg2062.tlg011
joannes-chrysostomus.de-occursu-domini-de-deipara-et-symeone-sp	urn:cts:greekLit:tlg2062.tlg137	tlg2062.tlg137
joannes-chrysostomus.de-paenitentia-homiliae-1-9	urn:cts:greekLit:tlg2062.tlg027	tlg2062.tlg027
joannes-chrysostomus.de-perfecta-caritate-sp	urn:cts:greekLit:tlg2062.tlg211	tlg2062.tlg211
joannes-chrysostomus.de-precatione-orat-1-2-sp	urn:cts:greekLit:tlg2062.tlg130	tlg2062.tlg130
joannes-chrysostomus.de-proditione-judae-homiliae-1-2	urn:cts:greekLit:tlg2062.tlg030	tlg2062.tlg030
joannes-chrysostomus.de-profectu-evangelii	urn:cts:greekLit:tlg2062.tlg078	tlg2062.tlg078
joannes-chrysostomus.de-resurrectione-mortuorum	urn:cts:greekLit:tlg2062.tlg034	tlg2062.tlg034
joannes-chrysostomus.de-sacerdotio-lib-1-6	urn:cts:greekLit:tlg2062.tlg085	tlg2062.tlg085
joannes-chrysostomus.de-sacerdotio-lib-7-sp	urn:cts:greekLit:tlg2062.tlg119	tlg2062.tlg119
joannes-chrysostomus.de-sancta-droside-martyre	urn:cts:greekLit:tlg2062.tlg055	tlg2062.tlg055
joannes-chrysostomus.de-sancta-pelagia-virgine-et-martyre	urn:cts:greekLit:tlg2062.tlg043	tlg2062.tlg043
joannes-chrysostomus.de-sancta-pentecoste-homiliae-1-2	urn:cts:greekLit:tlg2062.tlg037	tlg2062.tlg037
joannes-chrysostomus.de-sancta-thecla-martyre-sp	urn:cts:greekLit:tlg2062.tlg129	tlg2062.tlg129
joannes-chrysostomus.de-sancta-trinitate-sp	urn:cts:greekLit:tlg2062.tlg123	tlg2062.tlg123
joannes-chrysostomus.de-sanctis-bernice-et-prosdoce	urn:cts:greekLit:tlg2062.tlg048	tlg2062.tlg048
joannes-chrysostomus.de-sancto-hieromartyre-babyla	urn:cts:greekLit:tlg2062.tlg041	tlg2062.tlg041
joannes-chrysostomus.de-sancto-hieromartyre-phoca	urn:cts:greekLit:tlg2062.tlg057	tlg2062.tlg057
joannes-chrysostomus.de-sancto-meletio-antiocheno	urn:cts:greekLit:tlg2062.tlg039	tlg2062.tlg039
joannes-chrysostomus.de-terrae-motu	urn:cts:greekLit:tlg2062.tlg059	tlg2062.tlg059
joannes-chrysostomus.de-virginitate	urn:cts:greekLit:tlg2062.tlg009	tlg2062.tlg009
joannes-chrysostomus.eclogae-ixlviii-ex-diversis-homiliis-sp	urn:cts:greekLit:tlg2062.tlg338	tlg2062.tlg338
joannes-chrysostomus.epistula-ad-caesarium-sp	urn:cts:greekLit:tlg2062.tlg499	tlg2062.tlg499
joannes-chrysostomus.epistula-ad-cyriacum-epist-125-recensiones	urn:cts:greekLit:tlg2062.tlg376	tlg2062.tlg376
joannes-chrysostomus.epistula-ad-episcopos-presbyteros-et-diaconos	urn:cts:greekLit:tlg2062.tlg096	tlg2062.tlg096
joannes-chrysostomus.epistulae-18-242	urn:cts:greekLit:tlg2062.tlg097	tlg2062.tlg097
joannes-chrysostomus.epistulae-ad-olympiadem-epist-1-17	urn:cts:greekLit:tlg2062.tlg088	tlg2062.tlg088
joannes-chrysostomus.expositiones-in-psalmos	urn:cts:greekLit:tlg2062.tlg143	tlg2062.tlg143
joannes-chrysostomus.fragmenta-in-epistulas-catholicas	urn:cts:greekLit:tlg2062.tlg187	tlg2062.tlg187
joannes-chrysostomus.fragmenta-in-jeremiam-in-catenis	urn:cts:greekLit:tlg2062.tlg186	tlg2062.tlg186
joannes-chrysostomus.fragmenta-in-proverbia-in-catenis	urn:cts:greekLit:tlg2062.tlg185	tlg2062.tlg185
joannes-chrysostomus.homilia-dicta-in-templo-sanctae-anastasiae	urn:cts:greekLit:tlg2062.tlg176	tlg2062.tlg176
joannes-chrysostomus.homilia-dicta-postquam-reliquiae-martyrum	urn:cts:greekLit:tlg2062.tlg169	tlg2062.tlg169
joannes-chrysostomus.homilia-habita-postquam-presbyter-gothus-concionatus-fuerat	urn:cts:greekLit:tlg2062.tlg177	tlg2062.tlg177
joannes-chrysostomus.homilia-in-martyres	urn:cts:greekLit:tlg2062.tlg052	tlg2062.tlg052
joannes-chrysostomus.in-acta-apostolorum-homiliae-1-55	urn:cts:greekLit:tlg2062.tlg154	tlg2062.tlg154
joannes-chrysostomus.in-annuntiationem-beatae-virginis-sp	urn:cts:greekLit:tlg2062.tlg133	tlg2062.tlg133
joannes-chrysostomus.in-ascensionem-domini-nostri-jesu-christi	urn:cts:greekLit:tlg2062.tlg036	tlg2062.tlg036
joannes-chrysostomus.in-ascensionem-sermo-1-sp	urn:cts:greekLit:tlg2062.tlg100	tlg2062.tlg100
joannes-chrysostomus.in-ascensionem-sermo-2-sp	urn:cts:greekLit:tlg2062.tlg103	tlg2062.tlg103
joannes-chrysostomus.in-ascensionem-sermo-3-sp	urn:cts:greekLit:tlg2062.tlg104	tlg2062.tlg104
joannes-chrysostomus.in-dictum-pauli-nolo-vos-ignorare	urn:cts:greekLit:tlg2062.tlg073	tlg2062.tlg073
joannes-chrysostomus.in-dictum-pauli-oportet-haereses-esse	urn:cts:greekLit:tlg2062.tlg074	tlg2062.tlg074
joannes-chrysostomus.in-epistulam-ad-colossenses-homiliae-1-12	urn:cts:greekLit:tlg2062.tlg161	tlg2062.tlg161
joannes-chrysostomus.in-epistulam-ad-ephesios-homiliae-1-24	urn:cts:greekLit:tlg2062.tlg159	tlg2062.tlg159
joannes-chrysostomus.in-epistulam-ad-galatas-commentarius	urn:cts:greekLit:tlg2062.tlg158	tlg2062.tlg158
joannes-chrysostomus.in-epistulam-ad-hebraeos-homiliae-1-34	urn:cts:greekLit:tlg2062.tlg168	tlg2062.tlg168
joannes-chrysostomus.in-epistulam-ad-philemonem-homiliae-1-3	urn:cts:greekLit:tlg2062.tlg167	tlg2062.tlg167
joannes-chrysostomus.in-epistulam-ad-philippenses-homiliae-1-15	urn:cts:greekLit:tlg2062.tlg160	tlg2062.tlg160
joannes-chrysostomus.in-epistulam-ad-romanos-homiliae-1-32	urn:cts:greekLit:tlg2062.tlg155	tlg2062.tlg155
joannes-chrysostomus.in-epistulam-ad-titum-homiliae-1-6	urn:cts:greekLit:tlg2062.tlg166	tlg2062.tlg166
joannes-chrysostomus.in-epistulam-i-ad-corinthios-homiliae-1-44	urn:cts:greekLit:tlg2062.tlg156	tlg2062.tlg156
joannes-chrysostomus.in-epistulam-i-ad-thessalonicenses-homiliae-1-11	urn:cts:greekLit:tlg2062.tlg162	tlg2062.tlg162
joannes-chrysostomus.in-epistulam-i-ad-timotheum-homiliae-1-18	urn:cts:greekLit:tlg2062.tlg164	tlg2062.tlg164
joannes-chrysostomus.in-epistulam-ii-ad-corinthios-homiliae-1-30	urn:cts:greekLit:tlg2062.tlg157	tlg2062.tlg157
joannes-chrysostomus.in-epistulam-ii-ad-thessalonicenses-homiliae-1-5	urn:cts:greekLit:tlg2062.tlg163	tlg2062.tlg163
joannes-chrysostomus.in-epistulam-ii-ad-timotheum-homiliae-1-10	urn:cts:greekLit:tlg2062.tlg165	tlg2062.tlg165
joannes-chrysostomus.in-eutropium	urn:cts:greekLit:tlg2062.tlg089	tlg2062.tlg089
joannes-chrysostomus.in-genesim-homiliae-1-67	urn:cts:greekLit:tlg2062.tlg112	tlg2062.tlg112
joannes-chrysostomus.in-genesim-sermones-1-9	urn:cts:greekLit:tlg2062.tlg113	tlg2062.tlg113
joannes-chrysostomus.in-heliam-et-viduam	urn:cts:greekLit:tlg2062.tlg080	tlg2062.tlg080
joannes-chrysostomus.in-illud-filius-ex-se-nihil-facit	urn:cts:greekLit:tlg2062.tlg180	tlg2062.tlg180
joannes-chrysostomus.in-illud-habentes-eundem-spiritum-homiliae-1-3	urn:cts:greekLit:tlg2062.tlg076	tlg2062.tlg076
joannes-chrysostomus.in-illud-hoc-scitote-quod-in-novissimis-diebus	urn:cts:greekLit:tlg2062.tlg151	tlg2062.tlg151
joannes-chrysostomus.in-illud-in-faciem-ei-restiti	urn:cts:greekLit:tlg2062.tlg084	tlg2062.tlg084
joannes-chrysostomus.in-illud-isaiae-ego-dominus-deus-feci-lumen	urn:cts:greekLit:tlg2062.tlg148	tlg2062.tlg148
joannes-chrysostomus.in-illud-ne-timueritis-cum-dives-factus-fuerit-homo	urn:cts:greekLit:tlg2062.tlg144	tlg2062.tlg144
joannes-chrysostomus.in-illud-pater-meus-usque-modo-operatur	urn:cts:greekLit:tlg2062.tlg178	tlg2062.tlg178
joannes-chrysostomus.in-illud-pater-si-possibile-est-transeat	urn:cts:greekLit:tlg2062.tlg062	tlg2062.tlg062
joannes-chrysostomus.in-illud-propter-fornicationes-autem-unusquisque-suam-uxorem	urn:cts:greekLit:tlg2062.tlg070	tlg2062.tlg070
joannes-chrysostomus.in-illud-salutate-priscillam-et-aquilam-sermones-1-2	urn:cts:greekLit:tlg2062.tlg069	tlg2062.tlg069
joannes-chrysostomus.in-illud-si-esurierit-inimicus	urn:cts:greekLit:tlg2062.tlg068	tlg2062.tlg068
joannes-chrysostomus.in-illud-utinam-sustineretis-modicum	urn:cts:greekLit:tlg2062.tlg077	tlg2062.tlg077
joannes-chrysostomus.in-illud-vidi-dominum-homiliae-1-6	urn:cts:greekLit:tlg2062.tlg498	tlg2062.tlg498
joannes-chrysostomus.in-illud-vidua-eligatur	urn:cts:greekLit:tlg2062.tlg079	tlg2062.tlg079
joannes-chrysostomus.in-isaiam	urn:cts:greekLit:tlg2062.tlg497	tlg2062.tlg497
joannes-chrysostomus.in-joannem-homiliae-1-88	urn:cts:greekLit:tlg2062.tlg153	tlg2062.tlg153
joannes-chrysostomus.in-martyres-aegyptios	urn:cts:greekLit:tlg2062.tlg056	tlg2062.tlg056
joannes-chrysostomus.in-matthaeum-homiliae-1-90	urn:cts:greekLit:tlg2062.tlg152	tlg2062.tlg152
joannes-chrysostomus.in-novam-dominicam-et-in-apostolum-thomam-sp	urn:cts:greekLit:tlg2062.tlg347	tlg2062.tlg347
joannes-chrysostomus.in-pentecosten-sermo-1-sp	urn:cts:greekLit:tlg2062.tlg107	tlg2062.tlg107
joannes-chrysostomus.in-pentecosten-sermo-2-sp	urn:cts:greekLit:tlg2062.tlg108	tlg2062.tlg108
joannes-chrysostomus.in-pentecosten-sermo-3-sp	urn:cts:greekLit:tlg2062.tlgX14	tlg2062.tlgX14
joannes-chrysostomus.in-principium-actorum-homiliae-1-4	urn:cts:greekLit:tlg2062.tlg064	tlg2062.tlg064
joannes-chrysostomus.in-psalmos-101-107-sp	urn:cts:greekLit:tlg2062.tlg206	tlg2062.tlg206
joannes-chrysostomus.in-psalmum-100-sp	urn:cts:greekLit:tlg2062.tlg205	tlg2062.tlg205
joannes-chrysostomus.in-psalmum-118-homiliae-1-3-sp	urn:cts:greekLit:tlg2062.tlg207	tlg2062.tlg207
joannes-chrysostomus.in-psalmum-139-sp	urn:cts:greekLit:tlg2062.tlg208	tlg2062.tlg208
joannes-chrysostomus.in-psalmum-145	urn:cts:greekLit:tlg2062.tlg145	tlg2062.tlg145
joannes-chrysostomus.in-quatriduanum-lazarum	urn:cts:greekLit:tlg2062.tlg049	tlg2062.tlg049
joannes-chrysostomus.in-quatriduanum-lazarum-contra-anomoeos-homilia-9-sp	urn:cts:greekLit:tlg2062.tlg017	tlg2062.tlg017
joannes-chrysostomus.in-sanctos-petrum-et-heliam-sp	urn:cts:greekLit:tlg2062.tlg127	tlg2062.tlg127
joannes-chrysostomus.in-sanctum-barlaam-martyrem	urn:cts:greekLit:tlg2062.tlg054	tlg2062.tlg054
joannes-chrysostomus.in-sanctum-eustathium-antiochenum	urn:cts:greekLit:tlg2062.tlg045	tlg2062.tlg045
joannes-chrysostomus.in-sanctum-ignatium-martyrem	urn:cts:greekLit:tlg2062.tlg044	tlg2062.tlg044
joannes-chrysostomus.in-sanctum-julianum-martyrem	urn:cts:greekLit:tlg2062.tlg053	tlg2062.tlg053
joannes-chrysostomus.in-sanctum-lucianum-martyrem	urn:cts:greekLit:tlg2062.tlg040	tlg2062.tlg040
joannes-chrysostomus.in-sanctum-pascha	urn:cts:greekLit:tlg2062.tlg099	tlg2062.tlg099
joannes-chrysostomus.in-sanctum-romanum-homilia-1	urn:cts:greekLit:tlg2062.tlg046	tlg2062.tlg046
joannes-chrysostomus.in-triduanam-resurrectionem-domini-sp	urn:cts:greekLit:tlg2062.tlg140	tlg2062.tlg140
joannes-chrysostomus.interpretatio-in-danielem-prophetam-sp	urn:cts:greekLit:tlg2062.tlg209	tlg2062.tlg209
joannes-chrysostomus.laus-diodori-episcopi	urn:cts:greekLit:tlg2062.tlg098	tlg2062.tlg098
joannes-chrysostomus.oratio-secunda-sp	urn:cts:greekLit:tlg2062.tlg346	tlg2062.tlg346
joannes-chrysostomus.peccata-fratrum-non-evulganda	urn:cts:greekLit:tlg2062.tlg082	tlg2062.tlg082
joannes-chrysostomus.pg048	urn:cts:greekLit:tlg2062.tlg012	tlg2062.tlg012
joannes-chrysostomus.pg052	urn:cts:greekLit:tlg2062.tlg105	tlg2062.tlg105
joannes-chrysostomus.post-reditum-priore-exsilio-sermo-2	urn:cts:greekLit:tlg2062.tlg093	tlg2062.tlg093
joannes-chrysostomus.prooemia-in-psalmos-fragmenta-sp	urn:cts:greekLit:tlg2062.tlg197	tlg2062.tlg197
joannes-chrysostomus.quales-ducendae-sint-uxores-encomium-ad-maximum	urn:cts:greekLit:tlg2062.tlg072	tlg2062.tlg072
joannes-chrysostomus.quod-regulares-feminae-viris-cohabitare-non-debeant	urn:cts:greekLit:tlg2062.tlg008	tlg2062.tlg008
joannes-chrysostomus.sermo-antequam-iret-in-exsilium	urn:cts:greekLit:tlg2062.tlg091	tlg2062.tlg091
joannes-chrysostomus.sermo-cum-iret-in-exsilium	urn:cts:greekLit:tlg2062.tlg092	tlg2062.tlg092
joannes-chrysostomus.synopsis-scripturae-sacrae-sp	urn:cts:greekLit:tlg2062.tlg213	tlg2062.tlg213
joannes-damascenus.adversus-iconoclastas-sp	urn:cts:greekLit:tlg2934.tlgX03	tlg2934.tlgX03
joannes-damascenus.commentarii-in-epistulas-pauli-dub	urn:cts:greekLit:tlg2934.tlg053	tlg2934.tlg053
joannes-damascenus.contra-nestorianos	urn:cts:greekLit:tlg2934.tlg010	tlg2934.tlg010
joannes-damascenus.de-azymis-fragmenta-duo-sp	urn:cts:greekLit:tlg2934.tlg051	tlg2934.tlg051
joannes-damascenus.de-duabus-in-christo-voluntatibus	urn:cts:greekLit:tlg2934.tlg008	tlg2934.tlg008
joannes-damascenus.de-immaculato-corpore-sp	urn:cts:greekLit:tlg2934.tlg052	tlg2934.tlg052
joannes-damascenus.de-natura-composita-sive-contra-acephalos	urn:cts:greekLit:tlg2934.tlg013	tlg2934.tlg013
joannes-damascenus.de-octo-spiritibus-nequitiae-fragmentum-sp	urn:cts:greekLit:tlg2934.tlg036	tlg2934.tlg036
joannes-damascenus.de-sacris-imaginibus-contra-constantinum-cabalinum-sp	urn:cts:greekLit:tlg2934.tlgX02	tlg2934.tlgX02
joannes-damascenus.de-sacris-jejuniis	urn:cts:greekLit:tlg2934.tlg021	tlg2934.tlg021
joannes-damascenus.de-sancta-trinitate-fragmentum-dub	urn:cts:greekLit:tlg2934.tlg035	tlg2934.tlg035
joannes-damascenus.disputatio-christiani-et-saraceni-dub	urn:cts:greekLit:tlg2934.tlg014	tlg2934.tlg014
joannes-damascenus.epistula-de-hymno-trisagio	urn:cts:greekLit:tlg2934.tlg011	tlg2934.tlg011
joannes-damascenus.institutio-elementaris	urn:cts:greekLit:tlg2934.tlg001	tlg2934.tlg001
joannes-damascenus.oratio-de-his-qui-in-fide-dormierunt-sp	urn:cts:greekLit:tlg2934.tlg048	tlg2934.tlg048
joannes-damascenus.passio-sancti-artemii-dub	urn:cts:greekLit:tlg2934.tlg062	tlg2934.tlg062
joannes-damascenus.quid-est-homo-fragmentum-dub	urn:cts:greekLit:tlg2934.tlg047	tlg2934.tlg047
joannes-damascenus.sacra-parallela-recensiones-secundum-alphabeti-litteras-dispositae	urn:cts:greekLit:tlg2934.tlg018	tlg2934.tlg018
joannes-damascenus.vita-barlaam-et-joasaph-sp	urn:cts:greekLit:tlg2934.tlg066	tlg2934.tlg066
joannes-epiphaniensis.fragmentum	urn:cts:greekLit:tlg4392.tlg001	tlg4392.tlg001
joannes-grammar.ekfrasis-tou-kosmikou-pi-nakos	urn:cts:greekLit:tlg2578.tlg001	tlg2578.tlg001
joannes-hierosolymitanus.adversus-iconoclastas-olim-sub-auctore-joanne-damasceno	urn:cts:greekLit:tlg3173.tlg001	tlg3173.tlg001
joannes-hierosolymitanus.narratio	urn:cts:greekLit:tlg3173.tlg003	tlg3173.tlg003
joannes-laurentius-lydus.de-magistratibus-populi-romani	urn:cts:greekLit:tlg2580.tlg001	tlg2580.tlg001
joannes-philoponus.in-aristotelis-analytica-posteriora-commentaria	urn:cts:greekLit:tlg4015.tlg004	tlg4015.tlg004
joannes-philoponus.in-aristotelis-analytica-priora-commentaria	urn:cts:greekLit:tlg4015.tlg002	tlg4015.tlg002
joannes-philoponus.in-aristotelis-categorias-commentarium	urn:cts:greekLit:tlg4015.tlg001	tlg4015.tlg001
joannes-philoponus.in-aristotelis-libros-de-anima-commentaria	urn:cts:greekLit:tlg4015.tlg008	tlg4015.tlg008
joannes-philoponus.in-aristotelis-libros-de-generatione-et-corruptione-commentaria	urn:cts:greekLit:tlg4015.tlg006	tlg4015.tlg006
joannes-philoponus.in-aristotelis-meteorologicorum-librum-primum-commentarium	urn:cts:greekLit:tlg4015.tlg005	tlg4015.tlg005
joannes-philoponus.in-aristotelis-physicorum-libros-commentaria	urn:cts:greekLit:tlg4015.tlg009	tlg4015.tlg009
joannes-philoponus.in-libros-de-generatione-animalium-commentaria	urn:cts:greekLit:tlg4015.tlg007	tlg4015.tlg007
joannes-scylitzes.synopsis-historiarum	urn:cts:greekLit:tlg3063.tlg001	tlg3063.tlg001
joannes-stobaeus-anthologus.anthologium	urn:cts:greekLit:tlg2037.tlg001	tlg2037.tlg001
joannes-tzetzes.tzetzes-historiae-kiessling	urn:cts:greekLit:tlg9022.tlg001	tlg9022.tlg001
joannes-vi-cantacuzenus.historiae	urn:cts:greekLit:tlg3169.tlg001	tlg3169.tlg001
joannes-zonaras.argumenta	urn:cts:greekLit:tlg3135.tlg011	tlg3135.tlg011
joannes-zonaras.chronologia	urn:cts:greekLit:tlg3135.tlg012	tlg3135.tlg012
joannes-zonaras.epitome-historiarum-lib-1-12	urn:cts:greekLit:tlg3135.tlg001	tlg3135.tlg001
joannes-zonaras.epitome-historiarum-lib-12-clausula-varia-dub	urn:cts:greekLit:tlg3135.tlg003	tlg3135.tlg003
joannes-zonaras.epitome-historiarum-lib-13-18	urn:cts:greekLit:tlg3135.tlg002	tlg3135.tlg002
john-of-ephesus.ecclesiastical-history		pta:pta0200.pta001
josephus-genesius.basilei-ai	urn:cts:greekLit:tlg3040.tlg001	tlg3040.tlg001
juba-ii-rex-mauretaniae.fragmenta	urn:cts:greekLit:tlg1452.tlg003	tlg1452.tlg003
julius-pollux.onomasticon	urn:cts:greekLit:tlg0542.tlg001	tlg0542.tlg001
justinus-martyr.apologia	urn:cts:greekLit:tlg0645.tlg001	tlg0645.tlg001
justinus-martyr.apologia-secunda	urn:cts:greekLit:tlg0645.tlg002	tlg0645.tlg002
justinus-martyr.dialogus-cum-tryphone	urn:cts:greekLit:tlg0645.tlg003	tlg0645.tlg003
justinus-martyr.fragmenta-operum-deperditorum	urn:cts:greekLit:tlg0645.tlg004	tlg0645.tlg004
kekaumenos.consilia-et-narrationes	urn:cts:greekLit:tlg3017	tlg3017
laetus.fragmenta	urn:cts:greekLit:tlg2525.tlg003	tlg2525.tlg003
lamprocles.fragmenta	urn:cts:greekLit:tlg0370.tlg001	tlg0370.tlg001
laonicus-chalcocondyles.historiae	urn:cts:greekLit:tlg3139.tlg001	tlg3139.tlg001
leo-alabandensis.fragmenta	urn:cts:greekLit:tlg2186.tlg003	tlg2186.tlg003
leo-byzantius.fragmenta	urn:cts:greekLit:tlg1941.tlg003	tlg1941.tlg003
leo-diaconus.historia	urn:cts:greekLit:tlg3069.tlg001	tlg3069.tlg001
leo-pellaeus.fragmenta	urn:cts:greekLit:tlg1978.tlg003	tlg1978.tlg003
lepidus.fragmenta	urn:cts:greekLit:tlg1459.tlg002	tlg1459.tlg002
lesbonax-rhetoric.politiko-s	urn:cts:greekLit:tlg0649.tlg001	tlg0649.tlg001
lesbonax-rhetoric.protreptiko-s	urn:cts:greekLit:tlg0649.tlg002	tlg0649.tlg002
lesbonax-rhetoric.protreptiko-s-b	urn:cts:greekLit:tlg0649.tlg003	tlg0649.tlg003
leucippus.testimonia	urn:cts:greekLit:tlg1461.tlg001	tlg1461.tlg001
lexicon-sabbaiticum.lexicon-sabbaiticum-e-cod-sabbaitico-137	urn:cts:greekLit:tlg4300.tlg001	tlg4300.tlg001
libanius.characteres-epistolici-sp	urn:cts:greekLit:tlg2200.tlg008	tlg2200.tlg008
libanius.declamatio-10	urn:cts:greekLit:tlg2200.tlg00510	tlg2200.tlg00510
libanius.declamatio-11	urn:cts:greekLit:tlg2200.tlg00511	tlg2200.tlg00511
libanius.declamatio-12	urn:cts:greekLit:tlg2200.tlg00512	tlg2200.tlg00512
libanius.declamatio-13	urn:cts:greekLit:tlg2200.tlg00513	tlg2200.tlg00513
libanius.declamatio-14	urn:cts:greekLit:tlg2200.tlg00514	tlg2200.tlg00514
libanius.declamatio-15	urn:cts:greekLit:tlg2200.tlg00515	tlg2200.tlg00515
libanius.declamatio-16	urn:cts:greekLit:tlg2200.tlg00516	tlg2200.tlg00516
libanius.declamatio-17	urn:cts:greekLit:tlg2200.tlg00517	tlg2200.tlg00517
libanius.declamatio-18	urn:cts:greekLit:tlg2200.tlg00518	tlg2200.tlg00518
libanius.declamatio-19	urn:cts:greekLit:tlg2200.tlg00519	tlg2200.tlg00519
libanius.declamatio-2	urn:cts:greekLit:tlg2200.tlg00502	tlg2200.tlg00502
libanius.declamatio-20	urn:cts:greekLit:tlg2200.tlg00520	tlg2200.tlg00520
libanius.declamatio-21	urn:cts:greekLit:tlg2200.tlg00521	tlg2200.tlg00521
libanius.declamatio-22	urn:cts:greekLit:tlg2200.tlg00522	tlg2200.tlg00522
libanius.declamatio-23	urn:cts:greekLit:tlg2200.tlg00523	tlg2200.tlg00523
libanius.declamatio-24	urn:cts:greekLit:tlg2200.tlg00524	tlg2200.tlg00524
libanius.declamatio-25	urn:cts:greekLit:tlg2200.tlg00525	tlg2200.tlg00525
libanius.declamatio-26	urn:cts:greekLit:tlg2200.tlg00526	tlg2200.tlg00526
libanius.declamatio-27	urn:cts:greekLit:tlg2200.tlg00527	tlg2200.tlg00527
libanius.declamatio-28	urn:cts:greekLit:tlg2200.tlg00528	tlg2200.tlg00528
libanius.declamatio-29	urn:cts:greekLit:tlg2200.tlg00529	tlg2200.tlg00529
libanius.declamatio-3	urn:cts:greekLit:tlg2200.tlg00503	tlg2200.tlg00503
libanius.declamatio-30	urn:cts:greekLit:tlg2200.tlg00530	tlg2200.tlg00530
libanius.declamatio-31	urn:cts:greekLit:tlg2200.tlg00531	tlg2200.tlg00531
libanius.declamatio-32	urn:cts:greekLit:tlg2200.tlg00532	tlg2200.tlg00532
libanius.declamatio-33	urn:cts:greekLit:tlg2200.tlg00533	tlg2200.tlg00533
libanius.declamatio-34	urn:cts:greekLit:tlg2200.tlg00534	tlg2200.tlg00534
libanius.declamatio-35	urn:cts:greekLit:tlg2200.tlg00535	tlg2200.tlg00535
libanius.declamatio-36	urn:cts:greekLit:tlg2200.tlg00536	tlg2200.tlg00536
libanius.declamatio-37	urn:cts:greekLit:tlg2200.tlg00537	tlg2200.tlg00537
libanius.declamatio-38	urn:cts:greekLit:tlg2200.tlg00538	tlg2200.tlg00538
libanius.declamatio-39	urn:cts:greekLit:tlg2200.tlg00539	tlg2200.tlg00539
libanius.declamatio-4	urn:cts:greekLit:tlg2200.tlg00504	tlg2200.tlg00504
libanius.declamatio-40	urn:cts:greekLit:tlg2200.tlg00540	tlg2200.tlg00540
libanius.declamatio-41	urn:cts:greekLit:tlg2200.tlg00541	tlg2200.tlg00541
libanius.declamatio-42	urn:cts:greekLit:tlg2200.tlg00542	tlg2200.tlg00542
libanius.declamatio-43	urn:cts:greekLit:tlg2200.tlg00543	tlg2200.tlg00543
libanius.declamatio-44	urn:cts:greekLit:tlg2200.tlg00544	tlg2200.tlg00544
libanius.declamatio-45	urn:cts:greekLit:tlg2200.tlg00545	tlg2200.tlg00545
libanius.declamatio-46	urn:cts:greekLit:tlg2200.tlg00546	tlg2200.tlg00546
libanius.declamatio-47	urn:cts:greekLit:tlg2200.tlg00547	tlg2200.tlg00547
libanius.declamatio-48	urn:cts:greekLit:tlg2200.tlg00548	tlg2200.tlg00548
libanius.declamatio-49	urn:cts:greekLit:tlg2200.tlg00549	tlg2200.tlg00549
libanius.declamatio-5	urn:cts:greekLit:tlg2200.tlg00505	tlg2200.tlg00505
libanius.declamatio-50	urn:cts:greekLit:tlg2200.tlg00550	tlg2200.tlg00550
libanius.declamatio-51	urn:cts:greekLit:tlg2200.tlg00551	tlg2200.tlg00551
libanius.declamatio-6	urn:cts:greekLit:tlg2200.tlg00506	tlg2200.tlg00506
libanius.declamatio-7	urn:cts:greekLit:tlg2200.tlg00507	tlg2200.tlg00507
libanius.declamatio-8	urn:cts:greekLit:tlg2200.tlg00508	tlg2200.tlg00508
libanius.declamatio-9	urn:cts:greekLit:tlg2200.tlg00509	tlg2200.tlg00509
libanius.declamatio-i	urn:cts:greekLit:tlg2200.tlg00501	tlg2200.tlg00501
libanius.declamationes-1-51	urn:cts:greekLit:tlg2200.tlg005	tlg2200.tlg005
libanius.epistulae-1-1544	urn:cts:greekLit:tlg2200.tlg001	tlg2200.tlg001
libanius.oratio-10	urn:cts:greekLit:tlg2200.tlg00410	tlg2200.tlg00410
libanius.oratio-11	urn:cts:greekLit:tlg2200.tlg00411	tlg2200.tlg00411
libanius.oratio-2	urn:cts:greekLit:tlg2200.tlg00402	tlg2200.tlg00402
libanius.oratio-26	urn:cts:greekLit:tlg2200.tlg00426	tlg2200.tlg00426
libanius.oratio-27	urn:cts:greekLit:tlg2200.tlg00427	tlg2200.tlg00427
libanius.oratio-28	urn:cts:greekLit:tlg2200.tlg00428	tlg2200.tlg00428
libanius.oratio-29	urn:cts:greekLit:tlg2200.tlg00429	tlg2200.tlg00429
libanius.oratio-3	urn:cts:greekLit:tlg2200.tlg00403	tlg2200.tlg00403
libanius.oratio-30	urn:cts:greekLit:tlg2200.tlg00430	tlg2200.tlg00430
libanius.oratio-31	urn:cts:greekLit:tlg2200.tlg00431	tlg2200.tlg00431
libanius.oratio-32	urn:cts:greekLit:tlg2200.tlg00432	tlg2200.tlg00432
libanius.oratio-33	urn:cts:greekLit:tlg2200.tlg00433	tlg2200.tlg00433
libanius.oratio-34	urn:cts:greekLit:tlg2200.tlg00434	tlg2200.tlg00434
libanius.oratio-35	urn:cts:greekLit:tlg2200.tlg00435	tlg2200.tlg00435
libanius.oratio-36	urn:cts:greekLit:tlg2200.tlg00436	tlg2200.tlg00436
libanius.oratio-37	urn:cts:greekLit:tlg2200.tlg00437	tlg2200.tlg00437
libanius.oratio-38	urn:cts:greekLit:tlg2200.tlg00438	tlg2200.tlg00438
libanius.oratio-39	urn:cts:greekLit:tlg2200.tlg00439	tlg2200.tlg00439
libanius.oratio-4	urn:cts:greekLit:tlg2200.tlg00404	tlg2200.tlg00404
libanius.oratio-40	urn:cts:greekLit:tlg2200.tlg00440	tlg2200.tlg00440
libanius.oratio-41	urn:cts:greekLit:tlg2200.tlg00441	tlg2200.tlg00441
libanius.oratio-42	urn:cts:greekLit:tlg2200.tlg00442	tlg2200.tlg00442
libanius.oratio-43	urn:cts:greekLit:tlg2200.tlg00443	tlg2200.tlg00443
libanius.oratio-44	urn:cts:greekLit:tlg2200.tlg00444	tlg2200.tlg00444
libanius.oratio-45	urn:cts:greekLit:tlg2200.tlg00445	tlg2200.tlg00445
libanius.oratio-46	urn:cts:greekLit:tlg2200.tlg00446	tlg2200.tlg00446
libanius.oratio-47	urn:cts:greekLit:tlg2200.tlg00447	tlg2200.tlg00447
libanius.oratio-48	urn:cts:greekLit:tlg2200.tlg00448	tlg2200.tlg00448
libanius.oratio-49	urn:cts:greekLit:tlg2200.tlg00449	tlg2200.tlg00449
libanius.oratio-51	urn:cts:greekLit:tlg2200.tlg00451	tlg2200.tlg00451
libanius.oratio-52	urn:cts:greekLit:tlg2200.tlg00452	tlg2200.tlg00452
libanius.oratio-53	urn:cts:greekLit:tlg2200.tlg00453	tlg2200.tlg00453
libanius.oratio-54	urn:cts:greekLit:tlg2200.tlg00454	tlg2200.tlg00454
libanius.oratio-55	urn:cts:greekLit:tlg2200.tlg00455	tlg2200.tlg00455
libanius.oratio-56	urn:cts:greekLit:tlg2200.tlg00456	tlg2200.tlg00456
libanius.oratio-57	urn:cts:greekLit:tlg2200.tlg00457	tlg2200.tlg00457
libanius.oratio-58	urn:cts:greekLit:tlg2200.tlg00458	tlg2200.tlg00458
libanius.oratio-59	urn:cts:greekLit:tlg2200.tlg00459	tlg2200.tlg00459
libanius.oratio-60	urn:cts:greekLit:tlg2200.tlg00460	tlg2200.tlg00460
libanius.oratio-61	urn:cts:greekLit:tlg2200.tlg00461	tlg2200.tlg00461
libanius.oratio-62	urn:cts:greekLit:tlg2200.tlg00462	tlg2200.tlg00462
libanius.oratio-63	urn:cts:greekLit:tlg2200.tlg00463	tlg2200.tlg00463
libanius.oratio-64	urn:cts:greekLit:tlg2200.tlg00464	tlg2200.tlg00464
libanius.oratio-7	urn:cts:greekLit:tlg2200.tlg00407	tlg2200.tlg00407
libanius.oratio-9	urn:cts:greekLit:tlg2200.tlg00409	tlg2200.tlg00409
libanius.oratio-i	urn:cts:greekLit:tlg2200.tlg00401	tlg2200.tlg00401
libanius.oratio-v	urn:cts:greekLit:tlg2200.tlg00405	tlg2200.tlg00405
libanius.oratio-vi	urn:cts:greekLit:tlg2200.tlg00406	tlg2200.tlg00406
libanius.oratio-viii	urn:cts:greekLit:tlg2200.tlg00408	tlg2200.tlg00408
libanius.orationes-1-64	urn:cts:greekLit:tlg2200.tlg004	tlg2200.tlg004
libanius.orationes-l	urn:cts:greekLit:tlg2200.tlg00450	tlg2200.tlg00450
liber-enoch.apocalypsis-enochi	urn:cts:greekLit:tlg1463.tlg001	tlg1463.tlg001
licymnius.fragmenta	urn:cts:greekLit:tlg0374.tlg001	tlg0374.tlg001
limenius.paean-delphicus-ii-et-prosodium-in-apollinem	urn:cts:greekLit:tlg0203.tlg001	tlg0203.tlg001
longinus.de-sublimitate	urn:cts:greekLit:tlg0560.tlg001	tlg0560.tlg001
longus.daphnis-et-chloe	urn:cts:greekLit:tlg0561.tlg001	tlg0561.tlg001
lucianus.abdicatus	urn:cts:greekLit:tlg0062.tlg052	tlg0062.tlg052
lucianus.adversus-indoctum-et-libros-multos-ementem	urn:cts:greekLit:tlg0062.tlg028	tlg0062.tlg028
lucianus.alexander	urn:cts:greekLit:tlg0062.tlg038	tlg0062.tlg038
lucianus.anacharsis	urn:cts:greekLit:tlg0062.tlg034	tlg0062.tlg034
lucianus.apologia	urn:cts:greekLit:tlg0062.tlg059	tlg0062.tlg059
lucianus.bacchus	urn:cts:greekLit:tlg0062.tlg003	tlg0062.tlg003
lucianus.bis-accusatus-sive-tribunalia	urn:cts:greekLit:tlg0062.tlg026	tlg0062.tlg026
lucianus.calumniae-non-temere-credendum	urn:cts:greekLit:tlg0062.tlg013	tlg0062.tlg013
lucianus.cataplus	urn:cts:greekLit:tlg0062.tlg016	tlg0062.tlg016
lucianus.charon-sive-contemplantes	urn:cts:greekLit:tlg0062.tlg023	tlg0062.tlg023
lucianus.de-astrologia	urn:cts:greekLit:tlg0062.tlg048	tlg0062.tlg048
lucianus.de-domo	urn:cts:greekLit:tlg0062.tlg009	tlg0062.tlg009
lucianus.de-luctu	urn:cts:greekLit:tlg0062.tlg036	tlg0062.tlg036
lucianus.de-mercede-conductis-potentium-familiaribus	urn:cts:greekLit:tlg0062.tlg033	tlg0062.tlg033
lucianus.de-morte-peregrini	urn:cts:greekLit:tlg0062.tlg042	tlg0062.tlg042
lucianus.de-parasito-sive-artem-esse-parasiticam	urn:cts:greekLit:tlg0062.tlg030	tlg0062.tlg030
lucianus.de-sacrificiis	urn:cts:greekLit:tlg0062.tlg027	tlg0062.tlg027
lucianus.de-saltatione	urn:cts:greekLit:tlg0062.tlg045	tlg0062.tlg045
lucianus.de-syria-dea	urn:cts:greekLit:tlg0062.tlg041	tlg0062.tlg041
lucianus.dearum-judicium	urn:cts:greekLit:tlg0062.tlg032	tlg0062.tlg032
lucianus.demonax	urn:cts:greekLit:tlg0062.tlg008	tlg0062.tlg008
lucianus.deorum-concilium	urn:cts:greekLit:tlg0062.tlg050	tlg0062.tlg050
lucianus.dialogi-deorum	urn:cts:greekLit:tlg0062.tlg068	tlg0062.tlg068
lucianus.dialogi-marini	urn:cts:greekLit:tlg0062.tlg067	tlg0062.tlg067
lucianus.dialogi-meretricii	urn:cts:greekLit:tlg0062.tlg069	tlg0062.tlg069
lucianus.dialogi-mortuorum	urn:cts:greekLit:tlg0062.tlg066	tlg0062.tlg066
lucianus.dipsades	urn:cts:greekLit:tlg0062.tlg054	tlg0062.tlg054
lucianus.electrum	urn:cts:greekLit:tlg0062.tlg005	tlg0062.tlg005
lucianus.eunuchus	urn:cts:greekLit:tlg0062.tlg047	tlg0062.tlg047
lucianus.fugitivi	urn:cts:greekLit:tlg0062.tlg043	tlg0062.tlg043
lucianus.gallus	urn:cts:greekLit:tlg0062.tlg019	tlg0062.tlg019
lucianus.harmonides	urn:cts:greekLit:tlg0062.tlg060	tlg0062.tlg060
lucianus.hercules	urn:cts:greekLit:tlg0062.tlg004	tlg0062.tlg004
lucianus.hermotimus	urn:cts:greekLit:tlg0062.tlg063	tlg0062.tlg063
lucianus.herodotus	urn:cts:greekLit:tlg0062.tlg056	tlg0062.tlg056
lucianus.hesiodus	urn:cts:greekLit:tlg0062.tlg061	tlg0062.tlg061
lucianus.hippias	urn:cts:greekLit:tlg0062.tlg002	tlg0062.tlg002
lucianus.icaromenippus	urn:cts:greekLit:tlg0062.tlg021	tlg0062.tlg021
lucianus.imagines	urn:cts:greekLit:tlg0062.tlg039	tlg0062.tlg039
lucianus.juppiter-confutatus	urn:cts:greekLit:tlg0062.tlg017	tlg0062.tlg017
lucianus.juppiter-tragoedus	urn:cts:greekLit:tlg0062.tlg018	tlg0062.tlg018
lucianus.lexiphanes	urn:cts:greekLit:tlg0062.tlg046	tlg0062.tlg046
lucianus.lis-consonantium-judicium-vocalium	urn:cts:greekLit:tlg0062.tlg014	tlg0062.tlg014
lucianus.macrobii	urn:cts:greekLit:tlg0062.tlg011	tlg0062.tlg011
lucianus.menippus-sive-necyomantia	urn:cts:greekLit:tlg0062.tlg035	tlg0062.tlg035
lucianus.muscae-encomium	urn:cts:greekLit:tlg0062.tlg006	tlg0062.tlg006
lucianus.navigium	urn:cts:greekLit:tlg0062.tlg065	tlg0062.tlg065
lucianus.nigrinus	urn:cts:greekLit:tlg0062.tlg007	tlg0062.tlg007
lucianus.patriae-encomium	urn:cts:greekLit:tlg0062.tlg010	tlg0062.tlg010
lucianus.phalaris	urn:cts:greekLit:tlg0062.tlg001	tlg0062.tlg001
lucianus.philopseudes-sive-incredulus	urn:cts:greekLit:tlg0062.tlg031	tlg0062.tlg031
lucianus.podagra	urn:cts:greekLit:tlg0062.tlg071	tlg0062.tlg071
lucianus.pro-imaginibus	urn:cts:greekLit:tlg0062.tlg040	tlg0062.tlg040
lucianus.pro-lapsu-inter-salutandum	urn:cts:greekLit:tlg0062.tlg058	tlg0062.tlg058
lucianus.prometheus	urn:cts:greekLit:tlg0062.tlg020	tlg0062.tlg020
lucianus.prometheus-es-in-verbis	urn:cts:greekLit:tlg0062.tlg064	tlg0062.tlg064
lucianus.pseudologista	urn:cts:greekLit:tlg0062.tlg049	tlg0062.tlg049
lucianus.quomodo-historia-conscribenda-sit	urn:cts:greekLit:tlg0062.tlg053	tlg0062.tlg053
lucianus.revivescentes-sive-piscator	urn:cts:greekLit:tlg0062.tlg025	tlg0062.tlg025
lucianus.rhetorum-praeceptor	urn:cts:greekLit:tlg0062.tlg037	tlg0062.tlg037
lucianus.saturnalia	urn:cts:greekLit:tlg0062.tlg055	tlg0062.tlg055
lucianus.scytha	urn:cts:greekLit:tlg0062.tlg062	tlg0062.tlg062
lucianus.soloecista	urn:cts:greekLit:tlg0062.tlg070	tlg0062.tlg070
lucianus.somnium-sive-vita-luciani	urn:cts:greekLit:tlg0062.tlg029	tlg0062.tlg029
lucianus.symposium	urn:cts:greekLit:tlg0062.tlg015	tlg0062.tlg015
lucianus.timon	urn:cts:greekLit:tlg0062.tlg022	tlg0062.tlg022
lucianus.toxaris-vel-amicitia	urn:cts:greekLit:tlg0062.tlg044	tlg0062.tlg044
lucianus.tyrannicida	urn:cts:greekLit:tlg0062.tlg051	tlg0062.tlg051
lucianus.verae-historiae	urn:cts:greekLit:tlg0062.tlg012	tlg0062.tlg012
lucianus.vitarum-auctio	urn:cts:greekLit:tlg0062.tlg024	tlg0062.tlg024
lucianus.zeuxis	urn:cts:greekLit:tlg0062.tlg057	tlg0062.tlg057
lucius-annaeus-cornutus.cornutus-lang	urn:cts:greekLit:tlg0654.tlg001	tlg0654.tlg001
lyceas-naucratita.fragmenta	urn:cts:greekLit:tlg1469.tlg002	tlg1469.tlg002
lycon-tarentinus-vel-iasensis.testimonia	urn:cts:greekLit:tlg2246.tlg001	tlg2246.tlg001
lycophron-tragedy.alexandra	urn:cts:greekLit:tlg0341.tlg002	tlg0341.tlg002
lycophron-tragedy.fragmenta	urn:cts:greekLit:tlg0341.tlg001	tlg0341.tlg001
lycophronides.fragmenta	urn:cts:greekLit:tlg0381.tlg001	tlg0381.tlg001
lycurgus.oratio-in-leocratem	urn:cts:greekLit:tlg0034.tlg001	tlg0034.tlg001
lycus.fragmenta	urn:cts:greekLit:tlg1470.tlg003	tlg1470.tlg003
lynceus.fragmentum	urn:cts:greekLit:tlg0471.tlg001	tlg0471.tlg001
lyrica-adespota-ca.fragmenta-lyrica	urn:cts:greekLit:tlg0230.tlg001	tlg0230.tlg001
lysanias-mallotes.fragmenta	urn:cts:greekLit:tlg2298.tlg002	tlg2298.tlg002
lysias.apologi-dwrodoki-as-para-shmos	urn:cts:greekLit:tlg0540.tlg021	tlg0540.tlg021
lysias.areopagiticus	urn:cts:greekLit:tlg0540.tlg007	tlg0540.tlg007
lysias.contra-simonem	urn:cts:greekLit:tlg0540.tlg003	tlg0540.tlg003
lysias.de-caede-eratosthenis	urn:cts:greekLit:tlg0540.tlg001	tlg0540.tlg001
lysias.dh-mou-katalu-sews-pologi	urn:cts:greekLit:tlg0540.tlg025	tlg0540.tlg025
lysias.epitaphius-sp	urn:cts:greekLit:tlg0540.tlg002	tlg0540.tlg002
lysias.in-agoratum	urn:cts:greekLit:tlg0540.tlg013	tlg0540.tlg013
lysias.in-alcibiadem-1	urn:cts:greekLit:tlg0540.tlg014	tlg0540.tlg014
lysias.in-alcibiadem-2	urn:cts:greekLit:tlg0540.tlg015	tlg0540.tlg015
lysias.in-andocidem-sp	urn:cts:greekLit:tlg0540.tlg006	tlg0540.tlg006
lysias.in-diogitonem	urn:cts:greekLit:tlg0540.tlg032	tlg0540.tlg032
lysias.in-epicratem	urn:cts:greekLit:tlg0540.tlg027	tlg0540.tlg027
lysias.in-eratosthenem	urn:cts:greekLit:tlg0540.tlg012	tlg0540.tlg012
lysias.in-ergoclem	urn:cts:greekLit:tlg0540.tlg028	tlg0540.tlg028
lysias.in-nicomachum	urn:cts:greekLit:tlg0540.tlg030	tlg0540.tlg030
lysias.in-pancleonem	urn:cts:greekLit:tlg0540.tlg023	tlg0540.tlg023
lysias.in-philocratem	urn:cts:greekLit:tlg0540.tlg029	tlg0540.tlg029
lysias.in-philonem	urn:cts:greekLit:tlg0540.tlg031	tlg0540.tlg031
lysias.in-theomnestum-1	urn:cts:greekLit:tlg0540.tlg010	tlg0540.tlg010
lysias.in-theomnestum-2-sp	urn:cts:greekLit:tlg0540.tlg011	tlg0540.tlg011
lysias.kata-tw-n-sitopwlw-n	urn:cts:greekLit:tlg0540.tlg022	tlg0540.tlg022
lysias.kathgori-pro-s-tou-s-sunousiasta-s-kakologiw-n-sp	urn:cts:greekLit:tlg0540.tlg008	tlg0540.tlg008
lysias.olympiacus	urn:cts:greekLit:tlg0540.tlg033	tlg0540.tlg033
lysias.peri-th-s-dhmeu-sews-tw-n-tou-niki-ou-delfou	urn:cts:greekLit:tlg0540.tlg018	tlg0540.tlg018
lysias.peri-th-s-eu-ndrou-dokimasi-as	urn:cts:greekLit:tlg0540.tlg026	tlg0540.tlg026
lysias.peri-tou-mh-katalu-sai-th-n-pa-trion-politei-aqh-nhsi	urn:cts:greekLit:tlg0540.tlg034	tlg0540.tlg034
lysias.peri-trau-matos-e-k-pronoi-as-u-pe-r-ou-kai-pro-s-o-n	urn:cts:greekLit:tlg0540.tlg004	tlg0540.tlg004
lysias.pro-callia	urn:cts:greekLit:tlg0540.tlg005	tlg0540.tlg005
lysias.pro-mantitheo	urn:cts:greekLit:tlg0540.tlg016	tlg0540.tlg016
lysias.pro-milite-sp	urn:cts:greekLit:tlg0540.tlg009	tlg0540.tlg009
lysias.pro-polystrato-sp	urn:cts:greekLit:tlg0540.tlg020	tlg0540.tlg020
lysias.pro-s-dhmo-sion-peri-tw-n-era-twnos-xrhma-twn	urn:cts:greekLit:tlg0540.tlg017	tlg0540.tlg017
lysias.upe-r-tou-duna-tou	urn:cts:greekLit:tlg0540.tlg024	tlg0540.tlg024
lysias.upe-r-tw-n-aristofa-nous-xrhma-twn-pro-s-dhmo-sion	urn:cts:greekLit:tlg0540.tlg019	tlg0540.tlg019
lysimachus.fragmenta	urn:cts:greekLit:tlg0574.tlg001	tlg0574.tlg001
lysippus.fragmenta	urn:cts:greekLit:tlg0472.tlg001	tlg0472.tlg001
lysis.epistula-ad-hipparchum	urn:cts:greekLit:tlg0633.tlg001	tlg0633.tlg001
macedonius-consul-anthgraeca-didot1	urn:cts:greekLit:tlg4064.tlg001	tlg4064.tlg001
maeandrius.fragmenta	urn:cts:greekLit:tlg2339.tlg002	tlg2339.tlg002
magnes.fragmenta	urn:cts:greekLit:tlg0474.tlg001	tlg0474.tlg001
magnus.fragmentum	urn:cts:greekLit:tlg2157.tlg003	tlg2157.tlg003
malchus-philadelphensis.fragmenta	urn:cts:greekLit:tlg2582.tlg001	tlg2582.tlg001
manetho-astrology.apotelesmatica	urn:cts:greekLit:tlg2583.tlg001	tlg2583.tlg001
manetho-sebennyta.fragmenta	urn:cts:greekLit:tlg1477.tlg003	tlg1477.tlg003
mantissa-proverbiorum.mantissa-proverbiorum	urn:cts:greekLit:tlg0200.tlg001	tlg0200.tlg001
marcellinus.vita-thucydidis	urn:cts:greekLit:tlg2585.tlg001	tlg2585.tlg001
marcellus-theology.fragmenta	urn:cts:greekLit:tlg2041.tlg001	tlg2041.tlg001
marcellus.fragmenta	urn:cts:greekLit:tlg2458.tlg002	tlg2458.tlg002
marcianus.artemidori-geographia-epitome-marciani	urn:cts:greekLit:tlg4003.tlg003	tlg4003.tlg003
marcianus.menippi-periplus-maris-interni-epitome-marciani	urn:cts:greekLit:tlg4003.tlg002	tlg4003.tlg002
marcianus.periplus-maris-exteri	urn:cts:greekLit:tlg4003.tlg001	tlg4003.tlg001
marcus-antonius-polemon.declamationes	urn:cts:greekLit:tlg1617.tlg001	tlg1617.tlg001
marcus-aurelius-antoninus-imperator.ta-ei-s-e-auto-n	urn:cts:greekLit:tlg0562.tlg001	tlg0562.tlg001
marcus-diaconus.vita-porphyrii-episcopi-gazensis	urn:cts:greekLit:tlg2806.tlg001	tlg2806.tlg001
marinus.commentarium-in-euclidis-data	urn:cts:greekLit:tlg4075.tlg002	tlg4075.tlg002
marinus.tlg4075-tlg001	urn:cts:greekLit:tlg4075.tlg001	tlg4075.tlg001
martyrium-ignatii.martyrium-ignatii-antiocheni-martyrium-antiochenum	urn:cts:greekLit:tlg2657.tlg001	tlg2657.tlg001
martyrium-polycarpi.epistula-ecclesiae-smyrnensis-de-martyrio-sancti-polycarpi	urn:cts:greekLit:tlg1484.tlg001	tlg1484.tlg001
matron.convivium-atticum	urn:cts:greekLit:tlg1486.tlg001	tlg1486.tlg001
matron.fragmenta	urn:cts:greekLit:tlg1486.tlg002	tlg1486.tlg002
maximus-astrology.peri-katarxw-n	urn:cts:greekLit:tlg1487.tlg001	tlg1487.tlg001
maximus-astrology.peri-katarxw-n-epitome	urn:cts:greekLit:tlg1487.tlg002	tlg1487.tlg002
maximus-rhetoric.peri-tw-n-lu-twn-ntiqe-sewn-fort-auctore-maximo	urn:cts:greekLit:tlg2025.tlg002	tlg2025.tlg002
maximus-soph.dialexeis	urn:cts:greekLit:tlg0563.tlg001	tlg0563.tlg001
maximus-theology.fragmentum-ex-libro-de-materia	urn:cts:greekLit:tlg1488.tlg001	tlg1488.tlg001
megasthenes.fragmenta	urn:cts:greekLit:tlg1489.tlg001	tlg1489.tlg001
melanippides.fragmenta	urn:cts:greekLit:tlg0373.tlg001	tlg0373.tlg001
melanthius-elegy.fragmentum	urn:cts:greekLit:tlg0254.tlg001	tlg0254.tlg001
melanthius.fragmenta	urn:cts:greekLit:tlg1491.tlg001	tlg1491.tlg001
melanthius.fragmentum	urn:cts:greekLit:tlg0344.tlg001	tlg0344.tlg001
melisseus.fragmenta	urn:cts:greekLit:tlg2282.tlg002	tlg2282.tlg002
melissus.testimonia	urn:cts:greekLit:tlg1494.tlg001	tlg1494.tlg001
melito-apologetics.fragmenta	urn:cts:greekLit:tlg1495.tlg003	tlg1495.tlg003
memnon.fragmenta	urn:cts:greekLit:tlg1496.tlg001	tlg1496.tlg001
menander-comedy.fragmenta-2	urn:cts:greekLit:tlg0541.tlg039	tlg0541.tlg039
menander-comedy.sententiae-e-codicibus-byzantinis	urn:cts:greekLit:tlg0541.tlg042	tlg0541.tlg042
menander-protector.de-legationibus-romanorum-ad-gentes-fragmenta-ap-constantinum	urn:cts:greekLit:tlg4076.tlg003	tlg4076.tlg003
menander-rhetoric.diai-resis-tw-n-e-pideiktikw-n-olim-sub-auctore-genethlio	urn:cts:greekLit:tlg2586.tlg001	tlg2586.tlg001
menander-rhetoric.peri-e-pideiktikw-n	urn:cts:greekLit:tlg2586.tlg002	tlg2586.tlg002
menander.fragmenta	urn:cts:greekLit:tlg1498.tlg001	tlg1498.tlg001
menecles.fragmenta	urn:cts:greekLit:tlg1499.tlg001	tlg1499.tlg001
menecrates-elaita.fragmenta	urn:cts:greekLit:tlg4344.tlg001	tlg4344.tlg001
menecrates-medicine.epistula-sp	urn:cts:greekLit:tlg0639.tlg001	tlg0639.tlg001
menecrates-olynthius.fragmenta	urn:cts:greekLit:tlg4345.tlg001	tlg4345.tlg001
menecrates-poet-phil.fragmentum-et-titulus	urn:cts:greekLit:tlg1500.tlg001	tlg1500.tlg001
menecrates-tyrius.fragmenta	urn:cts:greekLit:tlg4346.tlg001	tlg4346.tlg001
menecrates-xanthius.fragmenta	urn:cts:greekLit:tlg1503.tlg002	tlg1503.tlg002
menecrates.fragmenta	urn:cts:greekLit:tlg1503.tlg001	tlg1503.tlg001
menecrates.titulus	urn:cts:greekLit:tlg0523.tlg001	tlg0523.tlg001
menesthenes.fragmentum	urn:cts:greekLit:tlg1505.tlg001	tlg1505.tlg001
menestor.testimonia	urn:cts:greekLit:tlg2228.tlg001	tlg2228.tlg001
menetor.fragmenta	urn:cts:greekLit:tlg4395.tlg001	tlg4395.tlg001
menodotus.fragmenta	urn:cts:greekLit:tlg1506.tlg001	tlg1506.tlg001
menyllus.fragmenta	urn:cts:greekLit:tlg2202.tlg002	tlg2202.tlg002
metagenes.fragmenta	urn:cts:greekLit:tlg0475.tlg001	tlg0475.tlg001
methodius.adversus-porphyrium-fragmenta	urn:cts:greekLit:tlg2959.tlg006	tlg2959.tlg006
methodius.de-creatis-fragmenta-ap-photium-bibl-cod-235	urn:cts:greekLit:tlg2959.tlg005	tlg2959.tlg005
methodius.de-libero-arbitrio	urn:cts:greekLit:tlg2959.tlg002	tlg2959.tlg002
methodius.de-martyribus-fragmenta	urn:cts:greekLit:tlg2959.tlg008	tlg2959.tlg008
methodius.fragmenta-in-job-in-catenis	urn:cts:greekLit:tlg2959.tlg007	tlg2959.tlg007
methodius.fragmenta-incerta-sp	urn:cts:greekLit:tlg2959.tlg010	tlg2959.tlg010
methodius.symposium-sive-convivium-decem-virginum	urn:cts:greekLit:tlg2959.tlg001	tlg2959.tlg001
metopus.fragmenta	urn:cts:greekLit:tlg1507.tlg001	tlg1507.tlg001
metrodorus-koerte	urn:cts:greekLit:tlg1773.tlg001	tlg1773.tlg001
metrodorus-major.testimonia	urn:cts:greekLit:tlg1811.tlg001	tlg1811.tlg001
metrodorus-philosophy.testimonia	urn:cts:greekLit:tlg1508.tlg002	tlg1508.tlg002
metrodorus.fragmenta	urn:cts:greekLit:tlg1976.tlg001	tlg1976.tlg001
metrophanes.fragmentum	urn:cts:greekLit:tlg2531.tlg003	tlg2531.tlg003
michael-attaliates.historia	urn:cts:greekLit:tlg3079.tlg001	tlg3079.tlg001
michael-glycas.annales	urn:cts:greekLit:tlg3047.tlg001	tlg3047.tlg001
michael-psellus.chronographia	urn:cts:greekLit:tlg2702.tlg001	tlg2702.tlg001
michael.in-ethica-nicomachea-ixx-commentaria	urn:cts:greekLit:tlg4034.tlg001	tlg4034.tlg001
michael.in-libros-de-animalium-motione-commentarium	urn:cts:greekLit:tlg4034.tlg004	tlg4034.tlg004
michael.in-libros-de-partibus-animalium-commentaria	urn:cts:greekLit:tlg4034.tlg003	tlg4034.tlg003
michael.in-librum-de-animalium-incessu-commentarium	urn:cts:greekLit:tlg4034.tlg005	tlg4034.tlg005
michael.in-librum-quintum-ethicorum-nicomacheorum-commentarium	urn:cts:greekLit:tlg4034.tlg006	tlg4034.tlg006
michael.in-parva-naturalia-commentaria	urn:cts:greekLit:tlg4034.tlg002	tlg4034.tlg002
milon.fragmentum	urn:cts:greekLit:tlg1509.tlg001	tlg1509.tlg001
mimnermus-elegy.fragmenta	urn:cts:greekLit:tlg0255.tlg001	tlg0255.tlg001
mimnermus-tragedy.fragmenta	urn:cts:greekLit:tlg1511.tlg001	tlg1511.tlg001
mithridatis-epistula.epistula	urn:cts:greekLit:tlg0039.tlg001	tlg0039.tlg001
mnaseas.fragmenta	urn:cts:greekLit:tlg1514.tlg001	tlg1514.tlg001
mnesimachus-comedy.fragmenta	urn:cts:greekLit:tlg0476.tlg001	tlg0476.tlg001
mnesimachus.fragmenta	urn:cts:greekLit:tlg2565.tlg002	tlg2565.tlg002
moderatus.fragmenta	urn:cts:greekLit:tlg1890.tlg001	tlg1890.tlg001
moeris.lexicon-atticum	urn:cts:greekLit:tlg1515.tlg001	tlg1515.tlg001
molpis-laco.fragmenta	urn:cts:greekLit:tlg1516.tlg003	tlg1516.tlg003
monimus-cynicus.fragmenta	urn:cts:greekLit:tlg2968.tlg001	tlg2968.tlg001
monimus.fragmenta	urn:cts:greekLit:tlg2968.tlg001	tlg2968.tlg001
moschion-gnomologus.hypothecae	urn:cts:greekLit:tlg0575.tlg002	tlg0575.tlg002
moschion-gnomologus.sententiae	urn:cts:greekLit:tlg0575.tlg001	tlg0575.tlg001
moschion.fragmenta	urn:cts:greekLit:tlg0339.tlg001	tlg0339.tlg001
moschus.epitaphius-bionis-sp	urn:cts:greekLit:tlg0035.tlg003	tlg0035.tlg003
moschus.eros-drapeta	urn:cts:greekLit:tlg0035.tlg001	tlg0035.tlg001
moschus.europa	urn:cts:greekLit:tlg0035.tlg002	tlg0035.tlg002
moschus.fragmenta	urn:cts:greekLit:tlg0035.tlg005	tlg0035.tlg005
moschus.megara-sp	urn:cts:greekLit:tlg0035.tlg004	tlg0035.tlg004
moses.eu-poi-kai-eu-tuxi-tou-ktisame-nou-kai-e-pituxi-kama-tou-kai	urn:cts:greekLit:tlg2181.tlg002	tlg2181.tlg002
musaeus-grammaticus.hero-et-leander	urn:cts:greekLit:tlg4082.tlg001	tlg4082.tlg001
musaeus-philosophy.fragmenta	urn:cts:greekLit:tlg2691.tlg002	tlg2691.tlg002
musaeus-philosophy.testimonia	urn:cts:greekLit:tlg2691.tlg001	tlg2691.tlg001
myia.epistula-ad-phyllidem	urn:cts:greekLit:tlg0509.tlg001	tlg0509.tlg001
myron.fragmenta	urn:cts:greekLit:tlg1523.tlg003	tlg1523.tlg003
myronianus-amastrianus.fragmenta	urn:cts:greekLit:tlg4397.tlg001	tlg4397.tlg001
myrsilus.fragmenta	urn:cts:greekLit:tlg2331.tlg003	tlg2331.tlg003
myrtilus.fragmenta	urn:cts:greekLit:tlg0477.tlg001	tlg0477.tlg001
nausicrates.fragmenta	urn:cts:greekLit:tlg0478.tlg001	tlg0478.tlg001
nausiphanes.testimonia	urn:cts:greekLit:tlg2334.tlg001	tlg2334.tlg001
neanthes.fragmenta	urn:cts:greekLit:tlg1525.tlg001	tlg1525.tlg001
nechepso-petosiris-riess	urn:cts:greekLit:tlg0995.tlg001	tlg0995.tlg001
neophron.fragmenta	urn:cts:greekLit:tlg0307.tlg001	tlg0307.tlg001
neoptolemus.fragmenta	urn:cts:greekLit:tlg1526.tlg001	tlg1526.tlg001
nessas.testimonia	urn:cts:greekLit:tlg2456.tlg001	tlg2456.tlg001
nicander-chalcedonius.fragmenta	urn:cts:greekLit:tlg2474.tlg002	tlg2474.tlg002
nicander-epic.alexipharmaca	urn:cts:greekLit:tlg0022.tlg002	tlg0022.tlg002
nicander-epic.theriaca	urn:cts:greekLit:tlg0022.tlg001	tlg0022.tlg001
nicander-thyatirenus.fragmenta	urn:cts:greekLit:tlg1529.tlg003	tlg1529.tlg003
nicanor.fragmenta	urn:cts:greekLit:tlg1530.tlg005	tlg1530.tlg005
nicephorus-blemmydes.aper-xrh-zei-h-parou-sa-kataskeuh-fort-auctore	urn:cts:greekLit:tlg4333.tlg002	tlg4333.tlg002
nicephorus-blemmydes.nikhfo-rou-tou-blemmu-dou-peri-th-s-xrusopoii-as-fort	urn:cts:greekLit:tlg4333.tlg001	tlg4333.tlg001
nicephorus-gregoras.historia-romana	urn:cts:greekLit:tlg4145.tlg001	tlg4145.tlg001
nicetas-choniates.historia-xronikh-dih-ghsis	urn:cts:greekLit:tlg3094.tlg001	tlg3094.tlg001
nicetas-heracleensis.fragmenta-commentariorum-xvi-orationum-gregorii-nazianzeni	urn:cts:greekLit:tlg3096.tlg002	tlg3096.tlg002
niciae-epistula.epistula	urn:cts:greekLit:tlg0046.tlg001	tlg0046.tlg001
nicias-history.fragmentum	urn:cts:greekLit:tlg2217.tlg002	tlg2217.tlg002
nicochares.fragmenta	urn:cts:greekLit:tlg0480.tlg001	tlg0480.tlg001
nicocles.fragmenta	urn:cts:greekLit:tlg1534.tlg001	tlg1534.tlg001
nicocrates.fragmenta	urn:cts:greekLit:tlg1535.tlg002	tlg1535.tlg002
nicolaus-history.fragmenta	urn:cts:greekLit:tlg0577.tlg003	tlg0577.tlg003
nicolaus-history.nicolaus-progymnasmata-felten	urn:cts:greekLit:tlg0577.tlg001	tlg0577.tlg001
nicolaus.fragmenta	urn:cts:greekLit:tlg0481.tlg001	tlg0481.tlg001
nicomachus-mathematics.excerpta	urn:cts:greekLit:tlg0358.tlg004	tlg0358.tlg004
nicomachus-mathematics.harmonicum-enchiridion	urn:cts:greekLit:tlg0358.tlg002	tlg0358.tlg002
nicomachus-mathematics.introductio-arithmetica	urn:cts:greekLit:tlg0358.tlg001	tlg0358.tlg001
nicomachus-mathematics.problemata-arithmetica	urn:cts:greekLit:tlg0358.tlg005	tlg0358.tlg005
nicomachus.fragmenta	urn:cts:greekLit:tlg0482.tlg001	tlg0482.tlg001
nicophon.fragmenta	urn:cts:greekLit:tlg0483.tlg001	tlg0483.tlg001
nicostratus.fragmenta	urn:cts:greekLit:tlg0484.tlg001	tlg0484.tlg001
nonnosus.fragmenta	urn:cts:greekLit:tlg4393.tlg001	tlg4393.tlg001
nonnus.dionysiaca	urn:cts:greekLit:tlg2045.tlg001	tlg2045.tlg001
novum-testamentum.acta-apostolorum	urn:cts:greekLit:tlg0031.tlg005	tlg0031.tlg005
novum-testamentum.apocalypsis-joannis	urn:cts:greekLit:tlg0031.tlg027	tlg0031.tlg027
novum-testamentum.epistula-jacobi	urn:cts:greekLit:tlg0031.tlg020	tlg0031.tlg020
novum-testamentum.epistula-joannis-i	urn:cts:greekLit:tlg0031.tlg023	tlg0031.tlg023
novum-testamentum.epistula-joannis-ii	urn:cts:greekLit:tlg0031.tlg024	tlg0031.tlg024
novum-testamentum.epistula-joannis-iii	urn:cts:greekLit:tlg0031.tlg025	tlg0031.tlg025
novum-testamentum.epistula-juda	urn:cts:greekLit:tlg0031.tlg026	tlg0031.tlg026
novum-testamentum.epistula-pauli-ad-colossenses	urn:cts:greekLit:tlg0031.tlg012	tlg0031.tlg012
novum-testamentum.epistula-pauli-ad-corinthios-i	urn:cts:greekLit:tlg0031.tlg007	tlg0031.tlg007
novum-testamentum.epistula-pauli-ad-corinthios-ii	urn:cts:greekLit:tlg0031.tlg008	tlg0031.tlg008
novum-testamentum.epistula-pauli-ad-ephesios	urn:cts:greekLit:tlg0031.tlg010	tlg0031.tlg010
novum-testamentum.epistula-pauli-ad-galatas	urn:cts:greekLit:tlg0031.tlg009	tlg0031.tlg009
novum-testamentum.epistula-pauli-ad-hebraeos	urn:cts:greekLit:tlg0031.tlg019	tlg0031.tlg019
novum-testamentum.epistula-pauli-ad-philemonem	urn:cts:greekLit:tlg0031.tlg018	tlg0031.tlg018
novum-testamentum.epistula-pauli-ad-philippenses	urn:cts:greekLit:tlg0031.tlg011	tlg0031.tlg011
novum-testamentum.epistula-pauli-ad-romanos	urn:cts:greekLit:tlg0031.tlg006	tlg0031.tlg006
novum-testamentum.epistula-pauli-ad-thessalonicenses-i	urn:cts:greekLit:tlg0031.tlg013	tlg0031.tlg013
novum-testamentum.epistula-pauli-ad-thessalonicenses-ii	urn:cts:greekLit:tlg0031.tlg014	tlg0031.tlg014
novum-testamentum.epistula-pauli-ad-timotheum-i	urn:cts:greekLit:tlg0031.tlg015	tlg0031.tlg015
novum-testamentum.epistula-pauli-ad-timotheum-ii	urn:cts:greekLit:tlg0031.tlg016	tlg0031.tlg016
novum-testamentum.epistula-pauli-ad-titum	urn:cts:greekLit:tlg0031.tlg017	tlg0031.tlg017
novum-testamentum.epistula-petri-i	urn:cts:greekLit:tlg0031.tlg021	tlg0031.tlg021
novum-testamentum.epistula-petri-ii	urn:cts:greekLit:tlg0031.tlg022	tlg0031.tlg022
novum-testamentum.evangelium-secundum-joannem	urn:cts:greekLit:tlg0031.tlg004	tlg0031.tlg004
novum-testamentum.evangelium-secundum-lucam	urn:cts:greekLit:tlg0031.tlg003	tlg0031.tlg003
novum-testamentum.evangelium-secundum-marcum	urn:cts:greekLit:tlg0031.tlg002	tlg0031.tlg002
novum-testamentum.evangelium-secundum-matthaeum	urn:cts:greekLit:tlg0031.tlg001	tlg0031.tlg001
numenius-philosophy.fragmenta	urn:cts:greekLit:tlg1542.tlg001	tlg1542.tlg001
nymphis.fragmenta	urn:cts:greekLit:tlg1544.tlg003	tlg1544.tlg003
nymphodorus.fragmenta	urn:cts:greekLit:tlg0578.tlg001	tlg0578.tlg001
ocellus.de-universi-natura-sp	urn:cts:greekLit:tlg1545.tlg001	tlg1545.tlg001
ocr.mansi_ephesus_t4	urn:cts:greekLit:ocr.mansi_ephesus_t4	ocr.mansi_ephesus_t4
ocr.mansi_ephesus_t5	urn:cts:greekLit:ocr.mansi_ephesus_t5	ocr.mansi_ephesus_t5
ocr.oribasius_v3	urn:cts:greekLit:ocr.oribasius_v3	ocr.oribasius_v3
ocr.oribasius_v4	urn:cts:greekLit:ocr.oribasius_v4	ocr.oribasius_v4
ocr.oribasius_v5	urn:cts:greekLit:ocr.oribasius_v5	ocr.oribasius_v5
ocr.pg026	urn:cts:greekLit:ocr.pg026	ocr.pg026
ocr.pg031	urn:cts:greekLit:ocr.pg031	ocr.pg031
ocr.pg036	urn:cts:greekLit:ocr.pg036	ocr.pg036
ocr.pg048	urn:cts:greekLit:ocr.pg048	ocr.pg048
ocr.walz_rhetores_v1	urn:cts:greekLit:ocr.walz_rhetores_v1	ocr.walz_rhetores_v1
ocr.walz_rhetores_v2	urn:cts:greekLit:ocr.walz_rhetores_v2	ocr.walz_rhetores_v2
ocr.walz_rhetores_v3	urn:cts:greekLit:ocr.walz_rhetores_v3	ocr.walz_rhetores_v3
ocr.walz_rhetores_v4	urn:cts:greekLit:ocr.walz_rhetores_v4	ocr.walz_rhetores_v4
ocr.walz_rhetores_v5	urn:cts:greekLit:ocr.walz_rhetores_v5	ocr.walz_rhetores_v5
ocr.walz_rhetores_v6	urn:cts:greekLit:ocr.walz_rhetores_v6	ocr.walz_rhetores_v6
ocr.walz_rhetores_v7pt1	urn:cts:greekLit:ocr.walz_rhetores_v7pt1	ocr.walz_rhetores_v7pt1
ocr.walz_rhetores_v7pt2	urn:cts:greekLit:ocr.walz_rhetores_v7pt2	ocr.walz_rhetores_v7pt2
ocr.walz_rhetores_v8	urn:cts:greekLit:ocr.walz_rhetores_v8	ocr.walz_rhetores_v8
ocr.walz_rhetores_v9	urn:cts:greekLit:ocr.walz_rhetores_v9	ocr.walz_rhetores_v9
oecumenius.fragmenta-in-epistulam-ad-ephesios-in-catenis	urn:cts:greekLit:tlg2866.tlg006	tlg2866.tlg006
oecumenius.fragmenta-in-epistulam-ad-galatas-in-catenis	urn:cts:greekLit:tlg2866.tlg005	tlg2866.tlg005
oecumenius.fragmenta-in-epistulam-ad-philippenses-in-catenis	urn:cts:greekLit:tlg2866.tlg007	tlg2866.tlg007
oecumenius.fragmenta-in-epistulam-ad-romanos-in-catenis	urn:cts:greekLit:tlg2866.tlg002	tlg2866.tlg002
oecumenius.fragmenta-in-epistulam-i-ad-corinthios-in-catenis	urn:cts:greekLit:tlg2866.tlg003	tlg2866.tlg003
oecumenius.fragmenta-in-epistulam-ii-ad-corinthios-in-catenis	urn:cts:greekLit:tlg2866.tlg004	tlg2866.tlg004
oenomaus.fragmenta	urn:cts:greekLit:tlg1548.tlg001	tlg1548.tlg001
oenopides.testimonia	urn:cts:greekLit:tlg2234.tlg001	tlg2234.tlg001
olympiodorus-philosophy.in-aristotelis-categorias-commentarium	urn:cts:greekLit:tlg4019.tlg002	tlg4019.tlg002
olympiodorus-philosophy.in-aristotelis-meteora-commentaria	urn:cts:greekLit:tlg4019.tlg003	tlg4019.tlg003
olympiodorus-philosophy.prolegomena	urn:cts:greekLit:tlg4019.tlg001	tlg4019.tlg001
onasander.strategicus	urn:cts:greekLit:tlg0648.tlg001	tlg0648.tlg001
onatas.fragmenta	urn:cts:greekLit:tlg1549.tlg001	tlg1549.tlg001
ophelio.fragmenta	urn:cts:greekLit:tlg0485.tlg001	tlg0485.tlg001
oppianus-apamensis.cynegetica	urn:cts:greekLit:tlg0024.tlg001	tlg0024.tlg001
oppianus-epic.halieutica	urn:cts:greekLit:tlg0023.tlg001	tlg0023.tlg001
oracula-chaldaica.oracula-fragmenta-olim-sub-auctore-juliano-theurgo	urn:cts:greekLit:tlg1550.tlg001	tlg1550.tlg001
oracula-sibyllina.fragmenta	urn:cts:greekLit:tlg1551.tlg002	tlg1551.tlg002
oracula-sibyllina.oracula	urn:cts:greekLit:tlg1551.tlg001	tlg1551.tlg001
oribasius.collectiones-medicae-lib-1-16-24-25-43-50	urn:cts:greekLit:tlg0722.tlg001	tlg0722.tlg001
oribasius.collectiones-medicae-libri-incerti	urn:cts:greekLit:tlg0722.tlg002	tlg0722.tlg002
oribasius.libri-ad-eunapium-lib-1-4	urn:cts:greekLit:tlg0722.tlg005	tlg0722.tlg005
oribasius.synopsis-ad-eustathium-filium	urn:cts:greekLit:tlg0722.tlg004	tlg0722.tlg004
origen.catholica-in-psalmos		pta:pta0007.pta010
origen.prologi-varii-in-psalmos		pta:pta0007.pta011
origenes.adnotationes-in-deuteronomium-fragmenta-e-catenis	urn:cts:greekLit:tlg2042.tlg070	tlg2042.tlg070
origenes.adnotationes-in-exodum	urn:cts:greekLit:tlg2042.tlg067	tlg2042.tlg067
origenes.adnotationes-in-genesim	urn:cts:greekLit:tlg2042.tlg066	tlg2042.tlg066
origenes.adnotationes-in-jesu-filium-nave-fragmenta-e-catenis	urn:cts:greekLit:tlg2042.tlg071	tlg2042.tlg071
origenes.adnotationes-in-judices	urn:cts:greekLit:tlg2042.tlg072	tlg2042.tlg072
origenes.adnotationes-in-leviticum-fragmenta-e-catenis	urn:cts:greekLit:tlg2042.tlg068	tlg2042.tlg068
origenes.adnotationes-in-numeros	urn:cts:greekLit:tlg2042.tlg069	tlg2042.tlg069
origenes.commentarii-in-evangelium-joannis-lib-1-2-4-5-6-10-13	urn:cts:greekLit:tlg2042.tlg005	tlg2042.tlg005
origenes.commentarii-in-evangelium-joannis-lib-19-20-28-32	urn:cts:greekLit:tlg2042.tlg079	tlg2042.tlg079
origenes.commentarium-in-evangelium-matthaei-lib-10-11	urn:cts:greekLit:tlg2042.tlg029	tlg2042.tlg029
origenes.commentarium-in-evangelium-matthaei-lib-12-17	urn:cts:greekLit:tlg2042.tlg030	tlg2042.tlg030
origenes.contra-celsum	urn:cts:greekLit:tlg2042.tlg001	tlg2042.tlg001
origenes.de-engastrimytho-homilia-in-i-reg-i-sam-28-3-25	urn:cts:greekLit:tlg2042.tlg013	tlg2042.tlg013
origenes.de-oratione	urn:cts:greekLit:tlg2042.tlg008	tlg2042.tlg008
origenes.epistula-ad-africanum	urn:cts:greekLit:tlg2042.tlg045	tlg2042.tlg045
origenes.excerpta-in-psalmos-dub	urn:cts:greekLit:tlg2042.tlg074	tlg2042.tlg074
origenes.exhortatio-ad-martyrium	urn:cts:greekLit:tlg2042.tlg007	tlg2042.tlg007
origenes.expositio-in-proverbia-fragmenta-e-catenis	urn:cts:greekLit:tlg2042.tlg075	tlg2042.tlg075
origenes.fragmenta-ex-commentariis-in-ezechielem	urn:cts:greekLit:tlg2042.tlg061	tlg2042.tlg061
origenes.fragmenta-in-evangelium-joannis-in-catenis	urn:cts:greekLit:tlg2042.tlg006	tlg2042.tlg006
origenes.fragmenta-in-jeremiam-e-philocalia	urn:cts:greekLit:tlg2042.tlg084	tlg2042.tlg084
origenes.fragmenta-in-jeremiam-in-catenis	urn:cts:greekLit:tlg2042.tlg010	tlg2042.tlg010
origenes.fragmenta-in-lamentationes-in-catenis	urn:cts:greekLit:tlg2042.tlg011	tlg2042.tlg011
origenes.fragmenta-in-librum-primum-regnorum-in-catenis	urn:cts:greekLit:tlg2042.tlg014	tlg2042.tlg014
origenes.fragmenta-in-lucam-in-catenis	urn:cts:greekLit:tlg2042.tlg017	tlg2042.tlg017
origenes.fragmenta-in-psalmos-1-150-dub	urn:cts:greekLit:tlg2042.tlg044	tlg2042.tlg044
origenes.fragmentum-in-lamentationes-in-catenis	urn:cts:greekLit:tlg2042.tlg012	tlg2042.tlg012
origenes.fragmentum-in-librum-primum-regnorum-in-catenis	urn:cts:greekLit:tlg2042.tlg015	tlg2042.tlg015
origenes.homiliae-in-job-fragmenta-in-catenis-typus-i-e-codd-paris	urn:cts:greekLit:tlg2042.tlg057	tlg2042.tlg057
origenes.homiliae-in-job-fragmenta-in-catenis-typus-ii-e-codd-marc-gr	urn:cts:greekLit:tlg2042.tlg073	tlg2042.tlg073
origenes.homiliae-in-job-fragmenta-in-catenis-typus-iii-e-codd-vat	urn:cts:greekLit:tlg2042.tlg086	tlg2042.tlg086
origenes.homiliae-in-lucam	urn:cts:greekLit:tlg2042.tlg016	tlg2042.tlg016
origenes.in-jeremiam-homiliae-1-11	urn:cts:greekLit:tlg2042.tlg009	tlg2042.tlg009
origenes.in-jeremiam-homiliae-12-20	urn:cts:greekLit:tlg2042.tlg021	tlg2042.tlg021
origenes.philocalia-sive-ecloga-de-operibus-origenis-basilio-et	urn:cts:greekLit:tlg2042.tlg019	tlg2042.tlg019
origenes.scholia-in-canticum-canticorum	urn:cts:greekLit:tlg2042.tlg076	tlg2042.tlg076
origenes.scholia-in-lucam-fragmenta-e-cod-venet-28	urn:cts:greekLit:tlg2042.tlg078	tlg2042.tlg078
origenes.scholia-in-matthaeum	urn:cts:greekLit:tlg2042.tlg077	tlg2042.tlg077
origenes.selecta-in-deuteronomium-fragmenta-e-catenis	urn:cts:greekLit:tlg2042.tlg053	tlg2042.tlg053
origenes.selecta-in-exodum-fragmenta-e-catenis	urn:cts:greekLit:tlg2042.tlg050	tlg2042.tlg050
origenes.selecta-in-genesim-fragmenta-e-catenis	urn:cts:greekLit:tlg2042.tlg048	tlg2042.tlg048
origenes.selecta-in-jesu-nave-fragmenta-e-catenis	urn:cts:greekLit:tlg2042.tlg054	tlg2042.tlg054
origenes.selecta-in-judices-fragmenta-e-catenis	urn:cts:greekLit:tlg2042.tlg055	tlg2042.tlg055
origenes.selecta-in-leviticum-fragmenta-e-catenis	urn:cts:greekLit:tlg2042.tlg051	tlg2042.tlg051
origenes.selecta-in-numeros	urn:cts:greekLit:tlg2042.tlg052	tlg2042.tlg052
origenes.selecta-in-psalmos-dub-fragmenta-e-catenis	urn:cts:greekLit:tlg2042.tlg058	tlg2042.tlg058
orphica.argonautica	urn:cts:greekLit:tlg0579.tlg002	tlg0579.tlg002
orphica.fragmenta-2	urn:cts:greekLit:tlg0579.tlg010	tlg0579.tlg010
orphica.hymni	urn:cts:greekLit:tlg0579.tlg001	tlg0579.tlg001
orphica.lithica	urn:cts:greekLit:tlg0579.tlg003	tlg0579.tlg003
orphica.testimonia	urn:cts:greekLit:tlg0579.tlg009	tlg0579.tlg009
ostanes-magus.osta-nou-filoso-fou-pro-s-peta-sion-peri-th-s-i-era-s-tau-ths-kai	urn:cts:greekLit:tlg1016.tlg001	tlg1016.tlg001
palaephatus.de-incredibilibus	urn:cts:greekLit:tlg1553.tlg001	tlg1553.tlg001
pamphila.fragmenta	urn:cts:greekLit:tlg1828.tlg001	tlg1828.tlg001
pancrates-epigram.fragmenta	urn:cts:greekLit:tlg1556.tlg001	tlg1556.tlg001
panyassis.fragmenta-epica	urn:cts:greekLit:tlg1557.tlg001	tlg1557.tlg001
papias.fragmenta	urn:cts:greekLit:tlg1558.tlg001	tlg1558.tlg001
pappus-mathematics.synagoge	urn:cts:greekLit:tlg2032.tlg001	tlg2032.tlg001
paradoxographus-florentinus.mirabilia-de-aquis	urn:cts:greekLit:tlg0580.tlg001	tlg0580.tlg001
paraphrases-in-dionysium-periegetam.in-dionysii-periegetae-orbis-descriptionem	urn:cts:greekLit:tlg4174.tlg001	tlg4174.tlg001
parmenides.fragmenta	urn:cts:greekLit:tlg1562.tlg002	tlg1562.tlg002
parmenides.testimonia	urn:cts:greekLit:tlg1562.tlg001	tlg1562.tlg001
parodica-anonyma.incertorum-fragmenta	urn:cts:greekLit:tlg1801.tlg001	tlg1801.tlg001
paron.testimonium	urn:cts:greekLit:tlg2227.tlg001	tlg2227.tlg001
parthax.fragmenta	urn:cts:greekLit:tlg1568.tlg002	tlg1568.tlg002
parthenius.narrationes-amatoriae	urn:cts:greekLit:tlg0655.tlg001	tlg0655.tlg001
passio-perpetuae-et-felicitatis.passio-perpetuae-et-felicitatis	urn:cts:greekLit:tlg2016.tlg001	tlg2016.tlg001
patria-constantinopoleos.de-sepulcris-imperatorum-quae-sunt-in-templo-sanctorum-apostolorum	urn:cts:greekLit:tlg3120.tlg004	tlg3120.tlg004
patria-constantinopoleos.parasta-seis-su-ntomoi-xronikai	urn:cts:greekLit:tlg3120.tlg001	tlg3120.tlg001
patrocles.fragmenta	urn:cts:greekLit:tlg0324.tlg001	tlg0324.tlg001
patrocles.fragmenta-fhg2	urn:cts:greekLit:tlg2479.tlg003	tlg2479.tlg003
paulus-medicine.epitomae-medicae-libri-septem	urn:cts:greekLit:tlg0715.tlg001	tlg0715.tlg001
paulus-silentiarius.descriptio-sanctae-sophiae	urn:cts:greekLit:tlg4039.tlg001	tlg4039.tlg001
pausanias-attic.attikw-n-o-noma-twn-sunagwgh	urn:cts:greekLit:tlg1569.tlg001	tlg1569.tlg001
pausanias-periegesis.graeciae-descriptio	urn:cts:greekLit:tlg0525.tlg001	tlg0525.tlg001
pausanias.fragmenta	urn:cts:greekLit:tlg2573.tlg001	tlg2573.tlg001
pelagius.pelagi-ou-filoso-fou-peri-th-s-qei-as-tau-ths-kai-i-era-s-te-xnhs	urn:cts:greekLit:tlg2019.tlg001	tlg2019.tlg001
pempelus.fragmenta	urn:cts:greekLit:tlg1571.tlg001	tlg1571.tlg001
periander.epistulae-sp	urn:cts:greekLit:tlg0629.tlg001	tlg0629.tlg001
perictione.fragmenta	urn:cts:greekLit:tlg1572.tlg001	tlg1572.tlg001
periplus-hannonis.periplus-hannonis	urn:cts:greekLit:tlg0064.tlg001	tlg0064.tlg001
periplus-maris-erythraei.anonymi-arriani-ut-fertur-periplus-maris-erythraei	urn:cts:greekLit:tlg0071.tlg001	tlg0071.tlg001
periplus-maris-magni.stadiasmus-sive-periplus-maris-magni	urn:cts:greekLit:tlg0077.tlg001	tlg0077.tlg001
periplus-ponti-euxini.anonymi-arriani-ut-fertur-periplus-ponti-euxini	urn:cts:greekLit:tlg0075.tlg001	tlg0075.tlg001
persaeus-cittiensis.fragmenta	urn:cts:greekLit:tlg1574.tlg001	tlg1574.tlg001
persaeus.fragmenta	urn:cts:greekLit:tlg1574.tlg001	tlg1574.tlg001
petron.testimonium	urn:cts:greekLit:tlg2247.tlg001	tlg2247.tlg001
phaenias.fragmenta	urn:cts:greekLit:tlg1578.tlg001	tlg1578.tlg001
phalaridis-epistulae.epistulae	urn:cts:greekLit:tlg0053.tlg001	tlg0053.tlg001
phanocles.fragmenta	urn:cts:greekLit:tlg0214.tlg001	tlg0214.tlg001
phanodemus.fragmenta	urn:cts:greekLit:tlg1583.tlg001	tlg1583.tlg001
phanodicus.fragmenta	urn:cts:greekLit:tlg2278.tlg002	tlg2278.tlg002
pherecrates.fragmenta	urn:cts:greekLit:tlg0486.tlg001	tlg0486.tlg001
pherecydes-mythography.testimonia	urn:cts:greekLit:tlg0630.tlg001	tlg0630.tlg001
pherecydes.fragmenta	urn:cts:greekLit:tlg1584.tlg001	tlg1584.tlg001
philemon-junior.fragmenta	urn:cts:greekLit:tlg0488.tlg001	tlg0488.tlg001
philemon.fragmenta	urn:cts:greekLit:tlg0487.tlg001	tlg0487.tlg001
philetaerus.fragmenta	urn:cts:greekLit:tlg0489.tlg001	tlg0489.tlg001
philetas.fragmenta	urn:cts:greekLit:tlg0212.tlg001	tlg0212.tlg001
philinus.fragmenta	urn:cts:greekLit:tlg1969.tlg003	tlg1969.tlg003
philippides.fragmenta	urn:cts:greekLit:tlg0490.tlg001	tlg0490.tlg001
philippus-history.fragmenta	urn:cts:greekLit:tlg1590.tlg002	tlg1590.tlg002
philippus-ii-rex-macedonum.epistulae	urn:cts:greekLit:tlg0048.tlg001	tlg0048.tlg001
philiscus-comedy.fragmenta	urn:cts:greekLit:tlg0491.tlg001	tlg0491.tlg001
philistus.fragmenta	urn:cts:greekLit:tlg1591.tlg001	tlg1591.tlg001
phillis-delius.fragmenta	urn:cts:greekLit:tlg2594.tlg001	tlg2594.tlg001
philo-judaeus-philosophy.de-abrahamo	urn:cts:greekLit:tlg0018.tlg020	tlg0018.tlg020
philo-judaeus-philosophy.de-aeternitate-mundi	urn:cts:greekLit:tlg0018.tlg029	tlg0018.tlg029
philo-judaeus-philosophy.de-agricultura	urn:cts:greekLit:tlg0018.tlg009	tlg0018.tlg009
philo-judaeus-philosophy.de-cherubim	urn:cts:greekLit:tlg0018.tlg003	tlg0018.tlg003
philo-judaeus-philosophy.de-confusione-linguarum	urn:cts:greekLit:tlg0018.tlg013	tlg0018.tlg013
philo-judaeus-philosophy.de-congressu-eruditionis-gratia	urn:cts:greekLit:tlg0018.tlg016	tlg0018.tlg016
philo-judaeus-philosophy.de-decalogo	urn:cts:greekLit:tlg0018.tlg023	tlg0018.tlg023
philo-judaeus-philosophy.de-ebrietate	urn:cts:greekLit:tlg0018.tlg011	tlg0018.tlg011
philo-judaeus-philosophy.de-fuga-et-inventione	urn:cts:greekLit:tlg0018.tlg017	tlg0018.tlg017
philo-judaeus-philosophy.de-gigantibus	urn:cts:greekLit:tlg0018.tlg007	tlg0018.tlg007
philo-judaeus-philosophy.de-josepho	urn:cts:greekLit:tlg0018.tlg021	tlg0018.tlg021
philo-judaeus-philosophy.de-migratione-abrahami	urn:cts:greekLit:tlg0018.tlg014	tlg0018.tlg014
philo-judaeus-philosophy.de-mutatione-nominum	urn:cts:greekLit:tlg0018.tlg018	tlg0018.tlg018
philo-judaeus-philosophy.de-opificio-mundi	urn:cts:greekLit:tlg0018.tlg001	tlg0018.tlg001
philo-judaeus-philosophy.de-plantatione	urn:cts:greekLit:tlg0018.tlg010	tlg0018.tlg010
philo-judaeus-philosophy.de-posteritate-caini	urn:cts:greekLit:tlg0018.tlg006	tlg0018.tlg006
philo-judaeus-philosophy.de-praemiis-et-poenis-de-exsecrationibus	urn:cts:greekLit:tlg0018.tlg026	tlg0018.tlg026
philo-judaeus-philosophy.de-sacrificiis-abelis-et-caini	urn:cts:greekLit:tlg0018.tlg004	tlg0018.tlg004
philo-judaeus-philosophy.de-sobrietate	urn:cts:greekLit:tlg0018.tlg012	tlg0018.tlg012
philo-judaeus-philosophy.de-somniis-lib-iii	urn:cts:greekLit:tlg0018.tlg019	tlg0018.tlg019
philo-judaeus-philosophy.de-specialibus-legibus-lib-iiv	urn:cts:greekLit:tlg0018.tlg024	tlg0018.tlg024
philo-judaeus-philosophy.de-virtutibus	urn:cts:greekLit:tlg0018.tlg025	tlg0018.tlg025
philo-judaeus-philosophy.de-vita-contemplativa	urn:cts:greekLit:tlg0018.tlg028	tlg0018.tlg028
philo-judaeus-philosophy.de-vita-mosis-lib-iii	urn:cts:greekLit:tlg0018.tlg022	tlg0018.tlg022
philo-judaeus-philosophy.in-flaccum	urn:cts:greekLit:tlg0018.tlg030	tlg0018.tlg030
philo-judaeus-philosophy.legatio-ad-gaium	urn:cts:greekLit:tlg0018.tlg031	tlg0018.tlg031
philo-judaeus-philosophy.legum-allegoriarum-libri-iiii	urn:cts:greekLit:tlg0018.tlg002	tlg0018.tlg002
philo-judaeus-philosophy.quis-rerum-divinarum-heres-sit	urn:cts:greekLit:tlg0018.tlg015	tlg0018.tlg015
philo-judaeus-philosophy.quod-deterius-potiori-insidiari-soleat	urn:cts:greekLit:tlg0018.tlg005	tlg0018.tlg005
philo-judaeus-philosophy.quod-deus-sit-immutabilis	urn:cts:greekLit:tlg0018.tlg008	tlg0018.tlg008
philo-judaeus-philosophy.quod-omnis-probus-liber-sit	urn:cts:greekLit:tlg0018.tlg027	tlg0018.tlg027
philochorus.testimonia	urn:cts:greekLit:tlg0583.tlg001	tlg0583.tlg001
philocles-tragedy.fragmenta	urn:cts:greekLit:tlg0312.tlg001	tlg0312.tlg001
philodamus.paean-in-dionysum	urn:cts:greekLit:tlg0205.tlg001	tlg0205.tlg001
philodemus.academicorumphil00mekluoft	urn:cts:greekLit:tlg1595.tlg601	tlg1595.tlg601
philodemus.de-musica-librorum-quae-exstant	urn:cts:greekLit:tlg1595.tlg221	tlg1595.tlg221
philodemus.philodemberindu00gompgoog	urn:cts:greekLit:tlg1595.tlg472	tlg1595.tlg472
philodemus.philodemidemusic00phil	urn:cts:greekLit:tlg1595.tlg210	tlg1595.tlg210
philodemus.philodemiepicur00philgoog	urn:cts:greekLit:tlg1595.tlg267	tlg1595.tlg267
philodemus.philodemiperioik00phil	urn:cts:greekLit:tlg1595.tlg241	tlg1595.tlg241
philodemus.philodemiperipar00philuoft	urn:cts:greekLit:tlg1595.tlg271	tlg1595.tlg271
philodemus.philodemiperipoi00haus	urn:cts:greekLit:tlg1595.tlg289	tlg1595.tlg289
philodemus.philodemiperitou00philuoft	urn:cts:greekLit:tlg1595.tlg492	tlg1595.tlg492
philodemus.rivistadifilolog03toriuoft	urn:cts:greekLit:tlg1595.tlg003	tlg1595.tlg003
philodemus.tlg1595-tlg003	urn:cts:greekLit:tlg1595.tlg003	tlg1595.tlg003
philodemus.tlg1595-tlg120	urn:cts:greekLit:tlg1595.tlg120	tlg1595.tlg120
philodemus.tlg1595-tlg210	urn:cts:greekLit:tlg1595.tlg210	tlg1595.tlg210
philodemus.tlg1595-tlg241	urn:cts:greekLit:tlg1595.tlg241	tlg1595.tlg241
philodemus.tlg1595-tlg267	urn:cts:greekLit:tlg1595.tlg267	tlg1595.tlg267
philodemus.tlg1595-tlg271	urn:cts:greekLit:tlg1595.tlg271	tlg1595.tlg271
philodemus.tlg1595-tlg289	urn:cts:greekLit:tlg1595.tlg289	tlg1595.tlg289
philodemus.tlg1595-tlg472	urn:cts:greekLit:tlg1595.tlg472	tlg1595.tlg472
philodemus.tlg1595-tlg492	urn:cts:greekLit:tlg1595.tlg492	tlg1595.tlg492
philodemus.tlg1595-tlg601	urn:cts:greekLit:tlg1595.tlg601	tlg1595.tlg601
philodemus.volumina-rhetorica	urn:cts:greekLit:tlg1595.tlg370	tlg1595.tlg370
philolaus.fragmenta	urn:cts:greekLit:tlg1596.tlg002	tlg1596.tlg002
philolaus.testimonia	urn:cts:greekLit:tlg1596.tlg001	tlg1596.tlg001
philonides.fragmenta	urn:cts:greekLit:tlg0492.tlg001	tlg0492.tlg001
philosophus-anonymus.anepigra-fou-filoso-fou-kata-kolouqi-xrh-sews-e-mfai-non	urn:cts:greekLit:tlg4329.tlg002	tlg4329.tlg002
philosophus-anonymus.anepigra-fou-filoso-fou-peri-qei-ou-u-datos-th-s-leukw-sews	urn:cts:greekLit:tlg4329.tlg001	tlg4329.tlg001
philosophus-anonymus.anepigra-fou-filoso-fou-peri-th-s-qei-as-kai-i-era-s-te-xnhs	urn:cts:greekLit:tlg4329.tlg003	tlg4329.tlg003
philosophus-christianus.anti-qesis-le-gousa-o-ti-qei-on-u-dwr-e-n-e-sti-tw-ei-dei	urn:cts:greekLit:tlg4328.tlg006	tlg4328.tlg006
philosophus-christianus.apori-e-n-bu-ssaion-u-dwr-e-n-tw-riqmw-deiknu-ein	urn:cts:greekLit:tlg4328.tlg007	tlg4328.tlg007
philosophus-christianus.h-tou-muqikou-u-datos-poi-hsis-e-cod-venet-marc-299	urn:cts:greekLit:tlg4328.tlg005	tlg4328.tlg005
philosophus-christianus.oti-tetraxw-s-diairoume-nhs-th-s-u-lhs-dia-foroi-pogi-nontai	urn:cts:greekLit:tlg4328.tlg009	tlg4328.tlg009
philosophus-christianus.po-sai-ei-si-n-ai-kat-ei-dos-kai-ge-nos-diaforai-tw-n-poih-sewn	urn:cts:greekLit:tlg4328.tlg010	tlg4328.tlg010
philosophus-christianus.pw-s-dei-noei-n-diafora-s-tw-n-poih-sewn-kai-sxh-masi-gewmetrikoi-s	urn:cts:greekLit:tlg4328.tlg011	tlg4328.tlg011
philosophus-christianus.ti-s-h-e-n-pokru-fois-tw-n-palaiw-n-e-kdidome-nh-ta-cis-e	urn:cts:greekLit:tlg4328.tlg012	tlg4328.tlg012
philosophus-christianus.ti-s-h-kaqo-lou-tou-u-datos-oi-konomi-e-cod-venet	urn:cts:greekLit:tlg4328.tlg004	tlg4328.tlg004
philosophus-christianus.ti-s-h-tw-n-rxai-wn-diafwni-e-cod-venet-marc-299	urn:cts:greekLit:tlg4328.tlg003	tlg4328.tlg003
philosophus-christianus.tou-xristianou-peri-eu-staqei-as-tou-xrusou-e-cod	urn:cts:greekLit:tlg4328.tlg001	tlg4328.tlg001
philosophus-christianus.tou-xristianou-peri-tou-qei-ou-u-datos-e-cod-venet	urn:cts:greekLit:tlg4328.tlg002	tlg4328.tlg002
philosophus-christianus.tou-xristianou-su-noyis-ti-s-h-ai-ti-th-s-prokeime-nhs	urn:cts:greekLit:tlg4328.tlg008	tlg4328.tlg008
philostephanus.fragmenta	urn:cts:greekLit:tlg0584.tlg001	tlg0584.tlg001
philostephanus.fragmentum	urn:cts:greekLit:tlg0493.tlg001	tlg0493.tlg001
philostorgius.historia-ecclesiastica-fragmenta-ap-photium	urn:cts:greekLit:tlg2058.tlg001	tlg2058.tlg001
philostratus-junior-soph.imagines	urn:cts:greekLit:tlg0652.tlg001	tlg0652.tlg001
philostratus-major-soph.imagines	urn:cts:greekLit:tlg1600.tlg001	tlg1600.tlg001
philoxenus-grammar.fragmenta	urn:cts:greekLit:tlg1602.tlg001	tlg1602.tlg001
philoxenus.fragmenta	urn:cts:greekLit:tlg0380.tlg001	tlg0380.tlg001
philumenus.de-venenatis-animalibus-eorumque-remediis	urn:cts:greekLit:tlg0671.tlg001	tlg0671.tlg001
philyllius.fragmenta	urn:cts:greekLit:tlg0494.tlg001	tlg0494.tlg001
phintys.fragmenta	urn:cts:greekLit:tlg1603.tlg001	tlg1603.tlg001
phocylides.sententiae	urn:cts:greekLit:tlg1604.tlg001	tlg1604.tlg001
phoebammon.de-figuris-fort-auctore-phoebammone-alio	urn:cts:greekLit:tlg2596.tlg001	tlg2596.tlg001
phoenicides.fragmenta	urn:cts:greekLit:tlg0495.tlg001	tlg0495.tlg001
phoenix.fragmenta	urn:cts:greekLit:tlg1606.tlg001	tlg1606.tlg001
photius.bibliotheca	urn:cts:greekLit:tlg4040.tlg001	tlg4040.tlg001
photius.commentarii-in-joannem-in-catenis	urn:cts:greekLit:tlg4040.tlg027	tlg4040.tlg027
photius.commentarii-in-matthaeum-in-catenis	urn:cts:greekLit:tlg4040.tlg028	tlg4040.tlg028
photius.fragmenta-in-epistulam-ad-romanos-in-catenis	urn:cts:greekLit:tlg4040.tlg014	tlg4040.tlg014
photius.fragmenta-in-epistulam-ii-ad-corinthios-in-catenis	urn:cts:greekLit:tlg4040.tlg016	tlg4040.tlg016
photius.lexicon	urn:cts:greekLit:tlg4040.tlg029	tlg4040.tlg029
phrynichus-comedy.fragmenta	urn:cts:greekLit:tlg0496.tlg001	tlg0496.tlg001
phrynichus-tragedy.fragmenta	urn:cts:greekLit:tlg0303.tlg001	tlg0303.tlg001
phylarchus.testimonia	urn:cts:greekLit:tlg1609.tlg001	tlg1609.tlg001
pigres.fragmentum	urn:cts:greekLit:tlg0258.tlg001	tlg0258.tlg001
pindarus.fragmenta	urn:cts:greekLit:tlg0033.tlg005	tlg0033.tlg005
pindarus.isthmia	urn:cts:greekLit:tlg0033.tlg004	tlg0033.tlg004
pindarus.nemea	urn:cts:greekLit:tlg0033.tlg003	tlg0033.tlg003
pindarus.olympia	urn:cts:greekLit:tlg0033.tlg001	tlg0033.tlg001
pindarus.pythia	urn:cts:greekLit:tlg0033.tlg002	tlg0033.tlg002
pisander-epic.heraclea-fragmenta	urn:cts:greekLit:tlg0288.tlg001	tlg0288.tlg001
plato-comedy.fragmenta	urn:cts:greekLit:tlg0497.tlg001	tlg0497.tlg001
plato-philosophy.alcibiades-i-sp	urn:cts:greekLit:tlg0059.tlg013	tlg0059.tlg013
plato-philosophy.alcibiades-ii-sp	urn:cts:greekLit:tlg0059.tlg014	tlg0059.tlg014
plato-philosophy.amatores-sp	urn:cts:greekLit:tlg0059.tlg016	tlg0059.tlg016
plato-philosophy.apologia-socratis	urn:cts:greekLit:tlg0059.tlg002	tlg0059.tlg002
plato-philosophy.charmides	urn:cts:greekLit:tlg0059.tlg018	tlg0059.tlg018
plato-philosophy.clitophon-dub	urn:cts:greekLit:tlg0059.tlg029	tlg0059.tlg029
plato-philosophy.cratylus	urn:cts:greekLit:tlg0059.tlg005	tlg0059.tlg005
plato-philosophy.critias	urn:cts:greekLit:tlg0059.tlg032	tlg0059.tlg032
plato-philosophy.crito	urn:cts:greekLit:tlg0059.tlg003	tlg0059.tlg003
plato-philosophy.definitiones-sp	urn:cts:greekLit:tlg0059.tlg037	tlg0059.tlg037
plato-philosophy.epinomis-dub-fort-auctore-philippo-opuntio	urn:cts:greekLit:tlg0059.tlg035	tlg0059.tlg035
plato-philosophy.epistulae-dub	urn:cts:greekLit:tlg0059.tlg036	tlg0059.tlg036
plato-philosophy.euthydemus	urn:cts:greekLit:tlg0059.tlg021	tlg0059.tlg021
plato-philosophy.euthyphro	urn:cts:greekLit:tlg0059.tlg001	tlg0059.tlg001
plato-philosophy.gorgias	urn:cts:greekLit:tlg0059.tlg023	tlg0059.tlg023
plato-philosophy.hipparchus-sp	urn:cts:greekLit:tlg0059.tlg015	tlg0059.tlg015
plato-philosophy.hippias-major-dub	urn:cts:greekLit:tlg0059.tlg025	tlg0059.tlg025
plato-philosophy.hippias-minor	urn:cts:greekLit:tlg0059.tlg026	tlg0059.tlg026
plato-philosophy.ion	urn:cts:greekLit:tlg0059.tlg027	tlg0059.tlg027
plato-philosophy.laches	urn:cts:greekLit:tlg0059.tlg019	tlg0059.tlg019
plato-philosophy.leges	urn:cts:greekLit:tlg0059.tlg034	tlg0059.tlg034
plato-philosophy.lysis	urn:cts:greekLit:tlg0059.tlg020	tlg0059.tlg020
plato-philosophy.menexenus	urn:cts:greekLit:tlg0059.tlg028	tlg0059.tlg028
plato-philosophy.meno	urn:cts:greekLit:tlg0059.tlg024	tlg0059.tlg024
plato-philosophy.minos-sp	urn:cts:greekLit:tlg0059.tlg033	tlg0059.tlg033
plato-philosophy.parmenides	urn:cts:greekLit:tlg0059.tlg009	tlg0059.tlg009
plato-philosophy.phaedo	urn:cts:greekLit:tlg0059.tlg004	tlg0059.tlg004
plato-philosophy.phaedrus	urn:cts:greekLit:tlg0059.tlg012	tlg0059.tlg012
plato-philosophy.philebus	urn:cts:greekLit:tlg0059.tlg010	tlg0059.tlg010
plato-philosophy.politicus	urn:cts:greekLit:tlg0059.tlg008	tlg0059.tlg008
plato-philosophy.protagoras	urn:cts:greekLit:tlg0059.tlg022	tlg0059.tlg022
plato-philosophy.respublica	urn:cts:greekLit:tlg0059.tlg030	tlg0059.tlg030
plato-philosophy.sophista	urn:cts:greekLit:tlg0059.tlg007	tlg0059.tlg007
plato-philosophy.symposium	urn:cts:greekLit:tlg0059.tlg011	tlg0059.tlg011
plato-philosophy.theaetetus	urn:cts:greekLit:tlg0059.tlg006	tlg0059.tlg006
plato-philosophy.theages-sp	urn:cts:greekLit:tlg0059.tlg017	tlg0059.tlg017
plato-philosophy.timaeus	urn:cts:greekLit:tlg0059.tlg031	tlg0059.tlg031
platonius.fragmenta-de-comoedia-graeca	urn:cts:greekLit:tlg1615.tlg001	tlg1615.tlg001
plotinus.enneades	urn:cts:greekLit:tlg2000.tlg001	tlg2000.tlg001
plutarchus.ad-principem-ineruditum-779d-782f	urn:cts:greekLit:tlg0007.tlg116	tlg0007.tlg116
plutarchus.adversus-colotem-1107d-1127e	urn:cts:greekLit:tlg0007.tlg140	tlg0007.tlg140
plutarchus.aemilius-paullus	urn:cts:greekLit:tlg0007.tlg019	tlg0007.tlg019
plutarchus.aetia-graeca-capitum-catalogus	urn:cts:greekLit:tlg0007.tlg084b	tlg0007.tlg084b
plutarchus.aetia-physica-911c-919e	urn:cts:greekLit:tlg0007.tlg125	tlg0007.tlg125
plutarchus.aetia-romana-capitum-catalogus	urn:cts:greekLit:tlg0007.tlg084a	tlg0007.tlg084a
plutarchus.agesilaus	urn:cts:greekLit:tlg0007.tlg044	tlg0007.tlg044
plutarchus.agis-et-cleomenes	urn:cts:greekLit:tlg0007.tlg051	tlg0007.tlg051
plutarchus.alcibiades	urn:cts:greekLit:tlg0007.tlg015	tlg0007.tlg015
plutarchus.alexander	urn:cts:greekLit:tlg0007.tlg047	tlg0007.tlg047
plutarchus.amatoriae-narrationes-sp-771e-775e	urn:cts:greekLit:tlg0007.tlg114	tlg0007.tlg114
plutarchus.amatorius-748e-771e	urn:cts:greekLit:tlg0007.tlg113	tlg0007.tlg113
plutarchus.animine-corporis-affectiones-sint-peiores-500b-502a	urn:cts:greekLit:tlg0007.tlg100	tlg0007.tlg100
plutarchus.antonius	urn:cts:greekLit:tlg0007.tlg058	tlg0007.tlg058
plutarchus.apophthegmata-laconica-sp-208b-242d	urn:cts:greekLit:tlg0007.tlg082	tlg0007.tlg082
plutarchus.aquane-ignis-sit-utilior-sp-955d-958e	urn:cts:greekLit:tlg0007.tlg128	tlg0007.tlg128
plutarchus.aratus	urn:cts:greekLit:tlg0007.tlg063	tlg0007.tlg063
plutarchus.aristides	urn:cts:greekLit:tlg0007.tlg024	tlg0007.tlg024
plutarchus.artaxerxes	urn:cts:greekLit:tlg0007.tlg064	tlg0007.tlg064
plutarchus.bruta-animalia-ratione-uti-985d-992e	urn:cts:greekLit:tlg0007.tlg130	tlg0007.tlg130
plutarchus.brutus	urn:cts:greekLit:tlg0007.tlg061	tlg0007.tlg061
plutarchus.caesar	urn:cts:greekLit:tlg0007.tlg048	tlg0007.tlg048
plutarchus.camillus	urn:cts:greekLit:tlg0007.tlg011	tlg0007.tlg011
plutarchus.cato-maior	urn:cts:greekLit:tlg0007.tlg025	tlg0007.tlg025
plutarchus.cato-minor	urn:cts:greekLit:tlg0007.tlg050	tlg0007.tlg050
plutarchus.cicero	urn:cts:greekLit:tlg0007.tlg055	tlg0007.tlg055
plutarchus.cimon	urn:cts:greekLit:tlg0007.tlg035	tlg0007.tlg035
plutarchus.comparatio-aemilii-paulli-et-timoleontis	urn:cts:greekLit:tlg0007.tlg020	tlg0007.tlg020
plutarchus.comparatio-agesilai-et-pompeii	urn:cts:greekLit:tlg0007.tlg046	tlg0007.tlg046
plutarchus.comparatio-agidis-et-cleomenis-cum-tiberio-et-gaio-graccho	urn:cts:greekLit:tlg0007.tlg053	tlg0007.tlg053
plutarchus.comparatio-alcibiadis-et-marcii-coriolani	urn:cts:greekLit:tlg0007.tlg017	tlg0007.tlg017
plutarchus.comparatio-aristidis-et-catonis	urn:cts:greekLit:tlg0007.tlg026	tlg0007.tlg026
plutarchus.comparatio-cimonis-et-luculli	urn:cts:greekLit:tlg0007.tlg037	tlg0007.tlg037
plutarchus.comparatio-demetrii-et-antonii	urn:cts:greekLit:tlg0007.tlg059	tlg0007.tlg059
plutarchus.comparatio-demosthenis-et-ciceronis	urn:cts:greekLit:tlg0007.tlg056	tlg0007.tlg056
plutarchus.comparatio-dionis-et-bruti	urn:cts:greekLit:tlg0007.tlg062	tlg0007.tlg062
plutarchus.comparatio-eumenis-et-sertorii	urn:cts:greekLit:tlg0007.tlg043	tlg0007.tlg043
plutarchus.comparatio-lycurgi-et-numae	urn:cts:greekLit:tlg0007.tlg006	tlg0007.tlg006
plutarchus.comparatio-lysandri-et-sullae	urn:cts:greekLit:tlg0007.tlg034	tlg0007.tlg034
plutarchus.comparatio-niciae-et-crassi	urn:cts:greekLit:tlg0007.tlg040	tlg0007.tlg040
plutarchus.comparatio-pelopidae-et-marcelli	urn:cts:greekLit:tlg0007.tlg023	tlg0007.tlg023
plutarchus.comparatio-periclis-et-fabii-maximi	urn:cts:greekLit:tlg0007.tlg014	tlg0007.tlg014
plutarchus.comparatio-philopoemenis-et-titi-flaminini	urn:cts:greekLit:tlg0007.tlg029	tlg0007.tlg029
plutarchus.comparatio-solonis-et-publicolae	urn:cts:greekLit:tlg0007.tlg009	tlg0007.tlg009
plutarchus.comparatio-thesei-et-romuli	urn:cts:greekLit:tlg0007.tlg003	tlg0007.tlg003
plutarchus.comparationis-aristophanis-et-menandri-compendium-853a-854d	urn:cts:greekLit:tlg0007.tlg122	tlg0007.tlg122
plutarchus.conjugalia-praecepta-138a-146a	urn:cts:greekLit:tlg0007.tlg078	tlg0007.tlg078
plutarchus.consolatio-ad-apollonium-sp-101f-122a	urn:cts:greekLit:tlg0007.tlg076	tlg0007.tlg076
plutarchus.consolatio-ad-uxorem-608a-612b	urn:cts:greekLit:tlg0007.tlg111	tlg0007.tlg111
plutarchus.crassus	urn:cts:greekLit:tlg0007.tlg039	tlg0007.tlg039
plutarchus.de-alexandri-magni-fortuna-aut-virtute-326d-345b	urn:cts:greekLit:tlg0007.tlg087	tlg0007.tlg087
plutarchus.de-amicorum-multitudine-93a-97b	urn:cts:greekLit:tlg0007.tlg073	tlg0007.tlg073
plutarchus.de-amore-prolis-493a-497e	urn:cts:greekLit:tlg0007.tlg098	tlg0007.tlg098
plutarchus.de-animae-procreatione-in-timaeo-1012b-1030c	urn:cts:greekLit:tlg0007.tlg134	tlg0007.tlg134
plutarchus.de-capienda-ex-inimicis-utilitate-86b-92f	urn:cts:greekLit:tlg0007.tlg072	tlg0007.tlg072
plutarchus.de-cohibenda-ira-452f-464d	urn:cts:greekLit:tlg0007.tlg095	tlg0007.tlg095
plutarchus.de-communibus-notitiis-adversus-stoicos-1058e-1086b	urn:cts:greekLit:tlg0007.tlg138	tlg0007.tlg138
plutarchus.de-cupiditate-divitiarum-523c-528b	urn:cts:greekLit:tlg0007.tlg103	tlg0007.tlg103
plutarchus.de-curiositate-515b-523b	urn:cts:greekLit:tlg0007.tlg102	tlg0007.tlg102
plutarchus.de-defectu-oraculorum-409e-438d	urn:cts:greekLit:tlg0007.tlg092	tlg0007.tlg092
plutarchus.de-e-apud-delphos-384d-394c	urn:cts:greekLit:tlg0007.tlg090	tlg0007.tlg090
plutarchus.de-esu-carnium-i-993a-996c	urn:cts:greekLit:tlg0007.tlg131	tlg0007.tlg131
plutarchus.de-esu-carnium-ii-996d-999b	urn:cts:greekLit:tlg0007.tlg132	tlg0007.tlg132
plutarchus.de-exilio-599a-607f	urn:cts:greekLit:tlg0007.tlg110	tlg0007.tlg110
plutarchus.de-facie-in-orbe-lunae-920b-945e	urn:cts:greekLit:tlg0007.tlg126	tlg0007.tlg126
plutarchus.de-fato-sp-568b-574f	urn:cts:greekLit:tlg0007.tlg108	tlg0007.tlg108
plutarchus.de-fortuna-97c-100a	urn:cts:greekLit:tlg0007.tlg074	tlg0007.tlg074
plutarchus.de-fortuna-romanorum-316c-326c	urn:cts:greekLit:tlg0007.tlg086	tlg0007.tlg086
plutarchus.de-fraterno-amore-478a-492d	urn:cts:greekLit:tlg0007.tlg097	tlg0007.tlg097
plutarchus.de-garrulitate-502b-515a	urn:cts:greekLit:tlg0007.tlg101	tlg0007.tlg101
plutarchus.de-genio-socratis-575a-598f	urn:cts:greekLit:tlg0007.tlg109	tlg0007.tlg109
plutarchus.de-gloria-atheniensium-345c-351b	urn:cts:greekLit:tlg0007.tlg088	tlg0007.tlg088
plutarchus.de-herodoti-malignitate-854e-874c	urn:cts:greekLit:tlg0007.tlg123	tlg0007.tlg123
plutarchus.de-invidia-et-odio-536e-538e	urn:cts:greekLit:tlg0007.tlg105	tlg0007.tlg105
plutarchus.de-iside-et-osiride-351c-384c	urn:cts:greekLit:tlg0007.tlg089	tlg0007.tlg089
plutarchus.de-latenter-vivendo-1128a-1130e	urn:cts:greekLit:tlg0007.tlg141	tlg0007.tlg141
plutarchus.de-laude-ipsius-539a-547f	urn:cts:greekLit:tlg0007.tlg106	tlg0007.tlg106
plutarchus.de-liberis-educandis-sp-1a-14c	urn:cts:greekLit:tlg0007.tlg067	tlg0007.tlg067
plutarchus.de-primo-frigido-945f-955c	urn:cts:greekLit:tlg0007.tlg127	tlg0007.tlg127
plutarchus.de-pythiae-oraculis-394d-409d	urn:cts:greekLit:tlg0007.tlg091	tlg0007.tlg091
plutarchus.de-recta-ratione-audiendi-37b-48d	urn:cts:greekLit:tlg0007.tlg069	tlg0007.tlg069
plutarchus.de-sera-numinis-vindicta-548a-568a	urn:cts:greekLit:tlg0007.tlg107	tlg0007.tlg107
plutarchus.de-sollertia-animalium-959a-985c	urn:cts:greekLit:tlg0007.tlg129	tlg0007.tlg129
plutarchus.de-stoicorum-repugnantiis-1033a-1057b	urn:cts:greekLit:tlg0007.tlg136	tlg0007.tlg136
plutarchus.de-superstitione-164e-171f	urn:cts:greekLit:tlg0007.tlg080	tlg0007.tlg080
plutarchus.de-tranquillitate-animi-464e-477f	urn:cts:greekLit:tlg0007.tlg096	tlg0007.tlg096
plutarchus.de-tuenda-sanitate-praecepta-122b-137e	urn:cts:greekLit:tlg0007.tlg077	tlg0007.tlg077
plutarchus.de-unius-in-republica-dominatione-populari-statu-et-paucorum	urn:cts:greekLit:tlg0007.tlg119	tlg0007.tlg119
plutarchus.de-virtute-et-vitio-100b-101e	urn:cts:greekLit:tlg0007.tlg075	tlg0007.tlg075
plutarchus.de-virtute-morali-440d-452d	urn:cts:greekLit:tlg0007.tlg094	tlg0007.tlg094
plutarchus.de-vitando-aere-alieno-827d-832a	urn:cts:greekLit:tlg0007.tlg120	tlg0007.tlg120
plutarchus.de-vitioso-pudore-528c-536d	urn:cts:greekLit:tlg0007.tlg104	tlg0007.tlg104
plutarchus.demetrius	urn:cts:greekLit:tlg0007.tlg057	tlg0007.tlg057
plutarchus.demosthenes	urn:cts:greekLit:tlg0007.tlg054	tlg0007.tlg054
plutarchus.dion	urn:cts:greekLit:tlg0007.tlg060	tlg0007.tlg060
plutarchus.eklogh-peri-tw-n-duna-twn	urn:cts:greekLit:tlg0007.tlg147	tlg0007.tlg147
plutarchus.epitome-libri-de-animae-procreatione-in-timaeo-1030d-1032f	urn:cts:greekLit:tlg0007.tlg135	tlg0007.tlg135
plutarchus.eumenes	urn:cts:greekLit:tlg0007.tlg041	tlg0007.tlg041
plutarchus.fabius-maximus	urn:cts:greekLit:tlg0007.tlg013	tlg0007.tlg013
plutarchus.galba	urn:cts:greekLit:tlg0007.tlg065	tlg0007.tlg065
plutarchus.instituta-laconica-236f-240b	urn:cts:greekLit:tlg0007.tlg082a	tlg0007.tlg082a
plutarchus.lacaenarum-apophthegmata-240c-242d	urn:cts:greekLit:tlg0007.tlg082b	tlg0007.tlg082b
plutarchus.lucullus	urn:cts:greekLit:tlg0007.tlg036	tlg0007.tlg036
plutarchus.lycurgus	urn:cts:greekLit:tlg0007.tlg004	tlg0007.tlg004
plutarchus.lysander	urn:cts:greekLit:tlg0007.tlg032	tlg0007.tlg032
plutarchus.marcellus	urn:cts:greekLit:tlg0007.tlg022	tlg0007.tlg022
plutarchus.marcius-coriolanus	urn:cts:greekLit:tlg0007.tlg016	tlg0007.tlg016
plutarchus.marius	urn:cts:greekLit:tlg0007.tlg031	tlg0007.tlg031
plutarchus.maxime-cum-principibus-philosopho-esse-disserendum-776a-779c	urn:cts:greekLit:tlg0007.tlg115	tlg0007.tlg115
plutarchus.mulierum-virtutes-242e-263c	urn:cts:greekLit:tlg0007.tlg083	tlg0007.tlg083
plutarchus.nicias	urn:cts:greekLit:tlg0007.tlg038	tlg0007.tlg038
plutarchus.non-posse-suaviter-vivi-secundum-epicurum-1086c-1107c	urn:cts:greekLit:tlg0007.tlg139	tlg0007.tlg139
plutarchus.numa	urn:cts:greekLit:tlg0007.tlg005	tlg0007.tlg005
plutarchus.otho	urn:cts:greekLit:tlg0007.tlg066	tlg0007.tlg066
plutarchus.parallela-minora-sp-305a-316b	urn:cts:greekLit:tlg0007.tlg085	tlg0007.tlg085
plutarchus.paroimi-ai-ai-s-alecandrei-s-e-xrw-nto	urn:cts:greekLit:tlg0007.tlg146	tlg0007.tlg146
plutarchus.pelopidas	urn:cts:greekLit:tlg0007.tlg021	tlg0007.tlg021
plutarchus.pericles	urn:cts:greekLit:tlg0007.tlg012	tlg0007.tlg012
plutarchus.philopoemen	urn:cts:greekLit:tlg0007.tlg027	tlg0007.tlg027
plutarchus.phocion	urn:cts:greekLit:tlg0007.tlg049	tlg0007.tlg049
plutarchus.platonicae-quaestiones-999c-1011e	urn:cts:greekLit:tlg0007.tlg133	tlg0007.tlg133
plutarchus.pompeius	urn:cts:greekLit:tlg0007.tlg045	tlg0007.tlg045
plutarchus.praecepta-gerendae-reipublicae-798a-825f	urn:cts:greekLit:tlg0007.tlg118	tlg0007.tlg118
plutarchus.publicola	urn:cts:greekLit:tlg0007.tlg008	tlg0007.tlg008
plutarchus.pyrrhus	urn:cts:greekLit:tlg0007.tlg030	tlg0007.tlg030
plutarchus.quaestiones-convivales-612c-748d	urn:cts:greekLit:tlg0007.tlg112	tlg0007.tlg112
plutarchus.quomodo-adolescens-poetas-audire-debeat-14d-37b	urn:cts:greekLit:tlg0007.tlg068	tlg0007.tlg068
plutarchus.quomodo-adulator-ab-amico-internoscatur-48e-74e	urn:cts:greekLit:tlg0007.tlg070	tlg0007.tlg070
plutarchus.quomodo-quis-suos-in-virtute-sentiat-profectus-75a-86a	urn:cts:greekLit:tlg0007.tlg071	tlg0007.tlg071
plutarchus.regum-et-imperatorum-apophthegmata-sp-172b-208a	urn:cts:greekLit:tlg0007.tlg081	tlg0007.tlg081
plutarchus.romulus	urn:cts:greekLit:tlg0007.tlg002	tlg0007.tlg002
plutarchus.seni-respublica-gerenda-sit-783b-797f	urn:cts:greekLit:tlg0007.tlg117	tlg0007.tlg117
plutarchus.septem-sapientium-convivium-146b-164d	urn:cts:greekLit:tlg0007.tlg079	tlg0007.tlg079
plutarchus.sertorius	urn:cts:greekLit:tlg0007.tlg042	tlg0007.tlg042
plutarchus.solon	urn:cts:greekLit:tlg0007.tlg007	tlg0007.tlg007
plutarchus.stoicos-absurdiora-poetis-dicere-1057c-1058e	urn:cts:greekLit:tlg0007.tlg137	tlg0007.tlg137
plutarchus.sulla	urn:cts:greekLit:tlg0007.tlg033	tlg0007.tlg033
plutarchus.themistocles	urn:cts:greekLit:tlg0007.tlg010	tlg0007.tlg010
plutarchus.theseus	urn:cts:greekLit:tlg0007.tlg001	tlg0007.tlg001
plutarchus.tiberius-et-gaius-gracchus	urn:cts:greekLit:tlg0007.tlg052	tlg0007.tlg052
plutarchus.timoleon	urn:cts:greekLit:tlg0007.tlg018	tlg0007.tlg018
plutarchus.titus-flamininus	urn:cts:greekLit:tlg0007.tlg028	tlg0007.tlg028
plutarchus.virtus-doceri-possit-439a-440c	urn:cts:greekLit:tlg0007.tlg093	tlg0007.tlg093
plutarchus.vitae-decem-oratorum-sp-832b-852e	urn:cts:greekLit:tlg0007.tlg121	tlg0007.tlg121
plutarchus.vitiositas-ad-infelicitatem-sufficiat-498a-500a	urn:cts:greekLit:tlg0007.tlg099	tlg0007.tlg099
polemo-iliensis.fragmenta	urn:cts:greekLit:tlg0586.tlg001	tlg0586.tlg001
poliochus.fragmenta	urn:cts:greekLit:tlg0498.tlg001	tlg0498.tlg001
polyaenus.excerpta-polyaeni	urn:cts:greekLit:tlg0616.tlg002	tlg0616.tlg002
polyaenus.strategemata	urn:cts:greekLit:tlg0616.tlg001	tlg0616.tlg001
polybius-history.historiae	urn:cts:greekLit:tlg0543.tlg001	tlg0543.tlg001
polycarpus.epistula-ad-philippenses	urn:cts:greekLit:tlg1622.tlg001	tlg1622.tlg001
polycharmus.fragmenta	urn:cts:greekLit:tlg1623.tlg001	tlg1623.tlg001
polyclitus.testimonia	urn:cts:greekLit:tlg1625.tlg001	tlg1625.tlg001
polycrates-history.fragmentum	urn:cts:greekLit:tlg1627.tlg002	tlg1627.tlg002
polycrates-scr-eccl.fragmentum-synodicae-epistulae	urn:cts:greekLit:tlg1626.tlg001	tlg1626.tlg001
polystratus.peri-lo-gou-katafronh-sews-p-herc-336-1150	urn:cts:greekLit:tlg1629.tlg001	tlg1629.tlg001
polyzelus.fragmenta	urn:cts:greekLit:tlg0499.tlg001	tlg0499.tlg001
pompeius-macer.fragmentum	urn:cts:greekLit:tlg0346.tlg001	tlg0346.tlg001
porphyrius-tyrius.fragmenta	urn:cts:greekLit:tlg2034.tlg025	tlg2034.tlg025
porphyrius.ad-marcellam	urn:cts:greekLit:tlg2034.tlg005	tlg2034.tlg005
porphyrius.chronica	urn:cts:greekLit:tlg2034.tlg010	tlg2034.tlg010
porphyrius.contra-christianos-fragmenta	urn:cts:greekLit:tlg2034.tlg023	tlg2034.tlg023
porphyrius.de-abstinentia	urn:cts:greekLit:tlg2034.tlg003	tlg2034.tlg003
porphyrius.de-antro-nympharum	urn:cts:greekLit:tlg2034.tlg004	tlg2034.tlg004
porphyrius.ei-s-ta-rmonika-ptolemai-ou-u-po-mnhma	urn:cts:greekLit:tlg2034.tlg021	tlg2034.tlg021
porphyrius.epistula-ad-anebonem	urn:cts:greekLit:tlg2034.tlg013	tlg2034.tlg013
porphyrius.historia-philosophiae-fragmenta	urn:cts:greekLit:tlg2034.tlg027	tlg2034.tlg027
porphyrius.in-aristotelis-categorias-expositio-per-interrogationem-et	urn:cts:greekLit:tlg2034.tlg007	tlg2034.tlg007
porphyrius.isagoge-sive-quinque-voces	urn:cts:greekLit:tlg2034.tlg006	tlg2034.tlg006
porphyrius.quaestionum-homericarum-ad-iliadem-pertinentium-reliquiae	urn:cts:greekLit:tlg2034.tlg014	tlg2034.tlg014
porphyrius.sententiae-ad-intelligibilia-ducentes	urn:cts:greekLit:tlg2034.tlg008	tlg2034.tlg008
porphyrius.vita-plotini	urn:cts:greekLit:tlg2034.tlg001	tlg2034.tlg001
porphyrius.vita-pythagorae	urn:cts:greekLit:tlg2034.tlg002	tlg2034.tlg002
porphyrius.zetemata-codicis-vaticani	urn:cts:greekLit:tlg2034.tlg015	tlg2034.tlg015
posidippus.fragmenta	urn:cts:greekLit:tlg0500.tlg001	tlg0500.tlg001
posidonius-olbiopolita.fragmenta	urn:cts:greekLit:tlg2187.tlg002	tlg2187.tlg002
posidonius.fragmenta	urn:cts:greekLit:tlg1052.tlg001	tlg1052.tlg001
possis-magnesius.fragmenta	urn:cts:greekLit:tlg2333.tlg003	tlg2333.tlg003
potamon.fragmenta	urn:cts:greekLit:tlg1949.tlg003	tlg1949.tlg003
pratinas.fragmenta	urn:cts:greekLit:tlg1833.tlg001	tlg1833.tlg001
praxagoras.fragmentum	urn:cts:greekLit:tlg2151.tlg002	tlg2151.tlg002
praxilla.fragmenta	urn:cts:greekLit:tlg0372.tlg001	tlg0372.tlg001
priscianus.metaphrasis-in-theophrastum	urn:cts:greekLit:tlg4014.tlg001	tlg4014.tlg001
priscus-history.fragmenta	urn:cts:greekLit:tlg2946.tlg002	tlg2946.tlg002
priscus-history.testimonia	urn:cts:greekLit:tlg2946.tlg001	tlg2946.tlg001
proclus.chrestomathia-dub-epitome	urn:cts:greekLit:tlg4036.tlg023	tlg4036.tlg023
proclus.in-platonis-rem-publicam-commentarii	urn:cts:greekLit:tlg4036.tlg001	tlg4036.tlg001
proclus.in-platonis-timaeum-commentaria	urn:cts:greekLit:tlg4036.tlg010	tlg4036.tlg010
proclus.institutio-physica	urn:cts:greekLit:tlg4036.tlg006	tlg4036.tlg006
proclus.institutio-theologica	urn:cts:greekLit:tlg4036.tlg005	tlg4036.tlg005
procopius-history.de-aedificiis-lib-1-6	urn:cts:greekLit:tlg4029.tlg003	tlg4029.tlg003
procopius-history.de-bellis	urn:cts:greekLit:tlg4029.tlg001	tlg4029.tlg001
procopius-history.historia-arcana-anecdota	urn:cts:greekLit:tlg4029.tlg002	tlg4029.tlg002
procopius-rhetoric.epistulae-1-166	urn:cts:greekLit:tlg2598.tlg005	tlg2598.tlg005
prodicus.fragmenta	urn:cts:greekLit:tlg1634.tlg002	tlg1634.tlg002
prodicus.testimonia	urn:cts:greekLit:tlg1634.tlg001	tlg1634.tlg001
promathidas-heracleota.fragmenta	urn:cts:greekLit:tlg2300.tlg004	tlg2300.tlg004
promathion.fragmenta	urn:cts:greekLit:tlg2548.tlg002	tlg2548.tlg002
protagoras.testimonia	urn:cts:greekLit:tlg1635.tlg001	tlg1635.tlg001
protagorides.fragmenta	urn:cts:greekLit:tlg1636.tlg001	tlg1636.tlg001
proxenus.fragmenta	urn:cts:greekLit:tlg1638.tlg001	tlg1638.tlg001
pseudo-apollodorus.bibliotheca-sub-nomine-apollodori	urn:cts:greekLit:tlg0548.tlg001	tlg0548.tlg001
pseudo-apollodorus.tlg0548-tlg002	urn:cts:greekLit:tlg0548.tlg002	tlg0548.tlg002
pseudo-archytas.fragmenta	urn:cts:greekLit:tlg1177.tlg001	tlg1177.tlg001
pseudo-codinus.de-annis-ab-orbe-condito	urn:cts:greekLit:tlg3168.tlg004	tlg3168.tlg004
pseudo-codinus.de-officiis-officia-palatii-constantinopoleos	urn:cts:greekLit:tlg3168.tlg001	tlg3168.tlg001
pseudo-codinus.patria-constantinopoleos	urn:cts:greekLit:tlg3168.tlg005	tlg3168.tlg005
pseudo-dioscorides.de-lapidibus	urn:cts:greekLit:tlg1118.tlg003	tlg1118.tlg003
pseudo-galenus.ad-gaurum-quomodo-animetur-fetus	urn:cts:greekLit:tlg0530.tlg006	tlg0530.tlg006
pseudo-galenus.animal-sit-quod-est-in-utero	urn:cts:greekLit:tlg0530.tlg002	tlg0530.tlg002
pseudo-galenus.de-affectuum-renibus-insidentium-dignotione-et-curatione-liber	urn:cts:greekLit:tlg0530.tlg045	tlg0530.tlg045
pseudo-galenus.de-fasciis-liber	urn:cts:greekLit:tlg0530.tlg005	tlg0530.tlg005
pseudo-galenus.de-historia-philosophica	urn:cts:greekLit:tlg0530.tlg042	tlg0530.tlg042
pseudo-galenus.de-humoribus-liber	urn:cts:greekLit:tlg0530.tlg009	tlg0530.tlg009
pseudo-galenus.de-optima-secta-ad-thrasybulum-liber	urn:cts:greekLit:tlg0530.tlg043	tlg0530.tlg043
pseudo-galenus.de-ponderibus-et-mensuris	urn:cts:greekLit:tlg0530.tlg022	tlg0530.tlg022
pseudo-galenus.de-pulsibus-ad-antonium-disciplinae-studiosum-ac-philosophum	urn:cts:greekLit:tlg0530.tlg026	tlg0530.tlg026
pseudo-galenus.de-remediis-parabilibus-libri-iii	urn:cts:greekLit:tlg0530.tlg029	tlg0530.tlg029
pseudo-galenus.de-succedaneis-liber	urn:cts:greekLit:tlg0530.tlg031	tlg0530.tlg031
pseudo-galenus.de-theriaca-ad-pamphilianum	urn:cts:greekLit:tlg0530.tlg032	tlg0530.tlg032
pseudo-galenus.de-urinis	urn:cts:greekLit:tlg0530.tlg033	tlg0530.tlg033
pseudo-galenus.de-urinis-compendium	urn:cts:greekLit:tlg0530.tlg034	tlg0530.tlg034
pseudo-galenus.de-urinis-ex-hippocrate-galeno-et-aliis-quibusdam	urn:cts:greekLit:tlg0530.tlg035	tlg0530.tlg035
pseudo-galenus.de-venae-sectione	urn:cts:greekLit:tlg0530.tlg036	tlg0530.tlg036
pseudo-galenus.de-victus-ratione-in-morbis-acutis-ex-hippocratis-sententia-liber	urn:cts:greekLit:tlg0530.tlg037	tlg0530.tlg037
pseudo-galenus.definitiones-medicae	urn:cts:greekLit:tlg0530.tlg041	tlg0530.tlg041
pseudo-galenus.introductio-seu-medicus	urn:cts:greekLit:tlg0530.tlg012	tlg0530.tlg012
pseudo-galenus.praesagitio-omnino-vera-expertaque	urn:cts:greekLit:tlg0530.tlg023	tlg0530.tlg023
pseudo-galenus.prognostica-de-decubitu-ex-mathematica-scientia	urn:cts:greekLit:tlg0530.tlg024	tlg0530.tlg024
pseudo-hippocrates.de-septimestri-partu	urn:cts:greekLit:tlg0751.tlg034	tlg0751.tlg034
pseudo-hippocrates.ermhnei-peri-e-nergw-n-li-qwn	urn:cts:greekLit:tlg0751.tlg005	tlg0751.tlg005
pseudo-justinus-martyr.cohortatio-ad-gentiles	urn:cts:greekLit:tlg0646.tlg002	tlg0646.tlg002
pseudo-justinus-martyr.confutatio-dogmatum-quorundam-aristotelicorum	urn:cts:greekLit:tlg0646.tlg008	tlg0646.tlg008
pseudo-justinus-martyr.de-monarchia	urn:cts:greekLit:tlg0646.tlg003	tlg0646.tlg003
pseudo-justinus-martyr.de-resurrectione	urn:cts:greekLit:tlg0646.tlg005	tlg0646.tlg005
pseudo-justinus-martyr.epistula-ad-diognetum	urn:cts:greekLit:tlg0646.tlg004	tlg0646.tlg004
pseudo-justinus-martyr.epistula-ad-zenam-et-serenum	urn:cts:greekLit:tlg0646.tlg007	tlg0646.tlg007
pseudo-justinus-martyr.expositio-rectae-fidei	urn:cts:greekLit:tlg0646.tlg006	tlg0646.tlg006
pseudo-justinus-martyr.fragmenta	urn:cts:greekLit:tlg0646.tlg012	tlg0646.tlg012
pseudo-justinus-martyr.oratio-ad-gentiles	urn:cts:greekLit:tlg0646.tlg001	tlg0646.tlg001
pseudo-justinus-martyr.quaestiones-christianorum-ad-gentiles	urn:cts:greekLit:tlg0646.tlg010	tlg0646.tlg010
pseudo-justinus-martyr.quaestiones-et-responsiones-ad-orthodoxos	urn:cts:greekLit:tlg0646.tlg009	tlg0646.tlg009
pseudo-justinus-martyr.quaestiones-gentilium-ad-christianos	urn:cts:greekLit:tlg0646.tlg011	tlg0646.tlg011
pseudo-lucianus.amores	urn:cts:greekLit:tlg0061.tlg002	tlg0061.tlg002
pseudo-lucianus.asinus	urn:cts:greekLit:tlg0061.tlg001	tlg0061.tlg001
pseudo-lucianus.charidemus	urn:cts:greekLit:tlg0061.tlg008	tlg0061.tlg008
pseudo-lucianus.cynicus	urn:cts:greekLit:tlg0061.tlg006	tlg0061.tlg006
pseudo-lucianus.demosthenis-encomium	urn:cts:greekLit:tlg0061.tlg003	tlg0061.tlg003
pseudo-lucianus.halcyon	urn:cts:greekLit:tlg0061.tlg004	tlg0061.tlg004
pseudo-lucianus.ocypus	urn:cts:greekLit:tlg0061.tlg005	tlg0061.tlg005
pseudo-lucianus.philopatris	urn:cts:greekLit:tlg0061.tlg007	tlg0061.tlg007
pseudo-plutarchus.de-fluviis	urn:cts:greekLit:tlg0094.tlg001	tlg0094.tlg001
pseudo-plutarchus.de-musica-1131b-1147a	urn:cts:greekLit:tlg0094.tlg002	tlg0094.tlg002
pseudo-plutarchus.placita-philosophorum-874d-911c	urn:cts:greekLit:tlg0094.tlg003	tlg0094.tlg003
pseudo-polemon.physiognomonica	urn:cts:greekLit:tlg2233.tlg001	tlg2233.tlg001
pseudo-polemon.physiognomonica-2	urn:cts:greekLit:tlg2233.tlg002	tlg2233.tlg002
pseudo-scymnus.ad-nicomedem-regem-vv-1-980-sub-titulo-orbis	urn:cts:greekLit:tlg0068.tlg001	tlg0068.tlg001
pseudo-symeon.chronographia-partim-edita-e-cod-paris-gr-1712	urn:cts:greekLit:tlg3182.tlg001	tlg3182.tlg001
pseudo-zonaras.lexicon	urn:cts:greekLit:tlg3136.tlg001	tlg3136.tlg001
ptolemaeus-grammar.ptolemaeus-gramm-valckenaer-ammonius	urn:cts:greekLit:tlg1643.tlg001	tlg1643.tlg001
ptolemaeus-viii-euergetes-ii.fragmenta	urn:cts:greekLit:tlg1645.tlg001	tlg1645.tlg001
ptolemaeus.fragmenta	urn:cts:greekLit:tlg1646.tlg001	tlg1646.tlg001
publius-aelius-phlegon.de-mirabilibus	urn:cts:greekLit:tlg0585.tlg001	tlg0585.tlg001
publius-herennius-dexippus.fragmenta	urn:cts:greekLit:tlg2141.tlg001	tlg2141.tlg001
publius-rutilius-rufus.fragmenta	urn:cts:greekLit:tlg2546.tlg003	tlg2546.tlg003
pyrgion.fragmenta	urn:cts:greekLit:tlg1648.tlg002	tlg1648.tlg002
pyrrhus-epirota.fragmenta	urn:cts:greekLit:tlg2160.tlg002	tlg2160.tlg002
pythaenetus.fragmenta	urn:cts:greekLit:tlg1649.tlg001	tlg1649.tlg001
pythagoras.fragmenta	urn:cts:greekLit:tlg0632.tlg002	tlg0632.tlg002
pythagoras.testimonia	urn:cts:greekLit:tlg0632.tlg006	tlg0632.tlg006
pythagoristae-d-k.testimonia-et-fragmenta	urn:cts:greekLit:tlg2239.tlg001	tlg2239.tlg001
pythermus-ephesius.fragmenta	urn:cts:greekLit:tlg1651.tlg002	tlg1651.tlg002
pythocles-samius.fragmenta	urn:cts:greekLit:tlg2560.tlg002	tlg2560.tlg002
quintus-fabius-pictor.fragmenta	urn:cts:greekLit:tlg2542.tlg003	tlg2542.tlg003
quintus.posthomerica	urn:cts:greekLit:tlg2046.tlg001	tlg2046.tlg001
rhianus.fragmenta	urn:cts:greekLit:tlg0219.tlg001	tlg0219.tlg001
rhinthon.fragmenta	urn:cts:greekLit:tlg1654.tlg001	tlg1654.tlg001
rufus-medicine.de-renum-et-vesicae-morbis	urn:cts:greekLit:tlg0564.tlg001	tlg0564.tlg001
rufus-soph.ars-rhetorica	urn:cts:greekLit:tlg0606.tlg001	tlg0606.tlg001
salaminius-hermias-sozomenus.historia-ecclesiastica	urn:cts:greekLit:tlg2048.tlg001	tlg2048.tlg001
sallustius.de-deis-et-mundo	urn:cts:greekLit:tlg2049.tlg001	tlg2049.tlg001
salmanas.me-qodos-di-h-s-potelei-tai-h-sfairoeidh-s-xa-laza	urn:cts:greekLit:tlg4340.tlg001	tlg4340.tlg001
sannyrion.fragmenta	urn:cts:greekLit:tlg0501.tlg001	tlg0501.tlg001
sappho.fragmenta	urn:cts:greekLit:tlg0009.tlg001	tlg0009.tlg001
satyrus-biography.fragmenta	urn:cts:greekLit:tlg0608.tlg002	tlg0608.tlg002
satyrus.vita-euripidis-p-oxy-9-1176	urn:cts:greekLit:tlg0608.tlg001	tlg0608.tlg001
scamon-mytilenaeus.fragmenta	urn:cts:greekLit:tlg2330.tlg003	tlg2330.tlg003
scholia-in-aelium-aristidem.scholia-in-aelium-aristidem-scholia-vetera	urn:cts:greekLit:tlg5008.tlg001	tlg5008.tlg001
scholia-in-aeschinem.scholia-in-aeschinem-scholia-vetera	urn:cts:greekLit:tlg5009.tlg001	tlg5009.tlg001
scholia-in-aeschylum.scholia-in-aeschylum-scholia-vetera	urn:cts:greekLit:tlg5010.tlg001	tlg5010.tlg001
scholia-in-apollonium-rhodium.scholia-in-apollonii-rhodii-argonautica-scholia-vetera	urn:cts:greekLit:tlg5012.tlg001	tlg5012.tlg001
scholia-in-aratum.scholia-in-aratum-scholia-vetera	urn:cts:greekLit:tlg5013.tlg001	tlg5013.tlg001
scholia-in-aristophanem.scholia-in-acharnenses-scholia-vetera-et-recentiora-triclinii	urn:cts:greekLit:tlg5014.tlg001	tlg5014.tlg001
scholia-in-callimachum.schol-callim-schneider	urn:cts:greekLit:tlg5016.tlg001	tlg5016.tlg001
scholia-in-demosthenem.scholia-demosthenem-dindorf-v8	urn:cts:greekLit:tlg5017.tlg001	tlg5017.tlg001
scholia-in-dionysium-periegetam.scholia-in-dionysii-periegetae-orbis-descriptionem-scholia-vetera	urn:cts:greekLit:tlg5019.tlg001	tlg5019.tlg001
scholia-in-dionysium-periegetam.scholia-in-dionysii-periegetae-orbis-descriptionem-scholia-vetera-2	urn:cts:greekLit:tlg5019.tlg002	tlg5019.tlg002
scholia-in-euclidem.scholia-in-euclidis-catoptrica-scholia-vetera	urn:cts:greekLit:tlg5022.tlg005	tlg5022.tlg005
scholia-in-euclidem.scholia-in-euclidis-data-et-catoptrica-scholia-vetera	urn:cts:greekLit:tlg5022.tlg007	tlg5022.tlg007
scholia-in-euclidem.scholia-in-euclidis-data-scholia-vetera	urn:cts:greekLit:tlg5022.tlg002	tlg5022.tlg002
scholia-in-euclidem.scholia-in-euclidis-optica-scholia-vetera	urn:cts:greekLit:tlg5022.tlg003	tlg5022.tlg003
scholia-in-euclidem.scholia-in-euclidis-phaenomena-scholia-vetera	urn:cts:greekLit:tlg5022.tlg006	tlg5022.tlg006
scholia-in-euclidem.scholia-in-opticorum-recensionem-theonis-scholia-vetera	urn:cts:greekLit:tlg5022.tlg004	tlg5022.tlg004
scholia-in-euripidem.scholia-in-euripidem-scholia-vetera	urn:cts:greekLit:tlg5023.tlg001	tlg5023.tlg001
scholia-in-euripidem.scholia-in-euripidis-hecubam-scholia-vetera-et-scholia-recentiora-thomae-magistri-triclinii-moschopuli-et-anonyma	urn:cts:greekLit:tlg5023.tlg014	tlg5023.tlg014
scholia-in-euripidem.scholia-in-euripidis-hippolytum	urn:cts:greekLit:tlg5023.tlg013	tlg5023.tlg013
scholia-in-euripidem.scholia-in-euripidis-orestem-scholia-vetera-et-scholia-recentiora-thomae-magistri-triclinii-moschopuli-et-anonyma	urn:cts:greekLit:tlg5023.tlg015	tlg5023.tlg015
scholia-in-euripidem.scholia-in-euripidis-phoenissas-scholia-vetera-et-scholia-recentiora-thomae-magistri-triclinii-moschopuli-et-anonyma	urn:cts:greekLit:tlg5023.tlg016	tlg5023.tlg016
scholia-in-euripidem.scholia-in-euripidis-rhesum	urn:cts:greekLit:tlg5023.tlg011	tlg5023.tlg011
scholia-in-euripidem.scholia-in-euripidis-troiades	urn:cts:greekLit:tlg5023.tlg012	tlg5023.tlg012
scholia-in-euripidem.vitae-euripidis	urn:cts:greekLit:tlg5023.tlg010	tlg5023.tlg010
scholia-in-hesiodum.scholia-in-opera-et-dies-scholia-vetera	urn:cts:greekLit:tlg5025.tlg001	tlg5025.tlg001
scholia-in-homerum.scholia-in-iliadem-scholia-vetera	urn:cts:greekLit:tlg5026.tlg001	tlg5026.tlg001
scholia-in-homerum.scholia-in-odysseam-scholia-vetera	urn:cts:greekLit:tlg5026.tlg007	tlg5026.tlg007
scholia-in-isocratem.scholia-in-isocratem-scholia-vetera	urn:cts:greekLit:tlg5028.tlg001	tlg5028.tlg001
scholia-in-lucianum.scholia-in-lucianum-scholia-vetera-et-recentiora-arethae	urn:cts:greekLit:tlg5029.tlg001	tlg5029.tlg001
scholia-in-lycophronem.scholia-in-lycophronem-scholia-vetera-et-recentiora-partim-isaac-et	urn:cts:greekLit:tlg5030.tlg001	tlg5030.tlg001
scholia-in-nicandrum.scholia-et-glossae-in-nicandri-alexipharmaca-scholia-vetera-et	urn:cts:greekLit:tlg5031.tlg002	tlg5031.tlg002
scholia-in-nicandrum.scholia-et-glossae-in-nicandri-theriaca-scholia-vetera-et	urn:cts:greekLit:tlg5031.tlg001	tlg5031.tlg001
scholia-in-oppianum.scholia-et-glossae-in-cynegetica-scholia-vetera-et-recentiora	urn:cts:greekLit:tlg5032.tlg001	tlg5032.tlg001
scholia-in-oppianum.scholia-et-glossae-in-halieutica-scholia-vetera-et-recentiora	urn:cts:greekLit:tlg5032.tlg002	tlg5032.tlg002
scholia-in-pindarum.scholia-in-pindarum-scholia-vetera	urn:cts:greekLit:tlg5034.tlg001	tlg5034.tlg001
scholia-in-platonem.scholia-in-platonem-scholia-vetera	urn:cts:greekLit:tlg5035.tlg001	tlg5035.tlg001
scholia-in-sophoclem.scholia-in-sophoclem-scholia-vetera	urn:cts:greekLit:tlg5037.tlg004	tlg5037.tlg004
scholia-in-sophoclem.scholia-in-sophoclis-ajacem-scholia-vetera	urn:cts:greekLit:tlg5037.tlg001	tlg5037.tlg001
scholia-in-theocritum.scholia-vetera-et-recentiora	urn:cts:greekLit:tlg5038.tlg001	tlg5038.tlg001
scholia-in-xenophontem.scholia-in-anabasin-cyri-scholia-vetera	urn:cts:greekLit:tlg5040.tlg001	tlg5040.tlg001
scylax.periplus-scylacis	urn:cts:greekLit:tlg0065.tlg001	tlg0065.tlg001
scylitzes-continuatus.continuatio-scylitzae	urn:cts:greekLit:tlg3064.tlg002	tlg3064.tlg002
scythinus-poet-phil.fragmenta	urn:cts:greekLit:tlg0259.tlg001	tlg0259.tlg001
scythinus-poet-phil.testimonia	urn:cts:greekLit:tlg0259.tlg002	tlg0259.tlg002
secundus-mullach-fpg1	urn:cts:greekLit:tlg0274.tlg001	tlg0274.tlg001
semonides.fragmenta	urn:cts:greekLit:tlg0260.tlg001	tlg0260.tlg001
semus-delius.fragmenta	urn:cts:greekLit:tlg1663.tlg003	tlg1663.tlg003
seniores-alexandrini.fragmenta	urn:cts:greekLit:tlg1664.tlg001	tlg1664.tlg001
seniores-apud-irenaeum.reliquiae-plurium-anonymorum	urn:cts:greekLit:tlg1665.tlg001	tlg1665.tlg001
septuaginta.abdias	urn:cts:greekLit:tlg0527.tlg040	tlg0527.tlg040
septuaginta.aggaeus	urn:cts:greekLit:tlg0527.tlg045	tlg0527.tlg045
septuaginta.amos	urn:cts:greekLit:tlg0527.tlg037	tlg0527.tlg037
septuaginta.baruch	urn:cts:greekLit:tlg0527.tlg050	tlg0527.tlg050
septuaginta.bel-et-draco-theodotionis-versio	urn:cts:greekLit:tlg0527.tlg059	tlg0527.tlg059
septuaginta.bel-et-draco-translatio-graeca	urn:cts:greekLit:tlg0527.tlg058	tlg0527.tlg058
septuaginta.canticum	urn:cts:greekLit:tlg0527.tlg031	tlg0527.tlg031
septuaginta.daniel-theodotionis-versio	urn:cts:greekLit:tlg0527.tlg057	tlg0527.tlg057
septuaginta.daniel-translatio-graeca	urn:cts:greekLit:tlg0527.tlg056	tlg0527.tlg056
septuaginta.deuteronomium	urn:cts:greekLit:tlg0527.tlg005	tlg0527.tlg005
septuaginta.ecclesiastes	urn:cts:greekLit:tlg0527.tlg030	tlg0527.tlg030
septuaginta.ecclesiasticus-sive-siracides-sapientia-jesu-filii	urn:cts:greekLit:tlg0527.tlg034	tlg0527.tlg034
septuaginta.epistula-jeremiae	urn:cts:greekLit:tlg0527.tlg052	tlg0527.tlg052
septuaginta.esdras-i-liber-apocryphus	urn:cts:greekLit:tlg0527.tlg017	tlg0527.tlg017
septuaginta.esdras-ii-ezra-et-nehemias-in-textu-masoretico	urn:cts:greekLit:tlg0527.tlg018	tlg0527.tlg018
septuaginta.esther	urn:cts:greekLit:tlg0527.tlg019	tlg0527.tlg019
septuaginta.exodus	urn:cts:greekLit:tlg0527.tlg002	tlg0527.tlg002
septuaginta.ezechiel	urn:cts:greekLit:tlg0527.tlg053	tlg0527.tlg053
septuaginta.genesis	urn:cts:greekLit:tlg0527.tlg001	tlg0527.tlg001
septuaginta.habacuc	urn:cts:greekLit:tlg0527.tlg043	tlg0527.tlg043
septuaginta.isaias	urn:cts:greekLit:tlg0527.tlg048	tlg0527.tlg048
septuaginta.jeremias	urn:cts:greekLit:tlg0527.tlg049	tlg0527.tlg049
septuaginta.job	urn:cts:greekLit:tlg0527.tlg032	tlg0527.tlg032
septuaginta.joel	urn:cts:greekLit:tlg0527.tlg039	tlg0527.tlg039
septuaginta.jonas	urn:cts:greekLit:tlg0527.tlg041	tlg0527.tlg041
septuaginta.josue-cod-vaticanus-cod-alexandrinus	urn:cts:greekLit:tlg0527.tlg006	tlg0527.tlg006
septuaginta.judices-cod-alexandrinus	urn:cts:greekLit:tlg0527.tlg008	tlg0527.tlg008
septuaginta.judith	urn:cts:greekLit:tlg0527.tlg020	tlg0527.tlg020
septuaginta.leviticus	urn:cts:greekLit:tlg0527.tlg003	tlg0527.tlg003
septuaginta.machabaeorum-i	urn:cts:greekLit:tlg0527.tlg023	tlg0527.tlg023
septuaginta.machabaeorum-ii	urn:cts:greekLit:tlg0527.tlg024	tlg0527.tlg024
septuaginta.machabaeorum-iii	urn:cts:greekLit:tlg0527.tlg025	tlg0527.tlg025
septuaginta.machabaeorum-iv	urn:cts:greekLit:tlg0527.tlg026	tlg0527.tlg026
septuaginta.malachias	urn:cts:greekLit:tlg0527.tlg047	tlg0527.tlg047
septuaginta.michaeas	urn:cts:greekLit:tlg0527.tlg038	tlg0527.tlg038
septuaginta.nahum	urn:cts:greekLit:tlg0527.tlg042	tlg0527.tlg042
septuaginta.numeri	urn:cts:greekLit:tlg0527.tlg004	tlg0527.tlg004
septuaginta.odae	urn:cts:greekLit:tlg0527.tlg028	tlg0527.tlg028
septuaginta.osee	urn:cts:greekLit:tlg0527.tlg036	tlg0527.tlg036
septuaginta.paralipomenon-i-sive-chronicon-i	urn:cts:greekLit:tlg0527.tlg015	tlg0527.tlg015
septuaginta.paralipomenon-ii-sive-chronicon-ii	urn:cts:greekLit:tlg0527.tlg016	tlg0527.tlg016
septuaginta.proverbia	urn:cts:greekLit:tlg0527.tlg029	tlg0527.tlg029
septuaginta.psalmi	urn:cts:greekLit:tlg0527.tlg027	tlg0527.tlg027
septuaginta.psalmi-salomonis	urn:cts:greekLit:tlg0527.tlg035	tlg0527.tlg035
septuaginta.regnorum-i-samuelis-i-in-textu-masoretico	urn:cts:greekLit:tlg0527.tlg011	tlg0527.tlg011
septuaginta.regnorum-ii-samuelis-ii-in-textu-masoretico	urn:cts:greekLit:tlg0527.tlg012	tlg0527.tlg012
septuaginta.regnorum-iii-regum-i-in-textu-masoretico	urn:cts:greekLit:tlg0527.tlg013	tlg0527.tlg013
septuaginta.regnorum-iv-regum-ii-in-textu-masoretico	urn:cts:greekLit:tlg0527.tlg014	tlg0527.tlg014
septuaginta.ruth	urn:cts:greekLit:tlg0527.tlg010	tlg0527.tlg010
septuaginta.sapientia-salomonis	urn:cts:greekLit:tlg0527.tlg033	tlg0527.tlg033
septuaginta.sophonias	urn:cts:greekLit:tlg0527.tlg044	tlg0527.tlg044
septuaginta.susanna-theodotionis-versio	urn:cts:greekLit:tlg0527.tlg055	tlg0527.tlg055
septuaginta.susanna-translatio-graeca	urn:cts:greekLit:tlg0527.tlg054	tlg0527.tlg054
septuaginta.threni-seu-lamentationes	urn:cts:greekLit:tlg0527.tlg051	tlg0527.tlg051
septuaginta.tobias-cod-vaticanus-cod-alexandrinus	urn:cts:greekLit:tlg0527.tlg021	tlg0527.tlg021
septuaginta.zacharias	urn:cts:greekLit:tlg0527.tlg046	tlg0527.tlg046
serapion-scr-eccl.fragmenta	urn:cts:greekLit:tlg1670.tlg001	tlg1670.tlg001
serapion.fragmenta	urn:cts:greekLit:tlg1669.tlg004	tlg1669.tlg004
serenus.de-sectione-cylindri	urn:cts:greekLit:tlg2055.tlg001	tlg2055.tlg001
severian-of-gabala.contra-iudaeos-in-serpentem-aeneum		pta:pta0001.pta023
severian-of-gabala.de-aduentu-domini-super-pullum		pta:pta0001.pta069
severian-of-gabala.de-apostolis		pta:pta0001.pta065
severian-of-gabala.de-centurione-et-contra-manichaeos-et-apolinaristas	urn:cts:greekLit:tlg4139.tlg053	tlg4139.tlg053
severian-of-gabala.de-christo-pastore-et-ove	urn:cts:greekLit:tlg4139.tlg002	tlg4139.tlg002
severian-of-gabala.de-cruce-et-latrone		pta:pta0001.pta054
severian-of-gabala.de-dogmate-baptismoque		pta:pta0001.pta064
severian-of-gabala.de-fide		pta:pta0001.pta022
severian-of-gabala.de-fide-et-lege-naturae	urn:cts:greekLit:tlg4139.tlg001	tlg4139.tlg001
severian-of-gabala.de-incarnatione		pta:pta0001.pta063
severian-of-gabala.de-paenitentia-et-compunctione		pta:pta0001.pta002
severian-of-gabala.de-pascha-deque-catharis		pta:pta0001.pta066
severian-of-gabala.de-sacrificiis-caini		pta:pta0001.pta024
severian-of-gabala.de-serpente-homilia	urn:cts:greekLit:tlg4139.tlg009	tlg4139.tlg009
severian-of-gabala.de-sigillis-sermo		pta:pta0001.pta025
severian-of-gabala.de-spiritu-sancto	urn:cts:greekLit:tlg4139.tlg010	tlg4139.tlg010
severian-of-gabala.encomium-in-sanctos-martyres		pta:pta0001.pta051
severian-of-gabala.fragmenta-in-epistulas-pauli		pta:pta0001.pta072
severian-of-gabala.homilia-de-legislatore	urn:cts:greekLit:tlg4139.tlg007	tlg4139.tlg007
severian-of-gabala.homilia-de-lotione-pedum		pta:pta0001.pta032
severian-of-gabala.homilia-de-nativitate		pta:pta0001.pta073
severian-of-gabala.homilia-de-noe-et-de-arca		pta:pta0001.pta043
severian-of-gabala.homilia-de-pace	urn:cts:greekLit:tlg4139.tlg018	tlg4139.tlg018
severian-of-gabala.homilia-de-quinque-aetatibus-mundi		pta:pta0001.pta033
severian-of-gabala.homilia-in-caecum-natum		pta:pta0001.pta035
severian-of-gabala.in-ascensionem-domini		pta:pta0001.pta053
severian-of-gabala.in-ascensionem-domini-nostri-iesu-christi-et-in-principium-actorum	urn:cts:greekLit:tlg4139.tlg089	tlg4139.tlg089
severian-of-gabala.in-chananaeam-et-pharaonem	urn:cts:greekLit:tlg4139.tlg013	tlg4139.tlg013
severian-of-gabala.in-cosmogoniam-homilia-1		pta:pta0001.pta057
severian-of-gabala.in-cosmogoniam-homilia-2		pta:pta0001.pta058
severian-of-gabala.in-cosmogoniam-homilia-3		pta:pta0001.pta059
severian-of-gabala.in-cosmogoniam-homilia-4		pta:pta0001.pta060
severian-of-gabala.in-cosmogoniam-homilia-5		pta:pta0001.pta061
severian-of-gabala.in-cosmogoniam-homilia-6		pta:pta0001.pta062
severian-of-gabala.in-dictum-apostoli-non-quod-volo-facio	urn:cts:greekLit:tlg4139.tlg014	tlg4139.tlg014
severian-of-gabala.in-filium-prodigum	urn:cts:greekLit:tlg4139.tlg006	tlg4139.tlg006
severian-of-gabala.in-genesim-sermo-2	urn:cts:greekLit:tlg4139.tlg005	tlg4139.tlg005
severian-of-gabala.in-illud-genimina-viperarum		pta:pta0001.pta042
severian-of-gabala.in-illud-in-principium-erat-verbum	urn:cts:greekLit:tlg4139.tlg016	tlg4139.tlg016
severian-of-gabala.in-illud-in-qua-potestate-haec-facis		pta:pta0001.pta009
severian-of-gabala.in-illud-libri-aperti-sunt		pta:pta0001.pta067
severian-of-gabala.in-illud-pater-transeat-a-me-calix-iste		pta:pta0001.pta031
severian-of-gabala.in-illud-pone-manum-tuam		pta:pta0001.pta014
severian-of-gabala.in-illud-quomodo-scit-litteras	urn:cts:greekLit:tlg4139.tlg012	tlg4139.tlg012
severian-of-gabala.in-illud-secundum-imaginem-et-similitudinem		pta:pta0001.pta038
severian-of-gabala.in-incarnationem-domini	urn:cts:greekLit:tlg4139.tlg020	tlg4139.tlg020
severian-of-gabala.in-iob-sermo-1		pta:pta0001.pta045
severian-of-gabala.in-iob-sermo-2		pta:pta0001.pta046
severian-of-gabala.in-iob-sermo-3		pta:pta0001.pta047
severian-of-gabala.in-iob-sermo-4		pta:pta0001.pta048
severian-of-gabala.in-iudaeos-et-graecos		pta:pta0001.pta037
severian-of-gabala.in-meretricem-et-pharisaeum		pta:pta0001.pta015
severian-of-gabala.in-noe-et-filios-eius-de-cherubim-et-in-propthetam-oseam		pta:pta0001.pta036
severian-of-gabala.in-postremum-iudicium		pta:pta0001.pta052
severian-of-gabala.in-pretiosam-et-vivificam-crucem		pta:pta0001.pta029
severian-of-gabala.in-proditionem-servatoris	urn:cts:greekLit:tlg4139.tlg015	tlg4139.tlg015
severian-of-gabala.in-psalmum-95	urn:cts:greekLit:tlg4139.tlg008	tlg4139.tlg008
severian-of-gabala.in-psalmum-96	urn:cts:greekLit:tlg4139.tlg003	tlg4139.tlg003
severian-of-gabala.in-sanctam-pentecosten		pta:pta0001.pta027
severian-of-gabala.in-sanctum-martyrem-acacium		pta:pta0001.pta068
severian-of-gabala.in-temptationem-domini-nostri-iesu-christi	urn:cts:greekLit:tlg4139.tlg088	tlg4139.tlg088
severian-of-gabala.in-theophaniam	urn:cts:greekLit:tlg4139.tlg017	tlg4139.tlg017
severian-of-gabala.oratio-de-exaltatione-crucis		pta:pta0001.pta055
severian-of-gabala.oratio-in-dedicationem-pretiosae-et-uiuificae-crucis		pta:pta0001.pta012
severian-of-gabala.quomodo-animam-acceperit-adamus	urn:cts:greekLit:tlg4139.tlg004	tlg4139.tlg004
severianus.de-caeco-et-zacchaeo-olim-sub-auctore-joanne-chrysostomo	urn:cts:greekLit:tlg4139.tlg081	tlg4139.tlg081
severianus.de-caeco-nato-olim-sub-auctore-joanne-chrysostomo	urn:cts:greekLit:tlg4139.tlg072	tlg4139.tlg072
severianus.de-tribus-pueris-olim-sub-auctore-joanne-chrysostomo	urn:cts:greekLit:tlg4139.tlg067	tlg4139.tlg067
severianus.in-genesim-sermo-1-olim-sub-auctore-joanne-chrysostomo	urn:cts:greekLit:tlg4139.tlg034	tlg4139.tlg034
severianus.in-illud-quando-ipsi-subiciet-omnia-olim-sub-auctore-joanne	urn:cts:greekLit:tlg4139.tlg087	tlg4139.tlg087
severus-philosophy.peri-yuxh-s-fragmentum	urn:cts:greekLit:tlg2970.tlg001	tlg2970.tlg001
sextus-empiricus.adversus-mathematicos	urn:cts:greekLit:tlg0544.tlg002	tlg0544.tlg002
sextus-empiricus.pyrrhoniae-hypotyposes	urn:cts:greekLit:tlg0544.tlg001	tlg0544.tlg001
silenus-history.fragmenta	urn:cts:greekLit:tlg1970.tlg003	tlg1970.tlg003
simias.fragmenta	urn:cts:greekLit:tlg0211.tlg001	tlg0211.tlg001
simonides-lyric.fragmenta-2	urn:cts:greekLit:tlg0261.tlg002	tlg0261.tlg002
simplicius.in-aristotelis-categorias-commentarium	urn:cts:greekLit:tlg4013.tlg003	tlg4013.tlg003
simplicius.in-aristotelis-libros-de-anima-commentaria-sp-fort-auctore	urn:cts:greekLit:tlg4013.tlg005	tlg4013.tlg005
simplicius.in-aristotelis-physicorum-libros-commentaria	urn:cts:greekLit:tlg4013.tlg004	tlg4013.tlg004
simplicius.in-aristotelis-quattuor-libros-de-caelo-commentaria	urn:cts:greekLit:tlg4013.tlg001	tlg4013.tlg001
simylus.fragmentum	urn:cts:greekLit:tlg0398.tlg001	tlg0398.tlg001
sminthes.titulus	urn:cts:greekLit:tlg2644.tlg001	tlg2644.tlg001
socrates-history.fragmenta	urn:cts:greekLit:tlg1678.tlg003	tlg1678.tlg003
socrates-rhodius.fragmenta	urn:cts:greekLit:tlg1679.tlg002	tlg1679.tlg002
socrates-rhodius.socrates-hist-fhg4	urn:cts:greekLit:tlg1679.tlg001	tlg1679.tlg001
socrates-scholasticus.historia-ecclesiastica-2	urn:cts:greekLit:tlg2057.tlg002	tlg2057.tlg002
socraticorum-epistulae.epistulae	urn:cts:greekLit:tlg0637.tlg001	tlg0637.tlg001
socratis-epistulae.epistulae	urn:cts:greekLit:tlg0636.tlg001	tlg0636.tlg001
solon.fragmenta	urn:cts:greekLit:tlg0263.tlg001	tlg0263.tlg001
solonis-epistulae.epistulae	urn:cts:greekLit:tlg1681.tlg001	tlg1681.tlg001
sopater-comedy.fragmenta	urn:cts:greekLit:tlg1682.tlg001	tlg1682.tlg001
sophaenetus-stymphalius.fragmenta	urn:cts:greekLit:tlg1683.tlg003	tlg1683.tlg003
sophilus.fragmenta	urn:cts:greekLit:tlg0502.tlg001	tlg0502.tlg001
sophocles.ajax	urn:cts:greekLit:tlg0011.tlg003	tlg0011.tlg003
sophocles.antigone	urn:cts:greekLit:tlg0011.tlg002	tlg0011.tlg002
sophocles.electra	urn:cts:greekLit:tlg0011.tlg005	tlg0011.tlg005
sophocles.fragmenta	urn:cts:greekLit:tlg0011.tlg008	tlg0011.tlg008
sophocles.oedipus-coloneus	urn:cts:greekLit:tlg0011.tlg007	tlg0011.tlg007
sophocles.oedipus-tyrannus	urn:cts:greekLit:tlg0011.tlg004	tlg0011.tlg004
sophocles.philoctetes	urn:cts:greekLit:tlg0011.tlg006	tlg0011.tlg006
sophocles.trachiniae	urn:cts:greekLit:tlg0011.tlg001	tlg0011.tlg001
sophonias.in-aristotelis-libros-de-anima-paraphrasis	urn:cts:greekLit:tlg4030.tlg001	tlg4030.tlg001
sophron.fragmenta	urn:cts:greekLit:tlg0524.tlg001	tlg0524.tlg001
soranus.de-fasciis	urn:cts:greekLit:tlg0565.tlg003	tlg0565.tlg003
soranus.de-signis-fracturarum	urn:cts:greekLit:tlg0565.tlg002	tlg0565.tlg002
soranus.gynaeciorum-libri-iv	urn:cts:greekLit:tlg0565.tlg001	tlg0565.tlg001
soranus.vita-hippocratis	urn:cts:greekLit:tlg0565.tlg004	tlg0565.tlg004
sosibius.fragmenta	urn:cts:greekLit:tlg1685.tlg001	tlg1685.tlg001
sosicrates-history.fragmenta	urn:cts:greekLit:tlg1687.tlg003	tlg1687.tlg003
sosicrates.fragmenta	urn:cts:greekLit:tlg0503.tlg001	tlg0503.tlg001
sosicrates.fragmenta-2	urn:cts:greekLit:tlg1687.tlg001	tlg1687.tlg001
sosipater.fragmentum	urn:cts:greekLit:tlg0504.tlg001	tlg0504.tlg001
sosiphanes.fragmenta	urn:cts:greekLit:tlg0338.tlg001	tlg0338.tlg001
sositheus.fragmenta	urn:cts:greekLit:tlg0340.tlg001	tlg0340.tlg001
sosthenes.fragmenta	urn:cts:greekLit:tlg2568.tlg002	tlg2568.tlg002
sostratus.fragmenta	urn:cts:greekLit:tlg1688.tlg001	tlg1688.tlg001
sosylus-bilabel-papyrus1922	urn:cts:greekLit:tlg1689.tlg001	tlg1689.tlg001
sotades-comedy.fragmenta	urn:cts:greekLit:tlg0505.tlg001	tlg0505.tlg001
speusippus.fragmenta	urn:cts:greekLit:tlg1692.tlg005	tlg1692.tlg005
sphaerus.fragmenta	urn:cts:greekLit:tlg1693.tlg001	tlg1693.tlg001
staphylus-naucratita.fragmenta	urn:cts:greekLit:tlg2182.tlg003	tlg2182.tlg003
stephanus-grammar.ethnica-epitome	urn:cts:greekLit:tlg4028.tlg001	tlg4028.tlg001
stephanus-philosophy.in-aristotelis-librum-de-interpretatione-commentarium	urn:cts:greekLit:tlg9019.tlg001	tlg9019.tlg001
stephanus.fragmentum	urn:cts:greekLit:tlg0506.tlg001	tlg0506.tlg001
stesiclides-atheniensis.fragmenta	urn:cts:greekLit:tlg2171.tlg002	tlg2171.tlg002
stesimbrotus.fragmenta	urn:cts:greekLit:tlg1923.tlg001	tlg1923.tlg001
strabo.fragmenta	urn:cts:greekLit:tlg0099.tlg003	tlg0099.tlg003
strabo.geographica	urn:cts:greekLit:tlg0099.tlg001	tlg0099.tlg001
strabo.strabonis-geographiae-chrestomathia-geographia-selections-chrestomathia	urn:cts:greekLit:tlg0099.tlg004	tlg0099.tlg004
straton-philosophy.fragmenta	urn:cts:greekLit:tlg1696.tlg001	tlg1696.tlg001
strattis.fragmenta	urn:cts:greekLit:tlg0508.tlg001	tlg0508.tlg001
suda.lexicon	urn:cts:greekLit:tlg9010.tlg001	tlg9010.tlg001
susarion.fragmentum	urn:cts:greekLit:tlg0264.tlg001	tlg0264.tlg001
symmachus.fragmenta	urn:cts:greekLit:tlg1769.tlg001	tlg1769.tlg001
synesius-philosophy.epistulae	urn:cts:greekLit:tlg2006.tlg001	tlg2006.tlg001
syntipas.narrationes-de-syntipa	urn:cts:greekLit:tlg3118.tlg002	tlg3118.tlg002
syntipas.tlg3118-tlg001	urn:cts:greekLit:tlg3118.tlg001	tlg3118.tlg001
syrianus.in-aristotelis-metaphysica-commentaria	urn:cts:greekLit:tlg4017.tlg001	tlg4017.tlg001
tatianus.oratio-ad-graecos	urn:cts:greekLit:tlg1766.tlg001	tlg1766.tlg001
teleclides.fragmenta	urn:cts:greekLit:tlg0510.tlg001	tlg0510.tlg001
telephus.fragmenta	urn:cts:greekLit:tlg1698.tlg003	tlg1698.tlg003
teles.peri-au-tarkei-as	urn:cts:greekLit:tlg1699.tlg002	tlg1699.tlg002
teles.peri-fugh-s	urn:cts:greekLit:tlg1699.tlg003	tlg1699.tlg003
teles.peri-paqei-as	urn:cts:greekLit:tlg1699.tlg008	tlg1699.tlg008
teles.peri-perista-sewn	urn:cts:greekLit:tlg1699.tlg007	tlg1699.tlg007
teles.peri-sugkri-sews-peni-as-kai-plou-tou-ap-stobaeum	urn:cts:greekLit:tlg1699.tlg004	tlg1699.tlg004
teles.peri-tou-dokei-n-kai-tou-ei-nai	urn:cts:greekLit:tlg1699.tlg001	tlg1699.tlg001
teles.peri-tou-mh-ei-nai-te-los-h-donh-n	urn:cts:greekLit:tlg1699.tlg006	tlg1699.tlg006
teles.tlg1699-tlg005	urn:cts:greekLit:tlg1699.tlg005	tlg1699.tlg005
telesilla.fragmenta	urn:cts:greekLit:tlg0369.tlg001	tlg0369.tlg001
telestes.fragmenta	urn:cts:greekLit:tlg0377.tlg001	tlg0377.tlg001
terpander.fragmenta-fort-auctore-terpandro	urn:cts:greekLit:tlg0299.tlg001	tlg0299.tlg001
testamentum-abrahae.testamentum-abrahae-recensio-b	urn:cts:greekLit:tlg1701.tlg002	tlg1701.tlg002
testamentum-abrahae.testamentum-abrahae-recensio-olim-partim-sub-auctore-hesychio	urn:cts:greekLit:tlg1701.tlg001	tlg1701.tlg001
teucer-cyzicenus.fragmenta	urn:cts:greekLit:tlg1704.tlg003	tlg1704.tlg003
thales.epistulae	urn:cts:greekLit:tlg1705.tlg001	tlg1705.tlg001
thales.fragmenta	urn:cts:greekLit:tlg1705.tlg003	tlg1705.tlg003
thales.testimonia	urn:cts:greekLit:tlg1705.tlg002	tlg1705.tlg002
thallus.fragmenta	urn:cts:greekLit:tlg1706.tlg003	tlg1706.tlg003
theagenes-macedo.fragmenta	urn:cts:greekLit:tlg1709.tlg003	tlg1709.tlg003
theagenes-philosophy.testimonia	urn:cts:greekLit:tlg2275.tlg001	tlg2275.tlg001
theages.fragmenta	urn:cts:greekLit:tlg1710.tlg001	tlg1710.tlg001
theano.fragmenta	urn:cts:greekLit:tlg0054.tlg001	tlg0054.tlg001
themison.fragmentum	urn:cts:greekLit:tlg1713.tlg002	tlg1713.tlg002
themistius.analyticorum-posteriorum-paraphrasis	urn:cts:greekLit:tlg2001.tlg038	tlg2001.tlg038
themistius.in-aristotelis-libros-de-anima-paraphrasis	urn:cts:greekLit:tlg2001.tlg040	tlg2001.tlg040
themistius.in-aristotelis-physica-paraphrasis	urn:cts:greekLit:tlg2001.tlg039	tlg2001.tlg039
themistius.peri-filanqrwpi-as-h-kwnsta-ntios	urn:cts:greekLit:tlg2001.tlg001	tlg2001.tlg001
themistius.quae-fertur-in-aristotelis-analyticorum-priorum-librum-i-paraphrasis	urn:cts:greekLit:tlg2001.tlg042	tlg2001.tlg042
themistius.sophoniae-in-parva-naturalia-commentarium	urn:cts:greekLit:tlg2001.tlg041	tlg2001.tlg041
themistoclis-epistulae.epistulae	urn:cts:greekLit:tlg0055.tlg001	tlg0055.tlg001
theocritus-bucolic.epigrammata	urn:cts:greekLit:tlg0005.tlg002	tlg0005.tlg002
theocritus-bucolic.idyllia	urn:cts:greekLit:tlg0005.tlg001	tlg0005.tlg001
theocritus-bucolic.syrinx	urn:cts:greekLit:tlg0005.tlg003	tlg0005.tlg003
theodectas.fragmenta	urn:cts:greekLit:tlg0329.tlg001	tlg0329.tlg001
theodoretus.commentaria-in-isaiam	urn:cts:greekLit:tlg4089.tlg008	tlg4089.tlg008
theodoretus.de-providentia-orationes-decem	urn:cts:greekLit:tlg4089.tlg032	tlg4089.tlg032
theodoretus.epistulae-collectio-sirmondiana-epistulae-1-95	urn:cts:greekLit:tlg4089.tlg006	tlg4089.tlg006
theodoretus.eranistes	urn:cts:greekLit:tlg4089.tlg002	tlg4089.tlg002
theodoretus.explanatio-in-canticum-canticorum	urn:cts:greekLit:tlg4089.tlg025	tlg4089.tlg025
theodoretus.graecarum-affectionum-curatio	urn:cts:greekLit:tlg4089.tlg001	tlg4089.tlg001
theodoretus.haereticarum-fabularum-compendium	urn:cts:greekLit:tlg4089.tlg031	tlg4089.tlg031
theodoretus.historia-ecclesiastica	urn:cts:greekLit:tlg4089.tlg003	tlg4089.tlg003
theodoretus.historia-religiosa-philotheus	urn:cts:greekLit:tlg4089.tlg004	tlg4089.tlg004
theodoretus.interpretatio-in-danielem	urn:cts:greekLit:tlg4089.tlg028	tlg4089.tlg028
theodoretus.interpretatio-in-ezechielem	urn:cts:greekLit:tlg4089.tlg027	tlg4089.tlg027
theodoretus.interpretatio-in-jeremiam	urn:cts:greekLit:tlg4089.tlg026	tlg4089.tlg026
theodoretus.interpretatio-in-psalmos	urn:cts:greekLit:tlg4089.tlg024	tlg4089.tlg024
theodoretus.interpretatio-in-xii-prophetas-minores	urn:cts:greekLit:tlg4089.tlg029	tlg4089.tlg029
theodoretus.interpretatio-in-xiv-epistulas-sancti-pauli	urn:cts:greekLit:tlg4089.tlg030	tlg4089.tlg030
theodoretus.libellus-contra-nestorium-ad-sporacium-sp	urn:cts:greekLit:tlg4089.tlg033	tlg4089.tlg033
theodoretus.quaestiones-in-libros-regnorum-et-paralipomenon	urn:cts:greekLit:tlg4089.tlg023	tlg4089.tlg023
theodoretus.quaestiones-in-octateuchum	urn:cts:greekLit:tlg4089.tlg022	tlg4089.tlg022
theodorus-mathematics.testimonia	urn:cts:greekLit:tlg2237.tlg001	tlg2237.tlg001
theodosius-astronomy.sphaerica	urn:cts:greekLit:tlg1719.tlg001	tlg1719.tlg001
theodosius.canones-isagogici-de-flexione-nominum	urn:cts:greekLit:tlg2020.tlg001	tlg2020.tlg001
theodosius.canones-isagogici-de-flexione-verborum	urn:cts:greekLit:tlg2020.tlg002	tlg2020.tlg002
theodotion.fragmenta	urn:cts:greekLit:tlg1770.tlg001	tlg1770.tlg001
theognetus.fragmenta	urn:cts:greekLit:tlg0511.tlg001	tlg0511.tlg001
theognis-elegy.elegiae	urn:cts:greekLit:tlg0002.tlg001	tlg0002.tlg001
theognis-history.fragmentum	urn:cts:greekLit:tlg2367.tlg002	tlg2367.tlg002
theognis-tragedy.fragmentum	urn:cts:greekLit:tlg0313.tlg001	tlg0313.tlg001
theognostus.canones-sive-de-orthographia	urn:cts:greekLit:tlg3128.tlg001	tlg3128.tlg001
theon-philosophy.de-utilitate-mathematicae	urn:cts:greekLit:tlg1724.tlg001	tlg1724.tlg001
theophanes-confessor.chronographia	urn:cts:greekLit:tlg4046.tlg001	tlg4046.tlg001
theophanes-continuatus.chronographia-lib-1-6	urn:cts:greekLit:tlg4153.tlg001	tlg4153.tlg001
theophanes.fragmenta	urn:cts:greekLit:tlg1981.tlg003	tlg1981.tlg003
theophilus-apologetics.ad-autolycum	urn:cts:greekLit:tlg1725.tlg001	tlg1725.tlg001
theophilus-comedy.fragmenta	urn:cts:greekLit:tlg0512.tlg001	tlg0512.tlg001
theophilus.fragmenta	urn:cts:greekLit:tlg2203.tlg002	tlg2203.tlg002
theophrastus-philosophy.characteres	urn:cts:greekLit:tlg0093.tlg009	tlg0093.tlg009
theophrastus-philosophy.de-causis-plantarum-lib-1	urn:cts:greekLit:tlg0093.tlg002	tlg0093.tlg002
theophrastus-philosophy.de-igne-fr-3-wimmer	urn:cts:greekLit:tlg0093.tlg005	tlg0093.tlg005
theophrastus-philosophy.de-lapidibus-fr-2-wimmer	urn:cts:greekLit:tlg0093.tlg004	tlg0093.tlg004
theophrastus-philosophy.de-sensu-et-sensibilibus-fr-1-wimmer	urn:cts:greekLit:tlg0093.tlg003	tlg0093.tlg003
theophrastus-philosophy.historia-plantarum	urn:cts:greekLit:tlg0093.tlg001	tlg0093.tlg001
theophrastus-philosophy.metaphysica-fr-12-wimmer	urn:cts:greekLit:tlg0093.tlg006	tlg0093.tlg006
theophylactus-simocatta.epistulae	urn:cts:greekLit:tlg3130.tlg001	tlg3130.tlg001
theophylactus-simocatta.historiae	urn:cts:greekLit:tlg3130.tlg003	tlg3130.tlg003
theopompus-comedy.fragmenta	urn:cts:greekLit:tlg0513.tlg001	tlg0513.tlg001
theopompus-history.testimonia	urn:cts:greekLit:tlg0566.tlg001	tlg0566.tlg001
theopompus.fragmenta	urn:cts:greekLit:tlg0566.tlg002	tlg0566.tlg002
theotimus.fragmenta	urn:cts:greekLit:tlg1727.tlg002	tlg1727.tlg002
theseus.fragmenta	urn:cts:greekLit:tlg1728.tlg003	tlg1728.tlg003
thespis.fragmenta	urn:cts:greekLit:tlg0301.tlg001	tlg0301.tlg001
thrasyllus.fragmenta	urn:cts:greekLit:tlg2428.tlg002	tlg2428.tlg002
thrasymachus.testimonia	urn:cts:greekLit:tlg1729.tlg001	tlg1729.tlg001
thucydides.historiae	urn:cts:greekLit:tlg0003.tlg001	tlg0003.tlg001
thugenides.fragmenta	urn:cts:greekLit:tlg0514.tlg001	tlg0514.tlg001
tiberius.de-figuris-demosthenicis	urn:cts:greekLit:tlg2601.tlg001	tlg2601.tlg001
timaeus-philosophy.fragmenta-et-titulus-sp	urn:cts:greekLit:tlg1734.tlg001	tlg1734.tlg001
timaeus-philosophy.testimonia	urn:cts:greekLit:tlg1734.tlg002	tlg1734.tlg002
timaeus-sophista.lexicon-platonicum	urn:cts:greekLit:tlg2602.tlg001	tlg2602.tlg001
timaeus.testimonia	urn:cts:greekLit:tlg1733.tlg001	tlg1733.tlg001
timagenes.fragmenta	urn:cts:greekLit:tlg1918.tlg003	tlg1918.tlg003
timagetus.fragmenta	urn:cts:greekLit:tlg4396.tlg001	tlg4396.tlg001
timagoras.fragmenta	urn:cts:greekLit:tlg2268.tlg002	tlg2268.tlg002
timocles-comedy.fragmenta	urn:cts:greekLit:tlg0515.tlg001	tlg0515.tlg001
timocreon.fragmenta	urn:cts:greekLit:tlg0265.tlg001	tlg0265.tlg001
timolaus.fragmenta	urn:cts:greekLit:tlg2533.tlg002	tlg2533.tlg002
timon.fragmenta-et-tituli	urn:cts:greekLit:tlg1735.tlg003	tlg1735.tlg003
timonax.fragmenta	urn:cts:greekLit:tlg1736.tlg002	tlg1736.tlg002
timonides.fragmenta	urn:cts:greekLit:tlg2386.tlg003	tlg2386.tlg003
timosthenes-ggm1	urn:cts:greekLit:tlg1002.tlg011	tlg1002.tlg011
timostratus.fragmenta	urn:cts:greekLit:tlg0516.tlg001	tlg0516.tlg001
timotheus-comedy.fragmenta	urn:cts:greekLit:tlg0517.tlg001	tlg0517.tlg001
timotheus-grammar.timotheus-gaza-haupt-opuscula	urn:cts:greekLit:tlg2449.tlg001	tlg2449.tlg001
timotheus-history.timotheus-defluviis-ggm2	urn:cts:greekLit:tlg2213.tlg001	tlg2213.tlg001
timotheus-lyric.fragmenta	urn:cts:greekLit:tlg0376.tlg001	tlg0376.tlg001
timotheus.fragmenta	urn:cts:greekLit:tlg2213.tlg002	tlg2213.tlg002
titanomachia.titanomachia-fragmenta	urn:cts:greekLit:tlg1737.tlg001	tlg1737.tlg001
tlg0129.fragmenta	urn:cts:greekLit:tlg0129.tlg001	tlg0129.tlg001
tlg1235.fragmenta	urn:cts:greekLit:tlg1235.tlg001	tlg1235.tlg001
tlg1598.fragmenta	urn:cts:greekLit:tlg1598.tlg001	tlg1598.tlg001
tlg2524.fragmenta	urn:cts:greekLit:tlg2524.tlg001	tlg2524.tlg001
tlg2637.fragmenta	urn:cts:greekLit:tlg2637.tlg001	tlg2637.tlg001
tragica-adespota.fragmenta	urn:cts:greekLit:tlg1738.tlg001	tlg1738.tlg001
triphiodorus.alwsis-ili-ou	urn:cts:greekLit:tlg0647.tlg001	tlg0647.tlg001
tryphon-i.peri-tro-pwn	urn:cts:greekLit:tlg0609.tlg001	tlg0609.tlg001
tryphon-ii.de-tropis-olim-sub-auctore-gregorio-corinthio	urn:cts:greekLit:tlg1763.tlg001	tlg1763.tlg001
tyrtaeus.fragmenta	urn:cts:greekLit:tlg0266.tlg001	tlg0266.tlg001
ulpianus.prolegomena-in-demosthenis-orationes-olynthiacas-et-philippicas	urn:cts:greekLit:tlg2604.tlg001	tlg2604.tlg001
uranius.fragmenta	urn:cts:greekLit:tlg2461.tlg001	tlg2461.tlg001
valerius-apsines.ars-rhetorica	urn:cts:greekLit:tlg2027.tlg001	tlg2027.tlg001
valerius-apsines.peri-tw-n-e-sxhmatisme-nwn-problhma-twn	urn:cts:greekLit:tlg2027.tlg002	tlg2027.tlg002
valerius-babrius.mythiambi-aesopici	urn:cts:greekLit:tlg0614.tlg001	tlg0614.tlg001
vettius-valens.anthologiarum-libri-ix	urn:cts:greekLit:tlg1764.tlg001	tlg1764.tlg001
vitae-aesopi.bibli-on-muqiko-n-tou-ai-sw-pou-ei-koni-zon-po-tw-n-lo-gwn	urn:cts:greekLit:tlg1765.tlg005	tlg1765.tlg005
vitae-aesopi.vita-fort-auctore-aphthonio	urn:cts:greekLit:tlg1765.tlg004	tlg1765.tlg004
vitae-aesopi.vita-pl-vel-accursiana-sub-auctore-maximo-planude-recensio-1	urn:cts:greekLit:tlg1765.tlg003	tlg1765.tlg003
vitae-hesiodi-particula.vitae-hesiodi-particula	urn:cts:greekLit:tlg1749.tlg001	tlg1749.tlg001
vitae-homeri.eustathii-vita-il-4-17	urn:cts:greekLit:tlg1805.tlg009	tlg1805.tlg009
vitae-homeri.plutarchi-vita	urn:cts:greekLit:tlg1805.tlg002	tlg1805.tlg002
vitae-homeri.sudae-vita	urn:cts:greekLit:tlg1805.tlg010	tlg1805.tlg010
vitae-homeri.tzetzae-vita-chil-13-626-665	urn:cts:greekLit:tlg1805.tlg008	tlg1805.tlg008
vitae-homeri.vita-herodotea	urn:cts:greekLit:tlg1805.tlg001	tlg1805.tlg001
vitae-homeri.vita-proculea-e-chrestomathia	urn:cts:greekLit:tlg1805.tlg003	tlg1805.tlg003
vitae-homeri.vita-quarta	urn:cts:greekLit:tlg1805.tlg004	tlg1805.tlg004
vitae-homeri.vita-quinta	urn:cts:greekLit:tlg1805.tlg005	tlg1805.tlg005
vitae-homeri.vita-septima-eustathii-vita-od-1713-17	urn:cts:greekLit:tlg1805.tlg007	tlg1805.tlg007
vitae-homeri.vita-sexta	urn:cts:greekLit:tlg1805.tlg006	tlg1805.tlg006
vitae-pindari-et-varia-de-pindaro.pentathlon-et-de-novem-lyricis	urn:cts:greekLit:tlg4170.tlg001d	tlg4170.tlg001d
vitae-pindari-et-varia-de-pindaro.vita-ambrosiana	urn:cts:greekLit:tlg4170.tlg001a	tlg4170.tlg001a
vitae-pindari-et-varia-de-pindaro.vita-metrica	urn:cts:greekLit:tlg4170.tlg001c	tlg4170.tlg001c
vitae-pindari-et-varia-de-pindaro.vita-thomana-et-hypothesis-olympiorum	urn:cts:greekLit:tlg4170.tlg001b	tlg4170.tlg001b
vitae-prophetarum.de-prophetarum-vita-et-obitu-dorothei-recensio	urn:cts:greekLit:tlg1750.tlg001	tlg1750.tlg001
vitae-prophetarum.de-prophetarum-vita-et-obitu-recensio-anonyma	urn:cts:greekLit:tlg1750.tlg002	tlg1750.tlg002
vitae-prophetarum.de-prophetarum-vita-et-obitu-recensio-scholiis-hesychii-aliorumque	urn:cts:greekLit:tlg1750.tlg003	tlg1750.tlg003
vitae-prophetarum.index-apostolorum-discipulorumque-domini-textus-pseudodorothei	urn:cts:greekLit:tlg1750.tlg004	tlg1750.tlg004
xanthus.fragmenta	urn:cts:greekLit:tlg1751.tlg004	tlg1751.tlg004
xenagoras.fragmenta	urn:cts:greekLit:tlg1752.tlg001	tlg1752.tlg001
xenarchus.fragmenta	urn:cts:greekLit:tlg0518.tlg001	tlg0518.tlg001
xeniades.testimonium	urn:cts:greekLit:tlg2355.tlg001	tlg2355.tlg001
xenion.fragmenta	urn:cts:greekLit:tlg1753.tlg002	tlg1753.tlg002
xenocles.fragmentum	urn:cts:greekLit:tlg0316.tlg001	tlg0316.tlg001
xenocrates.testimonia-doctrina-et-fragmenta	urn:cts:greekLit:tlg0634.tlg001	tlg0634.tlg001
xenomedes.fragmenta	urn:cts:greekLit:tlg2306.tlg003	tlg2306.tlg003
xenophanes.fragmenta	urn:cts:greekLit:tlg0267.tlg001	tlg0267.tlg001
xenophanes.fragmenta-silli-et-de-natura	urn:cts:greekLit:tlg0267.tlg002	tlg0267.tlg002
xenophanes.testimonia	urn:cts:greekLit:tlg0267.tlg005	tlg0267.tlg005
xenophilus.testimonia	urn:cts:greekLit:tlg2241.tlg001	tlg2241.tlg001
xenophon-history.agesilaus	urn:cts:greekLit:tlg0032.tlg009	tlg0032.tlg009
xenophon-history.anabasis	urn:cts:greekLit:tlg0032.tlg006	tlg0032.tlg006
xenophon-history.cynegeticus	urn:cts:greekLit:tlg0032.tlg014	tlg0032.tlg014
xenophon-history.cyropaedia	urn:cts:greekLit:tlg0032.tlg007	tlg0032.tlg007
xenophon-history.de-re-equestri	urn:cts:greekLit:tlg0032.tlg013	tlg0032.tlg013
xenophon-history.de-republica-lacedaemoniorum	urn:cts:greekLit:tlg0032.tlg010	tlg0032.tlg010
xenophon-history.de-vectigalibus	urn:cts:greekLit:tlg0032.tlg011	tlg0032.tlg011
xenophon-history.hellenica	urn:cts:greekLit:tlg0032.tlg001	tlg0032.tlg001
xenophon-history.hiero	urn:cts:greekLit:tlg0032.tlg008	tlg0032.tlg008
xenophon-history.hipparchicus	urn:cts:greekLit:tlg0032.tlg012	tlg0032.tlg012
xenophon-history.memorabilia	urn:cts:greekLit:tlg0032.tlg002	tlg0032.tlg002
xenophon-history.oeconomicus	urn:cts:greekLit:tlg0032.tlg003	tlg0032.tlg003
xenophon-history.symposium	urn:cts:greekLit:tlg0032.tlg004	tlg0032.tlg004
xenophon-history.tlg0032-tlg005	urn:cts:greekLit:tlg0032.tlg005	tlg0032.tlg005
xenophon-scr-erot.ephesiaca	urn:cts:greekLit:tlg0641.tlg001	tlg0641.tlg001
xuthus.testimonium	urn:cts:greekLit:tlg2229.tlg001	tlg2229.tlg001
zeno-citieus.testimonia-et-fragmenta	urn:cts:greekLit:tlg0635.tlg001	tlg0635.tlg001
zeno-philosophy.testimonia	urn:cts:greekLit:tlg0595.tlg001	tlg0595.tlg001
zeno-rhodius.fragmenta	urn:cts:greekLit:tlg2364.tlg003	tlg2364.tlg003
zeno-tarsensis.fragmenta	urn:cts:greekLit:tlg2294.tlg001	tlg2294.tlg001
zenobius-sophista.epitome-collectionum-lucilli-tarrhaei-et-didymi	urn:cts:greekLit:tlg0098.tlg001	tlg0098.tlg001
zonaeus-walz-rg8	urn:cts:greekLit:tlg4243.tlg001	tlg4243.tlg001
zosimus-alchemista.opera	urn:cts:greekLit:tlg2687.tlg001	tlg2687.tlg001
zosimus-history.historia-nova	urn:cts:greekLit:tlg4084.tlg001	tlg4084.tlg001
