tlg_id,work_id,author,title,word_count,pub_year,pd_status,first1kgreek,perseus,open_greek_source
tlg0001,001,APOLLONIUS RHODIUS,Argonautica,39090,1961,in_copyright,False,True,True
tlg0001,002,APOLLONIUS RHODIUS,Fragmenta,243,1925,pd_us,False,False,False
tlg0001,003,APOLLONIUS RHODIUS,Epigramma,16,,unknown,False,False,False
tlg0002,001,THEOGNIS,Elegiae,9928,1971,in_copyright,False,False,False
tlg0002,002,THEOGNIS,Fragmenta sedis incertae,50,1971,in_copyright,False,False,False
tlg0002,003,THEOGNIS,Fragmenta dubia,192,1971,in_copyright,False,False,False
tlg0002,004,THEOGNIS,Epigrammata,29,,unknown,False,False,False
tlg0003,001,THUCYDIDES,Historiae,153260,1942,in_copyright,False,True,True
tlg0003,002,THUCYDIDES,Epigramma,32,,unknown,False,False,False
tlg0004,001,DIOGENES LAERTIUS,Vitae philosophorum,114802,1964,in_copyright,False,True,True
tlg0004,002,DIOGENES LAERTIUS,Epigrammata,1120,,unknown,False,False,False
tlg0004,X01,DIOGENES LAERTIUS,Epigrammata (App. Anth.),,,unknown,False,False,False
tlg0005,001,THEOCRITUS,Idyllia,20502,1952,in_copyright,False,True,True
tlg0005,002,THEOCRITUS,Epigrammata,972,1952,in_copyright,False,True,True
tlg0005,003,THEOCRITUS,Syrinx,80,1952,in_copyright,True,False,True
tlg0005,004,THEOCRITUS,Fragmentum,42,1952,in_copyright,False,False,False
tlg0005,005,THEOCRITUS,Epigrammata,751,,unknown,False,False,False
tlg0006,020,EURIPIDES,Fragmenta,18087,1889,pd_us,True,False,True
tlg0006,021,EURIPIDES,Fragmenta papyracea,4950,1968,in_copyright,False,False,False
tlg0006,022,EURIPIDES,Epinicium in Alcibiadem (fragmenta),39,1962,in_copyright,False,False,False
tlg0006,023,EURIPIDES,Fragmenta Phaethontis,1328,1970,in_copyright,False,False,False
tlg0006,024,EURIPIDES,Fragmenta Antiopes,1507,1972,in_copyright,False,False,False
tlg0006,025,EURIPIDES,Fragmenta Alexandri,1366,1937,in_copyright,False,False,False
tlg0006,026,EURIPIDES,Fragmenta Hypsipyles,3016,1963,in_copyright,False,False,False
tlg0006,027,EURIPIDES,Fragmenta Phrixei (P. Oxy. 34.2685),137,1968,in_copyright,False,False,False
tlg0006,028,EURIPIDES,Fragmenta fabulae incertae,633,1937,in_copyright,False,False,False
tlg0006,029,EURIPIDES,Fragmenta,4858,1941,in_copyright,False,False,False
tlg0006,030,EURIPIDES,Fragmenta Oenei,77,1913,pd_us,False,False,False
tlg0006,031,EURIPIDES,Epigrammata,28,,unknown,False,False,False
tlg0006,032,EURIPIDES,Fragmenta Phaethontis incertae sedis,17,1970,in_copyright,False,False,False
tlg0006,033,EURIPIDES,Fragmenta,808,1964,in_copyright,False,False,False
tlg0006,034,EURIPIDES,Cyclops,4404,1984,in_copyright,False,False,False
tlg0006,035,EURIPIDES,Alcestis,7037,1984,in_copyright,False,False,False
tlg0006,036,EURIPIDES,Medea,,1984,in_copyright,False,False,False
tlg0006,037,EURIPIDES,Heraclidae,6581,1984,in_copyright,False,False,False
tlg0006,038,EURIPIDES,Hippolytus,8612,1984,in_copyright,False,False,False
tlg0006,039,EURIPIDES,Andromacha,7720,1984,in_copyright,False,False,False
tlg0006,040,EURIPIDES,Hecuba,7687,1984,in_copyright,False,False,False
tlg0006,041,EURIPIDES,Supplices,7455,1981,in_copyright,False,False,False
tlg0006,042,EURIPIDES,Electra,8209,1981,in_copyright,False,False,False
tlg0006,043,EURIPIDES,Hercules,8372,1981,in_copyright,False,False,False
tlg0006,044,EURIPIDES,Troiades,7566,1981,in_copyright,False,False,False
tlg0006,045,EURIPIDES,Iphigenia Taurica,8957,1981,in_copyright,False,False,False
tlg0006,046,EURIPIDES,Ion,10003,1981,in_copyright,False,False,False
tlg0006,047,EURIPIDES,Helena,10623,1994,in_copyright,False,False,False
tlg0006,048,EURIPIDES,Phoenisae,,1994,in_copyright,False,False,False
tlg0006,049,EURIPIDES,Orestes,10915,1994,in_copyright,False,False,False
tlg0006,050,EURIPIDES,Bacchae,,1994,in_copyright,False,False,False
tlg0006,051,EURIPIDES,Iphigenia Aulidensis,9995,1994,in_copyright,False,False,False
tlg0006,052,EURIPIDES,Rhesus,,1994,in_copyright,False,False,False
tlg0006,X01,EURIPIDES,Epigrammata (App. Anth.),,,unknown,False,False,False
tlg0007,001,PLUTARCHUS,Theseus,7972,1969,in_copyright,False,True,True
tlg0007,002,PLUTARCHUS,Romulus,9727,1969,in_copyright,False,True,True
tlg0007,003,PLUTARCHUS,Comparatio Thesei et Romuli,1206,1969,in_copyright,False,True,True
tlg0007,004,PLUTARCHUS,Lycurgus,9749,1914,pd_us,False,True,True
tlg0007,005,PLUTARCHUS,Numa,7773,1914,pd_us,False,True,True
tlg0007,006,PLUTARCHUS,Comparatio Lycurgi et Numae,1642,1914,pd_us,False,True,True
tlg0007,007,PLUTARCHUS,Solon,9051,1969,in_copyright,False,True,True
tlg0007,008,PLUTARCHUS,Publicola,6168,1969,in_copyright,False,True,True
tlg0007,009,PLUTARCHUS,Comparatio Solonis et Publicolae,999,1969,in_copyright,False,True,True
tlg0007,010,PLUTARCHUS,Themistocles,8453,1969,in_copyright,False,True,True
tlg0007,011,PLUTARCHUS,Camillus,11602,1969,in_copyright,False,True,True
tlg0007,012,PLUTARCHUS,Pericles,10584,1964,in_copyright,False,True,True
tlg0007,013,PLUTARCHUS,Fabius Maximus,8046,1964,in_copyright,False,True,True
tlg0007,014,PLUTARCHUS,Comparatio Periclis et Fabii Maximi,756,1964,in_copyright,False,True,True
tlg0007,015,PLUTARCHUS,Alcibiades,10624,1964,in_copyright,False,True,True
tlg0007,016,PLUTARCHUS,Marcius Coriolanus,9765,1964,in_copyright,False,True,True
tlg0007,017,PLUTARCHUS,Comparatio Alcibiadis et Marcii Coriolani,1129,1964,in_copyright,False,True,True
tlg0007,018,PLUTARCHUS,Timoleon,9148,1964,in_copyright,False,True,True
tlg0007,019,PLUTARCHUS,Aemilius Paullus,10177,1964,in_copyright,False,True,True
tlg0007,020,PLUTARCHUS,Comparatio Aemilii Paulli et Timoleontis,495,1964,in_copyright,False,True,True
tlg0007,021,PLUTARCHUS,Pelopidas,9850,1968,in_copyright,False,True,True
tlg0007,022,PLUTARCHUS,Marcellus,8830,1968,in_copyright,False,True,True
tlg0007,023,PLUTARCHUS,Comparatio Pelopidae et Marcelli,848,1968,in_copyright,False,True,True
tlg0007,024,PLUTARCHUS,Aristides,8606,1969,in_copyright,False,True,True
tlg0007,025,PLUTARCHUS,Cato Maior,8493,1969,in_copyright,False,True,True
tlg0007,026,PLUTARCHUS,Comparatio Aristidis et Catonis,1536,1969,in_copyright,False,True,True
tlg0007,027,PLUTARCHUS,Philopoemen,5997,1968,in_copyright,False,True,True
tlg0007,028,PLUTARCHUS,Titus Flamininus,6140,1968,in_copyright,False,True,True
tlg0007,029,PLUTARCHUS,Comparatio Philopoemenis et Titi Flaminini,576,1968,in_copyright,False,True,True
tlg0007,030,PLUTARCHUS,Pyrrhus,11321,1971,in_copyright,False,True,True
tlg0007,031,PLUTARCHUS,Marius,13323,1971,in_copyright,False,True,True
tlg0007,032,PLUTARCHUS,Lysander,8425,1916,pd_us,False,True,True
tlg0007,033,PLUTARCHUS,Sulla,11958,1916,pd_us,False,True,True
tlg0007,034,PLUTARCHUS,Comparatio Lysandri et Sullae,1270,1916,pd_us,False,True,True
tlg0007,035,PLUTARCHUS,Cimon,6271,1969,in_copyright,False,True,True
tlg0007,036,PLUTARCHUS,Lucullus,14069,1969,in_copyright,False,True,True
tlg0007,037,PLUTARCHUS,Comparatio Cimonis et Luculli,1037,1969,in_copyright,False,True,True
tlg0007,038,PLUTARCHUS,Nicias,9517,1964,in_copyright,False,True,True
tlg0007,039,PLUTARCHUS,Crassus,10692,1964,in_copyright,False,True,True
tlg0007,040,PLUTARCHUS,Comparatio Niciae et Crassi,1270,1964,in_copyright,False,True,True
tlg0007,041,PLUTARCHUS,Eumenes,5684,1964,in_copyright,False,True,True
tlg0007,042,PLUTARCHUS,Sertorius,6878,1964,in_copyright,False,True,True
tlg0007,043,PLUTARCHUS,Comparatio Eumenis et Sertorii,412,1964,in_copyright,False,True,True
tlg0007,044,PLUTARCHUS,Agesilaus,11137,1917,pd_us,False,True,True
tlg0007,045,PLUTARCHUS,Pompeius,20853,1917,pd_us,False,True,True
tlg0007,046,PLUTARCHUS,Comparatio Agesilai et Pompeii,1125,1917,pd_us,False,True,True
tlg0007,047,PLUTARCHUS,Alexander,20808,1968,in_copyright,False,True,True
tlg0007,048,PLUTARCHUS,Caesar,16522,1968,in_copyright,False,True,True
tlg0007,049,PLUTARCHUS,Phocion,8422,1964,in_copyright,False,True,True
tlg0007,050,PLUTARCHUS,Cato Minor,17099,1964,in_copyright,False,True,True
tlg0007,051,PLUTARCHUS,Agis et Cleomenes,13975,1971,in_copyright,False,True,True
tlg0007,052,PLUTARCHUS,Tiberius et Gaius Gracchus,9550,1971,in_copyright,False,True,True
tlg0007,053,PLUTARCHUS,Comparatio Agidis et Cleomenis cum Tiberio et Gaio Graccho,1005,1971,in_copyright,False,True,True
tlg0007,054,PLUTARCHUS,Demosthenes,7370,1964,in_copyright,False,True,True
tlg0007,055,PLUTARCHUS,Cicero,12578,1964,in_copyright,False,True,True
tlg0007,056,PLUTARCHUS,Comparatio Demosthenis et Ciceronis,1039,1964,in_copyright,False,True,True
tlg0007,057,PLUTARCHUS,Demetrius,12745,1971,in_copyright,False,True,True
tlg0007,058,PLUTARCHUS,Antonius,19144,1971,in_copyright,False,True,True
tlg0007,059,PLUTARCHUS,Comparatio Demetrii et Antonii,924,1971,in_copyright,False,True,True
tlg0007,060,PLUTARCHUS,Dion,12217,1964,in_copyright,False,True,True
tlg0007,061,PLUTARCHUS,Brutus,12354,1964,in_copyright,False,True,True
tlg0007,062,PLUTARCHUS,Comparatio Dionis et Bruti,963,1964,in_copyright,False,True,True
tlg0007,063,PLUTARCHUS,Aratus,12262,1971,in_copyright,False,True,True
tlg0007,064,PLUTARCHUS,Artaxerxes,7653,1971,in_copyright,False,True,True
tlg0007,065,PLUTARCHUS,Galba,6395,1926,pd_us,False,True,True
tlg0007,066,PLUTARCHUS,Otho,4295,1926,pd_us,False,True,True
tlg0007,067,PLUTARCHUS,De liberis educandis [Sp.] (1a%19`14c),6339,1927,pd_us,False,True,True
tlg0007,068,PLUTARCHUS,Quomodo adolescens poetas audire debeat (14d%19`37b),10493,1927,pd_us,False,True,True
tlg0007,069,PLUTARCHUS,De recta ratione audiendi (37b%19`48d),5299,1927,pd_us,False,True,True
tlg0007,070,PLUTARCHUS,Quomodo adulator ab amico internoscatur (48e%19`74e),12265,1927,pd_us,False,True,True
tlg0007,071,PLUTARCHUS,Quomodo quis suos in virtute sentiat profectus (75a%19`86a),5270,1927,pd_us,False,True,True
tlg0007,072,PLUTARCHUS,De capienda ex inimicis utilitate (86b%19`92f),3145,1928,pd_us,False,True,True
tlg0007,073,PLUTARCHUS,De amicorum multitudine (93a%19`97b),1905,1928,pd_us,False,True,True
tlg0007,074,PLUTARCHUS,De fortuna (97c%19`100a),1314,1928,pd_us,False,True,True
tlg0007,075,PLUTARCHUS,De virtute et vitio (100b%19`101e),695,1928,pd_us,False,True,True
tlg0007,076,PLUTARCHUS,Consolatio ad Apollonium [Sp.] (101f%19`122a),9580,1928,pd_us,False,True,True
tlg0007,077,PLUTARCHUS,De tuenda sanitate praecepta (122b%19`137e),7141,1928,pd_us,False,True,True
tlg0007,078,PLUTARCHUS,Conjugalia praecepta (138a%19`146a),3853,1928,pd_us,False,True,True
tlg0007,079,PLUTARCHUS,Septem sapientium convivium (146b%19`164d),8983,1928,pd_us,False,True,True
tlg0007,080,PLUTARCHUS,De superstitione (164e%19`171f),3469,1928,pd_us,False,True,True
tlg0007,081,PLUTARCHUS,Regum et imperatorum apophthegmata [Sp.?] (172b%19`208a),16811,1935,in_copyright,False,True,True
tlg0007,082,PLUTARCHUS,Apophthegmata Laconica [Sp.?] (208b%19`242d),17043,1935,in_copyright,False,True,True
tlg0007,083,PLUTARCHUS,Mulierum virtutes (242e%19`263c),9861,1935,in_copyright,False,True,True
tlg0007,084,PLUTARCHUS,Aetia Romana et Graeca (263d%19`304f),20354,1935,in_copyright,False,False,False
tlg0007,085,PLUTARCHUS,Parallela minora [Sp.] (305a%19`316b),5175,1935,in_copyright,False,True,True
tlg0007,086,PLUTARCHUS,De fortuna Romanorum (316c%19`326c),4981,1935,in_copyright,False,True,True
tlg0007,087,PLUTARCHUS,De Alexandri magni fortuna aut virtute (326d%19`345b),8721,1935,in_copyright,False,True,True
tlg0007,088,PLUTARCHUS,De gloria Atheniensium (345c%19`351b),2842,1935,in_copyright,False,True,True
tlg0007,089,PLUTARCHUS,De Iside et Osiride (351c%19`384c),16666,1935,in_copyright,False,True,True
tlg0007,090,PLUTARCHUS,De E apud Delphos (384d%19`394c),5116,1929,pd_us,False,True,True
tlg0007,091,PLUTARCHUS,De Pythiae oraculis (394d%19`409d),7521,1929,pd_us,False,True,True
tlg0007,092,PLUTARCHUS,De defectu oraculorum (409e%19`438d),14196,1929,pd_us,False,True,True
tlg0007,093,PLUTARCHUS,An virtus doceri possit (439a%19`440c),691,1929,pd_us,False,True,True
tlg0007,094,PLUTARCHUS,De virtute morali (440d%19`452d),6116,1929,pd_us,False,True,True
tlg0007,095,PLUTARCHUS,De cohibenda ira (452f%19`464d),5792,1929,pd_us,False,True,True
tlg0007,096,PLUTARCHUS,De tranquillitate animi (464e%19`477f),6469,1929,pd_us,False,True,True
tlg0007,097,PLUTARCHUS,De fraterno amore (478a%19`492d),6970,1929,pd_us,False,True,True
tlg0007,098,PLUTARCHUS,De amore prolis (493a%19`497e),2348,1929,pd_us,False,True,True
tlg0007,099,PLUTARCHUS,An vitiositas ad infelicitatem sufficiat (498a%19`500a),923,1929,pd_us,False,True,True
tlg0007,100,PLUTARCHUS,Animine an corporis affectiones sint peiores (500b%19`502a),910,1929,pd_us,False,True,True
tlg0007,101,PLUTARCHUS,De garrulitate (502b%19`515a),6250,1929,pd_us,False,True,True
tlg0007,102,PLUTARCHUS,De curiositate (515b%19`523b),3975,1929,pd_us,False,True,True
tlg0007,103,PLUTARCHUS,De cupiditate divitiarum (523c%19`528b),2361,1929,pd_us,False,True,True
tlg0007,104,PLUTARCHUS,De vitioso pudore (528c%19`536d),3861,1929,pd_us,False,True,True
tlg0007,105,PLUTARCHUS,De invidia et odio (536e%19`538e),1056,1929,pd_us,False,True,True
tlg0007,106,PLUTARCHUS,De laude ipsius (539a%19`547f),4281,1929,pd_us,False,True,True
tlg0007,107,PLUTARCHUS,De sera numinis vindicta (548a%19`568a),9781,1929,pd_us,False,True,True
tlg0007,108,PLUTARCHUS,De fato [Sp.] (568b%19`574f),3572,1929,pd_us,False,True,True
tlg0007,109,PLUTARCHUS,De genio Socratis (575a%19`598f),12039,1929,pd_us,False,True,True
tlg0007,110,PLUTARCHUS,De exilio (599a%19`607f),4375,1929,pd_us,False,True,True
tlg0007,111,PLUTARCHUS,Consolatio ad uxorem (608a%19`612b),2047,1929,pd_us,False,True,True
tlg0007,112,PLUTARCHUS,Quaestiones convivales (612c%19`748d),66199,1938,in_copyright,False,True,True
tlg0007,113,PLUTARCHUS,Amatorius (748e%19`771e),11677,1938,in_copyright,False,True,True
tlg0007,114,PLUTARCHUS,Amatoriae narrationes [Sp.] (771e%19`775e),1877,1938,in_copyright,False,True,True
tlg0007,115,PLUTARCHUS,Maxime cum principibus philosopho esse disserendum (776a%19`779c),1596,1936,in_copyright,False,True,True
tlg0007,116,PLUTARCHUS,Ad principem ineruditum (779d%19`782f),1649,1936,in_copyright,False,True,True
tlg0007,117,PLUTARCHUS,An seni respublica gerenda sit (783b%19`797f),6968,1936,in_copyright,False,True,True
tlg0007,118,PLUTARCHUS,Praecepta gerendae reipublicae (798a%19`825f),12890,1936,in_copyright,False,True,True
tlg0007,119,PLUTARCHUS,"De unius in republica dominatione, populari statu, et paucorum",582,1936,in_copyright,False,True,True
tlg0007,120,PLUTARCHUS,De vitando aere alieno (827d%19`832a),2087,1936,in_copyright,False,True,True
tlg0007,121,PLUTARCHUS,Vitae decem oratorum [Sp.] (832b%19`852e),9754,1971,in_copyright,False,True,True
tlg0007,122,PLUTARCHUS,Comparationis Aristophanis et Menandri compendium (853a%19`854d),763,1936,in_copyright,False,True,True
tlg0007,123,PLUTARCHUS,De Herodoti malignitate (854e%19`874c),9433,1965,in_copyright,False,True,True
tlg0007,125,PLUTARCHUS,Aetia physica (911c%19`919e),4437,1960,in_copyright,False,True,True
tlg0007,126,PLUTARCHUS,De facie in orbe lunae (920b%19`945e),13440,1960,in_copyright,False,True,True
tlg0007,127,PLUTARCHUS,De primo frigido (945f%19`955c),5278,1960,in_copyright,False,True,True
tlg0007,128,PLUTARCHUS,Aquane an ignis sit utilior [Sp.] (955d%19`958e),1718,1954,in_copyright,False,True,True
tlg0007,129,PLUTARCHUS,De sollertia animalium (959a%19`985c),13178,1954,in_copyright,False,True,True
tlg0007,130,PLUTARCHUS,Bruta animalia ratione uti (985d%19`992e),3610,1954,in_copyright,False,True,True
tlg0007,131,PLUTARCHUS,De esu carnium i (993a%19`996c),1690,1954,in_copyright,False,True,True
tlg0007,132,PLUTARCHUS,De esu carnium ii (996d%19`999b),1330,1954,in_copyright,False,True,True
tlg0007,133,PLUTARCHUS,Platonicae quaestiones (999c%19`1011e),6581,1954,in_copyright,False,True,True
tlg0007,134,PLUTARCHUS,De animae procreatione in Timaeo (1012b%19`1030c),9925,1954,in_copyright,False,True,True
tlg0007,135,PLUTARCHUS,Epitome libri de animae procreatione in Timaeo (1030d%19`1032f),,1954,in_copyright,False,True,True
tlg0007,136,PLUTARCHUS,De Stoicorum repugnantiis (1033a%19`1057b),12602,1959,in_copyright,False,True,True
tlg0007,137,PLUTARCHUS,Stoicos absurdiora poetis dicere (1057c%19`1058e),540,1959,in_copyright,False,True,True
tlg0007,138,PLUTARCHUS,De communibus notitiis adversus Stoicos (1058e%19`1086b),14372,1959,in_copyright,False,True,True
tlg0007,139,PLUTARCHUS,Non posse suaviter vivi secundum Epicurum (1086c%19`1107c),10278,1959,in_copyright,False,True,True
tlg0007,140,PLUTARCHUS,Adversus Colotem (1107d%19`1127e),10441,1959,in_copyright,False,True,True
tlg0007,141,PLUTARCHUS,De latenter vivendo (1128a%19`1130e),1325,1959,in_copyright,False,True,True
tlg0007,143,PLUTARCHUS,De libidine et aegritudine,1727,1966,in_copyright,False,False,False
tlg0007,144,PLUTARCHUS,Parsne an facultas animi sit vita passiva,1139,1966,in_copyright,False,False,False
tlg0007,145,PLUTARCHUS,Fragmenta,23639,1967,in_copyright,False,False,False
tlg0007,146,PLUTARCHUS,*PAROIMI/AI AI(=S *)ALECANDREI=S E)XRW=NTO,2807,1839,pd_us,True,False,True
tlg0007,147,PLUTARCHUS,*)EKLOGH\ PERI\ TW=N A)DUNA/TWN,172,1839,pd_us,True,False,True
tlg0007,148,PLUTARCHUS,Fragmenta,507,,unknown,False,False,False
tlg0007,149,PLUTARCHUS,De proverbiis Alexandrinorum [Sp.],2395,1887,pd_us,False,False,False
tlg0008,001,ATHENAEUS,Deipnosophistae,288522,1887,pd_us,False,True,True
tlg0008,002,ATHENAEUS,Fragmentum,246,,unknown,False,False,False
tlg0008,003,ATHENAEUS,Deipnosophistae (epitome),130340,1937,in_copyright,False,False,False
tlg0009,001,SAPPHO,Fragmenta,5740,1955,in_copyright,False,False,False
tlg0009,002,SAPPHO,Epigrammata,71,,unknown,False,False,False
tlg0009,003,SAPPHO,Fragmenta,236,1974,in_copyright,False,False,False
tlg0009,004,SAPPHO,Fragmentis addenda,111,1955,in_copyright,False,False,False
tlg0010,001,ISOCRATES,In Euthynum (orat. 21),1138,1929,pd_us,False,True,True
tlg0010,002,ISOCRATES,In Callimachum (orat. 18),3698,1929,pd_us,False,True,True
tlg0010,003,ISOCRATES,In Lochitem (orat. 20),1151,1929,pd_us,False,True,True
tlg0010,004,ISOCRATES,De bigis (orat. 16),3017,1929,pd_us,False,True,True
tlg0010,005,ISOCRATES,Trapeziticus (orat. 17),3476,1929,pd_us,False,True,True
tlg0010,006,ISOCRATES,Aegineticus (orat. 19),3036,1929,pd_us,False,True,True
tlg0010,007,ISOCRATES,Ad Demonicum (orat. 1),3000,1929,pd_us,False,True,True
tlg0010,008,ISOCRATES,In sophistas (orat. 13),1382,1929,pd_us,False,True,True
tlg0010,009,ISOCRATES,Helenae encomium (orat. 10),3893,1929,pd_us,False,True,True
tlg0010,010,ISOCRATES,Busiris (orat. 11),2833,1929,pd_us,False,True,True
tlg0010,011,ISOCRATES,Panegyricus (orat. 4),11249,1938,in_copyright,False,True,True
tlg0010,012,ISOCRATES,Plataicus (orat. 14),3353,1938,in_copyright,False,True,True
tlg0010,013,ISOCRATES,Ad Nicoclem (orat. 2),3119,1938,in_copyright,False,True,True
tlg0010,014,ISOCRATES,Nicocles (orat. 3),3908,1938,in_copyright,False,True,True
tlg0010,015,ISOCRATES,Evagoras (orat. 9),4820,1938,in_copyright,False,True,True
tlg0010,016,ISOCRATES,Archidamus (orat. 6),6412,1938,in_copyright,False,True,True
tlg0010,017,ISOCRATES,De pace (orat. 8),8278,1942,in_copyright,False,True,True
tlg0010,018,ISOCRATES,Areopagiticus (orat. 7),4743,1942,in_copyright,False,True,True
tlg0010,019,ISOCRATES,Antidosis (orat. 15),18731,1942,in_copyright,False,True,True
tlg0010,020,ISOCRATES,Philippus (orat. 5),9031,1962,in_copyright,False,True,True
tlg0010,021,ISOCRATES,Panathenaicus (orat. 12),16409,1962,in_copyright,False,True,True
tlg0010,022,ISOCRATES,Ad Dionysium (epist. 1),633,1962,in_copyright,False,True,True
tlg0010,023,ISOCRATES,Ad filios Jasonis (epist. 6),920,1962,in_copyright,False,True,True
tlg0010,024,ISOCRATES,Ad Archidamum (epist. 9),1179,1962,in_copyright,False,True,True
tlg0010,025,ISOCRATES,Ad reges Mytilenaeos (epist. 8),683,1962,in_copyright,False,True,True
tlg0010,026,ISOCRATES,Ad Timotheum (epist. 7),805,1962,in_copyright,False,True,True
tlg0010,027,ISOCRATES,Ad Philippum (epist. 2),1321,1962,in_copyright,False,True,True
tlg0010,028,ISOCRATES,Ad Alexandrum (epist. 5),296,1962,in_copyright,False,True,True
tlg0010,029,ISOCRATES,Ad Antipatrum (epist. 4),860,1962,in_copyright,False,True,True
tlg0010,030,ISOCRATES,Ad Philippum (epist. 3),432,1962,in_copyright,False,True,True
tlg0010,031,ISOCRATES,Fragmenta,1408,1962,in_copyright,False,False,False
tlg0011,001,SOPHOCLES,Trachiniae,7679,1955,in_copyright,False,True,True
tlg0011,002,SOPHOCLES,Antigone,7824,1955,in_copyright,False,True,True
tlg0011,003,SOPHOCLES,Ajax,8332,1958,in_copyright,True,True,True
tlg0011,004,SOPHOCLES,Oedipus tyrannus,9903,1958,in_copyright,False,True,True
tlg0011,005,SOPHOCLES,Electra,9318,1958,in_copyright,False,True,True
tlg0011,006,SOPHOCLES,Philoctetes,9379,1960,in_copyright,False,True,True
tlg0011,007,SOPHOCLES,Oedipus Coloneus,11184,1960,in_copyright,False,True,True
tlg0011,008,SOPHOCLES,Fragmenta,16027,1977,in_copyright,False,True,True
tlg0011,009,SOPHOCLES,Fragmenta,46,1972,in_copyright,False,False,False
tlg0011,010,SOPHOCLES,Fragmenta,52,1962,in_copyright,False,False,False
tlg0011,X01,SOPHOCLES,Epigrammata (App. Anth.),,,unknown,False,False,False
tlg0012,001,HOMERUS,Ilias,115477,1931,in_copyright,False,True,True
tlg0012,002,HOMERUS,Odyssea,87765,1962,in_copyright,False,True,True
tlg0012,003,HOMERUS,Epigrammata,59,,unknown,False,True,True
tlg0012,X01,HOMERUS,Epigramma dedicatorium,,,unknown,False,False,False
tlg0013,001,HYMNI HOMERICI,Fragmenta hymni in Bacchum,149,1936,in_copyright,False,True,True
tlg0013,002,HYMNI HOMERICI,In Cererem,3401,1936,in_copyright,False,True,True
tlg0013,003,HYMNI HOMERICI,In Apollinem (fort. auctore Cynaetho Chio),3842,1936,in_copyright,False,True,True
tlg0013,004,HYMNI HOMERICI,In Mercurium,4030,1936,in_copyright,False,True,True
tlg0013,005,HYMNI HOMERICI,In Venerem,2067,1936,in_copyright,False,True,True
tlg0013,006,HYMNI HOMERICI,In Venerem,135,1936,in_copyright,False,True,True
tlg0013,007,HYMNI HOMERICI,In Bacchum,429,1936,in_copyright,False,True,True
tlg0013,008,HYMNI HOMERICI,In Martem,104,1936,in_copyright,False,True,True
tlg0013,009,HYMNI HOMERICI,In Dianam,60,1936,in_copyright,False,True,True
tlg0013,010,HYMNI HOMERICI,In Venerem,42,1936,in_copyright,False,True,True
tlg0013,011,HYMNI HOMERICI,In Minervam,38,1936,in_copyright,False,True,True
tlg0013,012,HYMNI HOMERICI,In Junonem,30,1936,in_copyright,False,True,True
tlg0013,013,HYMNI HOMERICI,In Cererem,22,1936,in_copyright,False,True,True
tlg0013,014,HYMNI HOMERICI,In matrem deorum,50,1936,in_copyright,False,True,True
tlg0013,015,HYMNI HOMERICI,In Herculem,64,1936,in_copyright,False,True,True
tlg0013,016,HYMNI HOMERICI,In Aesculapium,35,1936,in_copyright,False,True,True
tlg0013,017,HYMNI HOMERICI,In Dioscuros,30,1936,in_copyright,False,True,True
tlg0013,018,HYMNI HOMERICI,In Mercurium,77,1936,in_copyright,False,True,True
tlg0013,019,HYMNI HOMERICI,In Pana,342,1936,in_copyright,False,True,True
tlg0013,020,HYMNI HOMERICI,In Volcanum,54,1936,in_copyright,False,True,True
tlg0013,021,HYMNI HOMERICI,In Apollinem,40,1936,in_copyright,False,True,True
tlg0013,022,HYMNI HOMERICI,In Neptunum,45,1936,in_copyright,False,True,True
tlg0013,023,HYMNI HOMERICI,In Jovem,25,1936,in_copyright,False,True,True
tlg0013,024,HYMNI HOMERICI,In Vestam,36,1936,in_copyright,False,True,True
tlg0013,025,HYMNI HOMERICI,In Musas et Apollinem,55,1936,in_copyright,False,True,True
tlg0013,026,HYMNI HOMERICI,In Bacchum,93,1936,in_copyright,False,True,True
tlg0013,027,HYMNI HOMERICI,In Dianam,133,1936,in_copyright,False,True,True
tlg0013,028,HYMNI HOMERICI,In Minervam,114,1936,in_copyright,False,True,True
tlg0013,029,HYMNI HOMERICI,In Vestam,100,1936,in_copyright,False,True,True
tlg0013,030,HYMNI HOMERICI,In Tellurem matrem omnium,137,1936,in_copyright,False,True,True
tlg0013,031,HYMNI HOMERICI,In Solem,128,1936,in_copyright,False,True,True
tlg0013,032,HYMNI HOMERICI,In Lunam,126,1936,in_copyright,False,True,True
tlg0013,033,HYMNI HOMERICI,In Dioscuros,119,1936,in_copyright,False,True,True
tlg0013,034,HYMNI HOMERICI,*EI)S CE/NOUS,31,1936,in_copyright,False,False,False
tlg0014,001,DEMOSTHENES,Olynthiaca 1,1858,1903,pd_us,False,True,True
tlg0014,002,DEMOSTHENES,Olynthiaca 2,2085,1903,pd_us,False,True,True
tlg0014,003,DEMOSTHENES,Olynthiaca 3,2407,1903,pd_us,False,True,True
tlg0014,004,DEMOSTHENES,Philippica 1,3338,1903,pd_us,False,True,True
tlg0014,005,DEMOSTHENES,De pace,1488,1903,pd_us,False,True,True
tlg0014,006,DEMOSTHENES,Philippica 2,2039,1903,pd_us,False,True,True
tlg0014,007,DEMOSTHENES,De Halonneso,2494,1903,pd_us,False,True,True
tlg0014,008,DEMOSTHENES,De Chersoneso,4291,1903,pd_us,False,True,True
tlg0014,009,DEMOSTHENES,Philippica 3,4396,1903,pd_us,False,True,True
tlg0014,010,DEMOSTHENES,Philippica 4 [Sp.],4535,1903,pd_us,False,True,True
tlg0014,011,DEMOSTHENES,In epistulam Philippi [Sp.],1324,1903,pd_us,False,True,True
tlg0014,012,DEMOSTHENES,[Philippi] epistula,1456,1903,pd_us,False,True,True
tlg0014,013,DEMOSTHENES,*PERI\ SUNTA/CEWS [Sp.],2370,1903,pd_us,False,True,True
tlg0014,014,DEMOSTHENES,*PERI\ TW=N SUMMORIW=N,2640,1903,pd_us,False,True,True
tlg0014,015,DEMOSTHENES,De Rhodiorum libertate,2248,1903,pd_us,False,True,True
tlg0014,016,DEMOSTHENES,Pro Megalopolitanis,1900,1903,pd_us,False,True,True
tlg0014,017,DEMOSTHENES,*PERI\ TW=N PRO\S *)ALE/CANDRON SUNQHKW=N [Sp.],1831,1903,pd_us,False,True,True
tlg0014,018,DEMOSTHENES,De corona,22893,1903,pd_us,False,True,True
tlg0014,019,DEMOSTHENES,De falsa legatione,23576,1903,pd_us,False,True,True
tlg0014,020,DEMOSTHENES,Adversus Leptinem,11543,1907,pd_us,False,True,True
tlg0014,021,DEMOSTHENES,In Midiam,16012,1907,pd_us,False,True,True
tlg0014,022,DEMOSTHENES,Adversus Androtionem,5728,1907,pd_us,False,True,True
tlg0014,023,DEMOSTHENES,In Aristocratem,15704,1907,pd_us,False,True,True
tlg0014,024,DEMOSTHENES,In Timocratem,14896,1907,pd_us,False,True,True
tlg0014,025,DEMOSTHENES,In Aristogitonem 1,6828,1907,pd_us,False,True,True
tlg0014,026,DEMOSTHENES,In Aristogitonem 2,1718,1907,pd_us,False,True,True
tlg0014,027,DEMOSTHENES,In Aphobum 1,4687,1921,pd_us,False,True,True
tlg0014,028,DEMOSTHENES,In Aphobum 2,1548,1921,pd_us,False,True,True
tlg0014,029,DEMOSTHENES,Contra Aphobum,4006,1921,pd_us,False,True,True
tlg0014,030,DEMOSTHENES,Contra Onetorem 1,2407,1921,pd_us,False,True,True
tlg0014,031,DEMOSTHENES,Contra Onetorem 2,966,1921,pd_us,False,True,True
tlg0014,032,DEMOSTHENES,Contra Zenothemin,1956,1921,pd_us,False,True,True
tlg0014,033,DEMOSTHENES,Contra Apatourium [Sp.],2596,1921,pd_us,False,True,True
tlg0014,034,DEMOSTHENES,Contra Phormionem,3350,1921,pd_us,False,True,True
tlg0014,035,DEMOSTHENES,Contra Lacritum [Sp.],3727,1921,pd_us,False,True,True
tlg0014,036,DEMOSTHENES,Pro Phormione,4049,1921,pd_us,False,True,True
tlg0014,037,DEMOSTHENES,Contra Pantaenetum,3860,1921,pd_us,False,True,True
tlg0014,038,DEMOSTHENES,Contra Nausimachum et Xenopeithea,1900,1921,pd_us,False,True,True
tlg0014,039,DEMOSTHENES,Contra Boeotum 1,2803,1921,pd_us,False,True,True
tlg0014,040,DEMOSTHENES,Contra Boeotum 2 [Sp.],3987,1921,pd_us,False,True,True
tlg0014,041,DEMOSTHENES,Contra Spudiam,2017,1931,in_copyright,False,True,True
tlg0014,042,DEMOSTHENES,Contra Phaenippum [Sp.],2286,1931,in_copyright,False,True,True
tlg0014,043,DEMOSTHENES,Contra Macartatum [Sp.],6416,1931,in_copyright,False,True,True
tlg0014,044,DEMOSTHENES,Contra Leocharem [Sp.],4319,1931,in_copyright,False,True,True
tlg0014,045,DEMOSTHENES,In Stephanum 1,5850,1931,in_copyright,False,True,True
tlg0014,046,DEMOSTHENES,In Stephanum 2 [Sp.],1900,1931,in_copyright,False,True,True
tlg0014,047,DEMOSTHENES,In Evergum et Mnesibulum [Sp.],5495,1931,in_copyright,False,True,True
tlg0014,048,DEMOSTHENES,In Olympiodorum [Sp.],3592,1931,in_copyright,False,True,True
tlg0014,049,DEMOSTHENES,Contra Timotheum [Sp.],4414,1931,in_copyright,False,True,True
tlg0014,050,DEMOSTHENES,Contra Polyclem [Sp.],4732,1931,in_copyright,False,True,True
tlg0014,051,DEMOSTHENES,De corona trierarchiae,1382,1931,in_copyright,False,True,True
tlg0014,052,DEMOSTHENES,Contra Callippum [Sp.],2168,1931,in_copyright,False,True,True
tlg0014,053,DEMOSTHENES,Contra Nicostratum,2063,1931,in_copyright,False,True,True
tlg0014,054,DEMOSTHENES,In Cononem,3259,1931,in_copyright,False,True,True
tlg0014,055,DEMOSTHENES,Contra Calliclem,2166,1931,in_copyright,False,True,True
tlg0014,056,DEMOSTHENES,In Dionysodorum [Sp.],3392,1931,in_copyright,False,True,True
tlg0014,057,DEMOSTHENES,Contra Eubulidem,4729,1931,in_copyright,False,True,True
tlg0014,058,DEMOSTHENES,In Theocrinem [Sp.],4795,1931,in_copyright,False,True,True
tlg0014,059,DEMOSTHENES,In Neaeram [Sp.],9416,1931,in_copyright,False,True,True
tlg0014,060,DEMOSTHENES,Epitaphius,2594,1931,in_copyright,False,True,True
tlg0014,061,DEMOSTHENES,Eroticus [Sp.],3735,1931,in_copyright,False,True,True
tlg0014,062,DEMOSTHENES,Exordia,9755,1931,in_copyright,False,True,True
tlg0014,063,DEMOSTHENES,Epistulae,6225,1931,in_copyright,False,True,True
tlg0014,064,DEMOSTHENES,Fragmenta,2527,1850,pd_us,False,False,False
tlg0015,001,HERODIANUS,Ab excessu divi Marci,48889,1922,pd_us,True,False,True
tlg0016,001,HERODOTUS,Historiae,189489,1932,in_copyright,False,True,True
tlg0017,001,ISAEUS,De Cleonymo,2698,1960,in_copyright,False,True,True
tlg0017,002,ISAEUS,De Menecle,2737,1960,in_copyright,False,True,True
tlg0017,003,ISAEUS,De Pyrrho,4535,1960,in_copyright,False,True,True
tlg0017,004,ISAEUS,De Nicostrato,1818,1960,in_copyright,False,True,True
tlg0017,005,ISAEUS,De Dicaeogene,3059,1960,in_copyright,False,True,True
tlg0017,006,ISAEUS,De Philoctemone,3727,1960,in_copyright,False,True,True
tlg0017,007,ISAEUS,De Apollodoro,2715,1960,in_copyright,False,True,True
tlg0017,008,ISAEUS,De Cirone,3110,1960,in_copyright,False,True,True
tlg0017,009,ISAEUS,De Astyphilo,2334,1960,in_copyright,False,True,True
tlg0017,010,ISAEUS,De Aristarcho,1808,1960,in_copyright,False,True,True
tlg0017,011,ISAEUS,De Hagnia,3580,1960,in_copyright,False,True,True
tlg0017,012,ISAEUS,Pro Euphileto,853,1960,in_copyright,False,True,True
tlg0017,013,ISAEUS,Fragmenta,975,1960,in_copyright,False,False,False
tlg0018,001,PHILO JUDAEUS,De opificio mundi,13672,1896,pd_us,True,False,True
tlg0018,002,PHILO JUDAEUS,Legum allegoriarum libri i%19iii,33082,1896,pd_us,True,False,True
tlg0018,003,PHILO JUDAEUS,De cherubim,7831,1896,pd_us,True,False,True
tlg0018,004,PHILO JUDAEUS,De sacrificiis Abelis et Caini,9828,1896,pd_us,True,False,True
tlg0018,005,PHILO JUDAEUS,Quod deterius potiori insidiari soleat,11566,1896,pd_us,True,False,True
tlg0018,006,PHILO JUDAEUS,De posteritate Caini,11367,1897,pd_us,True,False,True
tlg0018,007,PHILO JUDAEUS,De gigantibus,3338,1897,pd_us,True,False,True
tlg0018,008,PHILO JUDAEUS,Quod deus sit immutabilis,9213,1897,pd_us,True,False,True
tlg0018,009,PHILO JUDAEUS,De agricultura,9200,1897,pd_us,True,False,True
tlg0018,010,PHILO JUDAEUS,De plantatione,9172,1897,pd_us,True,False,True
tlg0018,011,PHILO JUDAEUS,De ebrietate,11964,1897,pd_us,True,False,True
tlg0018,012,PHILO JUDAEUS,De sobrietate,3719,1897,pd_us,True,False,True
tlg0018,013,PHILO JUDAEUS,De confusione linguarum,10751,1897,pd_us,True,False,True
tlg0018,014,PHILO JUDAEUS,De migratione Abrahami,13146,1897,pd_us,True,False,True
tlg0018,015,PHILO JUDAEUS,Quis rerum divinarum heres sit,16515,1898,pd_us,True,False,True
tlg0018,016,PHILO JUDAEUS,De congressu eruditionis gratia,9258,1898,pd_us,True,False,True
tlg0018,017,PHILO JUDAEUS,De fuga et inventione,11419,1898,pd_us,True,False,True
tlg0018,018,PHILO JUDAEUS,De mutatione nominum,13718,1898,pd_us,True,False,True
tlg0018,019,PHILO JUDAEUS,De somniis (lib. i%19ii),27040,1898,pd_us,True,False,True
tlg0018,020,PHILO JUDAEUS,De Abrahamo,13617,1902,pd_us,True,False,True
tlg0018,021,PHILO JUDAEUS,De Josepho,13088,1902,pd_us,True,False,True
tlg0018,022,PHILO JUDAEUS,De vita Mosis (lib. i%19ii),32002,1902,pd_us,True,False,True
tlg0018,023,PHILO JUDAEUS,De decalogo,8619,1902,pd_us,True,False,True
tlg0018,024,PHILO JUDAEUS,De specialibus legibus (lib. i%19iv),58218,1906,pd_us,True,False,True
tlg0018,025,PHILO JUDAEUS,De virtutibus,12421,1906,pd_us,True,False,True
tlg0018,026,PHILO JUDAEUS,De praemiis et poenis %7 De exsecrationibus,9303,1906,pd_us,True,False,True
tlg0018,027,PHILO JUDAEUS,Quod omnis probus liber sit,7769,1915,pd_us,True,False,True
tlg0018,028,PHILO JUDAEUS,De vita contemplativa,4701,1915,pd_us,True,False,True
tlg0018,029,PHILO JUDAEUS,De aeternitate mundi,9401,1915,pd_us,True,False,True
tlg0018,030,PHILO JUDAEUS,In Flaccum,9103,1915,pd_us,True,False,True
tlg0018,031,PHILO JUDAEUS,Legatio ad Gaium,17824,1915,pd_us,True,False,True
tlg0018,032,PHILO JUDAEUS,Hypothetica sive Apologia pro Judaeis,2610,1915,pd_us,False,False,False
tlg0018,033,PHILO JUDAEUS,De providentia,4341,1941,in_copyright,False,False,False
tlg0018,034,PHILO JUDAEUS,Quaestiones in Genesim (fragmenta),9574,1978,in_copyright,False,False,False
tlg0018,035,PHILO JUDAEUS,Quaestiones in Exodum (fragmenta),3612,1978,in_copyright,False,False,False
tlg0018,036,PHILO JUDAEUS,De ebrietate ii,599,1891,pd_us,False,False,False
tlg0018,038,PHILO JUDAEUS,*PERI\ A)RIQMW=N sive *)ARIQMHTIKA/,10198,1931,in_copyright,False,False,False
tlg0018,039,PHILO JUDAEUS,Fragmenta,481,1932,in_copyright,False,False,False
tlg0018,041,PHILO JUDAEUS,De deo (P. Berol. inv. 17027),255,1942,in_copyright,False,False,False
tlg0018,042,PHILO JUDAEUS,Fragmenta incerti operis (P. Oxy. 18.2158),83,1941,in_copyright,False,False,False
tlg0019,001,ARISTOPHANES,Acharnenses,7819,1923,pd_us,False,True,True
tlg0019,002,ARISTOPHANES,Equites,9765,1923,pd_us,False,True,True
tlg0019,003,ARISTOPHANES,Nubes,10463,1968,in_copyright,False,True,True
tlg0019,004,ARISTOPHANES,Vespae,10560,1971,in_copyright,False,True,True
tlg0019,005,ARISTOPHANES,Pax,8796,1924,pd_us,False,True,True
tlg0019,006,ARISTOPHANES,Aves,11613,1928,pd_us,False,True,True
tlg0019,007,ARISTOPHANES,Lysistrata,8853,1928,pd_us,False,True,True
tlg0019,008,ARISTOPHANES,Thesmophoriazusae,7977,1928,pd_us,False,True,True
tlg0019,009,ARISTOPHANES,Ranae,10108,1928,pd_us,False,True,True
tlg0019,010,ARISTOPHANES,Ecclesiazusae,8444,1973,in_copyright,False,True,True
tlg0019,011,ARISTOPHANES,Plutus,8864,1930,pd_us,False,True,True
tlg0019,012,ARISTOPHANES,Fragmenta,5054,1957,in_copyright,False,False,False
tlg0019,013,ARISTOPHANES,Fragmenta,5050,1880,pd_us,False,False,False
tlg0019,014,ARISTOPHANES,Fragmenta,4294,1840,pd_us,False,False,False
tlg0019,015,ARISTOPHANES,Fragmenta,324,1912,pd_us,False,False,False
tlg0019,016,ARISTOPHANES,Fragmenta,1379,1973,in_copyright,False,False,False
tlg0019,017,ARISTOPHANES,Fragmenta,73,1888,pd_us,False,False,False
tlg0019,018,ARISTOPHANES,Fragmenta,126,1857,pd_us,False,False,False
tlg0019,X01,ARISTOPHANES,Oracula ficta,,,unknown,False,False,False
tlg0020,001,HESIODUS,Theogonia,6969,1966,in_copyright,False,True,True
tlg0020,002,HESIODUS,Opera et dies,5900,1970,in_copyright,False,True,True
tlg0020,003,HESIODUS,Scutum,3336,1970,in_copyright,False,True,True
tlg0020,004,HESIODUS,Fragmenta,11229,1967,in_copyright,False,False,False
tlg0020,005,HESIODUS,Testimonia,76,1951,in_copyright,False,False,False
tlg0020,006,HESIODUS,Fragmenta astronomica,593,1951,in_copyright,False,False,False
tlg0020,007,HESIODUS,Fragmenta,727,1983,in_copyright,False,False,False
tlg0020,008,HESIODUS,Fragmentum (ap. Maximum Tyrium),6,1986,in_copyright,False,False,False
tlg0020,X01,HESIODUS,Problema,,,unknown,False,False,False
tlg0022,001,NICANDER,Theriaca,6380,1953,in_copyright,True,False,True
tlg0022,002,NICANDER,Alexipharmaca,4149,1953,in_copyright,True,False,True
tlg0022,003,NICANDER,Fragmenta,1332,1953,in_copyright,False,False,False
tlg0022,005,NICANDER,Fragmenta,163,1983,in_copyright,False,False,False
tlg0022,006,NICANDER,Epigrammata,80,,unknown,False,False,False
tlg0023,001,OPPIANUS,Halieutica,22910,1928,pd_us,False,True,True
tlg0024,001,OPPIANUS,Cynegetica,13583,1928,pd_us,False,True,True
tlg0026,001,AESCHINES,In Timarchum,13961,1927,pd_us,False,True,True
tlg0026,002,AESCHINES,De falsa legatione,12758,1927,pd_us,False,True,True
tlg0026,003,AESCHINES,In Ctesiphontem,19171,1928,pd_us,False,True,True
tlg0026,004,AESCHINES,Epistulae [Sp.],4392,1928,pd_us,True,False,True
tlg0027,001,ANDOCIDES,De mysteriis,10327,1930,pd_us,False,True,True
tlg0027,002,ANDOCIDES,De reditu suo,2010,1930,pd_us,False,True,True
tlg0027,003,ANDOCIDES,De pace,2772,1930,pd_us,False,True,True
tlg0027,004,ANDOCIDES,In Alcibiadem [Sp.],2855,1930,pd_us,False,True,True
tlg0027,005,ANDOCIDES,Fragmenta,106,1930,pd_us,False,False,False
tlg0028,001,ANTIPHON,In novercam,1807,1923,pd_us,False,True,True
tlg0028,002,ANTIPHON,Tetralogia 1,2580,1923,pd_us,False,True,True
tlg0028,003,ANTIPHON,Tetralogia 2,2228,1923,pd_us,False,True,True
tlg0028,004,ANTIPHON,Tetralogia 3,2010,1923,pd_us,False,True,True
tlg0028,005,ANTIPHON,De caede Herodis,6508,1923,pd_us,False,True,True
tlg0028,006,ANTIPHON,De choreuta,3495,1923,pd_us,False,True,True
tlg0028,007,ANTIPHON,Fragmenta,642,1923,pd_us,False,False,False
tlg0028,008,ANTIPHON,Fragmenta,3087,1914,pd_us,False,False,False
tlg0028,009,ANTIPHON,Fragmenta,385,1989,in_copyright,False,False,False
tlg0029,004,DINARCHUS,In Demosthenem,7775,1975,in_copyright,False,True,True
tlg0029,005,DINARCHUS,In Aristogitonem,1831,1975,in_copyright,False,True,True
tlg0029,006,DINARCHUS,In Philoclem,1430,1975,in_copyright,False,True,True
tlg0029,007,DINARCHUS,Fragmenta,8491,1975,in_copyright,False,False,False
tlg0029,008,DINARCHUS,Fragmenta incertae sedis,935,1975,in_copyright,False,False,False
tlg0030,001,HYPERIDES,In Demosthenem,2695,1917,pd_us,False,True,True
tlg0030,002,HYPERIDES,Pro Lycophrone,1725,1917,pd_us,False,True,True
tlg0030,003,HYPERIDES,Pro Euxenippo,3121,1917,pd_us,False,True,True
tlg0030,004,HYPERIDES,In Philippidem,1210,1917,pd_us,False,True,True
tlg0030,005,HYPERIDES,In Athenogenem,2585,1917,pd_us,False,True,True
tlg0030,006,HYPERIDES,Epitaphius,2346,1917,pd_us,False,True,True
tlg0030,007,HYPERIDES,Fragmenta,6681,1917,pd_us,False,False,False
tlg0031,001,NOVUM TESTAMENTUM,Evangelium secundum Matthaeum,19521,1968,in_copyright,False,True,True
tlg0031,002,NOVUM TESTAMENTUM,Evangelium secundum Marcum,12076,1968,in_copyright,True,True,True
tlg0031,003,NOVUM TESTAMENTUM,Evangelium secundum Lucam,20728,1968,in_copyright,False,True,True
tlg0031,004,NOVUM TESTAMENTUM,Evangelium secundum Joannem,16576,1968,in_copyright,False,True,True
tlg0031,005,NOVUM TESTAMENTUM,Acta apostolorum,19551,1968,in_copyright,False,True,True
tlg0031,006,NOVUM TESTAMENTUM,Epistula Pauli ad Romanos,7573,1968,in_copyright,False,True,True
tlg0031,007,NOVUM TESTAMENTUM,Epistula Pauli ad Corinthios i,7266,1968,in_copyright,False,True,True
tlg0031,008,NOVUM TESTAMENTUM,Epistula Pauli ad Corinthios ii,4761,1968,in_copyright,False,True,True
tlg0031,009,NOVUM TESTAMENTUM,Epistula Pauli ad Galatas,2379,1968,in_copyright,False,True,True
tlg0031,010,NOVUM TESTAMENTUM,Epistula Pauli ad Ephesios,2605,1968,in_copyright,False,True,True
tlg0031,011,NOVUM TESTAMENTUM,Epistula Pauli ad Philippenses,1731,1968,in_copyright,False,True,True
tlg0031,012,NOVUM TESTAMENTUM,Epistula Pauli ad Colossenses,1684,1968,in_copyright,False,True,True
tlg0031,013,NOVUM TESTAMENTUM,Epistula Pauli ad Thessalonicenses i,1574,1968,in_copyright,False,True,True
tlg0031,014,NOVUM TESTAMENTUM,Epistula Pauli ad Thessalonicenses ii,879,1968,in_copyright,False,True,True
tlg0031,015,NOVUM TESTAMENTUM,Epistula Pauli ad Timotheum i,1717,1968,in_copyright,False,True,True
tlg0031,016,NOVUM TESTAMENTUM,Epistula Pauli ad Timotheum ii,1337,1968,in_copyright,False,True,True
tlg0031,017,NOVUM TESTAMENTUM,Epistula Pauli ad Titum,720,1968,in_copyright,False,True,True
tlg0031,018,NOVUM TESTAMENTUM,Epistula Pauli ad Philemonem,365,1968,in_copyright,False,True,True
tlg0031,019,NOVUM TESTAMENTUM,Epistula Pauli ad Hebraeos,5286,1968,in_copyright,False,True,True
tlg0031,020,NOVUM TESTAMENTUM,Epistula Jacobi,1857,1968,in_copyright,False,True,True
tlg0031,021,NOVUM TESTAMENTUM,Epistula Petri i,1790,1968,in_copyright,False,True,True
tlg0031,022,NOVUM TESTAMENTUM,Epistula Petri ii,1180,1968,in_copyright,False,True,True
tlg0031,023,NOVUM TESTAMENTUM,Epistula Joannis i,2250,1968,in_copyright,False,True,True
tlg0031,024,NOVUM TESTAMENTUM,Epistula Joannis ii,264,1968,in_copyright,False,True,True
tlg0031,025,NOVUM TESTAMENTUM,Epistula Joannis iii,235,1968,in_copyright,False,True,True
tlg0031,026,NOVUM TESTAMENTUM,Epistula Juda,489,1968,in_copyright,False,True,True
tlg0031,027,NOVUM TESTAMENTUM,Apocalypsis Joannis,10224,1968,in_copyright,False,True,True
tlg0032,001,XENOPHON,Hellenica,67939,1900,pd_us,False,True,True
tlg0032,002,XENOPHON,Memorabilia,36436,1921,pd_us,False,True,True
tlg0032,003,XENOPHON,Oeconomicus,18124,1921,pd_us,False,True,True
tlg0032,004,XENOPHON,Symposium,9657,1921,pd_us,False,True,True
tlg0032,005,XENOPHON,,2032,1921,pd_us,False,True,True
tlg0032,006,XENOPHON,Anabasis,58307,1904,pd_us,False,True,True
tlg0032,007,XENOPHON,Cyropaedia,80710,1910,pd_us,False,True,True
tlg0032,008,XENOPHON,Hiero,6071,1920,pd_us,False,True,True
tlg0032,009,XENOPHON,Agesilaus,7559,1920,pd_us,False,True,True
tlg0032,010,XENOPHON,De republica Lacedaemoniorum,5026,1920,pd_us,False,True,True
tlg0032,011,XENOPHON,De vectigalibus,3935,1920,pd_us,False,True,True
tlg0032,012,XENOPHON,Hipparchicus,5895,1920,pd_us,False,True,True
tlg0032,013,XENOPHON,De re equestri,7105,1920,pd_us,False,True,True
tlg0032,014,XENOPHON,Cynegeticus,9257,1920,pd_us,False,True,True
tlg0032,015,XENOPHON,Atheniensium respublica [Sp.],3252,1920,pd_us,False,False,False
tlg0033,001,PINDARUS,Olympia,6102,1971,in_copyright,False,True,True
tlg0033,002,PINDARUS,Pythia,7719,1971,in_copyright,False,True,True
tlg0033,003,PINDARUS,Nemea,5119,1971,in_copyright,False,True,True
tlg0033,004,PINDARUS,Isthmia,3066,1971,in_copyright,False,True,True
tlg0033,005,PINDARUS,Fragmenta,9106,1975,in_copyright,False,False,False
tlg0033,X01,PINDARUS,Epigramma sepulcrale,,,unknown,False,False,False
tlg0034,001,LYCURGUS,Oratio in Leocratem,11217,1970,in_copyright,False,True,True
tlg0034,002,LYCURGUS,Fragmenta,3581,1970,in_copyright,False,False,False
tlg0035,001,MOSCHUS,Eros drapeta,253,1952,in_copyright,False,True,True
tlg0035,002,MOSCHUS,Europa,1146,1952,in_copyright,False,True,True
tlg0035,003,MOSCHUS,Epitaphius Bionis [Sp.],926,1952,in_copyright,False,True,True
tlg0035,004,MOSCHUS,Megara [Sp.],898,1952,in_copyright,False,True,True
tlg0035,005,MOSCHUS,Fragmenta,268,1952,in_copyright,False,True,True
tlg0035,006,MOSCHUS,Epigrammata,284,,unknown,False,False,False
tlg0036,001,BION,Epitaphius Adonis,728,1952,in_copyright,False,True,True
tlg0036,002,BION,Epithalamium Achillis et Deidameiae [Sp.],240,1952,in_copyright,False,True,True
tlg0036,003,BION,Fragmenta,868,1952,in_copyright,False,True,True
tlg0037,001,ANACHARSIDIS EPISTULAE,Epistulae,1388,1873,pd_us,True,False,True
tlg0038,001,ARCESILAI EPISTULA,Epistula,97,1873,pd_us,False,False,False
tlg0039,001,MITHRIDATIS EPISTULA,Epistula,353,1873,pd_us,True,False,True
tlg0040,001,CALANI EPISTULA,Epistula,97,1873,pd_us,False,False,False
tlg0041,001,CHIONIS EPISTULAE,Epistulae,4953,1873,pd_us,True,False,True
tlg0042,001,ALEXANDRI MAGNI EPISTULAE,Epistulae,422,1873,pd_us,False,False,False
tlg0043,001,AMASIS EPISTULAE,Epistulae,201,1873,pd_us,False,False,False
tlg0044,001,ANTIOCHI REGIS EPISTULAE,Epistulae,491,1873,pd_us,True,False,True
tlg0045,001,ARTAXERXIS EPISTULAE,Epistulae,654,1873,pd_us,True,False,True
tlg0046,001,NICIAE EPISTULA,Epistula,768,1873,pd_us,True,False,True
tlg0047,001,PAUSANIAE I ET XERXIS EPISTULAE,Epistulae,150,1873,pd_us,False,False,False
tlg0048,001,PHILIPPUS II Rex Macedonum,Epistulae,2414,1873,pd_us,True,False,True
tlg0048,X01,PHILIPPUS II Rex Macedonum,Epigramma irrisorium,,,unknown,False,False,False
tlg0049,001,PISISTRATI EPISTULA,Epistula,213,1873,pd_us,False,False,False
tlg0050,001,PTOLEMAEI II PHILADELPHI ET ELEAZARI EPISTULAE,Epistulae,443,1873,pd_us,False,False,False
tlg0051,001,[2MELISSA]2,Fragmentum epistulae ad Clearetam,224,1965,in_copyright,False,False,False
tlg0052,001,MENIPPUS,Epistula [Sp.],62,1873,pd_us,False,False,False
tlg0053,001,PHALARIDIS EPISTULAE,Epistulae,18336,1873,pd_us,True,False,True
tlg0054,001,[2THEANO]2,Fragmenta,1934,1965,in_copyright,False,False,False
tlg0055,001,THEMISTOCLIS EPISTULAE,Epistulae,8863,1873,pd_us,True,False,True
tlg0056,001,THRASYBULI EPISTULA,Epistula,67,1873,pd_us,False,False,False
tlg0057,001,GALENUS,Adhortatio ad artes addiscendas,5224,1935,in_copyright,True,False,True
tlg0057,002,GALENUS,De optima doctrina,1916,1884,pd_us,True,False,True
tlg0057,003,GALENUS,Quod optimus medicus sit quoque philosophus,1438,1933,in_copyright,True,False,True
tlg0057,004,GALENUS,De sectis ad eos qui introducuntur,6494,1893,pd_us,True,False,True
tlg0057,005,GALENUS,In Platonis Timaeum commentarii fragmenta (e cod. Paris. gr. 2838),5359,1934,in_copyright,False,False,False
tlg0057,006,GALENUS,De constitutione artis medicae ad Patrophilum,12396,1821,pd_us,True,False,True
tlg0057,007,GALENUS,Ars medica,16776,1821,pd_us,True,False,True
tlg0057,008,GALENUS,De elementis ex Hippocrate libri ii,13951,1878,pd_us,True,False,True
tlg0057,009,GALENUS,De temperamentis libri iii,28600,1904,pd_us,True,False,True
tlg0057,010,GALENUS,De naturalibus facultatibus,33104,1893,pd_us,True,True,True
tlg0057,011,GALENUS,De anatomicis administrationibus libri ix,81247,1821,pd_us,True,False,True
tlg0057,012,GALENUS,De ossibus ad tirones,7165,1821,pd_us,True,False,True
tlg0057,013,GALENUS,De venarum arteriarumque dissectione,7824,1821,pd_us,True,False,True
tlg0057,014,GALENUS,De nervorum dissectione,3736,1821,pd_us,True,False,True
tlg0057,015,GALENUS,De instrumento odoratus,4585,1964,in_copyright,True,False,True
tlg0057,016,GALENUS,De uteri dissectione,3295,1971,in_copyright,True,False,True
tlg0057,017,GALENUS,De usu partium,202076,1907,pd_us,True,False,True
tlg0057,018,GALENUS,De motu musculorum libri ii,15264,1822,pd_us,True,False,True
tlg0057,019,GALENUS,De victu attenuante,6663,1923,pd_us,True,False,True
tlg0057,020,GALENUS,De utilitate respirationis liber,6350,1915,pd_us,True,False,True
tlg0057,021,GALENUS,De semine libri ii,21557,1822,pd_us,True,False,True
tlg0057,022,GALENUS,De foetuum formatione libellus,8011,1822,pd_us,True,False,True
tlg0057,023,GALENUS,An in arteriis natura sanguis contineatur,4884,1911,pd_us,True,False,True
tlg0057,024,GALENUS,De optima corporis nostri constitutione,1820,1901,pd_us,True,False,True
tlg0057,025,GALENUS,De bono habitu liber,837,1901,pd_us,True,False,True
tlg0057,026,GALENUS,De propriis placitis fragmenta inedita,1049,1894,pd_us,False,False,False
tlg0057,027,GALENUS,Quod animi mores corporis temperamenta sequantur,8840,1891,pd_us,True,False,True
tlg0057,028,GALENUS,De propriorum animi cuiuslibet affectuum dignotione et curatione,8605,1937,in_copyright,True,False,True
tlg0057,029,GALENUS,De animi cuiuslibet peccatorum dignotione et curatione (%6 De,6707,1937,in_copyright,True,False,True
tlg0057,030,GALENUS,De atra bile,6484,1937,in_copyright,True,False,True
tlg0057,031,GALENUS,De usu pulsuum,4655,1823,pd_us,True,False,True
tlg0057,032,GALENUS,De placitis Hippocratis et Platonis,98571,1978,in_copyright,True,False,True
tlg0057,033,GALENUS,Thrasybulus sive utrum medicinae sit an gymnasticae hygieine,14352,1893,pd_us,True,False,True
tlg0057,034,GALENUS,De parvae pilae exercitio,1791,1938,in_copyright,True,False,True
tlg0057,035,GALENUS,De venereis (ap. Oribasium),416,1928,pd_us,True,False,True
tlg0057,036,GALENUS,De sanitate tuenda libri vi,69757,1923,pd_us,True,False,True
tlg0057,037,GALENUS,De alimentorum facultatibus libri iii,46318,1923,pd_us,True,False,True
tlg0057,038,GALENUS,De rebus boni malique suci,10678,1923,pd_us,True,False,True
tlg0057,039,GALENUS,De ptisana,2300,1923,pd_us,True,False,True
tlg0057,040,GALENUS,De dignotione ex insomniis,527,1823,pd_us,True,False,True
tlg0057,041,GALENUS,De morborum differentiis,6905,1823,pd_us,True,False,True
tlg0057,042,GALENUS,De causis morborum liber,6336,1824,pd_us,True,False,True
tlg0057,043,GALENUS,De symptomatum differentiis liber,6857,1824,pd_us,True,False,True
tlg0057,044,GALENUS,De symptomatum causis libri iii,30535,1824,pd_us,True,False,True
tlg0057,045,GALENUS,De differentiis febrium libri ii,21703,1824,pd_us,True,False,True
tlg0057,046,GALENUS,De morborum temporibus liber,5673,1960,in_copyright,True,False,True
tlg0057,047,GALENUS,De totius morbi temporibus liber,3777,1960,in_copyright,True,False,True
tlg0057,048,GALENUS,De typis liber,1651,1824,pd_us,True,False,True
tlg0057,049,GALENUS,Adversus eos qui de typis scripserunt vel de circuitibus,5801,1824,pd_us,True,False,True
tlg0057,050,GALENUS,De plenitudine liber,11502,1824,pd_us,True,False,True
tlg0057,051,GALENUS,"De tremore, palpitatione, convulsione et rigore liber",9451,1824,pd_us,True,False,True
tlg0057,052,GALENUS,De comate secundum Hippocratem liber,1820,1915,pd_us,True,False,True
tlg0057,053,GALENUS,De marcore liber,6018,1824,pd_us,True,False,True
tlg0057,054,GALENUS,De tumoribus praeter naturam,4309,1968,in_copyright,True,False,True
tlg0057,055,GALENUS,De inaequali intemperie liber,3278,1824,pd_us,True,False,True
tlg0057,056,GALENUS,De difficultate respirationis libri iii,33093,1824,pd_us,True,False,True
tlg0057,057,GALENUS,De locis affectis libri vi,72559,1824,pd_us,True,False,True
tlg0057,058,GALENUS,De pulsibus libellus ad tirones,6221,1824,pd_us,True,False,True
tlg0057,059,GALENUS,De differentia pulsuum libri iv,44391,1824,pd_us,True,False,True
tlg0057,060,GALENUS,De dignoscendis pulsibus libri iv,32375,1824,pd_us,True,False,True
tlg0057,061,GALENUS,De causis pulsuum libri iv,33321,1825,pd_us,True,False,True
tlg0057,062,GALENUS,De praesagitione ex pulsibus libri iv,37699,1825,pd_us,True,False,True
tlg0057,063,GALENUS,Synopsis librorum suorum de pulsibus,16348,1825,pd_us,True,False,True
tlg0057,064,GALENUS,De crisibus libri iii,34406,1967,in_copyright,True,False,True
tlg0057,065,GALENUS,De diebus decretoriis libri iii,28286,1825,pd_us,True,False,True
tlg0057,066,GALENUS,De methodo medendi libri xiv,163139,1825,pd_us,True,False,True
tlg0057,067,GALENUS,Ad Glauconem de medendi methodo libri ii,23690,1826,pd_us,True,False,True
tlg0057,068,GALENUS,De venae sectione adversus Erasistratum,6173,1826,pd_us,True,False,True
tlg0057,069,GALENUS,De venae sectione adversus Erasistrateos Romae degentes,9371,1826,pd_us,True,False,True
tlg0057,070,GALENUS,De curandi ratione per venae sectionem,10398,1826,pd_us,True,False,True
tlg0057,071,GALENUS,"De hirundinibus, revulsione, cucurbitula, incisione et",726,1826,pd_us,True,False,True
tlg0057,072,GALENUS,De purgantium medicamentorum facultate,3132,1959,in_copyright,True,False,True
tlg0057,073,GALENUS,Quos quibus catharticis medicamentis et quando purgare oporteat (ap,2043,1928,pd_us,True,False,True
tlg0057,074,GALENUS,Pro puero epileptico consilium,3327,1959,in_copyright,True,False,True
tlg0057,075,GALENUS,De simplicium medicamentorum temperamentis ac facultatibus libri xi,139244,1826,pd_us,True,False,True
tlg0057,076,GALENUS,De compositione medicamentorum secundum locos libri x,150524,1826,pd_us,True,False,True
tlg0057,077,GALENUS,De compositione medicamentorum per genera libri vii,109210,1827,pd_us,True,False,True
tlg0057,078,GALENUS,De antidotis libri ii,28945,1827,pd_us,True,False,True
tlg0057,079,GALENUS,De theriaca ad Pisonem,13556,1827,pd_us,True,False,True
tlg0057,080,GALENUS,De septimestri partu,1351,1933,in_copyright,False,False,False
tlg0057,081,GALENUS,Institutio logica,8730,1896,pd_us,True,False,True
tlg0057,082,GALENUS,De sophismatis seu captionibus penes dictionem,2585,1903,pd_us,True,False,True
tlg0057,083,GALENUS,De praenotione ad Posthumum (Epigenem),11530,1827,pd_us,True,False,True
tlg0057,084,GALENUS,De substantia facultatum naturalium fragmentum (%6 De propriis,1424,1822,pd_us,True,False,True
tlg0057,085,GALENUS,In Hippocratis de natura hominis librum commentarii iii,25350,1914,pd_us,True,False,True
tlg0057,086,GALENUS,,6764,1914,pd_us,True,False,True
tlg0057,087,GALENUS,In Hippocratis de victu acutorum commentaria iv,69473,1914,pd_us,True,False,True
tlg0057,088,GALENUS,In Hippocratis prorrheticum i commentaria iii,47475,1915,pd_us,False,False,False
tlg0057,089,GALENUS,In Hippocratis librum primum epidemiarum commentarii iii,40571,1934,in_copyright,True,False,True
tlg0057,090,GALENUS,In Hippocratis librum iii epidemiarum commentarii iii,42913,1936,in_copyright,False,False,False
tlg0057,091,GALENUS,In Hippocratis librum vi epidemiarum commentarii vi,79741,1940,in_copyright,False,False,False
tlg0057,092,GALENUS,In Hippocratis aphorismos commentarii vii,102970,1829,pd_us,True,False,True
tlg0057,093,GALENUS,Adversus Lycum libellus,7717,1951,in_copyright,True,False,True
tlg0057,094,GALENUS,Adversus ea quae a Juliano in Hippocratis aphorismos enuntiata sunt,7971,1951,in_copyright,True,False,True
tlg0057,095,GALENUS,In Hippocratis librum de articulis et Galeni in eum commentarii iv,55499,1829,pd_us,True,False,True
tlg0057,096,GALENUS,De humero iis modis prolapso quos Hippocrates non vidit,10593,1829,pd_us,True,False,True
tlg0057,097,GALENUS,In Platonis Timaeum commentarii fragmenta (e cod. Scorial. *F,2812,1991,in_copyright,False,False,False
tlg0057,099,GALENUS,In Hippocratis prognosticum commentaria iii,43712,1915,pd_us,True,False,True
tlg0057,100,GALENUS,In Hippocratis librum de fracturis commentarii iii,44698,1830,pd_us,True,False,True
tlg0057,101,GALENUS,In Hippocratis librum de officina medici commentarii iii,43376,1830,pd_us,True,False,True
tlg0057,102,GALENUS,De musculorum dissectione ad tirones,15368,1830,pd_us,True,False,True
tlg0057,103,GALENUS,De consuetudinibus,4181,1891,pd_us,True,False,True
tlg0057,104,GALENUS,De libris propriis liber,6514,1891,pd_us,False,False,False
tlg0057,105,GALENUS,De ordine librorum suorum ad Eugenianum,2051,1891,pd_us,False,False,False
tlg0057,106,GALENUS,Linguarum seu dictionum exoletarum Hippocratis explicatio,9956,1830,pd_us,False,False,False
tlg0057,107,GALENUS,De experientia medica,1021,1944,in_copyright,True,False,True
tlg0057,111,GALENUS,Quod qualitates incorporeae sint,3371,1906,pd_us,False,False,False
tlg0057,114,GALENUS,De causis respirationis,706,1822,pd_us,True,False,True
tlg0057,115,GALENUS,Quomodo morborum simulantes sint deprehendendi,871,1960,in_copyright,False,False,False
tlg0057,121,GALENUS,De melancholia (ap. Ae+tium),1077,1950,in_copyright,False,False,False
tlg0058,001,AENEAS,Poliorcetica,14350,1967,in_copyright,False,True,True
tlg0059,001,PLATO,Euthyphro,5464,1900,pd_us,False,True,True
tlg0059,002,PLATO,Apologia Socratis,8854,1900,pd_us,False,True,True
tlg0059,003,PLATO,Crito,4329,1900,pd_us,False,True,True
tlg0059,004,PLATO,Phaedo,22633,1900,pd_us,False,True,True
tlg0059,005,PLATO,Cratylus,19201,1900,pd_us,False,True,True
tlg0059,006,PLATO,Theaetetus,23803,1900,pd_us,False,True,True
tlg0059,007,PLATO,Sophista,17414,1900,pd_us,False,True,True
tlg0059,008,PLATO,Politicus,18592,1900,pd_us,False,True,True
tlg0059,009,PLATO,Parmenides,16434,1901,pd_us,False,True,True
tlg0059,010,PLATO,Philebus,19054,1901,pd_us,False,True,True
tlg0059,011,PLATO,Symposium,17530,1901,pd_us,False,True,True
tlg0059,012,PLATO,Phaedrus,17222,1901,pd_us,False,True,True
tlg0059,013,PLATO,Alcibiades i [Sp.],11317,1901,pd_us,False,True,True
tlg0059,014,PLATO,Alcibiades ii [Sp.],4422,1901,pd_us,False,True,True
tlg0059,015,PLATO,Hipparchus [Sp.],2426,1901,pd_us,False,True,True
tlg0059,016,PLATO,Amatores [Sp.],2424,1901,pd_us,False,True,True
tlg0059,017,PLATO,Theages [Sp.],3650,1903,pd_us,False,True,True
tlg0059,018,PLATO,Charmides,8410,1903,pd_us,False,True,True
tlg0059,019,PLATO,Laches,8021,1903,pd_us,False,True,True
tlg0059,020,PLATO,Lysis,7319,1903,pd_us,False,True,True
tlg0059,021,PLATO,Euthydemus,13030,1903,pd_us,False,True,True
tlg0059,022,PLATO,Protagoras,18077,1903,pd_us,False,True,True
tlg0059,023,PLATO,Gorgias,27824,1903,pd_us,False,True,True
tlg0059,024,PLATO,Meno,10396,1903,pd_us,False,True,True
tlg0059,025,PLATO,Hippias major [Dub.],8911,1903,pd_us,False,True,True
tlg0059,026,PLATO,Hippias minor,4505,1903,pd_us,False,True,True
tlg0059,027,PLATO,Ion,4091,1903,pd_us,False,True,True
tlg0059,028,PLATO,Menexenus,4908,1903,pd_us,False,True,True
tlg0059,029,PLATO,Clitophon [Dub.],1575,1902,pd_us,False,True,True
tlg0059,030,PLATO,Respublica,89359,1902,pd_us,False,True,True
tlg0059,031,PLATO,Timaeus,24104,1902,pd_us,False,True,True
tlg0059,032,PLATO,Critias,5040,1902,pd_us,False,True,True
tlg0059,033,PLATO,Minos [Sp.],3078,1907,pd_us,False,True,True
tlg0059,034,PLATO,Leges,106298,1907,pd_us,False,True,True
tlg0059,035,PLATO,Epinomis [Dub.] (fort. auctore Philippo Opuntio),6389,1907,pd_us,False,True,True
tlg0059,036,PLATO,Epistulae [Dub.],17213,1907,pd_us,False,True,True
tlg0059,037,PLATO,Definitiones [Sp.],1738,1907,pd_us,True,False,True
tlg0059,038,PLATO,Spuria,14839,1907,pd_us,False,False,False
tlg0059,039,PLATO,Epigrammata,639,,unknown,False,False,False
tlg0059,040,PLATO,Fragmenta tragica,10,1971,in_copyright,False,False,False
tlg0059,041,PLATO,Epigrammata,766,1949,in_copyright,False,False,False
tlg0059,X01,PLATO,Epigramma demonstrativum,,,unknown,False,False,False
tlg0060,001,DIODORUS SICULUS,Bibliotheca historica (lib. 1%19`20),419934,1888,pd_us,False,True,True
tlg0060,002,DIODORUS SICULUS,Fragmenta sedis incertae,539,1967,in_copyright,False,False,False
tlg0060,003,DIODORUS SICULUS,Bibliotheca historica (lib. 21%19`40),65582,1957,in_copyright,False,False,False
tlg0061,001,Pseudo-LUCIANUS,Asinus,9802,1967,in_copyright,True,False,True
tlg0061,002,Pseudo-LUCIANUS,Amores,7747,1967,in_copyright,True,False,True
tlg0061,003,Pseudo-LUCIANUS,Demosthenis encomium,5224,1967,in_copyright,True,False,True
tlg0061,004,Pseudo-LUCIANUS,Halcyon,948,1967,in_copyright,True,False,True
tlg0061,005,Pseudo-LUCIANUS,Ocypus,1131,1967,in_copyright,True,False,True
tlg0061,006,Pseudo-LUCIANUS,Cynicus,2487,1967,in_copyright,True,False,True
tlg0061,007,Pseudo-LUCIANUS,Philopatris,3402,1967,in_copyright,True,False,True
tlg0061,008,Pseudo-LUCIANUS,Charidemus,3500,1967,in_copyright,True,False,True
tlg0061,009,Pseudo-LUCIANUS,Epigramma,33,1967,in_copyright,False,False,False
tlg0061,010,Pseudo-LUCIANUS,Epigrammata,1141,,unknown,False,False,False
tlg0061,X01,Pseudo-LUCIANUS,Nero,,,unknown,False,False,False
tlg0061,X02,Pseudo-LUCIANUS,Epistulae,,,unknown,False,False,False
tlg0061,X03,Pseudo-LUCIANUS,Epigramma demonstrativum,,,unknown,False,False,False
tlg0062,001,LUCIANUS,Phalaris,2951,1913,pd_us,True,True,True
tlg0062,002,LUCIANUS,Hippias,999,1913,pd_us,True,True,True
tlg0062,003,LUCIANUS,Bacchus,1048,1913,pd_us,True,True,True
tlg0062,004,LUCIANUS,Hercules,780,1913,pd_us,True,True,True
tlg0062,005,LUCIANUS,Electrum,625,1913,pd_us,True,True,True
tlg0062,006,LUCIANUS,Muscae encomium,1206,1913,pd_us,True,True,True
tlg0062,007,LUCIANUS,Nigrinus,4114,1972,in_copyright,True,True,True
tlg0062,008,LUCIANUS,Demonax,3179,1913,pd_us,True,True,True
tlg0062,009,LUCIANUS,De domo,3203,1913,pd_us,True,True,True
tlg0062,010,LUCIANUS,Patriae encomium,984,1913,pd_us,True,True,True
tlg0062,011,LUCIANUS,Macrobii,2199,1913,pd_us,True,True,True
tlg0062,012,LUCIANUS,Verae historiae,11310,1972,in_copyright,True,True,True
tlg0062,013,LUCIANUS,Calumniae non temere credendum,3235,1913,pd_us,True,True,True
tlg0062,014,LUCIANUS,Lis consonantium (%6 Judicium vocalium),1188,1913,pd_us,True,True,True
tlg0062,015,LUCIANUS,Symposium,4777,1972,in_copyright,True,True,True
tlg0062,016,LUCIANUS,Cataplus,4131,1915,pd_us,True,True,True
tlg0062,017,LUCIANUS,Juppiter confutatus,2377,1915,pd_us,True,True,True
tlg0062,018,LUCIANUS,Juppiter tragoedus,6865,1915,pd_us,True,True,True
tlg0062,019,LUCIANUS,Gallus,5842,1915,pd_us,True,True,True
tlg0062,020,LUCIANUS,Prometheus,2419,1915,pd_us,True,True,True
tlg0062,021,LUCIANUS,Icaromenippus,5372,1915,pd_us,True,True,True
tlg0062,022,LUCIANUS,Timon,6070,1972,in_copyright,True,True,True
tlg0062,023,LUCIANUS,Charon sive contemplantes,4340,1915,pd_us,True,True,True
tlg0062,024,LUCIANUS,Vitarum auctio,3747,1915,pd_us,True,True,True
tlg0062,025,LUCIANUS,Revivescentes sive piscator,6621,1921,pd_us,True,True,True
tlg0062,026,LUCIANUS,Bis accusatus sive tribunalia,5861,1921,pd_us,True,True,True
tlg0062,027,LUCIANUS,De sacrificiis,1830,1921,pd_us,True,True,True
tlg0062,028,LUCIANUS,Adversus indoctum et libros multos ementem,3916,1921,pd_us,True,True,True
tlg0062,029,LUCIANUS,Somnium sive vita Luciani,1837,1921,pd_us,True,True,True
tlg0062,030,LUCIANUS,De parasito sive artem esse parasiticam,6685,1921,pd_us,True,True,True
tlg0062,031,LUCIANUS,Philopseudes sive incredulus,6401,1921,pd_us,True,True,True
tlg0062,032,LUCIANUS,Dearum judicium,2090,1921,pd_us,True,True,True
tlg0062,033,LUCIANUS,De mercede conductis potentium familiaribus,7251,1921,pd_us,True,True,True
tlg0062,034,LUCIANUS,Anacharsis,6527,1925,pd_us,True,True,True
tlg0062,035,LUCIANUS,Menippus sive necyomantia,3379,1925,pd_us,True,True,True
tlg0062,036,LUCIANUS,De luctu,1802,1925,pd_us,True,True,True
tlg0062,037,LUCIANUS,Rhetorum praeceptor,3572,1925,pd_us,True,True,True
tlg0062,038,LUCIANUS,Alexander,7021,1925,pd_us,True,True,True
tlg0062,039,LUCIANUS,Imagines,3329,1925,pd_us,True,True,True
tlg0062,040,LUCIANUS,Pro imaginibus,3585,1925,pd_us,True,True,True
tlg0062,041,LUCIANUS,De Syria dea,6367,1925,pd_us,True,True,True
tlg0062,042,LUCIANUS,De morte Peregrini,4285,1936,in_copyright,True,True,True
tlg0062,043,LUCIANUS,Fugitivi,3278,1936,in_copyright,True,True,True
tlg0062,044,LUCIANUS,Toxaris vel amicitia,9918,1936,in_copyright,True,True,True
tlg0062,045,LUCIANUS,De saltatione,7126,1936,in_copyright,True,True,True
tlg0062,046,LUCIANUS,Lexiphanes,2929,1936,in_copyright,True,True,True
tlg0062,047,LUCIANUS,Eunuchus,1341,1936,in_copyright,True,True,True
tlg0062,048,LUCIANUS,De astrologia,2001,1936,in_copyright,True,True,True
tlg0062,049,LUCIANUS,Pseudologista,4004,1936,in_copyright,True,True,True
tlg0062,050,LUCIANUS,Deorum concilium,1902,1936,in_copyright,True,True,True
tlg0062,051,LUCIANUS,Tyrannicida,2916,1936,in_copyright,True,True,True
tlg0062,052,LUCIANUS,Abdicatus,4884,1936,in_copyright,True,True,True
tlg0062,053,LUCIANUS,Quomodo historia conscribenda sit,7639,1959,in_copyright,False,True,True
tlg0062,054,LUCIANUS,Dipsades,945,1959,in_copyright,False,True,True
tlg0062,055,LUCIANUS,Saturnalia,5286,1959,in_copyright,False,True,True
tlg0062,056,LUCIANUS,Herodotus,937,1959,in_copyright,False,True,True
tlg0062,057,LUCIANUS,Zeuxis,1611,1959,in_copyright,False,True,True
tlg0062,058,LUCIANUS,Pro lapsu inter salutandum,1631,1959,in_copyright,False,True,True
tlg0062,059,LUCIANUS,Apologia,2101,1959,in_copyright,False,True,True
tlg0062,060,LUCIANUS,Harmonides,995,1959,in_copyright,False,True,True
tlg0062,061,LUCIANUS,Hesiodus,942,1959,in_copyright,False,True,True
tlg0062,062,LUCIANUS,Scytha,1862,1959,in_copyright,False,True,True
tlg0062,063,LUCIANUS,Hermotimus,14455,1959,in_copyright,False,True,True
tlg0062,064,LUCIANUS,Prometheus es in verbis,1033,1959,in_copyright,False,True,True
tlg0062,065,LUCIANUS,Navigium,5504,1959,in_copyright,False,True,True
tlg0062,066,LUCIANUS,Dialogi mortuorum,11885,1961,in_copyright,False,True,True
tlg0062,067,LUCIANUS,Dialogi marini,4197,1961,in_copyright,False,True,True
tlg0062,068,LUCIANUS,Dialogi deorum,8021,1961,in_copyright,False,True,True
tlg0062,069,LUCIANUS,Dialogi meretricii,8303,1961,in_copyright,False,True,True
tlg0062,070,LUCIANUS,Soloecista,1875,1967,in_copyright,False,True,True
tlg0062,071,LUCIANUS,Podagra,1813,1967,in_copyright,False,True,True
tlg0062,X01,LUCIANUS,Epigrammata,,,unknown,False,False,False
tlg0062,X02,LUCIANUS,Oracula ficta,,,unknown,False,False,False
tlg0063,001,DIONYSIUS THRAX,Ars grammatica,3536,1883,pd_us,False,False,False
tlg0063,002,DIONYSIUS THRAX,Testimonium,40,,unknown,False,False,False
tlg0063,003,DIONYSIUS THRAX,Fragmentum,48,,unknown,False,False,False
tlg0063,004,DIONYSIUS THRAX,Fragmenta,3098,1977,in_copyright,False,False,False
tlg0064,001,PERIPLUS HANNONIS,Periplus Hannonis,680,1855,pd_us,True,False,True
tlg0065,001,SCYLAX,Periplus Scylacis,9041,1855,pd_us,True,False,True
tlg0065,002,SCYLAX,Testimonia,712,,unknown,False,False,False
tlg0065,003,SCYLAX,Fragmenta,902,,unknown,False,False,False
tlg0066,001,DICAEARCHUS,Fragmenta,6037,1967,in_copyright,True,False,True
tlg0066,X01,DICAEARCHUS,*PERI\ TW=N E)N TH=| *(ELLA/DI PO/LEWN,,,unknown,False,False,False
tlg0067,001,AGATHARCHIDES,De mari Erythraeo (excerpta),12393,1855,pd_us,True,False,True
tlg0067,003,AGATHARCHIDES,Testimonia,607,,unknown,False,False,False
tlg0067,004,AGATHARCHIDES,Fragmenta,6411,,unknown,False,False,False
tlg0067,005,AGATHARCHIDES,Fragmenta sedis incertae,507,1855,pd_us,False,False,False
tlg0068,001,Pseudo-SCYMNUS,"Ad Nicomedem regem, vv. 1%19`980 (sub titulo  Orbis",5676,1855,pd_us,True,False,True
tlg0068,002,Pseudo-SCYMNUS,"Ad Nicomedem regem, vv. 722%19`1026",1687,1952,in_copyright,False,False,False
tlg0069,001,DIONYSIUS,Descriptio Graeciae,929,1855,pd_us,True,False,True
tlg0071,001,PERIPLUS MARIS ERYTHRAEI,"Anonymi (Arriani, ut fertur) periplus maris Erythraei",6565,1855,pd_us,True,False,True
tlg0072,001,ANONYMI GRAMMATICI,Supplementa artis Dionysianae vetusta,2820,1883,pd_us,False,False,False
tlg0072,003,ANONYMI GRAMMATICI,Fragmentum grammaticum (P. Yale 1.25 [inv. 446]) (fort,337,1979,in_copyright,False,False,False
tlg0072,004,ANONYMI GRAMMATICI,Fragmentum grammaticum (P. Lit. Lond. 182 %6 P. Lond,993,1979,in_copyright,False,False,False
tlg0072,005,ANONYMI GRAMMATICI,Fragmentum grammaticum (P. Heid. Siegmann 197 [inv. 1893]),283,1979,in_copyright,False,False,False
tlg0072,006,ANONYMI GRAMMATICI,Fragmentum grammaticum (PSI sine numero [inv. 505]),209,1979,in_copyright,False,False,False
tlg0072,007,ANONYMI GRAMMATICI,Fragmentum grammaticum (P. Brooklyn inv. 47.218.36),86,1979,in_copyright,False,False,False
tlg0072,008,ANONYMI GRAMMATICI,Fragmentum grammaticum (P. Oslo 2.13),422,1979,in_copyright,False,False,False
tlg0072,009,ANONYMI GRAMMATICI,,151,1979,in_copyright,False,False,False
tlg0072,010,ANONYMI GRAMMATICI,Fragmentum grammaticum (P. Harr. 59 [inv. 172b %7 182h]),222,1979,in_copyright,False,False,False
tlg0072,011,ANONYMI GRAMMATICI,Fragmentum grammaticum (P. Heid. Siegmann 198 [inv. 201a]),123,1979,in_copyright,False,False,False
tlg0072,012,ANONYMI GRAMMATICI,Fragmentum grammaticum (P. Iand. 5.83 [inv. 555]),91,1979,in_copyright,False,False,False
tlg0072,013,ANONYMI GRAMMATICI,Fragmentum grammaticum (P. Amh. 2.21),323,1979,in_copyright,False,False,False
tlg0072,014,ANONYMI GRAMMATICI,Fragmentum grammaticum (P. Ant. 2.68),158,1979,in_copyright,False,False,False
tlg0072,015,ANONYMI GRAMMATICI,Fragmentum grammaticum (PSI `7.761),153,1979,in_copyright,False,False,False
tlg0072,016,ANONYMI GRAMMATICI,Compendium catholicae Herodiani (P. Ant. 2.67),204,1979,in_copyright,False,False,False
tlg0072,017,ANONYMI GRAMMATICI,Commentarium in anonymi opus PERI\ KLI/SEWS O)NOMA/TWN (P,172,1979,in_copyright,False,False,False
tlg0072,018,ANONYMI GRAMMATICI,Compendium Herodiani operis PERI\ KLI/SEWS O)NOMA/TWN (P,128,1979,in_copyright,False,False,False
tlg0072,019,ANONYMI GRAMMATICI,De participiis (P. Rain. 1.19 [inv. 29772]),75,1979,in_copyright,False,False,False
tlg0072,020,ANONYMI GRAMMATICI,Fragmentum grammaticum (PSI 7.849),361,1979,in_copyright,False,False,False
tlg0072,021,ANONYMI GRAMMATICI,Fragmentum grammaticum (P. Oxy. 3.469),114,1979,in_copyright,False,False,False
tlg0072,022,ANONYMI GRAMMATICI,Fragmentum grammaticum (P. Iand. 1.5 [inv. 2]),178,1979,in_copyright,False,False,False
tlg0072,023,ANONYMI GRAMMATICI,*PERI\ *AI)OLI/DOS (?) (fragmentum) (P. Bouriant 8,541,1979,in_copyright,False,False,False
tlg0072,X01,ANONYMI GRAMMATICI,*PERI\ DUSKLI/TWN R(HMA/TWN (P. Rain. 3.33A),,,unknown,False,False,False
tlg0072,X02,ANONYMI GRAMMATICI,*PERI\ PROSW|DIW=N,,,unknown,False,False,False
tlg0074,001,Flavius ARRIANUS,Alexandri anabasis,80714,1967,in_copyright,False,True,True
tlg0074,002,Flavius ARRIANUS,Historia Indica,14423,1968,in_copyright,False,True,True
tlg0074,003,Flavius ARRIANUS,Cynegeticus,6254,1968,in_copyright,False,True,True
tlg0074,004,Flavius ARRIANUS,Periplus ponti Euxini,4510,1968,in_copyright,False,True,True
tlg0074,005,Flavius ARRIANUS,Tactica,9460,1968,in_copyright,False,True,True
tlg0074,006,Flavius ARRIANUS,Acies contra Alanos,1338,1968,in_copyright,False,True,True
tlg0074,007,Flavius ARRIANUS,Fragmenta de rebus physicis,1832,1968,in_copyright,False,False,False
tlg0074,008,Flavius ARRIANUS,Epistula ad Lucium Gellium,205,1968,in_copyright,True,False,True
tlg0074,009,Flavius ARRIANUS,Bithynicorum fragmenta,4604,1968,in_copyright,False,False,False
tlg0074,010,Flavius ARRIANUS,Parthicorum fragmenta,3527,1968,in_copyright,False,False,False
tlg0074,011,Flavius ARRIANUS,"Historia successorum Alexandri (fragmenta ap. Photium, Bibl",4662,1968,in_copyright,False,False,False
tlg0074,012,Flavius ARRIANUS,Fragmentum ex historia Alanica (?),82,1968,in_copyright,False,False,False
tlg0074,013,Flavius ARRIANUS,Fragmenta incerta (utrum e Parthicis an ex historia successorum,572,1968,in_copyright,False,False,False
tlg0074,014,Flavius ARRIANUS,Fragmentum (PSI 12.1284),173,1968,in_copyright,False,False,False
tlg0074,015,Flavius ARRIANUS,Parthicorum fragmenta (ap. Joannem Lydum et Syncellum),145,1968,in_copyright,False,False,False
tlg0074,016,Flavius ARRIANUS,"Historia successorum Alexandri (fragmenta ap. Photium, Bibl",478,1968,in_copyright,False,False,False
tlg0074,017,Flavius ARRIANUS,Testimonia,774,,unknown,False,False,False
tlg0074,018,Flavius ARRIANUS,Fragmenta,13165,,unknown,False,False,False
tlg0074,X01,Flavius ARRIANUS,Dissertationes ab Arriano digestae,,,unknown,False,False,False
tlg0074,X02,Flavius ARRIANUS,Dissertationum Epictetearum sive ab Arriano sive ab aliis digestarum,,,unknown,False,False,False
tlg0074,X03,Flavius ARRIANUS,Periplus maris Erythraei,,,unknown,False,False,False
tlg0074,X04,Flavius ARRIANUS,Periplus ponti Euxini,,,unknown,False,False,False
tlg0075,001,PERIPLUS PONTI EUXINI,"Anonymi (Arriani, ut fertur) periplus ponti Euxini",5779,1855,pd_us,True,False,True
tlg0077,001,PERIPLUS MARIS MAGNI,Stadiasmus sive periplus Maris Magni,5980,1855,pd_us,True,False,True
tlg0079,002,MENIPPUS,Fragmenta,218,1855,pd_us,False,False,False
tlg0079,X01,MENIPPUS,Menippi periplus Maris Interni (epitome Marciani),,,unknown,False,False,False
tlg0081,001,DIONYSIUS HALICARNASSENSIS,Antiquitates Romanae,295922,1885,pd_us,False,True,True
tlg0081,002,DIONYSIUS HALICARNASSENSIS,De antiquis oratoribus,915,1899,pd_us,False,True,True
tlg0081,003,DIONYSIUS HALICARNASSENSIS,De Lysia,7951,1899,pd_us,False,True,True
tlg0081,004,DIONYSIUS HALICARNASSENSIS,De Isocrate,6614,1899,pd_us,False,True,True
tlg0081,005,DIONYSIUS HALICARNASSENSIS,De Isaeo,5434,1899,pd_us,False,True,True
tlg0081,006,DIONYSIUS HALICARNASSENSIS,De Demosthenis dictione,22807,1899,pd_us,True,True,True
tlg0081,007,DIONYSIUS HALICARNASSENSIS,Libri secundi de antiquis oratoribus reliquiae,244,1899,pd_us,True,True,True
tlg0081,008,DIONYSIUS HALICARNASSENSIS,Ad Ammaeum,3598,1899,pd_us,False,True,True
tlg0081,009,DIONYSIUS HALICARNASSENSIS,De Dinarcho,4413,1899,pd_us,False,True,True
tlg0081,010,DIONYSIUS HALICARNASSENSIS,De Thucydide,17449,1899,pd_us,False,True,True
tlg0081,011,DIONYSIUS HALICARNASSENSIS,De Thucydidis idiomatibus (epistula ad Ammaeum),2707,1899,pd_us,False,True,True
tlg0081,012,DIONYSIUS HALICARNASSENSIS,De compositione verborum,21576,1929,pd_us,False,True,True
tlg0081,013,DIONYSIUS HALICARNASSENSIS,De compositione verborum (epitome),9989,1929,pd_us,True,False,True
tlg0081,014,DIONYSIUS HALICARNASSENSIS,,2162,1929,pd_us,True,False,True
tlg0081,015,DIONYSIUS HALICARNASSENSIS,Epistula ad Pompeium Geminum,4535,1929,pd_us,False,True,True
tlg0081,016,DIONYSIUS HALICARNASSENSIS,Ars rhetorica [Sp.],23541,1929,pd_us,True,False,True
tlg0081,017,DIONYSIUS HALICARNASSENSIS,Testimonium,22,,unknown,False,False,False
tlg0081,018,DIONYSIUS HALICARNASSENSIS,Fragmenta,1782,,unknown,False,False,False
tlg0081,X01,DIONYSIUS HALICARNASSENSIS,De veterum censura (%6 *PERI\ MIMH/SEWS),,,unknown,False,False,False
tlg0082,001,APOLLONIUS DYSCOLUS,De pronominibus,27815,1878,pd_us,True,False,True
tlg0082,002,APOLLONIUS DYSCOLUS,De adverbiis,25940,1878,pd_us,True,False,True
tlg0082,003,APOLLONIUS DYSCOLUS,De conjunctionibus,12463,1878,pd_us,True,False,True
tlg0082,004,APOLLONIUS DYSCOLUS,De constructione,62845,1910,pd_us,True,False,True
tlg0083,002,DIONYSIUS,Titulus,3,1983,in_copyright,False,False,False
tlg0083,003,DIONYSIUS,Per Bosporum navigatio,4269,1958,in_copyright,True,False,True
tlg0084,001,DIONYSIUS,Orbis descriptio,7655,1994,in_copyright,True,False,True
tlg0084,002,DIONYSIUS,Lithiaca vel lithica (fragmenta),21,1861,pd_us,False,False,False
tlg0084,003,DIONYSIUS,Ixeuticon sive De aucupio (paraphrasis) (olim sub,8319,1963,in_copyright,False,False,False
tlg0085,001,AESCHYLUS,Supplices,5532,1955,in_copyright,True,True,True
tlg0085,002,AESCHYLUS,Persae,5647,1955,in_copyright,True,True,True
tlg0085,003,AESCHYLUS,Prometheus vinctus,6271,1955,in_copyright,True,True,True
tlg0085,004,AESCHYLUS,Septem contra Thebas,5631,1955,in_copyright,True,True,True
tlg0085,005,AESCHYLUS,Agamemnon,8754,1955,in_copyright,True,True,True
tlg0085,006,AESCHYLUS,Choephoroe,5959,1955,in_copyright,True,True,True
tlg0085,007,AESCHYLUS,Eumenides,5733,1955,in_copyright,True,True,True
tlg0085,008,AESCHYLUS,Fragmenta,41448,1959,in_copyright,False,False,False
tlg0085,009,AESCHYLUS,Fragmentum,5,1972,in_copyright,False,False,False
tlg0085,010,AESCHYLUS,Epigrammata,44,,unknown,False,False,False
tlg0085,011,AESCHYLUS,Fragmenta,8832,1985,in_copyright,False,False,False
tlg0085,X01,AESCHYLUS,Epigramma sepulcrale,,,unknown,False,False,False
tlg0086,001,ARISTOTELES et CORPUS ARISTOTELICUM,Analytica priora et posteriora,61800,1964,in_copyright,True,False,True
tlg0086,002,ARISTOTELES et CORPUS ARISTOTELICUM,De anima,21477,1961,in_copyright,True,False,True
tlg0086,003,ARISTOTELES et CORPUS ARISTOTELICUM,*)AQHNAI/WN POLITEI/A,16828,1928,pd_us,True,True,True
tlg0086,004,ARISTOTELES et CORPUS ARISTOTELICUM,De audibilibus,3612,1831,pd_us,True,False,True
tlg0086,005,ARISTOTELES et CORPUS ARISTOTELICUM,De caelo,30719,1965,in_copyright,True,False,True
tlg0086,006,ARISTOTELES et CORPUS ARISTOTELICUM,Categoriae,10537,1949,in_copyright,True,False,True
tlg0086,007,ARISTOTELES et CORPUS ARISTOTELICUM,De coloribus,5193,1831,pd_us,True,False,True
tlg0086,008,ARISTOTELES et CORPUS ARISTOTELICUM,De divinatione per somnum,1260,1955,in_copyright,True,False,True
tlg0086,009,ARISTOTELES et CORPUS ARISTOTELICUM,Ethica Eudemia,27112,1884,pd_us,False,True,True
tlg0086,010,ARISTOTELES et CORPUS ARISTOTELICUM,Ethica Nicomachea,58040,1894,pd_us,False,True,True
tlg0086,011,ARISTOTELES et CORPUS ARISTOTELICUM,Epistulae,832,1873,pd_us,True,False,True
tlg0086,012,ARISTOTELES et CORPUS ARISTOTELICUM,De generatione animalium,52022,1965,in_copyright,True,False,True
tlg0086,013,ARISTOTELES et CORPUS ARISTOTELICUM,De generatione et corruptione,16849,1966,in_copyright,True,False,True
tlg0086,014,ARISTOTELES et CORPUS ARISTOTELICUM,Historia animalium,97577,1964,in_copyright,True,False,True
tlg0086,015,ARISTOTELES et CORPUS ARISTOTELICUM,De incessu animalium,6592,1913,pd_us,True,False,True
tlg0086,016,ARISTOTELES et CORPUS ARISTOTELICUM,De insomniis,2511,1955,in_copyright,True,False,True
tlg0086,017,ARISTOTELES et CORPUS ARISTOTELICUM,De interpretatione,6201,1949,in_copyright,True,False,True
tlg0086,018,ARISTOTELES et CORPUS ARISTOTELICUM,De juventute et senectute %7 De vita et morte,1911,1955,in_copyright,True,False,True
tlg0086,019,ARISTOTELES et CORPUS ARISTOTELICUM,De lineis insecabilibus,3035,1831,pd_us,True,False,True
tlg0086,020,ARISTOTELES et CORPUS ARISTOTELICUM,De longitudine et brevitate vitae,1842,1955,in_copyright,True,False,True
tlg0086,021,ARISTOTELES et CORPUS ARISTOTELICUM,De motu animalium,4253,1913,pd_us,True,False,True
tlg0086,022,ARISTOTELES et CORPUS ARISTOTELICUM,Magna moralia,24131,1935,in_copyright,True,False,True
tlg0086,023,ARISTOTELES et CORPUS ARISTOTELICUM,Mechanica,8621,1831,pd_us,True,False,True
tlg0086,024,ARISTOTELES et CORPUS ARISTOTELICUM,De memoria et reminiscentia,2589,1955,in_copyright,True,False,True
tlg0086,025,ARISTOTELES et CORPUS ARISTOTELICUM,Metaphysica,80635,1924,pd_us,False,True,True
tlg0086,026,ARISTOTELES et CORPUS ARISTOTELICUM,Meteorologica,34820,1919,pd_us,True,False,True
tlg0086,027,ARISTOTELES et CORPUS ARISTOTELICUM,Mirabilium auscultationes,9483,1831,pd_us,True,False,True
tlg0086,028,ARISTOTELES et CORPUS ARISTOTELICUM,De mundo,6738,1933,in_copyright,False,False,False
tlg0086,029,ARISTOTELES et CORPUS ARISTOTELICUM,Oeconomica,6491,1968,in_copyright,False,True,True
tlg0086,030,ARISTOTELES et CORPUS ARISTOTELICUM,De partibus animalium,39595,1956,in_copyright,True,False,True
tlg0086,031,ARISTOTELES et CORPUS ARISTOTELICUM,Physica,57057,1950,in_copyright,True,False,True
tlg0086,032,ARISTOTELES et CORPUS ARISTOTELICUM,Physiognomonica,6014,1831,pd_us,True,False,True
tlg0086,033,ARISTOTELES et CORPUS ARISTOTELICUM,Protrepticus,6196,1961,in_copyright,False,False,False
tlg0086,034,ARISTOTELES et CORPUS ARISTOTELICUM,Poetica,10549,1965,in_copyright,False,True,True
tlg0086,035,ARISTOTELES et CORPUS ARISTOTELICUM,Politica,67723,1957,in_copyright,False,True,True
tlg0086,036,ARISTOTELES et CORPUS ARISTOTELICUM,Problemata,76106,1831,pd_us,True,False,True
tlg0086,037,ARISTOTELES et CORPUS ARISTOTELICUM,De respiratione,6275,1955,in_copyright,True,False,True
tlg0086,038,ARISTOTELES et CORPUS ARISTOTELICUM,Rhetorica,44373,1959,in_copyright,False,True,True
tlg0086,040,ARISTOTELES et CORPUS ARISTOTELICUM,Sophistici elenchi,14649,1958,in_copyright,True,False,True
tlg0086,041,ARISTOTELES et CORPUS ARISTOTELICUM,De sensu et sensibilibus,8130,1955,in_copyright,True,False,True
tlg0086,042,ARISTOTELES et CORPUS ARISTOTELICUM,De somno et vigilia,3099,1955,in_copyright,True,False,True
tlg0086,043,ARISTOTELES et CORPUS ARISTOTELICUM,De spiritu,3577,1913,pd_us,True,False,True
tlg0086,044,ARISTOTELES et CORPUS ARISTOTELICUM,Topica,45655,1958,in_copyright,True,False,True
tlg0086,045,ARISTOTELES et CORPUS ARISTOTELICUM,De virtutibus et vitiis,1554,1831,pd_us,False,True,True
tlg0086,046,ARISTOTELES et CORPUS ARISTOTELICUM,De ventorum situ et nominibus,452,1831,pd_us,True,False,True
tlg0086,047,ARISTOTELES et CORPUS ARISTOTELICUM,"De Xenophane, de Zenone, de Gorgia",4984,1831,pd_us,True,False,True
tlg0086,048,ARISTOTELES et CORPUS ARISTOTELICUM,Divisiones Aristoteleae,10005,1906,pd_us,True,False,True
tlg0086,049,ARISTOTELES et CORPUS ARISTOTELICUM,Fragmenta,53,1972,in_copyright,False,False,False
tlg0086,050,ARISTOTELES et CORPUS ARISTOTELICUM,Fragmentum,94,1962,in_copyright,False,False,False
tlg0086,051,ARISTOTELES et CORPUS ARISTOTELICUM,Fragmenta varia,88480,1886,pd_us,False,False,False
tlg0086,052,ARISTOTELES et CORPUS ARISTOTELICUM,De anima (codicis E fragmenta recensionis a vulgata diversae),2466,1961,in_copyright,True,False,True
tlg0086,053,ARISTOTELES et CORPUS ARISTOTELICUM,De anima (codicis P lectiones quae valde a lectionibus ceterorum,1450,1961,in_copyright,False,False,False
tlg0086,054,ARISTOTELES et CORPUS ARISTOTELICUM,Physicorum libri octavi textus alter (post 267b26),2484,1950,in_copyright,True,False,True
tlg0086,055,ARISTOTELES et CORPUS ARISTOTELICUM,Testimonia,654,,unknown,False,False,False
tlg0086,056,ARISTOTELES et CORPUS ARISTOTELICUM,Fragmenta,1712,,unknown,False,False,False
tlg0086,X01,ARISTOTELES et CORPUS ARISTOTELICUM,Rhetorica ad Alexandrum,,,unknown,False,False,False
tlg0086,X02,ARISTOTELES et CORPUS ARISTOTELICUM,Sicyonis historia (P. Oxy. 11.1365),,,unknown,False,False,False
tlg0086,X03,ARISTOTELES et CORPUS ARISTOTELICUM,Epigramma,,,unknown,False,False,False
tlg0086,X04,ARISTOTELES et CORPUS ARISTOTELICUM,Epigrammata (App. Anth.),,,unknown,False,False,False
tlg0086,X05,ARISTOTELES et CORPUS ARISTOTELICUM,Tractatus Coislinianus (fort. epitome Poeticae libri ii),,,unknown,False,False,False
tlg0087,001,Aelius HERODIANUS et Pseudo-HERODIANUS,De prosodia catholica,143838,1867,pd_us,True,False,True
tlg0087,002,Aelius HERODIANUS et Pseudo-HERODIANUS,De enclisi (epitome ap. Arcadium),2934,1867,pd_us,True,False,True
tlg0087,003,Aelius HERODIANUS et Pseudo-HERODIANUS,*PERI\ KURI/WN KAI\ E)PIQE/TWN KAI\ PROSHGORIKW=N MONO/BIBLON,1962,1870,pd_us,False,False,False
tlg0087,004,Aelius HERODIANUS et Pseudo-HERODIANUS,*PERI\ DIXRO/NWN,4040,1870,pd_us,True,False,True
tlg0087,005,Aelius HERODIANUS et Pseudo-HERODIANUS,*PERI\ PNEUMA/TWN,74,1870,pd_us,True,False,True
tlg0087,006,Aelius HERODIANUS et Pseudo-HERODIANUS,*PERI\ *)ATTIKH=S PROSW|DI/AS,154,1870,pd_us,True,False,True
tlg0087,007,Aelius HERODIANUS et Pseudo-HERODIANUS,*PERI\ *)ILIAKH=S PROSW|DI/AS,40308,1870,pd_us,True,False,True
tlg0087,008,Aelius HERODIANUS et Pseudo-HERODIANUS,*PERI\ *)ODUSSEIAKH=S PROSW|DI/AS,9710,1870,pd_us,True,False,True
tlg0087,009,Aelius HERODIANUS et Pseudo-HERODIANUS,*PERI\ PAQW=N,41556,1870,pd_us,True,False,True
tlg0087,010,Aelius HERODIANUS et Pseudo-HERODIANUS,*PERI\ SUNTA/CEWS TW=N STOIXEI/WN,6139,1870,pd_us,True,False,True
tlg0087,011,Aelius HERODIANUS et Pseudo-HERODIANUS,*PERI\ O)RQOGRAFI/AS,54459,1870,pd_us,True,False,True
tlg0087,012,Aelius HERODIANUS et Pseudo-HERODIANUS,*PERI\ O)NOMA/TWN,8125,1870,pd_us,True,False,True
tlg0087,013,Aelius HERODIANUS et Pseudo-HERODIANUS,*PERI\ KLI/SEWS O)NOMA/TWN,55098,1870,pd_us,True,False,True
tlg0087,014,Aelius HERODIANUS et Pseudo-HERODIANUS,*EI)S TO\ PERI\ GENW=N *)APOLLWNI/OU U(PO/MNHMA,57,1870,pd_us,True,False,True
tlg0087,015,Aelius HERODIANUS et Pseudo-HERODIANUS,*MONO/BIBLON PERI\ TOU= U(/DWR,86,1870,pd_us,True,False,True
tlg0087,016,Aelius HERODIANUS et Pseudo-HERODIANUS,*PERI\ TOU= ZW/S,102,1870,pd_us,True,False,True
tlg0087,017,Aelius HERODIANUS et Pseudo-HERODIANUS,*PERI\ SUZUGIW=N,78,1870,pd_us,True,False,True
tlg0087,018,Aelius HERODIANUS et Pseudo-HERODIANUS,*MONO/BIBLON PERI\ TOU= MH\ PA/NTA TA\ R(H/MATA KLI/NESQAI EI)S,1586,1870,pd_us,True,False,True
tlg0087,019,Aelius HERODIANUS et Pseudo-HERODIANUS,*PERI\ METOXW=N,164,1870,pd_us,True,False,True
tlg0087,020,Aelius HERODIANUS et Pseudo-HERODIANUS,*MONO/BIBLON PERI\ TOU= H)=N,114,1870,pd_us,True,False,True
tlg0087,021,Aelius HERODIANUS et Pseudo-HERODIANUS,*PERI\ R(HMA/TWN,15993,1870,pd_us,True,False,True
tlg0087,022,Aelius HERODIANUS et Pseudo-HERODIANUS,*PERI\ TW=N EI)S <MI>,9760,1870,pd_us,True,False,True
tlg0087,023,Aelius HERODIANUS et Pseudo-HERODIANUS,*PERI\ A)NTWNUMIW=N,480,1870,pd_us,True,False,True
tlg0087,024,Aelius HERODIANUS et Pseudo-HERODIANUS,*PERI\ E)PIRRHMA/TWN,66,1870,pd_us,True,False,True
tlg0087,025,Aelius HERODIANUS et Pseudo-HERODIANUS,De figuris (%6 *PERI\ SXHMA/TWN),711,1870,pd_us,True,False,True
tlg0087,026,Aelius HERODIANUS et Pseudo-HERODIANUS,*PERI\ PARWNU/MWN,15428,1870,pd_us,True,False,True
tlg0087,027,Aelius HERODIANUS et Pseudo-HERODIANUS,*PERI\ R(HMATIKW=N O)NOMA/TWN,2256,1870,pd_us,True,False,True
tlg0087,028,Aelius HERODIANUS et Pseudo-HERODIANUS,*PERI\ MONOSULLA/BWN,251,1870,pd_us,True,False,True
tlg0087,029,Aelius HERODIANUS et Pseudo-HERODIANUS,*PERI\ GA/MOU KAI\ SUMBIW/SEWS,70,1870,pd_us,True,False,True
tlg0087,030,Aelius HERODIANUS et Pseudo-HERODIANUS,*SUMPO/SION,616,1870,pd_us,True,False,True
tlg0087,031,Aelius HERODIANUS et Pseudo-HERODIANUS,*PROTA/SEIS,124,1870,pd_us,True,False,True
tlg0087,032,Aelius HERODIANUS et Pseudo-HERODIANUS,*EI)S TH\N *)APOLLWNI/OU EI)SAGWGH/N,55,1870,pd_us,True,False,True
tlg0087,033,Aelius HERODIANUS et Pseudo-HERODIANUS,*PERI\ MONH/ROUS LE/CEWS,11290,1870,pd_us,True,False,True
tlg0087,034,Aelius HERODIANUS et Pseudo-HERODIANUS,*PERI\ PAQW=N (supplementum),15556,1870,pd_us,False,False,False
tlg0087,035,Aelius HERODIANUS et Pseudo-HERODIANUS,De figuris (%6 *PERI\ SXHMA/TWN) [Sp.],4078,1856,pd_us,True,False,True
tlg0087,036,Aelius HERODIANUS et Pseudo-HERODIANUS,Partitiones (%6 *)EPIMERISMOI/) [Sp.?] (e codd. Paris. 2543 %7,33224,1819,pd_us,False,False,False
tlg0087,037,Aelius HERODIANUS et Pseudo-HERODIANUS,Philetaerus [Sp.?] (fort. auctore Corneliano) (e codd. Vat. gr. 2226,5207,1954,in_copyright,False,False,False
tlg0087,038,Aelius HERODIANUS et Pseudo-HERODIANUS,De locutionum pravitatibus (posterior pars operis) [Sp.],312,1954,in_copyright,False,False,False
tlg0087,039,Aelius HERODIANUS et Pseudo-HERODIANUS,Excerpta e Herodiano [Sp.] (e codd. Paris. gr. 2650 %7 2662 %7 Paris,1714,1954,in_copyright,False,False,False
tlg0087,040,Aelius HERODIANUS et Pseudo-HERODIANUS,De versibus,253,1867,pd_us,False,False,False
tlg0087,041,Aelius HERODIANUS et Pseudo-HERODIANUS,Schematismi Homerici,2543,1894,pd_us,False,False,False
tlg0087,042,Aelius HERODIANUS et Pseudo-HERODIANUS,*PERI\ A)RIQMW=N (ap. Stephanum),393,,unknown,False,False,False
tlg0087,043,Aelius HERODIANUS et Pseudo-HERODIANUS,*PERI\ AU)QUPOTA/KTWN KAI\ A)NUPOTA/KTWN,803,1821,pd_us,False,False,False
tlg0087,044,Aelius HERODIANUS et Pseudo-HERODIANUS,*PERI\ SOLOIKISMOU= KAI\ BARBARISMOU=,2678,1867,pd_us,False,False,False
tlg0087,045,Aelius HERODIANUS et Pseudo-HERODIANUS,*PERI\ PARAGWGW=N GENIKW=N A)PO\ DIALE/KTWN (e cod. Barroc,2616,1836,pd_us,False,False,False
tlg0087,046,Aelius HERODIANUS et Pseudo-HERODIANUS,Excerpta e Herodiano [Sp.] (e cod. Paris. gr. 2552),1586,1830,pd_us,False,False,False
tlg0087,047,Aelius HERODIANUS et Pseudo-HERODIANUS,De locutionum pravitatibus (prior pars operis) [Sp.] (fort. auctore,4068,1836,pd_us,False,False,False
tlg0087,049,Aelius HERODIANUS et Pseudo-HERODIANUS,*PERI\ LE/CEWS TW=N STI/XWN,232,1814,pd_us,False,False,False
tlg0087,050,Aelius HERODIANUS et Pseudo-HERODIANUS,*PAREKBOLAI\ TOU= MEGA/LOU R(H/MATOS,14934,1863,pd_us,False,False,False
tlg0087,054,Aelius HERODIANUS et Pseudo-HERODIANUS,Fragmentum grammaticum quod incipit a vocibus ZHTOU=MEN KAI\ TH\N,2415,1836,pd_us,False,False,False
tlg0087,X01,Aelius HERODIANUS et Pseudo-HERODIANUS,De impropriis (%6 *PERI\ A)KUROLOGI/AS) (quoque sub nominibus,,,unknown,False,False,False
tlg0088,001,ARISTOXENUS,Elementa harmonica,14788,1954,in_copyright,True,False,True
tlg0088,002,ARISTOXENUS,Elementa rhythmica (lib. 1),376,1959,in_copyright,False,False,False
tlg0088,003,ARISTOXENUS,Elementa rhythmica (lib. 2),2553,1959,in_copyright,False,False,False
tlg0088,004,ARISTOXENUS,Fragmenta Parisina (e cod. bibl. imp. Par. 3027),466,1959,in_copyright,False,False,False
tlg0088,005,ARISTOXENUS,Fragmentum (P. Oxy. 1.9),594,1959,in_copyright,False,False,False
tlg0088,006,ARISTOXENUS,Fragmenta,9598,1967,in_copyright,False,False,False
tlg0089,001,PRAXIPHANES,Fragmenta,1344,1969,in_copyright,False,False,False
tlg0090,001,AGATHEMERUS,Geographiae informatio,2076,1861,pd_us,True,True,True
tlg0092,001,ANONYMI GEOGRAPHIAE EXPOSITIO COMPENDIARIA,Geographiae expositio compendiaria,4413,1861,pd_us,True,False,True
tlg0093,001,THEOPHRASTUS,Historia plantarum,73980,1916,pd_us,True,False,True
tlg0093,002,THEOPHRASTUS,De causis plantarum (lib. 1),12284,1927,pd_us,True,False,True
tlg0093,003,THEOPHRASTUS,"De sensu et sensibilibus (%6 fr. 1, Wimmer)",9212,1879,pd_us,True,False,True
tlg0093,004,THEOPHRASTUS,"De lapidibus (%6 fr. 2, Wimmer)",4379,1965,in_copyright,True,False,True
tlg0093,005,THEOPHRASTUS,"De igne (%6 fr. 3, Wimmer)",6390,1971,in_copyright,True,False,True
tlg0093,006,THEOPHRASTUS,"Metaphysica (%6 fr. 12, Wimmer)",3559,1929,pd_us,True,False,True
tlg0093,007,THEOPHRASTUS,De pietate,4526,1964,in_copyright,False,False,False
tlg0093,008,THEOPHRASTUS,Physicorum opiniones,4897,1879,pd_us,False,False,False
tlg0093,009,THEOPHRASTUS,Characteres,6876,1960,in_copyright,False,True,True
tlg0093,010,THEOPHRASTUS,Fragmenta,36234,1866,pd_us,False,False,False
tlg0093,014,THEOPHRASTUS,De causis plantarum (lib. 2%19`6),59608,1866,pd_us,False,False,False
tlg0093,015,THEOPHRASTUS,De eligendis magistratibus (fragmenta),1002,1943,in_copyright,False,False,False
tlg0094,001,Pseudo-PLUTARCHUS,De fluviis,6879,1861,pd_us,True,False,True
tlg0094,002,Pseudo-PLUTARCHUS,De musica (1131b%19`1147a),8504,1966,in_copyright,False,True,True
tlg0094,003,Pseudo-PLUTARCHUS,Placita philosophorum (874d%19`911c),17825,1971,in_copyright,False,True,True
tlg0094,X01,Pseudo-PLUTARCHUS,Stromata,,,unknown,False,False,False
tlg0094,X03,Pseudo-PLUTARCHUS,Vita Homeri,,,unknown,False,False,False
tlg0094,X04,Pseudo-PLUTARCHUS,De Homero,,,unknown,False,False,False
tlg0095,001,HERMODORUS,Testimonia et fragmenta,579,1982,in_copyright,False,False,False
tlg0095,002,HERMODORUS,De Platone (fort. auctore Hermodoro Syracusano),804,1987,in_copyright,False,False,False
tlg0096,001,AESOPUS et AESOPICA,Paroemiae,109,1851,pd_us,False,False,False
tlg0096,002,AESOPUS et AESOPICA,Fabulae,46077,1970,in_copyright,True,False,True
tlg0096,003,AESOPUS et AESOPICA,Fabulae tabulis ceratis Assendelftianis servatae,253,1959,in_copyright,False,False,False
tlg0096,004,AESOPUS et AESOPICA,Fabulae Dosithei,1202,1959,in_copyright,False,False,False
tlg0096,005,AESOPUS et AESOPICA,Fabulae Libanii,505,1959,in_copyright,False,False,False
tlg0096,006,AESOPUS et AESOPICA,Fabulae Aphthonii rhetoris,2807,1959,in_copyright,False,False,False
tlg0096,007,AESOPUS et AESOPICA,Fabulae Themistii rhetoris,119,1959,in_copyright,False,False,False
tlg0096,008,AESOPUS et AESOPICA,Fabulae Theophylacti Simocattae scholastici,392,1959,in_copyright,False,False,False
tlg0096,009,AESOPUS et AESOPICA,Fabulae Syntipae philosophi,4839,1959,in_copyright,False,False,False
tlg0096,010,AESOPUS et AESOPICA,Fabulae rhetoris anonymi Brancatiani,290,1959,in_copyright,False,False,False
tlg0096,011,AESOPUS et AESOPICA,Fabula Nicephori,90,1959,in_copyright,False,False,False
tlg0096,012,AESOPUS et AESOPICA,Fabulae (P. Ryl. 493),332,1959,in_copyright,False,False,False
tlg0096,013,AESOPUS et AESOPICA,Fabulae ap. Dionem Chrysostomum,331,1959,in_copyright,False,False,False
tlg0096,014,AESOPUS et AESOPICA,Epigramma,47,,unknown,False,False,False
tlg0096,015,AESOPUS et AESOPICA,Fabulae (dodecasyllabi),9602,1925,pd_us,False,False,False
tlg0096,016,AESOPUS et AESOPICA,Sententiae,944,1952,in_copyright,False,False,False
tlg0096,017,AESOPUS et AESOPICA,Proverbia,3049,1952,in_copyright,False,False,False
tlg0097,001,DIOGENIANUS,Paroemiae (epitome operis sub nomine Diogeniani) (e cod. Mazarinco),11510,1839,pd_us,True,False,True
tlg0097,002,DIOGENIANUS,Paroemiae (epitome operis sub nomine Diogeniani) (e cod. Vindob,5082,1851,pd_us,False,False,False
tlg0097,X01,DIOGENIANUS,*PANTODAPH\ LE/CIS (epitome operis Pamphili et Zopyrionis),,,unknown,False,False,False
tlg0097,X02,DIOGENIANUS,*PERIERGOPE/NHTES (fort. epitome operis Pamphili et Zopyri),,,unknown,False,False,False
tlg0097,X03,DIOGENIANUS,"*PERI\ POTAMW=N, LIMNW=N, KRHNW=N, O)RW=N, A)KRWREIW=N",,,unknown,False,False,False
tlg0098,001,ZENOBIUS Sophista,Epitome collectionum Lucilli Tarrhaei et Didymi,21271,1839,pd_us,True,False,True
tlg0099,001,STRABO,Geographica,299833,1877,pd_us,False,True,True
tlg0099,002,STRABO,Testimonia,42,,unknown,False,False,False
tlg0099,003,STRABO,Fragmenta,1748,,unknown,False,False,False
tlg0116,002,ABYDENUS,Fragmenta,2166,1841,pd_us,False,False,False
tlg0125,001,ZENONIS EPISTULA,Epistula,123,1873,pd_us,False,False,False
tlg0127,001,Aulus Licinius ARCHIAS,Epigramma,26,1949,in_copyright,False,False,False
tlg0127,X01,Aulus Licinius ARCHIAS,Epigramma demonstrativum,,,unknown,False,False,False
tlg0131,001,ARCHIMELUS,Epigramma,37,,unknown,False,False,False
tlg0131,002,ARCHIMELUS,Fragmentum de Hieronis II navigio,116,1983,in_copyright,False,False,False
tlg0131,X01,ARCHIMELUS,Epigramma demonstrativum,,,unknown,False,False,False
tlg0137,001,ASCLEPIADES,Epigrammata,1533,,unknown,False,False,False
tlg0137,002,ASCLEPIADES,Fragmenta,21,1983,in_copyright,False,False,False
tlg0137,X01,ASCLEPIADES,Epigrammata dedicatoria,,,unknown,False,False,False
tlg0141,002,ATHENAEUS,Epigramma,41,,unknown,False,False,False
tlg0141,003,ATHENAEUS,Fragmenta,90,1983,in_copyright,False,False,False
tlg0141,X01,ATHENAEUS,Epigramma exhortatorium et supplicatorium,,,unknown,False,False,False
tlg0146,001,BOETHUS,Epigramma,41,,unknown,False,False,False
tlg0146,002,BOETHUS,Titulus,5,1983,in_copyright,False,False,False
tlg0165,001,DIODORUS,Epigrammata,200,,unknown,False,False,False
tlg0165,002,DIODORUS,Titulus,5,1983,in_copyright,False,False,False
tlg0174,001,DIOTIMUS,Epigrammata,297,,unknown,False,False,False
tlg0174,002,DIOTIMUS,Fragmentum et titulus,26,1983,in_copyright,False,False,False
tlg0174,003,DIOTIMUS,Fragmentum,21,1877,pd_us,False,False,False
tlg0186,001,Marcus Cornelius FRONTO,Ad Marcum Caesarem et invicem (lib. 1),886,1954,in_copyright,False,False,False
tlg0186,002,Marcus Cornelius FRONTO,Ad Marcum Caesarem et invicem (lib. 2),305,1954,in_copyright,False,False,False
tlg0186,003,Marcus Cornelius FRONTO,Ad amicos (lib. 1),71,1954,in_copyright,False,False,False
tlg0186,004,Marcus Cornelius FRONTO,Additamentum epistularum variarum acephalum,2308,1954,in_copyright,False,False,False
tlg0186,005,Marcus Cornelius FRONTO,Epigrammata,56,,unknown,False,False,False
tlg0186,X01,Marcus Cornelius FRONTO,Epigramma demonstrativum,,,unknown,False,False,False
tlg0197,001,HEDYLE,Fragmentum,34,1983,in_copyright,False,False,False
tlg0198,001,HEDYLUS,Epigrammata,156,,unknown,False,False,False
tlg0198,002,HEDYLUS,Fragmentum et titulus,48,1983,in_copyright,False,False,False
tlg0198,X01,HEDYLUS,Epigrammata (App. Anth.),,,unknown,False,False,False
tlg0199,010,BACCHYLIDES,Dithyrambi,1348,1993,in_copyright,False,False,False
tlg0199,011,BACCHYLIDES,Dithyramborum fragmenta,3590,1993,in_copyright,False,False,False
tlg0199,012,BACCHYLIDES,Epinicia,4000,1993,in_copyright,False,False,False
tlg0199,013,BACCHYLIDES,Epinicorum fragmenta,38,1993,in_copyright,False,False,False
tlg0199,014,BACCHYLIDES,Hymnorum fragmenta,43,1993,in_copyright,False,False,False
tlg0199,015,BACCHYLIDES,Paeanes (fragmenta),252,1993,in_copyright,False,False,False
tlg0199,016,BACCHYLIDES,Prosodia (fragmenta),62,1993,in_copyright,False,False,False
tlg0199,017,BACCHYLIDES,Partheneia (titulus solum),3,1993,in_copyright,False,False,False
tlg0199,018,BACCHYLIDES,Hyporchemata (fragmenta),52,1993,in_copyright,False,False,False
tlg0199,019,BACCHYLIDES,Erotica (fragmenta),57,1993,in_copyright,False,False,False
tlg0199,020,BACCHYLIDES,Encomia (fragmenta),861,1993,in_copyright,False,False,False
tlg0199,021,BACCHYLIDES,Fragmenta ex operibus incertis,171,1993,in_copyright,False,False,False
tlg0199,022,BACCHYLIDES,Fragmenta dubia,645,1993,in_copyright,False,False,False
tlg0199,023,BACCHYLIDES,Epigrammata,49,1993,in_copyright,False,False,False
tlg0200,001,MANTISSA PROVERBIORUM,Mantissa proverbiorum,4303,1851,pd_us,False,False,False
tlg0201,001,ISYLLUS,Fragmenta (IG 4.950),561,1925,pd_us,False,False,False
tlg0202,001,MACE(DONIUS),Paean in Apollinem et Aesculapium (IG 3.1.171b),147,1925,pd_us,False,False,False
tlg0202,X01,MACE(DONIUS),Epigramma exhortatorium et supplicatorium,,,unknown,False,False,False
tlg0203,001,LIMENIUS,Paean Delphicus ii et prosodium in Apollinem,287,1925,pd_us,False,False,False
tlg0204,001,ARISTONOUS,Paean in Apollinem,180,1925,pd_us,False,False,False
tlg0204,002,ARISTONOUS,Hymnus in Vestam,71,1925,pd_us,False,False,False
tlg0205,001,PHILODAMUS,Paean in Dionysum,513,1925,pd_us,False,False,False
tlg0205,002,PHILODAMUS,Paean in Dionysum (fragmenta incerti ordinis),16,1925,pd_us,False,False,False
tlg0206,001,THEOCLES,Ithyphalli,18,1925,pd_us,False,False,False
tlg0207,001,HERMOCLES,Ithyphalli,178,1925,pd_us,False,False,False
tlg0208,001,DOSIADAS,*BWMO/S,71,1925,pd_us,False,False,False
tlg0208,002,DOSIADAS,Epigramma,72,,unknown,False,False,False
tlg0209,001,SELEUCUS,*(ILARA\ A)/|SMATA,18,1925,pd_us,False,False,False
tlg0210,001,EUPHRONIUS,Priapeia,28,1925,pd_us,False,False,False
tlg0211,001,SIMIAS,Fragmenta,671,1925,pd_us,False,False,False
tlg0211,002,SIMIAS,Epigrammata,561,,unknown,False,False,False
tlg0211,X01,SIMIAS,Fragmentum hexametricum (P. Mich. 3.139) (fort. auctore Simia,,,unknown,False,False,False
tlg0212,001,PHILETAS,Fragmenta,300,1925,pd_us,False,False,False
tlg0212,002,PHILETAS,Fragmenta poetica,311,1928,pd_us,False,False,False
tlg0212,003,PHILETAS,Fragmenta grammatica,871,1928,pd_us,False,False,False
tlg0212,004,PHILETAS,Fragmenta,42,1983,in_copyright,False,False,False
tlg0212,X01,PHILETAS,Epigramma exhortatorium et supplicatorium,,,unknown,False,False,False
tlg0213,001,HERMESIANAX,Fragmenta,577,1925,pd_us,False,False,False
tlg0213,002,HERMESIANAX,Testimonia,147,,unknown,False,False,False
tlg0213,003,HERMESIANAX,Fragmenta,109,,unknown,False,False,False
tlg0214,001,PHANOCLES,Fragmenta,201,1925,pd_us,False,False,False
tlg0214,X01,PHANOCLES,Fragmentum papyraceum (P. Sorbonne inv. 2254) (fort. auctore,,,unknown,False,False,False
tlg0215,001,ANTAGORAS,Epigrammata,117,1925,pd_us,False,False,False
tlg0215,002,ANTAGORAS,Epigrammata,61,,unknown,False,False,False
tlg0215,X01,ANTAGORAS,Epigramma demonstrativum,,,unknown,False,False,False
tlg0216,001,ALEXANDER,Fragmenta,531,1925,pd_us,False,False,False
tlg0216,002,ALEXANDER,Epigrammata,99,,unknown,False,False,False
tlg0216,003,ALEXANDER,Fragmenta,8,1971,in_copyright,False,False,False
tlg0217,001,ANACREON Junior,Fragmentum,8,1925,pd_us,False,False,False
tlg0218,001,NICAENETUS,Fragmenta,239,1925,pd_us,False,False,False
tlg0218,002,NICAENETUS,Epigrammata,125,,unknown,False,False,False
tlg0218,X01,NICAENETUS,Epigramma exhortatorium et dedicatorium,,,unknown,False,False,False
tlg0219,001,RHIANUS,Fragmenta,776,1925,pd_us,False,False,False
tlg0219,002,RHIANUS,Epigrammata,393,,unknown,False,False,False
tlg0219,003,RHIANUS,Fragmentum et titulus,4,1983,in_copyright,False,False,False
tlg0219,004,RHIANUS,Testimonia,136,,unknown,False,False,False
tlg0219,005,RHIANUS,Fragmenta,2356,,unknown,False,False,False
tlg0219,006,RHIANUS,Fragmenta,367,1978,in_copyright,False,False,False
tlg0219,X01,RHIANUS,Fragmentum hexametricum (P. Oxy. 30.2522),,,unknown,False,False,False
tlg0219,X02,RHIANUS,Fragmentum hexametricum (P. Oxy. 39.2883),,,unknown,False,False,False
tlg0219,X03,RHIANUS,Fragmenta hexametrica [Dub.] (P. Oxy. 37.2819),,,unknown,False,False,False
tlg0219,X04,RHIANUS,Epigramma irrisorium,,,unknown,False,False,False
tlg0220,001,MOERO,Fragmenta,129,1925,pd_us,False,False,False
tlg0220,002,MOERO,Epigrammata,53,,unknown,False,False,False
tlg0221,001,EUPHORION,Fragmenta,1116,1925,pd_us,False,False,False
tlg0221,002,EUPHORION,Fragmenta,2018,1983,in_copyright,False,False,False
tlg0221,004,EUPHORION,Epigrammata,63,,unknown,False,False,False
tlg0222,001,ERATOSTHENES et ERATOSTHENICA,Catasterismi,7860,1897,pd_us,False,False,False
tlg0222,009,ERATOSTHENES et ERATOSTHENICA,Fragmenta,432,1925,pd_us,False,False,False
tlg0222,010,ERATOSTHENES et ERATOSTHENICA,Fragmentum Eratosthenicum,6,1925,pd_us,False,False,False
tlg0222,013,ERATOSTHENES et ERATOSTHENICA,Fragmenta,120,1983,in_copyright,False,False,False
tlg0222,015,ERATOSTHENES et ERATOSTHENICA,De circa exornatione stellarum et etymologia de quibus videntur,207,1898,pd_us,False,False,False
tlg0222,X01,ERATOSTHENES et ERATOSTHENICA,Victores Olympici (fort. auctore Phlegonte vel Eratosthene),,,unknown,False,False,False
tlg0222,X02,ERATOSTHENES et ERATOSTHENICA,Fragmentum papyraceum (P. Oxy. 30.2521) (fort. auctore,,,unknown,False,False,False
tlg0227,001,ANONYMI CURETUM HYMNUS,Hymnus Curetum,209,1925,pd_us,False,False,False
tlg0228,001,ANONYMI HYMNUS IN DACTYLOS IDAEOS,Hymnus in Dactylos Idaeos (IG 12.9.259),124,1925,pd_us,False,False,False
tlg0230,001,LYRICA ADESPOTA (CA),Fragmenta lyrica,2089,1925,pd_us,False,False,False
tlg0231,001,ELEGIACA ADESPOTA (CA),Fragmenta,186,1925,pd_us,False,False,False
tlg0232,001,ARCHILOCHUS,Fragmenta,3675,1971,in_copyright,False,False,False
tlg0232,002,ARCHILOCHUS,Fragmenta lyrica,259,1974,in_copyright,False,False,False
tlg0232,003,ARCHILOCHUS,Epigrammata,24,,unknown,False,False,False
tlg0232,X01,ARCHILOCHUS,Epigrammata (App. Anth.),,,unknown,False,False,False
tlg0233,001,HIPPONAX,Fragmenta,2256,1971,in_copyright,True,False,True
tlg0234,001,ELEGIACA ADESPOTA (IEG),Fragmenta,783,1972,in_copyright,False,False,False
tlg0235,001,IAMBICA ADESPOTA (IEG),Fragmenta,451,1972,in_copyright,False,False,False
tlg0236,001,ALCIBIADES,Fragmentum,16,1972,in_copyright,False,False,False
tlg0236,X01,ALCIBIADES,Epigramma,,,unknown,False,False,False
tlg0237,001,ANACREON,Fragmenta,115,1972,in_copyright,False,False,False
tlg0237,002,ANACREON,Fragmenta,1526,1962,in_copyright,False,False,False
tlg0237,003,ANACREON,Fragmenta,11,1974,in_copyright,False,False,False
tlg0237,004,ANACREON,Epigrammata,412,,unknown,False,False,False
tlg0237,X01,ANACREON,Epigramma exhortatorium et supplicatorium,,,unknown,False,False,False
tlg0238,001,ANANIUS,Fragmenta,135,1972,in_copyright,False,False,False
tlg0239,001,ANTIMACHUS,Fragmenta,102,1972,in_copyright,False,False,False
tlg0239,002,ANTIMACHUS,Fragmenta,948,1936,in_copyright,False,False,False
tlg0239,003,ANTIMACHUS,Epigramma,41,,unknown,False,False,False
tlg0239,004,ANTIMACHUS,Fragmenta,541,1983,in_copyright,False,False,False
tlg0240,001,HERMOLOCHUS,Fragmentum,37,1962,in_copyright,False,False,False
tlg0241,003,ARISTOXENUS,Fragmentum,9,1899,pd_us,False,False,False
tlg0242,001,ASIUS,Fragmentum elegiacum,21,1972,in_copyright,False,False,False
tlg0242,003,ASIUS,Fragmenta epica,91,1987,in_copyright,False,False,False
tlg0242,X01,ASIUS,Epigramma irrisorium,,,unknown,False,False,False
tlg0243,001,CALLINUS,Fragmenta,168,1972,in_copyright,False,False,False
tlg0244,001,CLEOBULINA Scriptor Aenigmatum,Fragmenta,38,1972,in_copyright,False,False,False
tlg0244,X01,CLEOBULINA Scriptor Aenigmatum,Epigramma,,,unknown,False,False,False
tlg0244,X02,CLEOBULINA Scriptor Aenigmatum,Epigramma exhortatorium et supplicatorium,,,unknown,False,False,False
tlg0245,001,DEMODOCUS,Fragmenta,108,1972,in_copyright,False,False,False
tlg0245,002,DEMODOCUS,Epigrammata,89,,unknown,False,False,False
tlg0246,001,DIONYSIUS CHALCUS,Fragmenta,154,1972,in_copyright,False,False,False
tlg0247,001,DIONYSIUS II,Fragmenta,14,1972,in_copyright,False,False,False
tlg0248,001,DIPHILUS,Fragmentum,14,1972,in_copyright,False,False,False
tlg0249,001,ECHEMBROTUS,Fragmentum,18,1972,in_copyright,False,False,False
tlg0250,001,EUCLIDES,Fragmenta,12,1972,in_copyright,False,False,False
tlg0251,001,EUENUS,Fragmenta,158,1972,in_copyright,False,False,False
tlg0251,X01,EUENUS,Epigrammata exhortatoria et supplicatoria,,,unknown,False,False,False
tlg0252,001,HERMIPPUS,Fragmenta,941,1880,pd_us,False,False,False
tlg0252,002,HERMIPPUS,Fragmenta,890,1839,pd_us,False,False,False
tlg0252,003,HERMIPPUS,Fragmenta,10,1912,pd_us,False,False,False
tlg0252,004,HERMIPPUS,Fragmenta,53,1972,in_copyright,False,False,False
tlg0252,005,HERMIPPUS,Fragmentum (P. Oxy. 13.1611),11,1973,in_copyright,False,False,False
tlg0253,001,[HOMERUS],Margites (fragmenta),138,1972,in_copyright,False,False,False
tlg0254,001,MELANTHIUS,Fragmentum,12,1972,in_copyright,False,False,False
tlg0254,002,MELANTHIUS,Titulus,2,1971,in_copyright,False,False,False
tlg0255,001,MIMNERMUS,Fragmenta,610,1972,in_copyright,False,False,False
tlg0255,002,MIMNERMUS,Epigramma,15,,unknown,False,False,False
tlg0255,003,MIMNERMUS,Fragmenta,498,,unknown,False,False,False
tlg0256,001,PANARCES Scriptor Aenigmatum,Fragmenta,58,1972,in_copyright,False,False,False
tlg0257,001,PHILISCUS,Fragmentum,59,1972,in_copyright,False,False,False
tlg0257,X01,PHILISCUS,Epigramma sepulcrale,,,unknown,False,False,False
tlg0258,001,PIGRES,Fragmentum,14,1972,in_copyright,False,False,False
tlg0259,001,SCYTHINUS,Fragmenta,55,1972,in_copyright,False,False,False
tlg0259,002,SCYTHINUS,Testimonia,44,,unknown,False,False,False
tlg0259,004,SCYTHINUS,Fragmentum,160,,unknown,False,False,False
tlg0260,001,SEMONIDES,Fragmenta,1063,1972,in_copyright,False,False,False
tlg0260,002,SEMONIDES,Testimonia,90,,unknown,False,False,False
tlg0261,001,SIMONIDES,Fragmenta,269,1972,in_copyright,False,False,False
tlg0261,002,SIMONIDES,Fragmenta,3962,1962,in_copyright,False,False,False
tlg0261,003,SIMONIDES,Epigrammata,1688,,unknown,False,False,False
tlg0261,004,SIMONIDES,Testimonium,29,,unknown,False,False,False
tlg0261,005,SIMONIDES,Fragmenta,208,,unknown,False,False,False
tlg0261,X01,SIMONIDES,Epigrammata (App. Anth.),,,unknown,False,False,False
tlg0262,001,SOCRATES,Fragmenta,31,1972,in_copyright,False,False,False
tlg0262,X01,SOCRATES,Epigramma exhortatorium et supplicatorium,,,unknown,False,False,False
tlg0263,001,SOLON,Fragmenta,1845,1972,in_copyright,False,False,False
tlg0263,X01,SOLON,Epigrammata (App. Anth.),,,unknown,False,False,False
tlg0264,001,SUSARION,Fragmentum,31,1880,pd_us,False,False,False
tlg0264,002,SUSARION,Fragmentum,32,1972,in_copyright,False,False,False
tlg0264,003,SUSARION,Fragmentum,31,1839,pd_us,False,False,False
tlg0265,001,TIMOCREON,Fragmenta,25,1972,in_copyright,False,False,False
tlg0265,002,TIMOCREON,Fragmenta,169,1962,in_copyright,False,False,False
tlg0265,003,TIMOCREON,Epigramma,15,,unknown,False,False,False
tlg0266,001,TYRTAEUS,Fragmenta,1201,1972,in_copyright,False,False,False
tlg0266,002,TYRTAEUS,Fragmenta,823,,unknown,False,False,False
tlg0267,001,XENOPHANES,Fragmenta,486,1972,in_copyright,False,False,False
tlg0267,002,XENOPHANES,Fragmenta (Silli et De natura),377,1949,in_copyright,False,False,False
tlg0267,003,XENOPHANES,Epigramma,26,,unknown,False,False,False
tlg0267,004,XENOPHANES,Testimonium,18,,unknown,False,False,False
tlg0267,005,XENOPHANES,Testimonia,5242,1951,in_copyright,False,False,False
tlg0267,006,XENOPHANES,Fragmenta,1596,1951,in_copyright,False,False,False
tlg0268,001,MESOMEDES,Fragmenta,879,1963,in_copyright,False,False,False
tlg0268,002,MESOMEDES,Epigrammata,103,,unknown,False,False,False
tlg0269,001,NAUTARUM CANTIUNCULAE,Fragmentum (P. Oxy. `3.425),20,1963,in_copyright,False,False,False
tlg0269,002,NAUTARUM CANTIUNCULAE,,41,1963,in_copyright,False,False,False
tlg0271,001,CONVENTUS AVIUM,Fragmentum (P. Cairo inv. 67860),31,1963,in_copyright,False,False,False
tlg0272,001,DE ARBORIBUS AVIBUSQUE FABULAE,Fragmenta (P. Heidelb. 222),321,1963,in_copyright,False,False,False
tlg0273,001,SCOLIA ALPHABETICA,Fragmenta (P. Oxy. 15.1795),291,1963,in_copyright,False,False,False
tlg0273,002,SCOLIA ALPHABETICA,Fragmenta (P. Oxy. 1.15),99,1963,in_copyright,False,False,False
tlg0275,001,PEIRAZOMENE,Fragmentum (Brit. Mus. inv. 2208),142,1963,in_copyright,False,False,False
tlg0276,001,CANTUS LUGUBRIS,Fragmentum (Brit. Mus. inv. 2103),113,1963,in_copyright,False,False,False
tlg0277,001,MONODIA,Mirmillonis amatrix (P. Ryl. 1.15),93,1963,in_copyright,False,False,False
tlg0278,001,PRAELUSIO MIMI,Fragmentum (P. Giss. 1.1),65,1963,in_copyright,False,False,False
tlg0279,001,DISCIPULORUM CANTIUNCULA,Fragmentum (P. Med.),45,1963,in_copyright,False,False,False
tlg0280,001,ANDROMACHUS,Fragmentum,1043,1964,in_copyright,False,False,False
tlg0281,001,MARCELLUS,De piscibus fragmentum,632,1964,in_copyright,False,False,False
tlg0281,X01,MARCELLUS,Fragmentum ap. Paulum,,,unknown,False,False,False
tlg0281,X02,MARCELLUS,Fragmentum ap. Ae+tium (lib. 6),,,unknown,False,False,False
tlg0282,001,ANONYMUS DE VIRIBUS HERBARUM,Carminis de viribus herbarum fragmentum,1376,1964,in_copyright,False,False,False
tlg0283,001,HERACLIDES PONTICUS Junior,Fragmenta,16,1964,in_copyright,False,False,False
tlg0283,002,HERACLIDES PONTICUS Junior,Fragmenta et titulus,13,1983,in_copyright,False,False,False
tlg0284,001,Aelius ARISTIDES,*EI)S *DI/A,2065,1829,pd_us,False,True,True
tlg0284,002,Aelius ARISTIDES,*)AQHNA=,2314,1829,pd_us,False,True,True
tlg0284,003,Aelius ARISTIDES,*)ISQMIKO\S EI)S *POSEIDW=NA,3493,1829,pd_us,False,True,True
tlg0284,004,Aelius ARISTIDES,*DIO/NUSOS,789,1829,pd_us,False,True,True
tlg0284,005,Aelius ARISTIDES,*(HRAKLH=S,1534,1829,pd_us,False,True,True
tlg0284,006,Aelius ARISTIDES,*LALIA\ EI)S *)ASKLHPIO/N,1240,1829,pd_us,False,True,True
tlg0284,007,Aelius ARISTIDES,*)ASKLHPIA/DAI,1565,1829,pd_us,False,True,True
tlg0284,008,Aelius ARISTIDES,*EI)S TO\N *SA/RAPIN,2669,1829,pd_us,False,True,True
tlg0284,009,Aelius ARISTIDES,*EI)S BASILE/A [Sp.],2982,1829,pd_us,False,True,True
tlg0284,010,Aelius ARISTIDES,*)APELLA= GENEQLIAKO/S,2142,1829,pd_us,False,True,True
tlg0284,011,Aelius ARISTIDES,*EI)S *)ETEWNE/A E)PIKH/DEIOS,1325,1829,pd_us,False,True,True
tlg0284,012,Aelius ARISTIDES,*)EPI\ *)ALECA/NDRW| E)PITA/FIOS,2803,1829,pd_us,False,True,True
tlg0284,013,Aelius ARISTIDES,*PANAQHNAI+KO/S,29523,1829,pd_us,False,True,True
tlg0284,014,Aelius ARISTIDES,*(RW/MHS E)GKW/MION,8679,1829,pd_us,False,True,True
tlg0284,015,Aelius ARISTIDES,*SMURNAI+KO\S POLITIKO/S,1922,1829,pd_us,False,True,True
tlg0284,016,Aelius ARISTIDES,*PANHGURIKO\S E)N *KUZI/KW| PERI\ TOU= NAOU=,3327,1829,pd_us,False,True,True
tlg0284,017,Aelius ARISTIDES,*EI)S TO\ *AI)GAI=ON PE/LAGOS,1203,1829,pd_us,False,True,True
tlg0284,018,Aelius ARISTIDES,*EI)S TO\ FRE/AR TOU= *)ASKLHPIOU=,1287,1829,pd_us,False,True,True
tlg0284,019,Aelius ARISTIDES,*)ELEUSI/NIOS,1044,1829,pd_us,False,True,True
tlg0284,020,Aelius ARISTIDES,*MONW|DI/A E)PI\ *SMU/RNH|,745,1829,pd_us,False,True,True
tlg0284,021,Aelius ARISTIDES,*PALINW|DI/A E)PI\ *SMU/RNH| KAI\ TW=| TAU/THS A)NOIKISMW=|,1734,1829,pd_us,False,True,True
tlg0284,022,Aelius ARISTIDES,*PROSFWNHTIKO/S *SMURNAI+KO/S,1137,1829,pd_us,False,True,True
tlg0284,023,Aelius ARISTIDES,*(IEROI\ LO/GOI A#,5331,1829,pd_us,False,True,True
tlg0284,024,Aelius ARISTIDES,*(IEROI\ LO/GOI B#,5858,1829,pd_us,False,True,True
tlg0284,025,Aelius ARISTIDES,*(IEROI\ LO/GOI G#,3548,1829,pd_us,False,True,True
tlg0284,026,Aelius ARISTIDES,*(IEROI\ LO/GOI D#,8137,1829,pd_us,False,True,True
tlg0284,027,Aelius ARISTIDES,*(IEROI\ LO/GOI E#,4546,1829,pd_us,False,True,True
tlg0284,028,Aelius ARISTIDES,*(IEROI\ LO/GOI S#,132,1829,pd_us,False,True,True
tlg0284,029,Aelius ARISTIDES,*PERI\ TOU= PE/MPEIN BOH/QEIAN TOI=S E)N *SIKELI/A|,3906,1829,pd_us,False,True,True
tlg0284,030,Aelius ARISTIDES,*EI)S TO\ E)NANTI/ON,4562,1829,pd_us,False,True,True
tlg0284,031,Aelius ARISTIDES,*(UPE\R TH=S PRO\S *LAKEDAIMONI/OUS EI)RH/NHS,2411,1829,pd_us,False,True,True
tlg0284,032,Aelius ARISTIDES,*(UPE\R TH=S PRO\S *)AQHNAI/OUS EI)RH/NHS,2060,1829,pd_us,False,True,True
tlg0284,033,Aelius ARISTIDES,*LEUKTRIKO\S A# (U(PE\R *LAKEDAIMONI/WN PRW=TOS),5903,1829,pd_us,False,True,True
tlg0284,034,Aelius ARISTIDES,*LEUKTRIKO\S B# (U(PE\R *QHBAI/WN PRW=TOS),6171,1829,pd_us,False,True,True
tlg0284,035,Aelius ARISTIDES,*LEUKTRIKO\S G# (U(PE\R *LAKEDAIMONI/WN DEU/TEROS),2692,1829,pd_us,False,True,True
tlg0284,036,Aelius ARISTIDES,*LEUKTRIKO\S D# (U(PE\R *QHBAI/WN DEU/TEROS),2533,1829,pd_us,False,True,True
tlg0284,037,Aelius ARISTIDES,*LEUKTRIKO\S E# (U(PE\R MHDETE/ROIS BOHQEI=N),3297,1829,pd_us,False,True,True
tlg0284,038,Aelius ARISTIDES,*SUMMAXIKO\S A#,4069,1829,pd_us,False,True,True
tlg0284,039,Aelius ARISTIDES,*SUMMAXIKO\S B# (PRO\S *QHBAI/OUS PERI\ TH=S SUMMAXI/AS),4275,1829,pd_us,False,True,True
tlg0284,040,Aelius ARISTIDES,*SUMBOULEUTIKO\S PERI\ TOU= MH\ DEI=N KWMW|DEI=N,2184,1829,pd_us,False,True,True
tlg0284,041,Aelius ARISTIDES,*)EPISTOLH\ PERI\ *SMU/RNHS,1230,1829,pd_us,False,True,True
tlg0284,042,Aelius ARISTIDES,*PERI\ O(MONOI/AS TAI=S PO/LESIN,6621,1829,pd_us,False,True,True
tlg0284,043,Aelius ARISTIDES,*(RODIAKO/S [Sp.],5399,1829,pd_us,False,True,True
tlg0284,044,Aelius ARISTIDES,*(RODI/OIS PERI\ O(MONOI/AS,4467,1829,pd_us,False,True,True
tlg0284,045,Aelius ARISTIDES,*PRO\S *PLA/TWNA PERI\ R(HTORIKH=S,31045,1829,pd_us,False,True,True
tlg0284,046,Aelius ARISTIDES,*PRO\S *PLA/TWNA U(PE\R TW=N TETTA/RWN,54080,1829,pd_us,False,True,True
tlg0284,047,Aelius ARISTIDES,*PRO\S *KAPI/TWNA,4437,1829,pd_us,False,True,True
tlg0284,048,Aelius ARISTIDES,*AI)GU/PTIOS,11116,1829,pd_us,False,True,True
tlg0284,049,Aelius ARISTIDES,*PERI\ TOU= PARAFQE/GMATOS,11476,1829,pd_us,False,True,True
tlg0284,050,Aelius ARISTIDES,*KATA\ TW=N E)CORXOUME/NWN,4201,1829,pd_us,False,True,True
tlg0284,051,Aelius ARISTIDES,*PRO\S TOU\S AI)TIWME/NOUS O(/TI MH\ MELETW/|H,2319,1829,pd_us,False,True,True
tlg0284,052,Aelius ARISTIDES,*PRESBEUTIKO\S PRO\S *)AXILLE/A,3542,1829,pd_us,False,True,True
tlg0284,053,Aelius ARISTIDES,*PRO\S *DHMOSQE/NH PERI\ A)TELEI/AS,9257,1829,pd_us,False,True,True
tlg0284,054,Aelius ARISTIDES,*PRO\S *LEPTI/NHN U(PE\R A)TELEI/AS,11262,1829,pd_us,False,True,True
tlg0284,055,Aelius ARISTIDES,*PANHGURIKO\S E)PI\ TW=| U(/DATI E)N *PERGA/MW|,375,1829,pd_us,False,True,True
tlg0284,056,Aelius ARISTIDES,Ars rhetorica [Sp.],23686,1854,pd_us,False,True,True
tlg0284,057,Aelius ARISTIDES,Fragmenta poetica,52,1964,in_copyright,False,False,False
tlg0284,X01,Aelius ARISTIDES,Epigramma dedicatorium,,,unknown,False,False,False
tlg0286,001,CARMEN ASTROLOGICUM,Fragmentum,97,1964,in_copyright,False,False,False
tlg0288,001,PISANDER,Heraclea (fragmenta),33,1987,in_copyright,False,False,False
tlg0288,003,PISANDER,Epigramma,30,,unknown,False,False,False
tlg0289,001,AMMONIUS,Fragmentum,14,1964,in_copyright,False,False,False
tlg0289,002,AMMONIUS,Epigramma,21,,unknown,False,False,False
tlg0290,001,ENCOMIUM DUCIS THEBAIDOS,Fragmentum (P. Berol. 9799),183,1964,in_copyright,False,False,False
tlg0291,001,ALCMAN,Fragmenta,3635,1962,in_copyright,False,False,False
tlg0291,002,ALCMAN,Fragmenta,151,1974,in_copyright,False,False,False
tlg0292,001,STESICHORUS,Fragmenta,735,1962,in_copyright,False,False,False
tlg0292,002,STESICHORUS,Fragmenta,3182,1974,in_copyright,False,False,False
tlg0293,001,IBYCUS,Fragmenta,717,1962,in_copyright,False,False,False
tlg0293,002,IBYCUS,Fragmenta,2679,1974,in_copyright,False,False,False
tlg0294,001,CORINNA,Fragmenta,1871,1962,in_copyright,False,False,False
tlg0295,001,CARMINA POPULARIA (PMG),Fragmenta,566,1962,in_copyright,False,False,False
tlg0296,001,CARMINA CONVIVIALIA (PMG),Fragmenta,630,1962,in_copyright,False,False,False
tlg0297,001,LYRICA ADESPOTA (PMG),Fragmenta,2852,1962,in_copyright,False,False,False
tlg0298,001,EUMELUS,Fragmentum,16,1962,in_copyright,False,False,False
tlg0298,002,EUMELUS,Fragmenta,130,1877,pd_us,False,False,False
tlg0298,003,EUMELUS,Testimonia,56,,unknown,False,False,False
tlg0298,004,EUMELUS,Corinthiaca (fragmenta),935,,unknown,False,False,False
tlg0298,005,EUMELUS,Fragmenta epica,148,1987,in_copyright,False,False,False
tlg0299,001,TERPANDER,Fragmenta (fort. auctore Terpandro),19,1962,in_copyright,False,False,False
tlg0299,002,TERPANDER,Fragmentum (fort. auctore Terpandro),4,1974,in_copyright,False,False,False
tlg0300,001,ACTA ALEXANDRINORUM,Acta Alexandrinorum,6487,1961,in_copyright,False,False,False
tlg0301,001,THESPIS,Fragmenta,75,1971,in_copyright,False,False,False
tlg0302,001,CHOERILUS,Fragmenta,33,1971,in_copyright,False,False,False
tlg0303,001,PHRYNICHUS,Fragmenta,208,1971,in_copyright,False,False,False
tlg0303,X01,PHRYNICHUS,Epigramma demonstrativum,,,unknown,False,False,False
tlg0304,001,ACTA ET MARTYRIUM APOLLONII,Acta et martyrium Apollonii,1874,1972,in_copyright,False,False,False
tlg0305,001,ARISTIAS,Fragmenta,61,1971,in_copyright,False,False,False
tlg0306,001,ARISTARCHUS,Fragmenta,118,1971,in_copyright,False,False,False
tlg0307,001,NEOPHRON,Fragmenta,146,1971,in_copyright,False,False,False
tlg0308,001,ION,Fragmenta,551,1971,in_copyright,False,False,False
tlg0308,002,ION,Fragmenta,223,1972,in_copyright,False,False,False
tlg0308,003,ION,Fragmenta,47,1962,in_copyright,False,False,False
tlg0308,004,ION,Fragmentum,4,1974,in_copyright,False,False,False
tlg0308,005,ION,Tituli,9,1962,in_copyright,False,False,False
tlg0308,006,ION,Testimonia,528,,unknown,False,False,False
tlg0308,007,ION,Fragmenta,1871,,unknown,False,False,False
tlg0308,008,ION,Testimonia,490,1951,in_copyright,False,False,False
tlg0308,009,ION,Fragmenta,358,1951,in_copyright,False,False,False
tlg0309,001,ACHAEUS,Fragmenta,475,1971,in_copyright,False,False,False
tlg0310,001,CARCINUS,Fragmentum,14,1971,in_copyright,False,False,False
tlg0311,001,IOPHON,Fragmenta,41,1971,in_copyright,False,False,False
tlg0312,001,PHILOCLES,Fragmenta,35,1971,in_copyright,False,False,False
tlg0313,001,THEOGNIS,Fragmentum,3,1971,in_copyright,False,False,False
tlg0314,001,MORSIMUS,Fragmentum,8,1971,in_copyright,False,False,False
tlg0315,001,STHENELUS,Fragmentum,8,1971,in_copyright,False,False,False
tlg0315,002,STHENELUS,Fragmentum,6,1983,in_copyright,False,False,False
tlg0316,001,XENOCLES,Fragmentum,30,1971,in_copyright,False,False,False
tlg0317,001,ACTA JOANNIS,Acta Joannis,12788,1898,pd_us,True,False,True
tlg0317,002,ACTA JOANNIS,Acta Joannis (recensio),2552,1898,pd_us,True,False,True
tlg0318,001,AGATHON,Fragmenta,302,1971,in_copyright,False,False,False
tlg0319,001,CRITIAS,Fragmenta,956,1971,in_copyright,False,False,False
tlg0319,002,CRITIAS,Fragmenta,342,1972,in_copyright,False,False,False
tlg0319,003,CRITIAS,Testimonia,2017,1952,in_copyright,False,False,False
tlg0319,004,CRITIAS,Fragmenta,3715,1952,in_copyright,True,False,True
tlg0319,005,CRITIAS,Pirithous (fragmenta) (P. Oxy. 17.2078 %7 50.3531),404,1989,in_copyright,False,False,False
tlg0320,001,DIOGENES,Fragmentum,57,1971,in_copyright,False,False,False
tlg0321,001,AESCHYLUS,Fragmentum,15,1971,in_copyright,False,False,False
tlg0321,002,AESCHYLUS,Testimonium,28,,unknown,False,False,False
tlg0321,003,AESCHYLUS,Titulus,2,1983,in_copyright,False,False,False
tlg0322,001,DICAEOGENES,Fragmenta,50,1971,in_copyright,False,False,False
tlg0323,001,ANTIPHON,Fragmenta,42,1971,in_copyright,False,False,False
tlg0324,001,PATROCLES,Fragmenta,47,1971,in_copyright,False,False,False
tlg0325,001,ASTYDAMAS,Fragmenta,444,1971,in_copyright,False,False,False
tlg0325,X01,ASTYDAMAS,Epigramma demonstrativum,,,unknown,False,False,False
tlg0326,001,SOPHOCLES Junior,Fragmentum,4,1971,in_copyright,False,False,False
tlg0327,001,CARCINUS Junior,Fragmenta,221,1971,in_copyright,False,False,False
tlg0328,001,CHAEREMON,Fragmenta,503,1971,in_copyright,False,False,False
tlg0329,001,THEODECTAS,Fragmenta,475,1971,in_copyright,False,False,False
tlg0329,X01,THEODECTAS,Aenigmata,,,unknown,False,False,False
tlg0330,001,DIONYSIUS I,Fragmenta,176,1971,in_copyright,False,False,False
tlg0330,002,DIONYSIUS I,Testimonium,12,,unknown,False,False,False
tlg0331,001,[2POLYIDUS]2,Fragmentum,24,1971,in_copyright,False,False,False
tlg0332,001,CLEAENETUS,Fragmenta,18,1971,in_copyright,False,False,False
tlg0333,001,TIMOCLES,Fragmentum,35,1971,in_copyright,False,False,False
tlg0334,001,DIOGENES,Fragmenta,187,1971,in_copyright,False,False,False
tlg0335,001,PHILISCUS,Fragmentum,13,1971,in_copyright,False,False,False
tlg0336,001,CRATES,Fragmentum,20,1971,in_copyright,False,False,False
tlg0336,002,CRATES,Fragmenta,449,1949,in_copyright,False,False,False
tlg0336,003,CRATES,Epigrammata,62,,unknown,False,False,False
tlg0336,004,CRATES,Fragmenta et titulus,434,1983,in_copyright,False,False,False
tlg0336,X01,CRATES,Epigrammata (App. Anth.),,,unknown,False,False,False
tlg0337,001,PYTHON,Fragmentum,119,1971,in_copyright,False,False,False
tlg0338,001,SOSIPHANES,Fragmenta,92,1971,in_copyright,False,False,False
tlg0339,001,MOSCHION,Fragmenta,416,1971,in_copyright,False,False,False
tlg0340,001,SOSITHEUS,Fragmenta,166,1971,in_copyright,False,False,False
tlg0341,001,LYCOPHRON,Fragmenta,141,1971,in_copyright,False,False,False
tlg0341,002,LYCOPHRON,Alexandra,7527,1964,in_copyright,False,True,True
tlg0342,001,NICOMACHUS,Fragmenta,42,1971,in_copyright,False,False,False
tlg0343,001,EZECHIEL,*)ECAGWGH/,1661,1971,in_copyright,False,False,False
tlg0344,001,MELANTHIUS,Fragmentum,12,1971,in_copyright,False,False,False
tlg0345,001,APOLLONIDES,Fragmenta,41,1971,in_copyright,False,False,False
tlg0346,001,POMPEIUS MACER,Fragmentum,41,1971,in_copyright,False,False,False
tlg0347,001,SERAPION,Fragmentum,14,1971,in_copyright,False,False,False
tlg0348,001,BIOTUS,Fragmentum,15,1971,in_copyright,False,False,False
tlg0349,001,DEMONAX,Fragmenta,13,1971,in_copyright,False,False,False
tlg0350,001,[2DIONYSIUS SCYMNAEUS]2,Fragmentum,7,1971,in_copyright,False,False,False
tlg0351,001,[HIPPOTHOON],Fragmenta,69,1971,in_copyright,False,False,False
tlg0352,001,ISIDORUS,Fragmenta,30,1971,in_copyright,False,False,False
tlg0353,001,[2SCLERIAS]2,Fragmenta,42,1971,in_copyright,False,False,False
tlg0354,001,ZENODOTUS,Fragmentum,14,1971,in_copyright,False,False,False
tlg0355,001,ZOPYRUS,Fragmentum,13,1971,in_copyright,False,False,False
tlg0357,001,DIDYMUS Scriptor De Mensuris,Mensurae marmorum ac lignorum,1355,1864,pd_us,True,False,True
tlg0358,001,NICOMACHUS,Introductio arithmetica,23747,1866,pd_us,True,False,True
tlg0358,002,NICOMACHUS,Harmonicum enchiridion,5230,1895,pd_us,True,False,True
tlg0358,003,NICOMACHUS,Theologoumena arithmeticae,5785,1922,pd_us,False,False,False
tlg0358,004,NICOMACHUS,Excerpta,2443,1895,pd_us,True,False,True
tlg0359,001,ISIDORUS Scriptor Hymnorum,Hymni in Isim,948,1972,in_copyright,False,False,False
tlg0360,002,ARMENIDAS,Fragmenta,179,1841,pd_us,False,False,False
tlg0361,001,CLEONIDES,Introductio harmonica,3791,1916,pd_us,True,False,True
tlg0363,001,Claudius PTOLEMAEUS,Syntaxis mathematica,180408,1898,pd_us,True,False,True
tlg0363,002,Claudius PTOLEMAEUS,Phaseis,9905,1907,pd_us,False,False,False
tlg0363,003,Claudius PTOLEMAEUS,Hypotheses,4497,1907,pd_us,False,False,False
tlg0363,004,Claudius PTOLEMAEUS,Inscriptio Canobi,764,1907,pd_us,False,False,False
tlg0363,005,Claudius PTOLEMAEUS,*PROXEI/RWN KANO/NWN DIA/TACIS KAI\ YHFOFORI/A,5239,1907,pd_us,False,False,False
tlg0363,006,Claudius PTOLEMAEUS,De analemmate,2365,1907,pd_us,False,False,False
tlg0363,007,Claudius PTOLEMAEUS,Apotelesmatica (%6 Tetrabiblos),39745,1940,in_copyright,True,True,True
tlg0363,008,Claudius PTOLEMAEUS,De judicandi facultate et animi principatu,4134,1961,in_copyright,False,False,False
tlg0363,009,Claudius PTOLEMAEUS,Geographia (lib. 1%19`3),36216,1883,pd_us,False,False,False
tlg0363,010,Claudius PTOLEMAEUS,Harmonica,29753,1930,pd_us,False,False,False
tlg0363,011,Claudius PTOLEMAEUS,Musica,1127,1895,pd_us,True,False,True
tlg0363,012,Claudius PTOLEMAEUS,Fragmenta,1556,1907,pd_us,False,False,False
tlg0363,014,Claudius PTOLEMAEUS,Geographia (lib. 4%19`8),54540,1843,pd_us,False,False,False
tlg0363,X01,Claudius PTOLEMAEUS,Epigramma demonstrativum,,,unknown,False,False,False
tlg0364,001,DANAÏS vel DANAÏDES,Danai+s vel Danai+des (fragmentum),14,1987,in_copyright,False,False,False
tlg0365,001,APOLLODORUS,Fragmentum,9,1962,in_copyright,False,False,False
tlg0366,001,LASUS,Fragmentum,20,1962,in_copyright,False,False,False
tlg0366,002,LASUS,Tituli,3,1962,in_copyright,False,False,False
tlg0367,001,TYNNICHUS,Fragmentum,4,1962,in_copyright,False,False,False
tlg0368,001,CYDIAS,Fragmentum,9,1962,in_copyright,False,False,False
tlg0369,001,TELESILLA,Fragmenta,17,1962,in_copyright,False,False,False
tlg0370,001,LAMPROCLES,Fragmenta,23,1962,in_copyright,False,False,False
tlg0371,001,DIAGORAS,Fragmenta,24,1962,in_copyright,False,False,False
tlg0372,001,PRAXILLA,Fragmenta,67,1962,in_copyright,False,False,False
tlg0373,001,MELANIPPIDES,Fragmenta,113,1962,in_copyright,False,False,False
tlg0374,001,LICYMNIUS,Fragmenta,31,1962,in_copyright,False,False,False
tlg0374,002,LICYMNIUS,Titulus,2,1962,in_copyright,False,False,False
tlg0375,001,CINESIAS,Fragmentum,2,1962,in_copyright,False,False,False
tlg0375,002,CINESIAS,Titulus,2,1962,in_copyright,False,False,False
tlg0376,001,TIMOTHEUS,Fragmenta,1089,1962,in_copyright,False,False,False
tlg0376,002,TIMOTHEUS,Tituli,15,1962,in_copyright,False,False,False
tlg0376,X01,TIMOTHEUS,Epigramma,,,unknown,False,False,False
tlg0377,001,TELESTES,Fragmenta,130,1962,in_copyright,False,False,False
tlg0377,002,TELESTES,Titulus,3,1962,in_copyright,False,False,False
tlg0378,001,ARIPHRON,Fragmentum,63,1962,in_copyright,False,False,False
tlg0378,X01,ARIPHRON,Epigramma exhortatorium et supplicatorium,,,unknown,False,False,False
tlg0379,001,PHILOXENUS,Fragmenta,98,1962,in_copyright,False,False,False
tlg0379,002,PHILOXENUS,Tituli,9,1962,in_copyright,False,False,False
tlg0380,001,PHILOXENUS,Fragmenta,629,1962,in_copyright,False,False,False
tlg0380,002,PHILOXENUS,Fragmentum [Sp.],14,1925,pd_us,False,False,False
tlg0381,001,LYCOPHRONIDES,Fragmenta,49,1962,in_copyright,False,False,False
tlg0382,001,CASTORION,Fragmentum,10,1962,in_copyright,False,False,False
tlg0382,002,CASTORION,Fragmenta,45,1983,in_copyright,False,False,False
tlg0383,001,ALCAEUS,Fragmenta,9710,1955,in_copyright,False,False,False
tlg0383,002,ALCAEUS,Fragmentis addenda,17,1955,in_copyright,False,False,False
tlg0383,003,ALCAEUS,Fragmenta,696,1974,in_copyright,False,False,False
tlg0384,001,ACTA JUSTINI ET SEPTEM SODALIUM,Acta Justini et septem sodalium (recensio A),566,1972,in_copyright,False,False,False
tlg0384,002,ACTA JUSTINI ET SEPTEM SODALIUM,Acta Justini et septem sodalium (recensio B),840,1972,in_copyright,False,False,False
tlg0384,003,ACTA JUSTINI ET SEPTEM SODALIUM,Acta Justini et septem sodalium (recensio C),976,1972,in_copyright,False,False,False
tlg0385,001,CASSIUS DIO,Historiae Romanae,380976,1895,pd_us,False,True,True
tlg0385,002,CASSIUS DIO,Historiae Romanae (versio 1 in volumine 1),58416,1895,pd_us,False,False,False
tlg0385,003,CASSIUS DIO,Historiae Romanae (versio 1 in volumine 2),123,1898,pd_us,False,False,False
tlg0385,004,CASSIUS DIO,Historiae Romanae (versio 1 in volumine 3),4294,1901,pd_us,False,False,False
tlg0385,005,CASSIUS DIO,Historiae Romanae (versio 2 in volumine 1),1990,1895,pd_us,False,False,False
tlg0385,006,CASSIUS DIO,Historiae Romanae (versio 2 in volumine 2),392,1898,pd_us,False,False,False
tlg0385,007,CASSIUS DIO,Historiae Romanae (versio 2 in volumine 3),857,1901,pd_us,False,False,False
tlg0385,008,CASSIUS DIO,Historiae Romanae (versio 3 in volumine 1),100,1895,pd_us,False,False,False
tlg0385,009,CASSIUS DIO,Reliquiae incertae sedis,492,1895,pd_us,False,False,False
tlg0385,010,CASSIUS DIO,Historiae Romanae (Xiphilini epitome),111057,1901,pd_us,False,False,False
tlg0385,011,CASSIUS DIO,Historiae Romanae (Petri Patricii excerpta Vaticana sive Maiana),4408,1901,pd_us,False,False,False
tlg0385,012,CASSIUS DIO,Historiae Romanae (excerpta Planudea),216,1901,pd_us,False,False,False
tlg0385,013,CASSIUS DIO,Historiae Romanae (Joannis Antiocheni excerpta e Dione derivata),4954,1901,pd_us,False,False,False
tlg0385,014,CASSIUS DIO,Historiae Romanae (excerpta Salmasiana),1665,1901,pd_us,False,False,False
tlg0385,015,CASSIUS DIO,Historiae Romanae (excerpta Constantiniana cum Dionis verbis,1601,1901,pd_us,False,False,False
tlg0385,016,CASSIUS DIO,"Historiae Romanae (ap. Photium, Bibl. cod. 71)",287,1901,pd_us,False,False,False
tlg0385,017,CASSIUS DIO,Testimonia,136,,unknown,False,False,False
tlg0386,001,CHILONIS EPISTULA,Epistula,35,1873,pd_us,False,False,False
tlg0387,001,SAPPHUS vel ALCAEI FRAGMENTA,Fragmenta,177,1955,in_copyright,False,False,False
tlg0387,002,SAPPHUS vel ALCAEI FRAGMENTA,Fragmenta,394,1974,in_copyright,False,False,False
tlg0388,001,ACTA PAULI,Acta Pauli,3428,1936,in_copyright,False,False,False
tlg0388,002,ACTA PAULI,Martyrium Pauli,1252,1891,pd_us,False,False,False
tlg0388,003,ACTA PAULI,Pauli et Corinthiorum epistulae (P. Bodmer 10),798,1959,in_copyright,False,False,False
tlg0388,004,ACTA PAULI,Acta Pauli et Theclae,3677,1891,pd_us,False,False,False
tlg0388,005,ACTA PAULI,Acta Pauli et Theclae (partis finalis recensio e codice G),735,1891,pd_us,False,False,False
tlg0389,001,ACTA PETRI,Martyrium Petri,2548,1922,pd_us,False,False,False
tlg0390,001,"MARTYRIUM CARPI, PAPYLI ET AGATHONICAE","Martyrium sanctorum Carpi, Papyli et Agathonicae",1003,1972,in_copyright,False,False,False
tlg0391,001,,Acta Scillitanorum martyrum sive Passio Sperati et,677,1891,pd_us,False,False,False
tlg0392,001,ACUSILAUS,Testimonia,429,,unknown,False,False,False
tlg0392,002,ACUSILAUS,Fragmenta,3012,,unknown,False,False,False
tlg0392,003,ACUSILAUS,Testimonia,148,1951,in_copyright,False,False,False
tlg0392,004,ACUSILAUS,Fragmenta,1901,1951,in_copyright,False,False,False
tlg0394,001,APOLLONIUS,Fragmenta,13,1973,in_copyright,False,False,False
tlg0395,001,DIOPHANTUS,Fragmentum,5,1888,pd_us,False,False,False
tlg0395,002,DIOPHANTUS,Fragmenta,9,1839,pd_us,False,False,False
tlg0396,001,EUPHANES,Fragmentum,12,1884,pd_us,False,False,False
tlg0397,001,PRONOMUS,Titulus,4,1962,in_copyright,False,False,False
tlg0398,001,SIMYLUS,Fragmentum,4,1884,pd_us,False,False,False
tlg0398,002,SIMYLUS,Fragmentum,2,1839,pd_us,False,False,False
tlg0399,001,EUDOXUS,Fragmenta,6,1888,pd_us,False,False,False
tlg0399,002,EUDOXUS,Tituli,3,1841,pd_us,False,False,False
tlg0400,001,ALCAEUS,Fragmenta,161,1880,pd_us,False,False,False
tlg0400,002,ALCAEUS,Fragmenta,137,1840,pd_us,False,False,False
tlg0400,003,ALCAEUS,Fragmentum,6,1912,pd_us,False,False,False
tlg0400,004,ALCAEUS,Fragmentum,45,1857,pd_us,False,False,False
tlg0401,001,ALEXANDER,Fragmenta,49,1888,pd_us,False,False,False
tlg0401,002,ALEXANDER,Fragmenta,47,1841,pd_us,False,False,False
tlg0402,001,ALEXIS,Fragmenta,7345,1884,pd_us,False,False,False
tlg0402,002,ALEXIS,Fragmenta,7156,1840,pd_us,False,False,False
tlg0402,003,ALEXIS,Fragmentum,3,1912,pd_us,False,False,False
tlg0402,004,ALEXIS,Tituli,4,1973,in_copyright,False,False,False
tlg0402,005,ALEXIS,Fragmenta,61,1888,pd_us,False,False,False
tlg0402,006,ALEXIS,Fragmenta,17,1857,pd_us,False,False,False
tlg0402,X01,ALEXIS,Aenigma,,,unknown,False,False,False
tlg0403,001,AMIPSIAS,Fragmenta,250,1880,pd_us,False,False,False
tlg0403,002,AMIPSIAS,Fragmenta,219,1840,pd_us,False,False,False
tlg0403,003,AMIPSIAS,Fragmentum,2,1912,pd_us,False,False,False
tlg0403,004,AMIPSIAS,Tituli,4,1973,in_copyright,False,False,False
tlg0404,001,AMPHIS,Fragmenta,821,1884,pd_us,False,False,False
tlg0404,002,AMPHIS,Fragmenta,792,1840,pd_us,False,False,False
tlg0405,001,ANAXANDRIDES,Fragmenta,1585,1884,pd_us,False,False,False
tlg0405,002,ANAXANDRIDES,Fragmenta,1556,1840,pd_us,False,False,False
tlg0405,003,ANAXANDRIDES,Fragmentum,2,1912,pd_us,False,False,False
tlg0405,004,ANAXANDRIDES,Fragmentum,7,1973,in_copyright,False,False,False
tlg0405,X01,ANAXANDRIDES,Epigramma exhortatorium et supplicatorium,,,unknown,False,False,False
tlg0406,001,ANAXILAS,Fragmenta,717,1884,pd_us,False,False,False
tlg0406,002,ANAXILAS,Fragmenta,676,1840,pd_us,False,False,False
tlg0407,001,ANAXIPPUS,Fragmenta,433,1888,pd_us,False,False,False
tlg0407,002,ANAXIPPUS,Fragmenta,436,1841,pd_us,False,False,False
tlg0408,001,COMICA ADESPOTA (CAF),Fragmenta incertorum poetarum,7586,1888,pd_us,False,False,False
tlg0408,002,COMICA ADESPOTA (CAF),Fragmenta,42,1888,pd_us,False,False,False
tlg0409,001,ANTIDOTUS,Fragmenta,70,1884,pd_us,False,False,False
tlg0409,002,ANTIDOTUS,Fragmenta,72,1840,pd_us,False,False,False
tlg0410,001,ANTIPHANES,Fragmenta,7146,1884,pd_us,False,False,False
tlg0410,002,ANTIPHANES,Fragmenta,6952,1840,pd_us,False,False,False
tlg0410,003,ANTIPHANES,Fragmenta,13,1912,pd_us,False,False,False
tlg0410,004,ANTIPHANES,Fragmenta,28,1973,in_copyright,False,False,False
tlg0410,005,ANTIPHANES,Fragmenta,14,1857,pd_us,False,False,False
tlg0410,X01,ANTIPHANES,Aenigmata,,,unknown,False,False,False
tlg0411,001,APOLLODORUS,Fragmenta,366,1888,pd_us,False,False,False
tlg0411,002,APOLLODORUS,Fragmenta,354,1841,pd_us,False,False,False
tlg0411,003,APOLLODORUS,Fragmentum,8,1912,pd_us,False,False,False
tlg0411,004,APOLLODORUS,Fragmentum,68,1973,in_copyright,False,False,False
tlg0412,001,APOLLODORUS Carystius vel APOLLODORUS Gelous,Fragmenta,441,1888,pd_us,False,False,False
tlg0412,002,APOLLODORUS Carystius vel APOLLODORUS Gelous,Fragmenta,414,1841,pd_us,False,False,False
tlg0413,001,APOLLODORUS,Fragmenta,65,1888,pd_us,False,False,False
tlg0413,002,APOLLODORUS,Fragmenta,56,1841,pd_us,False,False,False
tlg0414,001,APOLLOPHANES,Fragmenta,45,1880,pd_us,False,False,False
tlg0414,002,APOLLOPHANES,Fragmenta,37,1840,pd_us,False,False,False
tlg0414,003,APOLLOPHANES,Fragmentum,5,1912,pd_us,False,False,False
tlg0414,004,APOLLOPHANES,Tituli,4,1973,in_copyright,False,False,False
tlg0415,001,ARAROS,Fragmenta,115,1884,pd_us,False,False,False
tlg0415,002,ARAROS,Fragmenta,93,1840,pd_us,False,False,False
tlg0415,003,ARAROS,Tituli,8,1973,in_copyright,False,False,False
tlg0416,001,ARCHEDICUS,Fragmenta,171,1888,pd_us,False,False,False
tlg0416,002,ARCHEDICUS,Fragmenta,170,1841,pd_us,False,False,False
tlg0417,001,ARCHIPPUS,Fragmenta,358,1880,pd_us,False,False,False
tlg0417,002,ARCHIPPUS,Fragmenta,270,1840,pd_us,False,False,False
tlg0417,003,ARCHIPPUS,Fragmenta,34,1912,pd_us,False,False,False
tlg0417,004,ARCHIPPUS,Tituli,6,1973,in_copyright,False,False,False
tlg0418,001,ARISTAGORAS,Fragmenta,38,1880,pd_us,False,False,False
tlg0418,002,ARISTAGORAS,Fragmenta,32,1840,pd_us,False,False,False
tlg0419,001,ARISTOMENES,Fragmenta,94,1880,pd_us,False,False,False
tlg0419,002,ARISTOMENES,Fragmenta,68,1840,pd_us,False,False,False
tlg0419,003,ARISTOMENES,Tituli,4,1973,in_copyright,False,False,False
tlg0420,001,ARISTONYMUS,Fragmenta,40,1880,pd_us,False,False,False
tlg0420,002,ARISTONYMUS,Fragmenta,26,1840,pd_us,False,False,False
tlg0421,001,ARISTOPHON,Fragmenta,463,1884,pd_us,False,False,False
tlg0421,002,ARISTOPHON,Fragmenta,460,1840,pd_us,False,False,False
tlg0422,001,ATHENIO,Fragmentum,281,1888,pd_us,False,False,False
tlg0422,002,ATHENIO,Fragmentum,284,1841,pd_us,False,False,False
tlg0423,001,AUTOCRATES,Fragmenta,39,1880,pd_us,False,False,False
tlg0423,002,AUTOCRATES,Fragmenta,42,1840,pd_us,False,False,False
tlg0423,003,AUTOCRATES,Titulus,3,1973,in_copyright,False,False,False
tlg0424,001,AXIONICUS,Fragmenta,316,1884,pd_us,False,False,False
tlg0424,002,AXIONICUS,Fragmenta,289,1840,pd_us,False,False,False
tlg0424,003,AXIONICUS,Fragmentum,20,1857,pd_us,False,False,False
tlg0425,001,BATO,Fragmenta,366,1888,pd_us,False,False,False
tlg0425,002,BATO,Fragmenta,369,1841,pd_us,False,False,False
tlg0426,001,CALLIAS,Fragmenta,142,1880,pd_us,False,False,False
tlg0426,002,CALLIAS,Fragmenta,104,1840,pd_us,False,False,False
tlg0426,003,CALLIAS,Fragmenta,32,1912,pd_us,False,False,False
tlg0426,004,CALLIAS,Titulus,2,1973,in_copyright,False,False,False
tlg0426,005,CALLIAS,Fragmenta,8,1857,pd_us,False,False,False
tlg0427,001,[2CALLIPPUS]2,Fragmenta,18,1888,pd_us,False,False,False
tlg0427,002,[2CALLIPPUS]2,Fragmentum,16,1841,pd_us,False,False,False
tlg0428,001,CANTHARUS,Fragmenta,37,1880,pd_us,False,False,False
tlg0428,002,CANTHARUS,Fragmenta,30,1840,pd_us,False,False,False
tlg0428,003,CANTHARUS,Fragmenta,12,1912,pd_us,False,False,False
tlg0428,004,CANTHARUS,Titulus,2,1973,in_copyright,False,False,False
tlg0429,001,CEPHISODORUS,Fragmenta,90,1880,pd_us,False,False,False
tlg0429,002,CEPHISODORUS,Fragmenta,90,1840,pd_us,False,False,False
tlg0430,001,CHARICLIDES,Fragmentum,10,1888,pd_us,False,False,False
tlg0430,002,CHARICLIDES,Fragmentum,9,1841,pd_us,False,False,False
tlg0431,001,CHIONIDES,Fragmenta,68,1880,pd_us,False,False,False
tlg0431,002,CHIONIDES,Fragmenta,57,1839,pd_us,False,False,False
tlg0431,003,CHIONIDES,Fragmentum,6,1857,pd_us,False,False,False
tlg0432,001,CLEARCHUS,Fragmenta,104,1884,pd_us,False,False,False
tlg0432,002,CLEARCHUS,Fragmenta,106,1841,pd_us,False,False,False
tlg0433,001,CRATES,Fragmenta,444,1880,pd_us,False,False,False
tlg0433,002,CRATES,Fragmenta,402,1839,pd_us,False,False,False
tlg0433,003,CRATES,Fragmenta,33,1912,pd_us,False,False,False
tlg0433,004,CRATES,Fragmentum,32,1973,in_copyright,False,False,False
tlg0433,005,CRATES,Fragmenta,12,1857,pd_us,False,False,False
tlg0434,001,CRATINUS,Fragmenta,2424,1880,pd_us,False,False,False
tlg0434,002,CRATINUS,Fragmenta,2175,1839,pd_us,False,False,False
tlg0434,003,CRATINUS,Fragmenta,151,1912,pd_us,False,False,False
tlg0434,004,CRATINUS,Fragmenta,988,1973,in_copyright,False,False,False
tlg0434,005,CRATINUS,Fragmenta,7,1888,pd_us,False,False,False
tlg0434,006,CRATINUS,Fragmenta,37,1857,pd_us,False,False,False
tlg0435,001,CRATINUS Junior,Fragmenta,207,1884,pd_us,False,False,False
tlg0435,002,CRATINUS Junior,Fragmenta,205,1840,pd_us,False,False,False
tlg0436,001,CRITO,Fragmenta,55,1888,pd_us,False,False,False
tlg0436,002,CRITO,Fragmenta,55,1841,pd_us,False,False,False
tlg0437,001,CROBYLUS,Fragmenta,159,1888,pd_us,False,False,False
tlg0437,002,CROBYLUS,Fragmenta,161,1841,pd_us,False,False,False
tlg0438,001,DAMOXENUS,Fragmenta,555,1888,pd_us,False,False,False
tlg0438,002,DAMOXENUS,Fragmenta,554,1841,pd_us,False,False,False
tlg0439,001,DEMETRIUS,Fragmenta,70,1888,pd_us,False,False,False
tlg0439,002,DEMETRIUS,Fragmenta,71,1840,pd_us,False,False,False
tlg0439,003,DEMETRIUS,Tituli,5,1973,in_copyright,False,False,False
tlg0440,001,DEMETRIUS Junior,Fragmentum,73,1888,pd_us,False,False,False
tlg0440,002,DEMETRIUS Junior,Fragmentum,52,1841,pd_us,False,False,False
tlg0441,001,DEMONICUS,Fragmentum,27,1888,pd_us,False,False,False
tlg0441,002,DEMONICUS,Fragmentum,28,1841,pd_us,False,False,False
tlg0442,001,DEXICRATES,Fragmentum,17,1888,pd_us,False,False,False
tlg0442,002,DEXICRATES,Fragmentum,17,1841,pd_us,False,False,False
tlg0443,001,DIOCLES,Fragmenta,99,1880,pd_us,False,False,False
tlg0443,002,DIOCLES,Fragmenta,87,1840,pd_us,False,False,False
tlg0443,003,DIOCLES,Fragmentum,2,1912,pd_us,False,False,False
tlg0443,004,DIOCLES,Fragmenta,6,1973,in_copyright,False,False,False
tlg0444,001,DIODORUS,Fragmenta,310,1884,pd_us,False,False,False
tlg0444,002,DIODORUS,Fragmenta,308,1840,pd_us,False,False,False
tlg0445,001,DIONYSIUS,Fragmenta,597,1884,pd_us,False,False,False
tlg0445,002,DIONYSIUS,Fragmenta,554,1840,pd_us,False,False,False
tlg0445,003,DIONYSIUS,Fragmentum,7,1857,pd_us,False,False,False
tlg0446,001,DIOXIPPUS,Fragmenta,72,1888,pd_us,False,False,False
tlg0446,002,DIOXIPPUS,Fragmenta,75,1841,pd_us,False,False,False
tlg0447,001,DIPHILUS,Fragmenta,2297,1884,pd_us,False,False,False
tlg0447,002,DIPHILUS,Fragmenta,2213,1841,pd_us,False,False,False
tlg0447,003,DIPHILUS,Fragmenta,3,1912,pd_us,False,False,False
tlg0448,001,DROMO,Fragmenta,47,1884,pd_us,False,False,False
tlg0448,002,DROMO,Fragmenta,47,1840,pd_us,False,False,False
tlg0449,001,ECPHANTIDES,Fragmenta,17,1880,pd_us,False,False,False
tlg0449,002,ECPHANTIDES,Fragmenta,17,1839,pd_us,False,False,False
tlg0449,003,ECPHANTIDES,Titulus,2,1973,in_copyright,False,False,False
tlg0450,001,EPHIPPUS,Fragmenta,780,1884,pd_us,False,False,False
tlg0450,002,EPHIPPUS,Fragmenta,747,1840,pd_us,False,False,False
tlg0450,003,EPHIPPUS,Fragmentum,13,1857,pd_us,False,False,False
tlg0451,001,EPICRATES,Fragmenta,539,1884,pd_us,False,False,False
tlg0451,002,EPICRATES,Fragmenta,492,1840,pd_us,False,False,False
tlg0452,001,EPIGENES,Fragmenta,120,1884,pd_us,False,False,False
tlg0452,002,EPIGENES,Fragmenta,115,1840,pd_us,False,False,False
tlg0453,001,EPILYCUS,Fragmenta,37,1880,pd_us,False,False,False
tlg0453,002,EPILYCUS,Fragmenta,26,1840,pd_us,False,False,False
tlg0453,003,EPILYCUS,Fragmentum,10,1912,pd_us,False,False,False
tlg0454,001,EPINICUS,Fragmenta,142,1888,pd_us,False,False,False
tlg0454,002,EPINICUS,Fragmenta,135,1841,pd_us,False,False,False
tlg0455,001,ERIPHUS,Fragmenta,203,1884,pd_us,False,False,False
tlg0455,002,ERIPHUS,Fragmenta,199,1840,pd_us,False,False,False
tlg0456,001,EUANGELUS,Fragmentum,88,1888,pd_us,False,False,False
tlg0456,002,EUANGELUS,Fragmenta,90,1841,pd_us,False,False,False
tlg0457,001,EUBULIDES,Fragmentum,13,1884,pd_us,False,False,False
tlg0457,002,EUBULIDES,Fragmentum,13,1840,pd_us,False,False,False
tlg0458,001,EUBULUS,Fragmenta,2745,1884,pd_us,False,False,False
tlg0458,002,EUBULUS,Fragmenta,2584,1840,pd_us,False,False,False
tlg0458,003,EUBULUS,Fragmenta,20,1912,pd_us,False,False,False
tlg0458,004,EUBULUS,Titulus,2,1973,in_copyright,False,False,False
tlg0458,005,EUBULUS,Fragmentum,2,1888,pd_us,False,False,False
tlg0458,006,EUBULUS,Fragmentum,2,1857,pd_us,False,False,False
tlg0458,X01,EUBULUS,Aenigmata,,,unknown,False,False,False
tlg0459,001,EUNICUS,Fragmentum,9,1880,pd_us,False,False,False
tlg0459,002,EUNICUS,Fragmentum,8,1840,pd_us,False,False,False
tlg0460,001,EUPHRO,Fragmenta,576,1888,pd_us,False,False,False
tlg0460,002,EUPHRO,Fragmenta,582,1841,pd_us,False,False,False
tlg0461,001,EUPOLIS,Fragmenta,2936,1880,pd_us,False,False,False
tlg0461,002,EUPOLIS,Fragmenta,2840,1839,pd_us,False,False,False
tlg0461,003,EUPOLIS,Fragmenta,668,1912,pd_us,False,False,False
tlg0461,004,EUPOLIS,Fragmenta,2804,1973,in_copyright,False,False,False
tlg0461,005,EUPOLIS,Fragmenta,45,1857,pd_us,False,False,False
tlg0462,001,EUTHYCLES,Fragmenta,23,1880,pd_us,False,False,False
tlg0462,002,EUTHYCLES,Fragmenta,19,1840,pd_us,False,False,False
tlg0463,001,HEGEMON,Fragmentum,14,1880,pd_us,False,False,False
tlg0463,002,HEGEMON,Fragmentum,14,1840,pd_us,False,False,False
tlg0463,003,HEGEMON,Fragmentum,151,1888,pd_us,False,False,False
tlg0464,001,HEGESIPPUS,Fragmenta,238,1888,pd_us,False,False,False
tlg0464,002,HEGESIPPUS,Fragmenta,234,1841,pd_us,False,False,False
tlg0465,001,HENIOCHUS,Fragmenta,245,1884,pd_us,False,False,False
tlg0465,002,HENIOCHUS,Fragmenta,240,1840,pd_us,False,False,False
tlg0466,001,HERACLIDES,Fragmentum,29,1884,pd_us,False,False,False
tlg0466,002,HERACLIDES,Fragmentum,27,1840,pd_us,False,False,False
tlg0467,001,TIMOTHEUS,Tituli,2,1971,in_copyright,False,False,False
tlg0468,001,HIPPARCHUS,Fragmenta,91,1888,pd_us,False,False,False
tlg0468,002,HIPPARCHUS,Fragmenta,89,1841,pd_us,False,False,False
tlg0469,001,LAON,Fragmenta,31,,unknown,False,False,False
tlg0469,002,LAON,Fragmenta,32,1841,pd_us,False,False,False
tlg0470,001,LEUCO,Fragmentum,15,1880,pd_us,False,False,False
tlg0470,002,LEUCO,Fragmentum,10,1840,pd_us,False,False,False
tlg0470,003,LEUCO,Fragmentum,16,1973,in_copyright,False,False,False
tlg0471,001,LYNCEUS,Fragmentum,158,1888,pd_us,False,False,False
tlg0471,002,LYNCEUS,Fragmentum,157,1841,pd_us,False,False,False
tlg0472,001,LYSIPPUS,Fragmenta,98,1880,pd_us,False,False,False
tlg0472,002,LYSIPPUS,Fragmenta,151,1840,pd_us,False,False,False
tlg0472,003,LYSIPPUS,Titulus,2,1973,in_copyright,False,False,False
tlg0473,001,MACHON,Fragmenta,2986,1965,in_copyright,False,False,False
tlg0473,002,MACHON,Fragmenta,96,1888,pd_us,False,False,False
tlg0473,003,MACHON,Fragmenta,96,1841,pd_us,False,False,False
tlg0474,001,MAGNES,Fragmenta,55,1880,pd_us,False,False,False
tlg0474,002,MAGNES,Fragmenta,46,1839,pd_us,False,False,False
tlg0474,003,MAGNES,Fragmentum,2,1912,pd_us,False,False,False
tlg0475,001,METAGENES,Fragmenta,222,1880,pd_us,False,False,False
tlg0475,002,METAGENES,Fragmenta,223,1840,pd_us,False,False,False
tlg0476,001,MNESIMACHUS,Fragmenta,448,1884,pd_us,False,False,False
tlg0476,002,MNESIMACHUS,Fragmenta,451,1840,pd_us,False,False,False
tlg0477,001,MYRTILUS,Fragmenta,19,1880,pd_us,False,False,False
tlg0477,002,MYRTILUS,Fragmenta,18,1839,pd_us,False,False,False
tlg0477,003,MYRTILUS,Fragmentum,7,1888,pd_us,False,False,False
tlg0478,001,NAUSICRATES,Fragmenta,132,1884,pd_us,False,False,False
tlg0478,002,NAUSICRATES,Fragmenta,87,1841,pd_us,False,False,False
tlg0478,003,NAUSICRATES,Fragmentum,2,1912,pd_us,False,False,False
tlg0479,001,NICO,Fragmentum,19,1888,pd_us,False,False,False
tlg0479,002,NICO,Fragmentum,20,1841,pd_us,False,False,False
tlg0480,001,NICOCHARES,Fragmenta,116,1880,pd_us,False,False,False
tlg0480,002,NICOCHARES,Fragmenta,88,1840,pd_us,False,False,False
tlg0480,003,NICOCHARES,Fragmenta,30,1912,pd_us,False,False,False
tlg0481,001,NICOLAUS,Fragmenta,277,1888,pd_us,False,False,False
tlg0481,002,NICOLAUS,,275,1841,pd_us,False,False,False
tlg0482,001,NICOMACHUS,Fragmenta,335,1888,pd_us,False,False,False
tlg0482,002,NICOMACHUS,Fragmenta,311,1841,pd_us,False,False,False
tlg0483,001,NICOPHON,Fragmenta,183,1880,pd_us,False,False,False
tlg0483,002,NICOPHON,Fragmenta,155,1840,pd_us,False,False,False
tlg0484,001,NICOSTRATUS,Fragmenta,562,1884,pd_us,False,False,False
tlg0484,002,NICOSTRATUS,Fragmenta,527,1840,pd_us,False,False,False
tlg0484,003,NICOSTRATUS,Fragmentum,9,1912,pd_us,False,False,False
tlg0484,004,NICOSTRATUS,Titulus,2,1888,pd_us,False,False,False
tlg0484,005,NICOSTRATUS,Fragmenta,6,1857,pd_us,False,False,False
tlg0485,001,OPHELIO,Fragmenta,36,1884,pd_us,False,False,False
tlg0485,002,OPHELIO,Fragmenta,31,1840,pd_us,False,False,False
tlg0486,001,PHERECRATES,Fragmenta,2483,1880,pd_us,False,False,False
tlg0486,002,PHERECRATES,Fragmenta,2340,1839,pd_us,False,False,False
tlg0486,003,PHERECRATES,Fragmenta,94,1912,pd_us,False,False,False
tlg0486,004,PHERECRATES,Fragmentum,12,1973,in_copyright,False,False,False
tlg0486,005,PHERECRATES,Fragmentum,16,1888,pd_us,False,False,False
tlg0486,006,PHERECRATES,Fragmenta,6,1857,pd_us,False,False,False
tlg0487,001,PHILEMON,Fragmenta,4361,1884,pd_us,False,False,False
tlg0487,002,PHILEMON,Fragmenta,4192,1839,pd_us,False,False,False
tlg0487,003,PHILEMON,Fragmenta,56,1912,pd_us,False,False,False
tlg0487,004,PHILEMON,Fragmenta,136,1973,in_copyright,False,False,False
tlg0487,006,PHILEMON,Titulus,2,1888,pd_us,False,False,False
tlg0487,007,PHILEMON,Fragmentum,2,1888,pd_us,False,False,False
tlg0487,008,PHILEMON,Epigramma,17,,unknown,False,False,False
tlg0487,009,PHILEMON,Fragmenta,77,1857,pd_us,False,False,False
tlg0487,X01,PHILEMON,Sententia ap. Menandrum (tabula lignea Cairensis),,,unknown,False,False,False
tlg0488,001,PHILEMON Junior,Fragmenta,106,1884,pd_us,False,False,False
tlg0488,002,PHILEMON Junior,Fragmenta,91,1841,pd_us,False,False,False
tlg0489,001,PHILETAERUS,Fragmenta,324,1884,pd_us,False,False,False
tlg0489,002,PHILETAERUS,Fragmenta,307,1840,pd_us,False,False,False
tlg0489,003,PHILETAERUS,Fragmentum,2,1912,pd_us,False,False,False
tlg0490,001,PHILIPPIDES,Fragmenta,463,1888,pd_us,False,False,False
tlg0490,002,PHILIPPIDES,Fragmenta,439,1841,pd_us,False,False,False
tlg0491,001,PHILISCUS,Fragmenta,60,1884,pd_us,False,False,False
tlg0491,002,PHILISCUS,Fragmenta,44,1840,pd_us,False,False,False
tlg0491,003,PHILISCUS,Fragmentum,112,1973,in_copyright,False,False,False
tlg0492,001,PHILONIDES,Fragmenta,105,1880,pd_us,False,False,False
tlg0492,002,PHILONIDES,Fragmenta,51,1839,pd_us,False,False,False
tlg0492,003,PHILONIDES,Fragmenta,24,1912,pd_us,False,False,False
tlg0493,001,PHILOSTEPHANUS,Fragmentum,28,1888,pd_us,False,False,False
tlg0493,002,PHILOSTEPHANUS,Fragmentum,28,1841,pd_us,False,False,False
tlg0494,001,PHILYLLIUS,Fragmenta,238,1880,pd_us,False,False,False
tlg0494,002,PHILYLLIUS,Fragmenta,207,1840,pd_us,False,False,False
tlg0494,003,PHILYLLIUS,Fragmenta,4,1912,pd_us,False,False,False
tlg0494,004,PHILYLLIUS,Titulus,2,1973,in_copyright,False,False,False
tlg0495,001,PHOENICIDES,Fragmenta,200,1888,pd_us,False,False,False
tlg0495,002,PHOENICIDES,Fragmenta,200,1841,pd_us,False,False,False
tlg0495,003,PHOENICIDES,Titulus,2,1973,in_copyright,False,False,False
tlg0496,001,PHRYNICHUS,Fragmenta,550,1880,pd_us,False,False,False
tlg0496,002,PHRYNICHUS,Fragmenta,502,1839,pd_us,False,False,False
tlg0496,003,PHRYNICHUS,Fragmenta,36,1912,pd_us,False,False,False
tlg0496,004,PHRYNICHUS,Tituli,3,1973,in_copyright,False,False,False
tlg0496,005,PHRYNICHUS,Fragmentum,9,1857,pd_us,False,False,False
tlg0497,001,PLATO,Fragmenta,2013,1880,pd_us,False,False,False
tlg0497,002,PLATO,Fragmenta,1824,1840,pd_us,False,False,False
tlg0497,003,PLATO,Fragmenta,102,1912,pd_us,False,False,False
tlg0497,004,PLATO,Fragmenta,32,1973,in_copyright,False,False,False
tlg0497,005,PLATO,Epigramma,82,,unknown,False,False,False
tlg0497,006,PLATO,Fragmentum,4,1888,pd_us,False,False,False
tlg0497,007,PLATO,Fragmenta,47,1857,pd_us,False,False,False
tlg0498,001,POLIOCHUS,Fragmenta,58,1888,pd_us,False,False,False
tlg0498,002,POLIOCHUS,Fragmenta,59,1841,pd_us,False,False,False
tlg0499,001,POLYZELUS,Fragmenta,110,1880,pd_us,False,False,False
tlg0499,002,POLYZELUS,Fragmenta,90,1840,pd_us,False,False,False
tlg0499,003,POLYZELUS,Fragmentum,3,1912,pd_us,False,False,False
tlg0500,001,POSIDIPPUS,Fragmenta,641,1888,pd_us,False,False,False
tlg0500,002,POSIDIPPUS,Fragmenta,599,1841,pd_us,False,False,False
tlg0500,003,POSIDIPPUS,Fragmentum,56,1973,in_copyright,False,False,False
tlg0501,001,SANNYRION,Fragmenta,71,1880,pd_us,False,False,False
tlg0501,002,SANNYRION,Fragmenta,69,1840,pd_us,False,False,False
tlg0501,003,SANNYRION,Fragmenta,5,1912,pd_us,False,False,False
tlg0501,004,SANNYRION,Titulus,2,1973,in_copyright,False,False,False
tlg0502,001,SOPHILUS,Fragmenta,101,1884,pd_us,False,False,False
tlg0502,002,SOPHILUS,Fragmenta,95,1840,pd_us,False,False,False
tlg0502,X01,SOPHILUS,Problema,,,unknown,False,False,False
tlg0503,001,SOSICRATES,Fragmenta,77,1888,pd_us,False,False,False
tlg0503,002,SOSICRATES,Fragmenta,67,1841,pd_us,False,False,False
tlg0504,001,SOSIPATER,Fragmentum,378,1888,pd_us,False,False,False
tlg0504,002,SOSIPATER,Fragmentum,381,1841,pd_us,False,False,False
tlg0505,001,SOTADES,Fragmenta,211,1884,pd_us,False,False,False
tlg0505,002,SOTADES,Fragmenta,210,1840,pd_us,False,False,False
tlg0505,003,SOTADES,Fragmentum,33,1912,pd_us,False,False,False
tlg0506,001,STEPHANUS,Fragmentum,38,1888,pd_us,False,False,False
tlg0506,002,STEPHANUS,Fragmentum,37,1841,pd_us,False,False,False
tlg0507,001,STRATON,Fragmentum,302,1888,pd_us,False,False,False
tlg0507,002,STRATON,Fragmentum,302,1841,pd_us,False,False,False
tlg0507,003,STRATON,Fragmentum,326,1973,in_copyright,False,False,False
tlg0508,001,STRATTIS,Fragmenta,627,1880,pd_us,False,False,False
tlg0508,002,STRATTIS,Fragmenta,571,1840,pd_us,False,False,False
tlg0508,003,STRATTIS,Fragmenta,40,1912,pd_us,False,False,False
tlg0508,004,STRATTIS,Fragmenta,713,1973,in_copyright,False,False,False
tlg0508,005,STRATTIS,,8,1857,pd_us,False,False,False
tlg0509,001,[2MYIA]2,Epistula ad Phyllidem,302,1965,in_copyright,True,False,True
tlg0510,001,TELECLIDES,Fragmenta,428,1880,pd_us,False,False,False
tlg0510,002,TELECLIDES,Fragmenta,389,1839,pd_us,False,False,False
tlg0510,003,TELECLIDES,Fragmenta,6,1912,pd_us,False,False,False
tlg0511,001,THEOGNETUS,Fragmenta,91,1888,pd_us,False,False,False
tlg0511,002,THEOGNETUS,Fragmenta,90,1841,pd_us,False,False,False
tlg0511,003,THEOGNETUS,Titulus,4,1973,in_copyright,False,False,False
tlg0512,001,THEOPHILUS,Fragmenta,308,1884,pd_us,False,False,False
tlg0512,002,THEOPHILUS,Fragmenta,309,1840,pd_us,False,False,False
tlg0513,001,THEOPOMPUS,Fragmenta,674,1880,pd_us,False,False,False
tlg0513,002,THEOPOMPUS,Fragmenta,637,1840,pd_us,False,False,False
tlg0513,003,THEOPOMPUS,Fragmenta,28,1912,pd_us,False,False,False
tlg0513,004,THEOPOMPUS,Titulus,2,1973,in_copyright,False,False,False
tlg0514,001,THUGENIDES,Fragmenta,16,1888,pd_us,False,False,False
tlg0514,002,THUGENIDES,Fragmenta,9,1841,pd_us,False,False,False
tlg0514,003,THUGENIDES,Fragmentum,6,1912,pd_us,False,False,False
tlg0515,001,TIMOCLES,Fragmenta,1093,1884,pd_us,False,False,False
tlg0515,002,TIMOCLES,Fragmenta,1119,1840,pd_us,False,False,False
tlg0515,003,TIMOCLES,Fragmenta,79,1912,pd_us,False,False,False
tlg0515,004,TIMOCLES,Fragmentum,104,1973,in_copyright,False,False,False
tlg0516,001,TIMOSTRATUS,Fragmenta,44,1888,pd_us,False,False,False
tlg0516,002,TIMOSTRATUS,Tituli,5,1841,pd_us,False,False,False
tlg0516,003,TIMOSTRATUS,Fragmenta,25,1857,pd_us,False,False,False
tlg0517,001,TIMOTHEUS,Fragmenta,45,1884,pd_us,False,False,False
tlg0517,002,TIMOTHEUS,Fragmenta,41,1840,pd_us,False,False,False
tlg0518,001,XENARCHUS,Fragmenta,464,1884,pd_us,False,False,False
tlg0518,002,XENARCHUS,Fragmenta,469,1840,pd_us,False,False,False
tlg0519,001,XENO,Fragmentum,13,1888,pd_us,False,False,False
tlg0519,002,XENO,Fragmentum,11,1841,pd_us,False,False,False
tlg0520,001,ARCESILAUS,Fragmentum,11,1912,pd_us,False,False,False
tlg0521,001,EPICHARMUS et PSEUDEPICHARMEA,Fragmenta Epicharmi,1971,1899,pd_us,False,False,False
tlg0521,002,EPICHARMUS et PSEUDEPICHARMEA,Fragmenta Pseudepicharmea,573,1899,pd_us,False,False,False
tlg0521,003,EPICHARMUS et PSEUDEPICHARMEA,Fragmenta,282,1912,pd_us,False,False,False
tlg0521,004,EPICHARMUS et PSEUDEPICHARMEA,Fragmenta Epicharmi,2664,1973,in_copyright,False,False,False
tlg0521,005,EPICHARMUS et PSEUDEPICHARMEA,Fragmenta Pseudepicharmea,447,1973,in_copyright,False,False,False
tlg0521,006,EPICHARMUS et PSEUDEPICHARMEA,Fragmentum Epicharmi,12,1899,pd_us,False,False,False
tlg0521,007,EPICHARMUS et PSEUDEPICHARMEA,Testimonia,760,1951,in_copyright,False,False,False
tlg0521,008,EPICHARMUS et PSEUDEPICHARMEA,Fragmenta,2514,1951,in_copyright,True,False,True
tlg0521,X01,EPICHARMUS et PSEUDEPICHARMEA,Epigramma exhortatorium et supplicatorium,,,unknown,False,False,False
tlg0522,001,PISANDER,Fragmenta,31,1964,in_copyright,False,False,False
tlg0523,001,MENECRATES,Titulus,5,1888,pd_us,False,False,False
tlg0523,002,MENECRATES,Titulus,9,1839,pd_us,False,False,False
tlg0523,003,MENECRATES,Fragmentum,8,1912,pd_us,False,False,False
tlg0524,001,SOPHRON,Fragmenta,643,1899,pd_us,False,False,False
tlg0524,002,SOPHRON,Fragmenta,34,1912,pd_us,False,False,False
tlg0525,001,PAUSANIAS,Graeciae descriptio,224602,1903,pd_us,False,True,True
tlg0526,001,Flavius JOSEPHUS,Antiquitates Judaicae,322394,1887,pd_us,False,True,True
tlg0526,002,Flavius JOSEPHUS,Josephi vita,16293,1890,pd_us,False,True,True
tlg0526,003,Flavius JOSEPHUS,Contra Apionem (%6 De Judaeorum vetustate),23540,1889,pd_us,False,True,True
tlg0526,004,Flavius JOSEPHUS,De bello Judaico libri vii,129064,1895,pd_us,False,True,True
tlg0526,X01,Flavius JOSEPHUS,Machabaeorum iv [Sp.],,,unknown,False,False,False
tlg0527,001,SEPTUAGINTA,Genesis,34304,1935,in_copyright,True,False,True
tlg0527,002,SEPTUAGINTA,Exodus,26553,1935,in_copyright,True,False,True
tlg0527,003,SEPTUAGINTA,Leviticus,20336,1935,in_copyright,True,False,True
tlg0527,004,SEPTUAGINTA,Numeri,26811,1935,in_copyright,True,False,True
tlg0527,005,SEPTUAGINTA,Deuteronomium,24297,1935,in_copyright,True,False,True
tlg0527,006,SEPTUAGINTA,Josue (Cod. Vaticanus %7 Cod. Alexandrinus),15847,1935,in_copyright,True,False,True
tlg0527,007,SEPTUAGINTA,Josue (Cod. Alexandrinus),1195,1935,in_copyright,False,False,False
tlg0527,008,SEPTUAGINTA,Judices (Cod. Alexandrinus),16883,1935,in_copyright,True,False,True
tlg0527,009,SEPTUAGINTA,Judices (Cod. Vaticanus),16519,1935,in_copyright,False,False,False
tlg0527,010,SEPTUAGINTA,Ruth,2200,1935,in_copyright,True,False,True
tlg0527,011,SEPTUAGINTA,Regnorum i (Samuelis i in textu Masoretico),21243,1935,in_copyright,True,False,True
tlg0527,012,SEPTUAGINTA,Regnorum ii (Samuelis ii in textu Masoretico),18914,1935,in_copyright,True,False,True
tlg0527,013,SEPTUAGINTA,Regnorum iii (Regum i in textu Masoretico),22061,1935,in_copyright,True,False,True
tlg0527,014,SEPTUAGINTA,Regnorum iv (Regum ii in textu Masoretico),19990,1935,in_copyright,True,False,True
tlg0527,015,SEPTUAGINTA,Paralipomenon i sive Chronicon i,17451,1935,in_copyright,True,False,True
tlg0527,016,SEPTUAGINTA,Paralipomenon ii sive Chronicon ii,22679,1935,in_copyright,True,False,True
tlg0527,017,SEPTUAGINTA,Esdras i (liber apocryphus),9624,1935,in_copyright,True,False,True
tlg0527,018,SEPTUAGINTA,Esdras ii (Ezra et Nehemias in textu Masoretico),14219,1935,in_copyright,True,False,True
tlg0527,019,SEPTUAGINTA,Esther,6237,1935,in_copyright,True,False,True
tlg0527,020,SEPTUAGINTA,Judith,9736,1935,in_copyright,True,False,True
tlg0527,021,SEPTUAGINTA,Tobias (Cod. Vaticanus %7 Cod. Alexandrinus),5856,1935,in_copyright,True,False,True
tlg0527,022,SEPTUAGINTA,Tobias (Cod. Sinaiticus),7636,1935,in_copyright,False,False,False
tlg0527,023,SEPTUAGINTA,Machabaeorum i,19535,1935,in_copyright,True,False,True
tlg0527,024,SEPTUAGINTA,Machabaeorum ii,12762,1935,in_copyright,True,False,True
tlg0527,025,SEPTUAGINTA,Machabaeorum iii,5484,1935,in_copyright,True,False,True
tlg0527,026,SEPTUAGINTA,Machabaeorum iv,8489,1935,in_copyright,True,False,True
tlg0527,027,SEPTUAGINTA,Psalmi,35353,1935,in_copyright,True,False,True
tlg0527,028,SEPTUAGINTA,Odae,4234,1935,in_copyright,True,False,True
tlg0527,029,SEPTUAGINTA,Proverbia,11265,1935,in_copyright,True,False,True
tlg0527,030,SEPTUAGINTA,Ecclesiastes,4573,1935,in_copyright,False,False,False
tlg0527,031,SEPTUAGINTA,Canticum,2037,1935,in_copyright,True,False,True
tlg0527,032,SEPTUAGINTA,Job,13664,1935,in_copyright,True,False,True
tlg0527,033,SEPTUAGINTA,Sapientia Salomonis,6985,1935,in_copyright,True,False,True
tlg0527,034,SEPTUAGINTA,Ecclesiasticus sive Siracides (Sapientia Jesu filii,18760,1935,in_copyright,True,False,True
tlg0527,035,SEPTUAGINTA,Psalmi Salomonis,4969,1935,in_copyright,True,False,True
tlg0527,036,SEPTUAGINTA,Osee,4205,1935,in_copyright,True,False,True
tlg0527,037,SEPTUAGINTA,Amos,3409,1935,in_copyright,True,False,True
tlg0527,038,SEPTUAGINTA,Michaeas,2515,1935,in_copyright,True,False,True
tlg0527,039,SEPTUAGINTA,Joel,1693,1935,in_copyright,True,False,True
tlg0527,040,SEPTUAGINTA,Abdias,505,1935,in_copyright,True,False,True
tlg0527,041,SEPTUAGINTA,Jonas,1136,1935,in_copyright,True,False,True
tlg0527,042,SEPTUAGINTA,Nahum,1006,1935,in_copyright,True,False,True
tlg0527,043,SEPTUAGINTA,Habacuc,1162,1935,in_copyright,True,False,True
tlg0527,044,SEPTUAGINTA,Sophonias,1289,1935,in_copyright,True,False,True
tlg0527,045,SEPTUAGINTA,Aggaeus,1005,1935,in_copyright,True,False,True
tlg0527,046,SEPTUAGINTA,Zacharias,5243,1935,in_copyright,True,False,True
tlg0527,047,SEPTUAGINTA,Malachias,1490,1935,in_copyright,True,False,True
tlg0527,048,SEPTUAGINTA,Isaias,28804,1935,in_copyright,True,False,True
tlg0527,049,SEPTUAGINTA,Jeremias,30810,1935,in_copyright,True,False,True
tlg0527,050,SEPTUAGINTA,Baruch,2803,1935,in_copyright,True,False,True
tlg0527,051,SEPTUAGINTA,Threni seu Lamentationes,2422,1935,in_copyright,True,False,True
tlg0527,052,SEPTUAGINTA,Epistula Jeremiae,1370,1935,in_copyright,True,False,True
tlg0527,053,SEPTUAGINTA,Ezechiel,31395,1935,in_copyright,True,False,True
tlg0527,054,SEPTUAGINTA,Susanna (translatio Graeca),853,1935,in_copyright,True,False,True
tlg0527,055,SEPTUAGINTA,Susanna (Theodotionis versio),1230,1935,in_copyright,True,False,True
tlg0527,056,SEPTUAGINTA,Daniel (translatio Graeca),11398,1935,in_copyright,True,False,True
tlg0527,057,SEPTUAGINTA,Daniel (Theodotionis versio),11096,1935,in_copyright,True,False,True
tlg0527,058,SEPTUAGINTA,Bel et Draco (translatio Graeca),960,1935,in_copyright,True,False,True
tlg0527,059,SEPTUAGINTA,Bel et Draco (Theodotionis versio),939,1935,in_copyright,True,False,True
tlg0528,001,AËTIUS,De placitis reliquiae (Stobaei excerpta),12046,1879,pd_us,False,False,False
tlg0528,002,AËTIUS,De placitis reliquiae (Theodoreti et Nemesii excerpta),2866,1879,pd_us,False,False,False
tlg0528,X01,AËTIUS,De placitis reliquiae (Pseudo%19Plutarchi epitome),,,unknown,False,False,False
tlg0529,001,ARIUS DIDYMUS,Physica (fragmenta),8354,1879,pd_us,False,False,False
tlg0529,002,ARIUS DIDYMUS,Liber de philosophorum sectis (epitome ap. Stobaeum),21271,1867,pd_us,True,False,True
tlg0530,001,Pseudo-GALENUS,De causa affectionum,3407,1911,pd_us,False,False,False
tlg0530,002,Pseudo-GALENUS,An animal sit quod est in utero,3827,1914,pd_us,False,False,False
tlg0530,003,Pseudo-GALENUS,*LE/CEIS BOTANW=N,1452,1939,in_copyright,False,False,False
tlg0530,005,Pseudo-GALENUS,De fasciis liber,8609,1829,pd_us,True,False,True
tlg0530,006,Pseudo-GALENUS,Ad Gaurum quomodo animetur fetus,9936,1895,pd_us,True,False,True
tlg0530,009,Pseudo-GALENUS,De humoribus liber,1746,1830,pd_us,False,False,False
tlg0530,012,Pseudo-GALENUS,Introductio seu medicus,19693,1827,pd_us,True,False,True
tlg0530,020,Pseudo-GALENUS,De partibus philosophiae,2244,,unknown,False,False,False
tlg0530,022,Pseudo-GALENUS,De ponderibus et mensuris,3942,1864,pd_us,False,False,False
tlg0530,023,Pseudo-GALENUS,Praesagitio omnino vera expertaque,913,1830,pd_us,False,False,False
tlg0530,024,Pseudo-GALENUS,Prognostica de decubitu ex mathematica scientia,6880,1830,pd_us,False,False,False
tlg0530,026,Pseudo-GALENUS,De pulsibus ad Antonium disciplinae studiosum ac philosophum,2120,1830,pd_us,False,False,False
tlg0530,029,Pseudo-GALENUS,De remediis parabilibus libri iii,36890,1827,pd_us,True,False,True
tlg0530,031,Pseudo-GALENUS,De succedaneis liber,2218,1830,pd_us,False,False,False
tlg0530,032,Pseudo-GALENUS,De theriaca ad Pamphilianum,2240,1827,pd_us,True,False,True
tlg0530,033,Pseudo-GALENUS,De urinis,3983,1830,pd_us,False,False,False
tlg0530,034,Pseudo-GALENUS,De urinis compendium,976,1830,pd_us,False,False,False
tlg0530,035,Pseudo-GALENUS,"De urinis ex Hippocrate, Galeno et aliis quibusdam",3096,1830,pd_us,False,False,False
tlg0530,036,Pseudo-GALENUS,De venae sectione,1315,1830,pd_us,False,False,False
tlg0530,037,Pseudo-GALENUS,De victus ratione in morbis acutis ex Hippocratis sententia liber,5711,1914,pd_us,False,False,False
tlg0530,041,Pseudo-GALENUS,Definitiones medicae,15715,1830,pd_us,False,False,False
tlg0530,042,Pseudo-GALENUS,De historia philosophica,11549,1879,pd_us,False,False,False
tlg0530,043,Pseudo-GALENUS,De optima secta ad Thrasybulum liber,18213,1821,pd_us,True,False,True
tlg0530,045,Pseudo-GALENUS,De affectuum renibus insidentium dignotione et curatione liber,8517,1830,pd_us,False,False,False
tlg0530,046,Pseudo-GALENUS,De signis ex urinis (fort. auctore Magno Emeseno),1813,1985,in_copyright,False,False,False
tlg0531,001,HERMIAS,Irrisio gentilium philosophorum,1865,1879,pd_us,False,False,False
tlg0532,001,ACHILLES TATIUS,Leucippe et Clitophon,43440,1955,in_copyright,False,True,True
tlg0533,003,CALLIMACHUS,Epigrammata,1984,1953,in_copyright,False,True,True
tlg0533,004,CALLIMACHUS,Epigrammata,2066,,unknown,False,True,True
tlg0533,005,CALLIMACHUS,Fragmenta et titulus,2867,1983,in_copyright,False,False,False
tlg0533,006,CALLIMACHUS,Aetia,5509,1949,in_copyright,True,False,True
tlg0533,007,CALLIMACHUS,Iambi,2869,1949,in_copyright,True,False,True
tlg0533,008,CALLIMACHUS,Lyrica,524,1949,in_copyright,False,False,False
tlg0533,009,CALLIMACHUS,Hecala,1564,1949,in_copyright,True,False,True
tlg0533,010,CALLIMACHUS,Carmina epica et elegiaca minora,660,1949,in_copyright,False,False,False
tlg0533,011,CALLIMACHUS,Epigrammatum fragmenta,92,1949,in_copyright,False,False,False
tlg0533,012,CALLIMACHUS,Fragmenta grammatica,1630,1949,in_copyright,False,False,False
tlg0533,013,CALLIMACHUS,Fragmenta incertae sedis,1106,1949,in_copyright,False,False,False
tlg0533,014,CALLIMACHUS,Fragmenta incerti auctoris (fort. auctore Callimacho),303,1949,in_copyright,False,False,False
tlg0533,015,CALLIMACHUS,In Jovem (hymn. 1),709,1953,in_copyright,False,True,True
tlg0533,016,CALLIMACHUS,In Apollinem (hymn. 2),784,1953,in_copyright,False,True,True
tlg0533,017,CALLIMACHUS,In Dianam (hymn. 3),1861,1953,in_copyright,False,True,True
tlg0533,018,CALLIMACHUS,In Delum (hymn. 4),2203,1953,in_copyright,False,True,True
tlg0533,019,CALLIMACHUS,In lavacrum Palladis (hymn. 5),920,1953,in_copyright,False,True,True
tlg0533,020,CALLIMACHUS,In Cererem (hymn. 6),976,1953,in_copyright,False,True,True
tlg0533,X01,CALLIMACHUS,Epigrammata (App. Anth.),,,unknown,False,False,False
tlg0533,X02,CALLIMACHUS,Fragmentum papyraceum (P. Mich. inv. 3499) (fort. auctore,,,unknown,False,False,False
tlg0534,001,CALLISTHENES,Testimonia,3009,,unknown,False,False,False
tlg0534,002,CALLISTHENES,Fragmenta,6255,,unknown,False,False,False
tlg0534,003,CALLISTHENES,Testimonium et fragmentum,164,1978,in_copyright,False,False,False
tlg0535,001,DEMADES,Fragmenta,6539,1955,in_copyright,False,True,True
tlg0535,002,DEMADES,Testimonium,43,,unknown,False,False,False
tlg0535,003,DEMADES,Fragmentum,42,,unknown,False,False,False
tlg0536,002,EPHORUS,Testimonia,2109,,unknown,False,False,False
tlg0536,003,EPHORUS,Fragmenta,21344,,unknown,False,False,False
tlg0536,004,EPHORUS,Fragmenta,46,1978,in_copyright,False,False,False
tlg0536,X01,EPHORUS,Sicyonis historia (P. Oxy. `11.1365),,,unknown,False,False,False
tlg0537,010,EPICURUS,Epistula ad Herodotum,4710,1973,in_copyright,True,False,True
tlg0537,011,EPICURUS,Epistula ad Pythoclem,3130,1973,in_copyright,True,False,True
tlg0537,012,EPICURUS,Epistula ad Menoeceum,1380,1973,in_copyright,True,False,True
tlg0537,013,EPICURUS,Ratae sententiae,1440,1973,in_copyright,True,False,True
tlg0537,014,EPICURUS,Gnomologium Vaticanum Epicureum,1174,1973,in_copyright,True,False,True
tlg0537,015,EPICURUS,Deperditorum librorum reliquiae,18490,1973,in_copyright,False,False,False
tlg0537,016,EPICURUS,Epistularum fragmenta,4230,1973,in_copyright,False,False,False
tlg0537,017,EPICURUS,Incertae sedis fragmenta,146,1973,in_copyright,False,False,False
tlg0538,001,HECATAEUS,Testimonia,2451,,unknown,False,False,False
tlg0538,002,HECATAEUS,Fragmenta,11822,,unknown,False,False,False
tlg0538,003,HECATAEUS,Fragmenta,89,1978,in_copyright,False,False,False
tlg0539,001,HELLANICUS,Testimonia,1551,,unknown,False,False,False
tlg0539,002,HELLANICUS,Fragmenta,18331,,unknown,False,False,False
tlg0539,003,HELLANICUS,Fragmentum (P. Oxy. 26.2442),78,1978,in_copyright,False,False,False
tlg0540,001,LYSIAS,De caede Eratosthenis,2525,1955,in_copyright,False,True,True
tlg0540,002,LYSIAS,Epitaphius [Sp.],4251,1955,in_copyright,False,True,True
tlg0540,003,LYSIAS,Contra Simonem,2280,1955,in_copyright,False,True,True
tlg0540,004,LYSIAS,*PERI\ TRAU/MATOS E)K PRONOI/AS U(PE\R OU(= KAI\ PRO\S O(\N,1010,1955,in_copyright,False,True,True
tlg0540,005,LYSIAS,Pro Callia,292,1955,in_copyright,False,True,True
tlg0540,006,LYSIAS,In Andocidem [Sp.],2744,1955,in_copyright,False,True,True
tlg0540,007,LYSIAS,Areopagiticus,2119,1955,in_copyright,False,True,True
tlg0540,008,LYSIAS,*KATHGORI/A PRO\S TOU\S SUNOUSIASTA\S KAKOLOGIW=N [Sp.],1078,1955,in_copyright,False,True,True
tlg0540,009,LYSIAS,Pro milite [Sp.],926,1955,in_copyright,False,True,True
tlg0540,010,LYSIAS,In Theomnestum 1,1544,1955,in_copyright,False,True,True
tlg0540,011,LYSIAS,In Theomnestum 2 [Sp.],574,1955,in_copyright,False,True,True
tlg0540,012,LYSIAS,In Eratosthenem,5052,1955,in_copyright,False,True,True
tlg0540,013,LYSIAS,In Agoratum,5074,1955,in_copyright,False,True,True
tlg0540,014,LYSIAS,In Alcibiadem 1,2501,1955,in_copyright,False,True,True
tlg0540,015,LYSIAS,In Alcibiadem 2,632,1955,in_copyright,False,True,True
tlg0540,016,LYSIAS,Pro Mantitheo,1193,1955,in_copyright,False,True,True
tlg0540,017,LYSIAS,*PRO\S TO\ DHMO/SION PERI\ TW=N *)ERA/TWNOS XRHMA/TWN,621,1955,in_copyright,False,True,True
tlg0540,018,LYSIAS,*PERI\ TH=S DHMEU/SEWS [2TW=N]2 TOU= *NIKI/OU A)DELFOU=,1410,1955,in_copyright,False,True,True
tlg0540,019,LYSIAS,"*(UPE\R TW=N *)ARISTOFA/NOUS XRHMA/TWN, PRO\S TO\ DHMO/SION",3260,1955,in_copyright,False,True,True
tlg0540,020,LYSIAS,Pro Polystrato [Sp.],1994,1955,in_copyright,False,True,True
tlg0540,021,LYSIAS,*)APOLOGI/A DWRODOKI/AS A)PARA/SHMOS,1354,1955,in_copyright,False,True,True
tlg0540,022,LYSIAS,*KATA\ TW=N SITOPWLW=N,1175,1955,in_copyright,False,True,True
tlg0540,023,LYSIAS,In Pancleonem,804,1955,in_copyright,False,True,True
tlg0540,024,LYSIAS,[2*(UPE\R TOU= A)DUNA/TOU]2,1485,1955,in_copyright,False,True,True
tlg0540,025,LYSIAS,[*DH/MOU KATALU/SEWS] A)POLOGI/A,2117,1955,in_copyright,False,True,True
tlg0540,026,LYSIAS,[2*PERI\ TH=S *EU)A/NDROU DOKIMASI/AS]2,1441,1955,in_copyright,False,True,True
tlg0540,027,LYSIAS,In Epicratem,794,1955,in_copyright,False,True,True
tlg0540,028,LYSIAS,In Ergoclem,959,1955,in_copyright,False,True,True
tlg0540,029,LYSIAS,In Philocratem,704,1955,in_copyright,False,True,True
tlg0540,030,LYSIAS,In Nicomachum,1971,1955,in_copyright,False,True,True
tlg0540,031,LYSIAS,In Philonem,1894,1955,in_copyright,False,True,True
tlg0540,032,LYSIAS,In Diogitonem,1784,1955,in_copyright,False,True,True
tlg0540,033,LYSIAS,Olympiacus,457,1955,in_copyright,False,True,True
tlg0540,034,LYSIAS,*PERI\ TOU= MH\ KATALU=SAI TH\N PA/TRION POLITEI/AN *)AQH/NHSI,584,1955,in_copyright,False,True,True
tlg0540,035,LYSIAS,Fragmenta,2516,1955,in_copyright,False,False,False
tlg0540,036,LYSIAS,Fragmenta,5940,1913,pd_us,False,False,False
tlg0541,001,MENANDER,Aspis,3267,1972,in_copyright,False,False,False
tlg0541,002,MENANDER,Aspidis fragmenta aliunde nota,37,1972,in_copyright,False,False,False
tlg0541,003,MENANDER,Georgus,688,1972,in_copyright,False,False,False
tlg0541,004,MENANDER,Georgi fragmenta aliunde nota,131,1972,in_copyright,False,False,False
tlg0541,005,MENANDER,Dis exapaton,402,1972,in_copyright,False,False,False
tlg0541,006,MENANDER,Dis exapatontis fragmenta aliunde nota,34,1972,in_copyright,False,False,False
tlg0541,007,MENANDER,Dyscolus,6694,1972,in_copyright,False,False,False
tlg0541,008,MENANDER,Epitrepontum fragmenta,105,1972,in_copyright,False,False,False
tlg0541,009,MENANDER,Epitrepontes,4493,1972,in_copyright,False,False,False
tlg0541,010,MENANDER,Heros,532,1972,in_copyright,False,False,False
tlg0541,011,MENANDER,Herois fragmenta aliunde nota,82,1972,in_copyright,False,False,False
tlg0541,012,MENANDER,Theophorumene,118,1972,in_copyright,False,False,False
tlg0541,013,MENANDER,Theophorumenae fragmentum dubium,104,1972,in_copyright,False,False,False
tlg0541,014,MENANDER,Theophorumenae fragmenta aliunde nota,153,1972,in_copyright,False,False,False
tlg0541,015,MENANDER,Carchedonius,154,1972,in_copyright,False,False,False
tlg0541,016,MENANDER,Carchedonii fragmenta aliunde nota,46,1972,in_copyright,False,False,False
tlg0541,017,MENANDER,Citharista,400,1972,in_copyright,False,False,False
tlg0541,018,MENANDER,Citharistae fragmenta aliunde nota,161,1972,in_copyright,False,False,False
tlg0541,019,MENANDER,Colax,627,1972,in_copyright,False,False,False
tlg0541,020,MENANDER,Colacis fragmenta aliunde nota,103,1972,in_copyright,False,False,False
tlg0541,021,MENANDER,Coneazomenae,126,1972,in_copyright,False,False,False
tlg0541,022,MENANDER,Coneazomenarum fragmentum aliunde notum,15,1972,in_copyright,False,False,False
tlg0541,023,MENANDER,Misumenus,1600,1972,in_copyright,False,False,False
tlg0541,024,MENANDER,Misumeni fragmenta,78,1972,in_copyright,False,False,False
tlg0541,025,MENANDER,Periciromene,3152,1972,in_copyright,False,False,False
tlg0541,026,MENANDER,Periciromenae fragmenta aliunde nota,13,1972,in_copyright,False,False,False
tlg0541,027,MENANDER,Perinthia,152,1972,in_copyright,False,False,False
tlg0541,028,MENANDER,Perinthiae fragmenta aliunde nota,93,1972,in_copyright,False,False,False
tlg0541,029,MENANDER,Samia,5424,1972,in_copyright,False,False,False
tlg0541,030,MENANDER,Samiae fragmentum aliunde notum,10,1972,in_copyright,False,False,False
tlg0541,031,MENANDER,Sicyonius,2215,1972,in_copyright,False,False,False
tlg0541,032,MENANDER,Sicyonii fragmenta aliunde nota,104,1972,in_copyright,False,False,False
tlg0541,033,MENANDER,Phasma,637,1972,in_copyright,False,False,False
tlg0541,034,MENANDER,Fabula incerta,342,1972,in_copyright,False,False,False
tlg0541,035,MENANDER,Fragmentum dubium (P. Oxy. `31.2533),69,1972,in_copyright,False,False,False
tlg0541,036,MENANDER,Fragmenta longiora apud alios auctores servata,2238,1972,in_copyright,False,False,False
tlg0541,037,MENANDER,Fragmenta,4142,1973,in_copyright,False,False,False
tlg0541,038,MENANDER,Misumeni nova fragmenta,1257,1965,in_copyright,False,False,False
tlg0541,039,MENANDER,Fragmenta,12000,1888,pd_us,False,False,False
tlg0541,040,MENANDER,Fragmenta,10779,1841,pd_us,False,False,False
tlg0541,041,MENANDER,Fragmenta,246,1912,pd_us,False,False,False
tlg0541,042,MENANDER,Sententiae e codicibus Byzantinis,5299,1964,in_copyright,True,False,True
tlg0541,044,MENANDER,Epigrammata,24,,unknown,False,False,False
tlg0541,045,MENANDER,Fragmenta,9889,1959,in_copyright,False,False,False
tlg0541,046,MENANDER,Epigramma,19,1841,pd_us,False,False,False
tlg0541,047,MENANDER,Sententiae,4515,1841,pd_us,False,False,False
tlg0541,048,MENANDER,Sententiae e papyris,1577,1964,in_copyright,False,False,False
tlg0541,049,MENANDER,Fragmenta,152,1857,pd_us,False,False,False
tlg0542,001,Julius POLLUX,Onomasticon,127339,1900,pd_us,True,False,True
tlg0542,X01,Julius POLLUX,Chronicon (sub nomine Julii Pollucis),,,unknown,False,False,False
tlg0543,001,POLYBIUS,Historiae,327805,1905,pd_us,False,True,True
tlg0543,002,POLYBIUS,Fragmenta ex incertis libris,4236,1904,pd_us,False,False,False
tlg0543,003,POLYBIUS,Testimonium,221,,unknown,False,False,False
tlg0544,001,SEXTUS EMPIRICUS,Pyrrhoniae hypotyposes,53497,1912,pd_us,True,False,True
tlg0544,002,SEXTUS EMPIRICUS,Adversus mathematicos,155837,1914,pd_us,True,False,True
tlg0545,001,Claudius AELIANUS,De natura animalium,107271,1864,pd_us,False,True,True
tlg0545,002,Claudius AELIANUS,Varia historia,39966,1866,pd_us,False,True,True
tlg0545,003,Claudius AELIANUS,Epistulae rusticae,2244,1866,pd_us,False,True,True
tlg0545,004,Claudius AELIANUS,Fragmenta,14067,1866,pd_us,True,False,True
tlg0545,005,Claudius AELIANUS,Titulus,4,1965,in_copyright,False,False,False
tlg0546,001,AELIANUS,Tactica,10840,1855,pd_us,False,False,False
tlg0547,001,ANAXIMENES,Ars rhetorica vulgo Rhetorica ad Alexandrum,19010,1966,in_copyright,False,False,False
tlg0547,002,ANAXIMENES,Testimonia,1424,,unknown,False,False,False
tlg0547,003,ANAXIMENES,Fragmenta,4673,,unknown,False,False,False
tlg0547,X01,ANAXIMENES,Fragmenta (P. Hibeh `1.15),,,unknown,False,False,False
tlg0548,001,Pseudo-APOLLODORUS,Bibliotheca (sub nomine Apollodori),28414,1894,pd_us,False,True,True
tlg0549,003,APOLLODORUS,Fragmenta,562,1978,in_copyright,False,False,False
tlg0549,005,APOLLODORUS,Fragmenta,12907,1853,pd_us,False,False,False
tlg0549,X01,APOLLODORUS,Bibliotheca (sub nomine Apollodori),,,unknown,False,False,False
tlg0550,001,APOLLONIUS,Conica,61900,1891,pd_us,True,False,True
tlg0551,001,APPIANUS,Prooemium,2396,1939,in_copyright,False,False,False
tlg0551,002,APPIANUS,Basilica (fragmenta),1411,1939,in_copyright,False,True,True
tlg0551,003,APPIANUS,Italica (fragmenta),1230,1939,in_copyright,False,True,True
tlg0551,004,APPIANUS,Samnitica (fragmenta),3561,1939,in_copyright,False,True,True
tlg0551,005,APPIANUS,Celtica (fragmenta),2321,1939,in_copyright,False,True,True
tlg0551,006,APPIANUS,Sicelica (fragmenta),1019,1939,in_copyright,False,True,True
tlg0551,007,APPIANUS,Iberica,16514,1939,in_copyright,False,True,True
tlg0551,008,APPIANUS,Annibaica,9931,1939,in_copyright,False,True,True
tlg0551,009,APPIANUS,Libyca,25979,1939,in_copyright,False,True,True
tlg0551,010,APPIANUS,Numidica (fragmenta),407,1939,in_copyright,False,True,True
tlg0551,011,APPIANUS,Macedonica (fragmenta),3852,1939,in_copyright,False,True,True
tlg0551,012,APPIANUS,Illyrica,4977,1939,in_copyright,False,True,True
tlg0551,013,APPIANUS,Syriaca,14027,1939,in_copyright,False,True,True
tlg0551,014,APPIANUS,Mithridatica,24766,1939,in_copyright,False,True,True
tlg0551,015,APPIANUS,Fragmenta historiae Romanae,640,1939,in_copyright,False,False,False
tlg0551,016,APPIANUS,Appiani ad Frontonem epistula,330,1939,in_copyright,False,False,False
tlg0551,017,APPIANUS,Bellum civile,120226,1913,pd_us,False,True,True
tlg0551,018,APPIANUS,Testimonium,55,,unknown,False,False,False
tlg0552,001,ARCHIMEDES,De sphaera et cylindro,26105,1970,in_copyright,True,False,True
tlg0552,002,ARCHIMEDES,Dimensio circuli,1113,1970,in_copyright,True,False,True
tlg0552,003,ARCHIMEDES,De conoidibus et sphaeroidibus,23095,1970,in_copyright,True,False,True
tlg0552,004,ARCHIMEDES,De lineis spiralibus,14565,1971,in_copyright,True,False,True
tlg0552,005,ARCHIMEDES,De planorum aequilibriis,9145,1971,in_copyright,True,False,True
tlg0552,006,ARCHIMEDES,Arenarius,5113,1971,in_copyright,True,False,True
tlg0552,007,ARCHIMEDES,Quadratura parabolae,5890,1971,in_copyright,True,False,True
tlg0552,008,ARCHIMEDES,De corporibus fluitantibus,8574,1971,in_copyright,True,False,True
tlg0552,009,ARCHIMEDES,Stomachion,455,1971,in_copyright,True,False,True
tlg0552,010,ARCHIMEDES,Ad Eratosthenem methodus,9971,1971,in_copyright,True,False,True
tlg0552,011,ARCHIMEDES,Liber assumptorum,3828,1971,in_copyright,True,False,True
tlg0552,012,ARCHIMEDES,Problema bovinum,702,1971,in_copyright,True,False,True
tlg0552,013,ARCHIMEDES,Fragmenta,2874,1913,pd_us,True,False,True
tlg0552,014,ARCHIMEDES,Problema bovinum [Dub.],277,1983,in_copyright,False,False,False
tlg0552,X01,ARCHIMEDES,Problema,,,unknown,False,False,False
tlg0553,001,ARTEMIDORUS,Onirocriticon,66408,1963,in_copyright,True,False,True
tlg0554,001,CHARITON,De Chaerea et Callirhoe,35523,1938,in_copyright,False,True,True
tlg0554,X01,CHARITON,Chione (fort. auctore Charitone) (codex Thebanus deperditus),,,unknown,False,False,False
tlg0554,X02,CHARITON,Metiochus et Parthenope (fort. auctore Charitone) (P. Berol,,,unknown,False,False,False
tlg0555,001,CLEMENS ALEXANDRINUS,Protrepticus,23716,1949,in_copyright,True,True,True
tlg0555,002,CLEMENS ALEXANDRINUS,Paedagogus,57864,1960,in_copyright,True,False,True
tlg0555,003,CLEMENS ALEXANDRINUS,Hymnus Christi servatoris,150,1970,in_copyright,False,False,False
tlg0555,004,CLEMENS ALEXANDRINUS,Stromata,166077,1960,in_copyright,False,True,True
tlg0555,005,CLEMENS ALEXANDRINUS,Eclogae propheticae,5098,1970,in_copyright,True,False,True
tlg0555,006,CLEMENS ALEXANDRINUS,Quis dives salvetur,9411,1970,in_copyright,True,True,True
tlg0555,007,CLEMENS ALEXANDRINUS,Excerpta ex Theodoto,7691,1948,in_copyright,True,False,True
tlg0555,008,CLEMENS ALEXANDRINUS,Fragmenta,5959,1970,in_copyright,False,True,True
tlg0556,001,ASCLEPIODOTUS,Tactica,6819,1923,pd_us,False,True,True
tlg0557,001,EPICTETUS,Dissertationes ab Arriano digestae,78609,1916,pd_us,False,True,True
tlg0557,002,EPICTETUS,Enchiridion,5154,1916,pd_us,False,True,True
tlg0557,003,EPICTETUS,Dissertationum Epictetearum sive ab Arriano sive ab aliis digestarum,1994,1916,pd_us,False,True,True
tlg0557,004,EPICTETUS,Gnomologium Epicteteum (e Stobaei libris 1%19`2),286,1916,pd_us,True,True,True
tlg0557,005,EPICTETUS,Gnomologium Epicteteum (e Stobaei libris 3%19`4),1921,1916,pd_us,True,True,True
tlg0557,006,EPICTETUS,Arriani epistula ad Lucium Gellium,200,1916,pd_us,False,False,False
tlg0558,001,HELLENICA,Fragmenta Florentina (PSI `13.1304),758,1959,in_copyright,False,False,False
tlg0558,002,HELLENICA,Fragmenta Londinensia (P. Oxy. 5.842),5378,1959,in_copyright,False,False,False
tlg0558,003,HELLENICA,Fragmenta Londinensia incertae sedis (P. Oxy. 5.842),601,1959,in_copyright,False,False,False
tlg0558,004,HELLENICA,Fragmenta (P. Oxy. 5.842),5218,,unknown,False,False,False
tlg0558,005,HELLENICA,Fragmentum (P. Cairo inv. 26%3`6%3`27%3`1%19`35),433,1978,in_copyright,False,False,False
tlg0559,001,HERON,Pneumatica,22951,1899,pd_us,True,False,True
tlg0559,002,HERON,De automatis,9375,1899,pd_us,True,False,True
tlg0559,003,HERON,Fragmenta de horoscopiis,303,1899,pd_us,False,False,False
tlg0559,004,HERON,Mechanicorum fragmenta,3278,1900,pd_us,True,False,True
tlg0559,005,HERON,Catoptrica,501,1900,pd_us,True,False,True
tlg0559,006,HERON,Metrica,21173,1903,pd_us,True,False,True
tlg0559,007,HERON,Dioptra,13353,1903,pd_us,True,False,True
tlg0559,008,HERON,Definitiones,15039,1903,pd_us,False,False,False
tlg0559,009,HERON,Geometrica,34086,1903,pd_us,False,False,False
tlg0559,010,HERON,Stereometrica,18189,1914,pd_us,True,False,True
tlg0559,011,HERON,De mensuris,5159,1914,pd_us,True,False,True
tlg0559,012,HERON,Belopoeica,5667,1918,pd_us,True,False,True
tlg0559,013,HERON,*XEIROBALLI/STRAS KATASKEUH\ KAI\ SUMMETRI/A,1168,1877,pd_us,False,False,False
tlg0559,014,HERON,Fragmenta Heroniana,2807,1864,pd_us,True,False,True
tlg0559,015,HERON,Geodaesia [Sp.],4993,1914,pd_us,True,False,True
tlg0559,016,HERON,Liber geeponicus [Sp.],6747,1864,pd_us,True,False,True
tlg0560,001,[LONGINUS],De sublimitate,12948,1964,in_copyright,False,True,True
tlg0561,001,LONGUS,Daphnis et Chloe,20929,1934,in_copyright,False,True,True
tlg0562,001,MARCUS AURELIUS ANTONINUS Imperator,*TA\ EI)S E(AUTO/N,29724,1944,in_copyright,False,True,True
tlg0563,001,MAXIMUS,Dialexeis,68254,1910,pd_us,True,False,True
tlg0564,001,RUFUS,De renum et vesicae morbis,7110,1879,pd_us,True,False,True
tlg0564,002,RUFUS,De satyriasmo et gonorrhoea,2399,1879,pd_us,False,False,False
tlg0564,003,RUFUS,De corporis humani appellationibus,4995,1879,pd_us,False,False,False
tlg0564,004,RUFUS,De partibus corporis humani,2334,1879,pd_us,False,False,False
tlg0564,005,RUFUS,De ossibus,1089,1879,pd_us,False,False,False
tlg0564,006,RUFUS,Quaestiones medicinales,3487,1962,in_copyright,False,False,False
tlg0564,007,RUFUS,Synopsis de pulsibus,1860,1879,pd_us,False,False,False
tlg0564,X01,RUFUS,Fragmenta ap. Galenum,,,unknown,False,False,False
tlg0564,X02,RUFUS,Fragmenta ap. Oribasium,,,unknown,False,False,False
tlg0564,X03,RUFUS,Fragmenta ap. Paulum,,,unknown,False,False,False
tlg0564,X04,RUFUS,Fragmenta ap. Ae+tium (lib. 1%19`3),,,unknown,False,False,False
tlg0564,X05,RUFUS,"Fragmenta ap. Ae+tium (lib. 5, 6, 8)",,,unknown,False,False,False
tlg0564,X06,RUFUS,Fragmenta ap. Ae+tium (lib. 11),,,unknown,False,False,False
tlg0564,X07,RUFUS,Fragmenta ap. Ae+tium (lib. 12),,,unknown,False,False,False
tlg0564,X08,RUFUS,Fragmenta ap. Ae+tium (lib. 16),,,unknown,False,False,False
tlg0565,001,SORANUS,Gynaeciorum libri iv,42426,1927,pd_us,True,False,True
tlg0565,002,SORANUS,De signis fracturarum,1161,1927,pd_us,True,False,True
tlg0565,003,SORANUS,De fasciis,2769,1927,pd_us,True,False,True
tlg0565,004,SORANUS,Vita Hippocratis,707,1927,pd_us,True,False,True
tlg0566,001,THEOPOMPUS,Testimonia,3150,,unknown,False,False,False
tlg0566,002,THEOPOMPUS,Fragmenta,23521,,unknown,False,False,False
tlg0566,003,THEOPOMPUS,Fragmentum (P. Colon. 5861),68,1978,in_copyright,False,False,False
tlg0566,X01,THEOPOMPUS,Fragmenta,,,unknown,False,False,False
tlg0568,001,ANTIGONUS,Historiarum mirabilium collectio,6680,1965,in_copyright,False,False,False
tlg0568,002,ANTIGONUS,Epigramma,40,,unknown,False,False,False
tlg0568,003,ANTIGONUS,Fragmenta,145,1965,in_copyright,False,False,False
tlg0568,004,ANTIGONUS,Fragmentum et titulus,20,1983,in_copyright,False,False,False
tlg0568,X01,ANTIGONUS,"Fragmenta (ap. Paradoxographum Vaticanum 11, 36)",,,unknown,False,False,False
tlg0569,001,APOLLONIUS,Historiae mirabiles,2399,1965,in_copyright,False,False,False
tlg0570,002,ARCHELAUS,Epigramma,,,unknown,False,False,False
tlg0570,003,ARCHELAUS,Fragmenta,82,1983,in_copyright,False,False,False
tlg0570,X01,ARCHELAUS,Epigrammata demonstrativa,,,unknown,False,False,False
tlg0571,004,ARISTOCLES,Fragmentum,62,1983,in_copyright,False,False,False
tlg0571,005,ARISTOCLES,Fragmenta,768,1841,pd_us,False,False,False
tlg0571,X01,ARISTOCLES,Epigramma exhortatorium et supplicatorium,,,unknown,False,False,False
tlg0572,001,GAIUS,Fragmenta,1061,1846,pd_us,True,False,True
tlg0574,002,LYSIMACHUS,Fragmenta,140,1978,in_copyright,False,False,False
tlg0574,003,LYSIMACHUS,Fragmenta,1911,,unknown,False,False,False
tlg0576,003,MUSAEUS,Tituli,6,1983,in_copyright,False,False,False
tlg0577,003,NICOLAUS,Fragmenta,37223,1841,pd_us,False,False,False
tlg0578,003,NYMPHODORUS,Fragmenta,1772,1841,pd_us,False,False,False
tlg0579,001,ORPHICA,Hymni,6844,1962,in_copyright,False,False,False
tlg0579,002,ORPHICA,Argonautica,9013,1930,pd_us,False,False,False
tlg0579,003,ORPHICA,Lithica,5025,1881,pd_us,False,False,False
tlg0579,007,ORPHICA,Fragmentum astrologicum,694,1936,in_copyright,False,False,False
tlg0579,008,ORPHICA,Fragmenta,106,1965,in_copyright,False,False,False
tlg0579,009,ORPHICA,Testimonia,1251,1951,in_copyright,False,False,False
tlg0579,010,ORPHICA,Fragmenta,2929,1951,in_copyright,True,False,True
tlg0579,011,ORPHICA,Lithica,5077,1985,in_copyright,False,False,False
tlg0579,012,ORPHICA,Lithica kerygmata,4526,1985,in_copyright,False,False,False
tlg0579,013,ORPHICA,Fragmenta (P. Derveni),2300,1982,in_copyright,False,False,False
tlg0579,X01,ORPHICA,Epigrammata (App. Anth.),,,unknown,False,False,False
tlg0579,X02,ORPHICA,Hieros logos,,,unknown,False,False,False
tlg0580,001,PARADOXOGRAPHUS FLORENTINUS,Mirabilia de aquis,1234,1965,in_copyright,True,False,True
tlg0581,001,PARADOXOGRAPHUS PALATINUS,Admiranda,621,1965,in_copyright,False,False,False
tlg0582,001,PARADOXOGRAPHUS VATICANUS,Admiranda,1617,1965,in_copyright,False,False,False
tlg0583,001,PHILOCHORUS,Testimonia,372,,unknown,False,False,False
tlg0583,002,PHILOCHORUS,Fragmenta,17343,,unknown,False,False,False
tlg0583,003,PHILOCHORUS,Fragmentum (P. Oslo `1662),73,1978,in_copyright,False,False,False
tlg0584,002,PHILOSTEPHANUS,Fragmenta,1714,1853,pd_us,False,False,False
tlg0584,003,PHILOSTEPHANUS,Fragmenta,31,1983,in_copyright,False,False,False
tlg0584,X01,PHILOSTEPHANUS,Epigramma,,,unknown,False,False,False
tlg0585,001,Publius Aelius PHLEGON,De mirabilibus,5139,1965,in_copyright,False,False,False
tlg0585,002,Publius Aelius PHLEGON,Testimonia,314,,unknown,False,False,False
tlg0585,003,Publius Aelius PHLEGON,Fragmenta,10370,,unknown,False,False,False
tlg0585,X01,Publius Aelius PHLEGON,Fragmentum ap. Paradoxographum Florentinum 35 [Dub.],,,unknown,False,False,False
tlg0585,X02,Publius Aelius PHLEGON,Chronicon Olympicum (fort. auctore Phlegonte),,,unknown,False,False,False
tlg0585,X03,Publius Aelius PHLEGON,Victores Olympici (fort. auctore Phlegonte vel Eratosthene),,,unknown,False,False,False
tlg0586,001,POLEMON,Fragmenta,6899,1853,pd_us,False,False,False
tlg0586,002,POLEMON,Testimonium et fragmenta,265,1978,in_copyright,False,False,False
tlg0587,001,SOTION,Fragmenta,1291,1839,pd_us,False,False,False
tlg0591,001,ANTISTHENES,Declamationes (fragmenta),1462,1966,in_copyright,False,False,False
tlg0591,002,ANTISTHENES,Fragmenta varia,6766,1966,in_copyright,False,False,False
tlg0592,001,HERMOGENES,Progymnasmata [Dub.],4088,1913,pd_us,True,False,True
tlg0592,002,HERMOGENES,*PERI\ STA/SEWN,10906,1913,pd_us,True,False,True
tlg0592,003,HERMOGENES,*PERI\ EU(RE/SEWS [Sp.],21237,1913,pd_us,True,False,True
tlg0592,004,HERMOGENES,*PERI\ I)DEW=N LO/GOU,41547,1913,pd_us,True,False,True
tlg0592,005,HERMOGENES,*PERI\ MEQO/DOU DEINO/THTOS [Sp.],6753,1913,pd_us,True,False,True
tlg0592,006,HERMOGENES,Testimonia,56,,unknown,False,False,False
tlg0593,001,GORGIAS,Testimonium,46,,unknown,False,False,False
tlg0593,002,GORGIAS,Testimonia,2998,1952,in_copyright,False,False,False
tlg0593,003,GORGIAS,Fragmenta,7074,1952,in_copyright,False,False,False
tlg0594,001,ALEXANDER,*PERI\ R(HTORIKW=N A)FORMW=N (fragmenta),1375,1856,pd_us,False,False,False
tlg0594,002,ALEXANDER,De figuris,7179,1856,pd_us,True,False,True
tlg0595,001,ZENO,Testimonia,3579,1951,in_copyright,False,False,False
tlg0595,002,ZENO,Fragmenta,427,1951,in_copyright,False,False,False
tlg0597,001,ZENODORUS,*PERI\ SUNHQEI/AS (e cod. Paris. suppl. gr. 1164 [olim cod,1248,1965,in_copyright,False,False,False
tlg0598,001,RHETORICA ANONYMA,*PERI\ MEGALOPREPEI/AS (P. Oxy. 3.410),324,1951,in_copyright,False,False,False
tlg0598,002,RHETORICA ANONYMA,*PERI\ TRO/PWN,421,1856,pd_us,False,False,False
tlg0598,003,RHETORICA ANONYMA,Excerpta de arte rhetorica (olim sub auctore Joanne Doxapatre),360,1834,pd_us,False,False,False
tlg0598,004,RHETORICA ANONYMA,Prolegomena in artem rhetoricam,399,1931,in_copyright,False,False,False
tlg0598,005,RHETORICA ANONYMA,Prolegomena in artem rhetoricam (olim sub auctore Joanne Doxapatre),3980,1931,in_copyright,False,False,False
tlg0598,007,RHETORICA ANONYMA,Prolegomena in artem rhetoricam,2046,1834,pd_us,False,False,False
tlg0598,008,RHETORICA ANONYMA,Prolegomena de inventione,522,1834,pd_us,False,False,False
tlg0598,009,RHETORICA ANONYMA,*SHMEIW=DES EI)S TA\S EU(RE/SEIS,600,1834,pd_us,False,False,False
tlg0598,010,RHETORICA ANONYMA,In librum PERI\ I)DEW=N,2688,1834,pd_us,False,False,False
tlg0598,011,RHETORICA ANONYMA,Progymnasmata,12572,1832,pd_us,False,False,False
tlg0598,013,RHETORICA ANONYMA,*PERI\ TW=N TESSA/RWN MERW=N TOU= TELEI/OU LO/GOU (e cod,4393,1834,pd_us,False,False,False
tlg0598,014,RHETORICA ANONYMA,*PERI\ TW=N O)KTW\ MERW=N TOU= R(HTORIKOU= LO/GOU (e cod,5197,1834,pd_us,False,False,False
tlg0598,015,RHETORICA ANONYMA,Epitome artis rhetoricae (e cod. Ven. 444),596,1834,pd_us,False,False,False
tlg0598,016,RHETORICA ANONYMA,Epitome artis rhetoricae,11127,1834,pd_us,False,False,False
tlg0598,017,RHETORICA ANONYMA,Expositio artis rhetoricae,5473,1834,pd_us,False,False,False
tlg0598,018,RHETORICA ANONYMA,Problemata rhetorica in status,2405,1835,pd_us,False,False,False
tlg0598,019,RHETORICA ANONYMA,*PERI\ TW=N TOU= LO/GOU SXHMA/TWN,10693,1856,pd_us,False,False,False
tlg0598,020,RHETORICA ANONYMA,De synecdoche,261,1835,pd_us,False,False,False
tlg0598,021,RHETORICA ANONYMA,De figuris,729,1856,pd_us,False,False,False
tlg0598,022,RHETORICA ANONYMA,*PERI\ TW=N SXHMA/TWN TOU= LO/GOU,2899,1856,pd_us,False,False,False
tlg0598,023,RHETORICA ANONYMA,*PERI\ POIHTIKW=N TRO/PWN,1461,1856,pd_us,False,False,False
tlg0598,024,RHETORICA ANONYMA,Declamatio Paridis ad senatum Troianum,1641,1986,in_copyright,False,False,False
tlg0601,001,[2ZALEUCUS Nomographus]2,Fragmenta,698,1965,in_copyright,False,False,False
tlg0602,001,COMICA ADESPOTA (FCG),Fragmenta comicorum anonymorum,2160,1841,pd_us,False,False,False
tlg0602,002,COMICA ADESPOTA (FCG),Fragmenta,276,1857,pd_us,False,False,False
tlg0603,001,SILENUS,Titulus,1,1971,in_copyright,False,False,False
tlg0604,001,PTOLEMAEUS IV PHILOPATOR,Titulus,1,1971,in_copyright,False,False,False
tlg0605,001,POLYBIUS,Fragmenta de figuris,745,1856,pd_us,False,False,False
tlg0605,002,POLYBIUS,De barbarismo et soloecismo,946,1867,pd_us,False,False,False
tlg0606,001,RUFUS,Ars rhetorica,1549,1853,pd_us,True,False,True
tlg0607,001,Aelius THEON,Progymnasmata,19034,1854,pd_us,True,False,True
tlg0608,001,SATYRUS,Vita Euripidis (P. Oxy. 9.1176),2844,1964,in_copyright,False,False,False
tlg0608,002,SATYRUS,Fragmenta,2110,1853,pd_us,False,False,False
tlg0608,X01,SATYRUS,Vita Sophoclis (fragmentum),,,unknown,False,False,False
tlg0609,001,TRYPHON I,*PERI\ TRO/PWN,3062,1856,pd_us,True,False,True
tlg0609,002,TRYPHON I,*PERI\ PAQW=N,2749,1895,pd_us,False,False,False
tlg0609,003,TRYPHON I,Fragmenta,8706,1853,pd_us,False,False,False
tlg0609,X01,TRYPHON I,Ars grammatica (fragmentum) (P. Lit. Lond. 182 %6 P,,,unknown,False,False,False
tlg0610,001,ALCIDAMAS,Fragmenta,3847,1951,in_copyright,True,False,True
tlg0611,001,THEODORUS,Tituli,3,1971,in_copyright,False,False,False
tlg0612,001,DIO CHRYSOSTOMUS,Orationes,183248,1893,pd_us,False,True,True
tlg0612,002,DIO CHRYSOSTOMUS,Encomium comae,411,1896,pd_us,False,False,False
tlg0612,003,DIO CHRYSOSTOMUS,Fragmenta,349,1896,pd_us,False,False,False
tlg0613,001,[2DEMETRIUS]2,De elocutione,15851,1901,pd_us,False,True,True
tlg0614,001,Valerius BABRIUS,Mythiambi Aesopici,10815,1965,in_copyright,True,False,True
tlg0615,001,ASPASIUS,In ethica Nichomachea commentaria,72111,1889,pd_us,True,False,True
tlg0616,001,POLYAENUS,Strategemata,63853,1887,pd_us,True,False,True
tlg0616,002,POLYAENUS,Excerpta Polyaeni,16439,1887,pd_us,True,False,True
tlg0616,003,POLYAENUS,Testimonia,20,,unknown,False,False,False
tlg0616,004,POLYAENUS,Fragmenta,202,,unknown,False,False,False
tlg0617,001,ANAXIMENES,Testimonia,1702,1951,in_copyright,False,False,False
tlg0617,002,ANAXIMENES,Fragmenta,306,1951,in_copyright,False,False,False
tlg0618,001,ANTIGONI EPISTULA,Epistula,105,1873,pd_us,True,False,True
tlg0619,001,APOLLONIUS,Apotelesmata [Sp.],2412,1907,pd_us,False,False,False
tlg0619,002,APOLLONIUS,De horis diei et noctis (fragmenta e cod. Berol. 26) [Sp.],1670,1908,pd_us,False,False,False
tlg0619,003,APOLLONIUS,Apollonii epistulae [Dub.],5523,1870,pd_us,False,False,False
tlg0619,X02,APOLLONIUS,Fragmentum ap. Eusebium,,,unknown,False,False,False
tlg0619,X03,APOLLONIUS,*NUXQH/MERON (fort. auctore Apollonio),,,unknown,False,False,False
tlg0620,001,ARCHYTAS,Testimonia,3558,1951,in_copyright,False,False,False
tlg0620,002,ARCHYTAS,Fragmenta,1310,1951,in_copyright,True,False,True
tlg0621,001,[ATH]ENODORUS,Titulus,1,1971,in_copyright,False,False,False
tlg0622,001,CLEOBULI EPISTULA,Epistula,37,1873,pd_us,False,False,False
tlg0623,001,CRATETIS EPISTULAE,Epistulae,3124,1873,pd_us,True,False,True
tlg0624,001,DEMETRIUS,Fragmenta,4749,1968,in_copyright,False,False,False
tlg0624,X01,DEMETRIUS,Septem sapientum apophthegmata,,,unknown,False,False,False
tlg0624,X02,DEMETRIUS,Formae epistolicae,,,unknown,False,False,False
tlg0624,X03,DEMETRIUS,De elocutione,,,unknown,False,False,False
tlg0625,001,POLEMAEUS,Tituli,3,1971,in_copyright,False,False,False
tlg0626,001,HERACLITUS,Testimonia,3764,1951,in_copyright,False,False,False
tlg0626,002,HERACLITUS,Fragmenta,3600,1951,in_copyright,True,False,True
tlg0627,001,HIPPOCRATES et CORPUS HIPPOCRATICUM,De prisca medicina,5705,1839,pd_us,True,True,True
tlg0627,002,HIPPOCRATES et CORPUS HIPPOCRATICUM,De ae+re aquis et locis,7685,1840,pd_us,True,True,True
tlg0627,003,HIPPOCRATES et CORPUS HIPPOCRATICUM,Prognosticon,5363,1840,pd_us,True,True,True
tlg0627,004,HIPPOCRATES et CORPUS HIPPOCRATICUM,De diaeta in morbis acutis,6381,1840,pd_us,True,True,True
tlg0627,005,HIPPOCRATES et CORPUS HIPPOCRATICUM,De diaeta acutorum [Sp.],5569,1840,pd_us,True,True,True
tlg0627,006,HIPPOCRATES et CORPUS HIPPOCRATICUM,De morbis popularibus (%6 Epidemiae),43404,1840,pd_us,True,True,True
tlg0627,007,HIPPOCRATES et CORPUS HIPPOCRATICUM,De capitis vulneribus,5130,1841,pd_us,True,True,True
tlg0627,008,HIPPOCRATES et CORPUS HIPPOCRATICUM,De officina medici,2221,1841,pd_us,True,True,True
tlg0627,009,HIPPOCRATES et CORPUS HIPPOCRATICUM,De fracturis,11593,1841,pd_us,True,True,True
tlg0627,010,HIPPOCRATES et CORPUS HIPPOCRATICUM,De articulis,21905,1844,pd_us,True,True,True
tlg0627,011,HIPPOCRATES et CORPUS HIPPOCRATICUM,Vectiarius,5091,1844,pd_us,True,True,True
tlg0627,012,HIPPOCRATES et CORPUS HIPPOCRATICUM,Aphorismi,7374,1844,pd_us,True,True,True
tlg0627,013,HIPPOCRATES et CORPUS HIPPOCRATICUM,Jusjurandum,262,1844,pd_us,True,True,True
tlg0627,014,HIPPOCRATES et CORPUS HIPPOCRATICUM,Lex,335,1844,pd_us,True,False,True
tlg0627,015,HIPPOCRATES et CORPUS HIPPOCRATICUM,De humoribus,2330,1846,pd_us,True,False,True
tlg0627,016,HIPPOCRATES et CORPUS HIPPOCRATICUM,Prorrheticon,10563,1846,pd_us,True,False,True
tlg0627,017,HIPPOCRATES et CORPUS HIPPOCRATICUM,Coa praesagia,13170,1846,pd_us,True,False,True
tlg0627,018,HIPPOCRATES et CORPUS HIPPOCRATICUM,De arte,2801,1849,pd_us,True,False,True
tlg0627,019,HIPPOCRATES et CORPUS HIPPOCRATICUM,De natura hominis,4017,1849,pd_us,True,False,True
tlg0627,020,HIPPOCRATES et CORPUS HIPPOCRATICUM,De diaeta salubri,1509,1849,pd_us,True,False,True
tlg0627,021,HIPPOCRATES et CORPUS HIPPOCRATICUM,De flatibus,2923,1849,pd_us,True,False,True
tlg0627,022,HIPPOCRATES et CORPUS HIPPOCRATICUM,De humidorum usu,1532,1849,pd_us,True,False,True
tlg0627,023,HIPPOCRATES et CORPUS HIPPOCRATICUM,De morbis i%19iii,26143,1849,pd_us,True,False,True
tlg0627,024,HIPPOCRATES et CORPUS HIPPOCRATICUM,"De semine, de natura pueri, de morbis iv",19474,1851,pd_us,False,False,False
tlg0627,025,HIPPOCRATES et CORPUS HIPPOCRATICUM,De affectionibus,7640,1849,pd_us,True,False,True
tlg0627,026,HIPPOCRATES et CORPUS HIPPOCRATICUM,De locis in homine,8723,1849,pd_us,True,False,True
tlg0627,027,HIPPOCRATES et CORPUS HIPPOCRATICUM,De morbo sacro,4876,1849,pd_us,True,True,True
tlg0627,028,HIPPOCRATES et CORPUS HIPPOCRATICUM,De ulceribus,3434,1849,pd_us,True,True,True
tlg0627,029,HIPPOCRATES et CORPUS HIPPOCRATICUM,De haemorrhoidibus,928,1849,pd_us,True,True,True
tlg0627,030,HIPPOCRATES et CORPUS HIPPOCRATICUM,De fistulis,1603,1849,pd_us,True,True,True
tlg0627,031,HIPPOCRATES et CORPUS HIPPOCRATICUM,De diaeta i%19iv,20472,1849,pd_us,True,False,True
tlg0627,032,HIPPOCRATES et CORPUS HIPPOCRATICUM,De affectionibus interioribus,16553,1851,pd_us,True,False,True
tlg0627,033,HIPPOCRATES et CORPUS HIPPOCRATICUM,De natura muliebri,12199,1851,pd_us,True,False,True
tlg0627,034,HIPPOCRATES et CORPUS HIPPOCRATICUM,De septimestri partu,1722,1851,pd_us,False,False,False
tlg0627,035,HIPPOCRATES et CORPUS HIPPOCRATICUM,De octimestri partu,804,1851,pd_us,True,False,True
tlg0627,036,HIPPOCRATES et CORPUS HIPPOCRATICUM,De mulierum affectibus i%19iii,50007,1853,pd_us,True,False,True
tlg0627,037,HIPPOCRATES et CORPUS HIPPOCRATICUM,De virginum morbis,472,1853,pd_us,True,False,True
tlg0627,038,HIPPOCRATES et CORPUS HIPPOCRATICUM,De superfetatione,3485,1853,pd_us,True,False,True
tlg0627,039,HIPPOCRATES et CORPUS HIPPOCRATICUM,De exsectione foetus,495,1853,pd_us,True,False,True
tlg0627,040,HIPPOCRATES et CORPUS HIPPOCRATICUM,De anatome,260,1853,pd_us,True,False,True
tlg0627,041,HIPPOCRATES et CORPUS HIPPOCRATICUM,De dentitione,403,1853,pd_us,True,False,True
tlg0627,042,HIPPOCRATES et CORPUS HIPPOCRATICUM,De glandulis,1810,1853,pd_us,True,False,True
tlg0627,043,HIPPOCRATES et CORPUS HIPPOCRATICUM,De carnibus,3467,1853,pd_us,True,False,True
tlg0627,044,HIPPOCRATES et CORPUS HIPPOCRATICUM,De septimanis (%6 De hebdomadibus),2162,1913,pd_us,False,False,False
tlg0627,045,HIPPOCRATES et CORPUS HIPPOCRATICUM,De corde,1062,1861,pd_us,True,False,True
tlg0627,046,HIPPOCRATES et CORPUS HIPPOCRATICUM,De alimento,1339,1861,pd_us,True,True,True
tlg0627,047,HIPPOCRATES et CORPUS HIPPOCRATICUM,De visu,806,1861,pd_us,True,False,True
tlg0627,048,HIPPOCRATES et CORPUS HIPPOCRATICUM,De ossium natura,3411,1861,pd_us,True,False,True
tlg0627,049,HIPPOCRATES et CORPUS HIPPOCRATICUM,De medico,1552,1861,pd_us,True,False,True
tlg0627,050,HIPPOCRATES et CORPUS HIPPOCRATICUM,De decente habitu,1558,1861,pd_us,True,False,True
tlg0627,051,HIPPOCRATES et CORPUS HIPPOCRATICUM,Praeceptiones,1384,1861,pd_us,True,True,True
tlg0627,052,HIPPOCRATES et CORPUS HIPPOCRATICUM,De judicationibus,2025,1861,pd_us,True,False,True
tlg0627,053,HIPPOCRATES et CORPUS HIPPOCRATICUM,De diebus judicatoriis,1316,1861,pd_us,True,False,True
tlg0627,054,HIPPOCRATES et CORPUS HIPPOCRATICUM,De purgantibus (%6 De remediis),504,1924,pd_us,False,False,False
tlg0627,055,HIPPOCRATES et CORPUS HIPPOCRATICUM,Epistulae,12141,1861,pd_us,True,False,True
tlg0627,056,HIPPOCRATES et CORPUS HIPPOCRATICUM,De septimestri partu [Sp.],414,1968,in_copyright,False,False,False
tlg0627,057,HIPPOCRATES et CORPUS HIPPOCRATICUM,Jusjurandum metricum,74,1927,pd_us,False,False,False
tlg0628,001,Gaius MUSONIUS RUFUS,Dissertationum a Lucio digestarum reliquiae,15631,1947,in_copyright,True,False,True
tlg0628,002,Gaius MUSONIUS RUFUS,Fragmenta minora,1142,1947,in_copyright,True,False,True
tlg0628,003,Gaius MUSONIUS RUFUS,Epistulae spuriae,1359,1905,pd_us,True,False,True
tlg0628,004,Gaius MUSONIUS RUFUS,Fragmentum,23,1949,in_copyright,False,False,False
tlg0629,001,PERIANDER,Epistulae [Sp.],113,1873,pd_us,True,False,True
tlg0630,001,PHERECYDES,Testimonia,1384,1951,in_copyright,False,False,False
tlg0630,002,PHERECYDES,Fragmenta,966,1951,in_copyright,False,False,False
tlg0631,001,PITTACUS,Fragmentum,23,1882,pd_us,False,False,False
tlg0631,002,PITTACUS,Epigramma,8,,unknown,False,False,False
tlg0632,001,[2PYTHAGORAS]2,Carmen aureum,553,1971,in_copyright,False,False,False
tlg0632,002,[2PYTHAGORAS]2,Fragmenta,1793,1965,in_copyright,True,False,True
tlg0632,004,[2PYTHAGORAS]2,Fragmenta astrologica,47,1910,pd_us,False,False,False
tlg0632,005,[2PYTHAGORAS]2,Epigramma,8,,unknown,False,False,False
tlg0632,006,[2PYTHAGORAS]2,Testimonia,3866,1951,in_copyright,False,False,False
tlg0632,007,[2PYTHAGORAS]2,Fragmenta astrologica,2180,1934,in_copyright,False,False,False
tlg0632,X01,[2PYTHAGORAS]2,Fragmentum,,,unknown,False,False,False
tlg0633,001,[2LYSIS]2,Epistula ad Hipparchum,545,1965,in_copyright,True,False,True
tlg0633,002,[2LYSIS]2,Testimonia,200,1951,in_copyright,False,False,False
tlg0634,001,XENOCRATES,"Testimonia, doctrina et fragmenta",17519,1982,in_copyright,True,False,True
tlg0635,001,ZENO,Testimonia et fragmenta,21016,1905,pd_us,False,False,False
tlg0635,002,ZENO,Fragmenta,24,1983,in_copyright,False,False,False
tlg0636,001,SOCRATIS EPISTULAE,Epistulae,3098,1873,pd_us,True,False,True
tlg0637,001,SOCRATICORUM EPISTULAE,Epistulae,6218,1873,pd_us,True,False,True
tlg0638,001,Flavius PHILOSTRATUS,Vita Apollonii,87068,1870,pd_us,False,True,True
tlg0638,003,Flavius PHILOSTRATUS,Vitae sophistarum,29905,1871,pd_us,False,True,True
tlg0638,004,Flavius PHILOSTRATUS,Heroicus,22617,1871,pd_us,False,True,True
tlg0638,005,Flavius PHILOSTRATUS,Nero,1046,1871,pd_us,False,True,True
tlg0638,006,Flavius PHILOSTRATUS,Epistulae et dialexeis,7784,1871,pd_us,False,True,True
tlg0638,007,Flavius PHILOSTRATUS,De gymnastica,7925,1871,pd_us,False,True,True
tlg0638,009,Flavius PHILOSTRATUS,Epigramma,48,,unknown,False,False,False
tlg0639,001,MENECRATES,Epistula [Sp.],58,1873,pd_us,True,False,True
tlg0640,001,ALCIPHRON,Epistulae,20222,1905,pd_us,True,False,True
tlg0641,001,XENOPHON,Ephesiaca,17197,1926,pd_us,False,True,True
tlg0641,002,XENOPHON,Testimonium,22,,unknown,False,False,False
tlg0641,X01,XENOPHON,Antheia (fort. epitome operis Ephesiaca) (PSI 6.726),,,unknown,False,False,False
tlg0643,001,ANONYMUS LONDINENSIS,Iatrica (fort. auctore Menone) (Brit. Mus. inv. 137),12579,1893,pd_us,True,False,True
tlg0643,002,ANONYMUS LONDINENSIS,Fragmenta,180,1893,pd_us,True,False,True
tlg0644,001,ARISTOPHANES,Aristophanis historiae animalium epitome subjunctis Aeliani Timothei,38513,1885,pd_us,True,False,True
tlg0644,002,ARISTOPHANES,Nomina aetatum (fragmentum Parisinum),367,1848,pd_us,False,False,False
tlg0644,003,ARISTOPHANES,Fragmenta,5946,1848,pd_us,False,False,False
tlg0644,004,ARISTOPHANES,Paroemiae (fragmenta),474,1848,pd_us,False,False,False
tlg0644,005,ARISTOPHANES,Commentaria in Callimachi pinaces (fragmenta),381,1848,pd_us,False,False,False
tlg0644,006,ARISTOPHANES,Ceteri Aristophanis libri (fragmenta),628,1848,pd_us,False,False,False
tlg0644,007,ARISTOPHANES,Argumenta fabularum Aristophani tributa (fragmenta),868,1848,pd_us,False,False,False
tlg0644,008,ARISTOPHANES,Testimonia,140,,unknown,False,False,False
tlg0644,009,ARISTOPHANES,Fragmenta,125,,unknown,False,False,False
tlg0644,010,ARISTOPHANES,De suspectis apud veteres verbis (fragmenta),135,1965,in_copyright,False,False,False
tlg0644,011,ARISTOPHANES,Nomina aetatum (fragmenta),1380,1965,in_copyright,False,False,False
tlg0644,X01,ARISTOPHANES,Epigrammata demonstrativa,,,unknown,False,False,False
tlg0645,001,JUSTINUS MARTYR,Apologia,15239,1915,pd_us,True,False,True
tlg0645,002,JUSTINUS MARTYR,Apologia secunda,3504,1915,pd_us,True,False,True
tlg0645,003,JUSTINUS MARTYR,Dialogus cum Tryphone,53732,1915,pd_us,True,False,True
tlg0645,004,JUSTINUS MARTYR,Fragmenta operum deperditorum,715,1879,pd_us,False,False,False
tlg0646,001,Pseudo-JUSTINUS MARTYR,Oratio ad gentiles,1090,1879,pd_us,False,False,False
tlg0646,002,Pseudo-JUSTINUS MARTYR,Cohortatio ad gentiles,11276,1879,pd_us,False,False,False
tlg0646,003,Pseudo-JUSTINUS MARTYR,De monarchia,1955,1879,pd_us,False,False,False
tlg0646,004,Pseudo-JUSTINUS MARTYR,Epistula ad Diognetum,2728,1879,pd_us,True,False,True
tlg0646,005,Pseudo-JUSTINUS MARTYR,De resurrectione,3519,1879,pd_us,False,False,False
tlg0646,006,Pseudo-JUSTINUS MARTYR,Expositio rectae fidei,5981,1880,pd_us,False,False,False
tlg0646,007,Pseudo-JUSTINUS MARTYR,Epistula ad Zenam et Serenum,3597,1880,pd_us,False,False,False
tlg0646,008,Pseudo-JUSTINUS MARTYR,Confutatio dogmatum quorundam Aristotelicorum,16818,1880,pd_us,False,False,False
tlg0646,009,Pseudo-JUSTINUS MARTYR,Quaestiones et responsiones ad orthodoxos,29353,1881,pd_us,False,False,False
tlg0646,010,Pseudo-JUSTINUS MARTYR,Quaestiones Christianorum ad gentiles,12757,1881,pd_us,False,False,False
tlg0646,011,Pseudo-JUSTINUS MARTYR,Quaestiones gentilium ad Christianos,5415,1881,pd_us,False,False,False
tlg0646,012,Pseudo-JUSTINUS MARTYR,Fragmenta,560,1881,pd_us,False,False,False
tlg0647,001,TRIPHIODORUS,*(/ALWSIS *)ILI/OU,4256,1928,pd_us,False,True,True
tlg0648,001,ONASANDER,Strategicus,12575,1923,pd_us,False,True,True
tlg0649,001,LESBONAX,*POLITIKO/S,339,1906,pd_us,False,False,False
tlg0649,002,LESBONAX,*PROTREPTIKO\S A,1327,1906,pd_us,True,False,True
tlg0649,003,LESBONAX,*PROTREPTIKO\S B,865,1906,pd_us,True,False,True
tlg0650,001,HERODAS,Mimiambi,5009,1971,in_copyright,False,False,False
tlg0651,001,ANTONINUS LIBERALIS,Metamorphoseon synagoge,10585,1962,in_copyright,False,False,False
tlg0652,001,PHILOSTRATUS Junior,Imagines,7438,1871,pd_us,False,True,True
tlg0653,001,ARATUS,Phaenomena,7866,1956,in_copyright,False,True,True
tlg0653,002,ARATUS,Fragmentum (e cod. Vat. gr. 2130),45,1940,in_copyright,False,False,False
tlg0653,003,ARATUS,Epigrammata,51,,unknown,False,False,False
tlg0653,004,ARATUS,Fragmentum (e cod. Matrit. 4616),2180,1934,in_copyright,False,False,False
tlg0653,005,ARATUS,Fragmenta et tituli,158,1983,in_copyright,False,False,False
tlg0654,002,Lucius Annaeus CORNUTUS,De natura deorum,12578,1881,pd_us,False,False,False
tlg0655,001,PARTHENIUS,Narrationes amatoriae,7148,1902,pd_us,False,True,True
tlg0655,002,PARTHENIUS,Poesis reliquiae,221,1902,pd_us,False,False,False
tlg0655,003,PARTHENIUS,Fragmenta et tituli,575,1983,in_copyright,False,False,False
tlg0656,001,DIOSCORIDES PEDANIUS,De materia medica,97500,1907,pd_us,True,False,True
tlg0656,002,DIOSCORIDES PEDANIUS,Euporista vel De simplicibus medicinis,32395,1914,pd_us,True,False,True
tlg0656,003,DIOSCORIDES PEDANIUS,De materia medica (recensiones e codd. Vindob. med. gr. 1 %7 suppl,10918,1907,pd_us,False,False,False
tlg0656,004,DIOSCORIDES PEDANIUS,*PERI\ PAIWNI/AS KAI\ O(/SA POIEI=N DU/NATAI (e cod. Matrit,747,1934,in_copyright,False,False,False
tlg0657,001,CRATEUAS,Fragmenta,508,1914,pd_us,True,False,True
tlg0658,001,HELIODORUS,Aethiopica,80126,1960,in_copyright,True,False,True
tlg0658,002,HELIODORUS,Epigrammata,84,,unknown,False,False,False
tlg0659,001,COMICA ADESPOTA (Suppl. Com.),Adespota veteris comoediae,345,1912,pd_us,False,False,False
tlg0659,002,COMICA ADESPOTA (Suppl. Com.),Adespota novae comoediae,2192,1912,pd_us,False,False,False
tlg0659,003,COMICA ADESPOTA (Suppl. Com.),Fragmenta incertae comoediae,209,1912,pd_us,False,False,False
tlg0659,004,COMICA ADESPOTA (Suppl. Com.),Adespota dubia,33,1912,pd_us,False,False,False
tlg0659,005,COMICA ADESPOTA (Suppl. Com.),Fragmentum incerti poetae Dorici,8,1912,pd_us,False,False,False
tlg0660,001,APOLLONIUS,In Hippocratis de articulis commentarius,12505,1965,in_copyright,False,False,False
tlg0661,001,ARCHIGENES,Fragmenta,5502,1955,in_copyright,False,False,False
tlg0661,002,ARCHIGENES,Fragmenta inedita,1773,1961,in_copyright,False,False,False
tlg0661,X01,ARCHIGENES,Fragmenta ap. Galenum,,,unknown,False,False,False
tlg0661,X02,ARCHIGENES,Fragmenta ap. Oribasium,,,unknown,False,False,False
tlg0661,X03,ARCHIGENES,Fragmenta ap. Paulum,,,unknown,False,False,False
tlg0661,X04,ARCHIGENES,Fragmenta ap. Ae+tium (lib. 3),,,unknown,False,False,False
tlg0661,X05,ARCHIGENES,Fragmentum ap. Ae+tium (lib. 8),,,unknown,False,False,False
tlg0661,X06,ARCHIGENES,Fragmentum ap. Ae+tium (lib. 9),,,unknown,False,False,False
tlg0661,X07,ARCHIGENES,Fragmenta ap. Philumenum,,,unknown,False,False,False
tlg0661,X08,ARCHIGENES,Fragmenta ap. Alexandrum Trallianum,,,unknown,False,False,False
tlg0662,001,COMICA ADESPOTA (CGFPR),Adespota Doriensium comoediae,190,1973,in_copyright,False,False,False
tlg0662,002,COMICA ADESPOTA (CGFPR),Adespota veteris comoediae,1438,1973,in_copyright,False,False,False
tlg0662,003,COMICA ADESPOTA (CGFPR),Adespota novae comoediae,6350,1973,in_copyright,False,False,False
tlg0662,004,COMICA ADESPOTA (CGFPR),"Excerpta, florilegia et sententiae",1388,1973,in_copyright,False,False,False
tlg0662,005,COMICA ADESPOTA (CGFPR),Argumenta metrica,162,1973,in_copyright,False,False,False
tlg0662,006,COMICA ADESPOTA (CGFPR),Argumenta comica,125,1973,in_copyright,False,False,False
tlg0662,007,COMICA ADESPOTA (CGFPR),*LE/CEIS KWMIKAI/,372,1973,in_copyright,False,False,False
tlg0662,008,COMICA ADESPOTA (CGFPR),*KWMW|DOU/MENOI,27,1973,in_copyright,False,False,False
tlg0662,009,COMICA ADESPOTA (CGFPR),Dubia,1717,1973,in_copyright,False,False,False
tlg0663,001,,Praecepta salubria,614,1862,pd_us,False,False,False
tlg0666,001,ADRIANUS,Declamatio,294,1873,pd_us,True,False,True
tlg0666,X01,ADRIANUS,Declamatio alia,,,unknown,False,False,False
tlg0666,X02,ADRIANUS,Epigramma dedicatorium,,,unknown,False,False,False
tlg0667,001,MARCELLINUS I,De pulsibus,5088,1907,pd_us,False,False,False
tlg0668,001,AEGIMIUS,Aegimius (fragmenta),81,1877,pd_us,False,False,False
tlg0671,001,PHILUMENUS,De venenatis animalibus eorumque remediis,9626,1908,pd_us,True,False,True
tlg0673,001,AESCHINES SOCRATICUS,Fragmenta,3834,1912,pd_us,False,False,False
tlg0673,002,AESCHINES SOCRATICUS,Fragmenta,642,1989,in_copyright,False,False,False
tlg0673,X01,AESCHINES SOCRATICUS,Epistulae,,,unknown,False,False,False
tlg0676,001,AGLAÏS,Adversus suffusiones incipientes,206,1862,pd_us,True,False,True
tlg0676,002,AGLAÏS,Fragmentum,179,1983,in_copyright,False,False,False
tlg0679,001,AESCHRION,Epigramma,62,,unknown,False,False,False
tlg0679,002,AESCHRION,Fragmenta et tituli,126,1983,in_copyright,False,False,False
tlg0683,002,AETHIOPIS,Aethiopis (fragmenta),27,1987,in_copyright,False,False,False
tlg0686,003,AETHLIUS,Fragmenta,204,1841,pd_us,False,False,False
tlg0687,002,AGACLYTUS,Fragmentum,208,1841,pd_us,False,False,False
tlg0688,003,AGATHOCLES,Fragmentum,29,1978,in_copyright,False,False,False
tlg0688,005,AGATHOCLES,Fragmenta,724,1841,pd_us,False,False,False
tlg0690,001,ERASISTRATUS,Testimonia et fragmenta,20442,1988,in_copyright,False,False,False
tlg0690,X01,ERASISTRATUS,Fragmenta ap. Galenum,,,unknown,False,False,False
tlg0690,X02,ERASISTRATUS,Fragmentum ap. Pseudo%19Galenum,,,unknown,False,False,False
tlg0690,X03,ERASISTRATUS,Fragmenta ap. Oribasium,,,unknown,False,False,False
tlg0690,X04,ERASISTRATUS,,,,unknown,False,False,False
tlg0690,X05,ERASISTRATUS,Fragmentum ap. Ae+tium (lib. 7),,,unknown,False,False,False
tlg0690,X06,ERASISTRATUS,Fragmenta ap. Ae+tium,,,unknown,False,False,False
tlg0690,X07,ERASISTRATUS,Fragmentum ap. Athenaeum,,,unknown,False,False,False
tlg0691,001,HARPOCRATIONIS EPISTULA,Epistula,1051,1878,pd_us,False,False,False
tlg0693,001,ALBINUS,Epitome doctrinae Platonicae sive *DIDASKALIKO/S,13494,1945,in_copyright,True,False,True
tlg0693,002,ALBINUS,Introductio in Platonem,1444,1853,pd_us,True,False,True
tlg0695,003,ALCIMUS,Fragmenta,1039,1841,pd_us,False,False,False
tlg0696,002,ALCMAEONIS,Alcmaeonis (fragmenta),47,1987,in_copyright,False,False,False
tlg0697,003,Cornelius ALEXANDER,Fragmenta,12623,1841,pd_us,False,False,False
tlg0698,002,ALEXANDER,Fragmenta et titulus,253,1983,in_copyright,False,False,False
tlg0700,001,APOLLODORUS,Tituli,6,1971,in_copyright,False,False,False
tlg0703,001,NUMENIUS,Fragmenta et tituli,322,1983,in_copyright,False,False,False
tlg0703,X01,NUMENIUS,Fragmenta ap. Athenaeum,,,unknown,False,False,False
tlg0706,001,PHILO,Fragmentum,171,1983,in_copyright,False,False,False
tlg0706,X01,PHILO,Fragmentum ap. Galenum,,,unknown,False,False,False
tlg0706,X02,PHILO,Fragmenta ap. Oribasium,,,unknown,False,False,False
tlg0706,X03,PHILO,Fragmentum ap. Paulum,,,unknown,False,False,False
tlg0706,X04,PHILO,Fragmentum ap. Ae+tium (lib. 9),,,unknown,False,False,False
tlg0707,002,ALEXIS,Fragmenta,203,1841,pd_us,False,False,False
tlg0708,001,[2AMMONIUS]2,De adfinium vocabulorum differentia (%6 *PERI\ O(MOI/WN KAI\,17823,1966,in_copyright,True,False,True
tlg0708,002,[2AMMONIUS]2,De impropriis (%6 *PERI\ A)KUROLOGI/AS) (quoque sub nominibus,1879,1966,in_copyright,False,False,False
tlg0708,X01,[2AMMONIUS]2,De adfinium vocabulorum differentia (lexeis additae e similibus,,,unknown,False,False,False
tlg0710,001,AMPHIARAI EXILIUM (?),Fragmentum,22,1925,pd_us,False,False,False
tlg0713,001,ANAXAGORAS,Testimonia,11299,1952,in_copyright,False,False,False
tlg0713,002,ANAXAGORAS,Fragmenta,2059,1952,in_copyright,False,False,False
tlg0714,001,ANAXARCHUS,Testimonia,1693,1952,in_copyright,False,False,False
tlg0714,002,ANAXARCHUS,Fragmenta,150,1952,in_copyright,False,False,False
tlg0715,001,PAULUS,Epitomae medicae libri septem,,1921,pd_us,False,False,False
tlg0716,001,EROTIANUS,Vocum Hippocraticarum collectio,12167,1918,pd_us,False,False,False
tlg0716,002,EROTIANUS,Fragmenta,2489,1918,pd_us,False,False,False
tlg0717,001,HYPSICLES,Hypsiclis liber sive elementorum liber xiv qui fertur,3840,1977,in_copyright,False,False,False
tlg0717,002,HYPSICLES,Anaphoricus,1864,1966,in_copyright,False,False,False
tlg0718,001,AËTIUS,Iatricorum liber i,34188,1935,in_copyright,False,False,False
tlg0718,002,AËTIUS,Iatricorum liber ii,29821,1935,in_copyright,False,False,False
tlg0718,003,AËTIUS,Iatricorum liber iii,27696,1935,in_copyright,False,False,False
tlg0718,004,AËTIUS,Iatricorum liber iv,14928,1935,in_copyright,False,False,False
tlg0718,005,AËTIUS,Iatricorum liber v,33099,1950,in_copyright,False,False,False
tlg0718,006,AËTIUS,Iatricorum liber vi,35199,1950,in_copyright,False,False,False
tlg0718,007,AËTIUS,Iatricorum liber vii,38757,1950,in_copyright,False,False,False
tlg0718,008,AËTIUS,Iatricorum liber viii,41480,1950,in_copyright,False,False,False
tlg0718,009,AËTIUS,Iatricorum liber ix,35935,1911,pd_us,False,False,False
tlg0718,011,AËTIUS,Iatricorum liber xi,19197,1879,pd_us,False,False,False
tlg0718,012,AËTIUS,Iatricorum liber xii,26067,1892,pd_us,False,False,False
tlg0718,013,AËTIUS,Iatricorum liber xiii,5072,1906,pd_us,False,False,False
tlg0718,015,AËTIUS,Iatricorum liber xv,26668,1909,pd_us,False,False,False
tlg0718,016,AËTIUS,Iatricorum liber xvi,40406,1901,pd_us,False,False,False
tlg0719,001,ARETAEUS,De causis et signis acutorum morborum (lib. 1),9771,1958,in_copyright,False,True,True
tlg0719,002,ARETAEUS,De causis et signis acutorum morborum (lib. 2),17640,1958,in_copyright,False,True,True
tlg0719,003,ARETAEUS,De curatione acutorum morborum libri duo,16690,1958,in_copyright,False,True,True
tlg0719,004,ARETAEUS,De curatione diuturnorum morborum libri duo,8269,1958,in_copyright,False,True,True
tlg0720,001,HARMODIUS,Titulus,2,1971,in_copyright,False,False,False
tlg0721,001,ANONYMI MEDICI,*)ONOMASI/AI TW=N KATA\ A)/NQRWPON (lib. 1),1452,1879,pd_us,False,False,False
tlg0721,002,ANONYMI MEDICI,*)ONOMATOPOII/A TH=S A)NQRW/POU FU/SEWS,583,1879,pd_us,False,False,False
tlg0721,003,ANONYMI MEDICI,*PERI\ XROIA=S TOU= AI(/MATOS TOU= A)PO\ FLEBOTOMI/AS E)K TH=S,154,1841,pd_us,False,False,False
tlg0721,004,ANONYMI MEDICI,De generatione et semine,856,1841,pd_us,False,False,False
tlg0721,005,ANONYMI MEDICI,,317,1841,pd_us,False,False,False
tlg0721,006,ANONYMI MEDICI,De natura hominis,562,1841,pd_us,False,False,False
tlg0721,007,ANONYMI MEDICI,Mensium adornatio,202,1841,pd_us,False,False,False
tlg0721,008,ANONYMI MEDICI,De duodecim mensium natura,1906,1841,pd_us,False,False,False
tlg0721,009,ANONYMI MEDICI,De diaeta,1322,1842,pd_us,False,False,False
tlg0721,010,ANONYMI MEDICI,De alimentis,6111,1842,pd_us,False,False,False
tlg0721,011,ANONYMI MEDICI,*PERI\ LUKANQRWPI/AS,226,1842,pd_us,False,False,False
tlg0721,012,ANONYMI MEDICI,De urinis secundum Syros,466,1842,pd_us,False,False,False
tlg0721,013,ANONYMI MEDICI,De urinis secundum Persos,392,1842,pd_us,False,False,False
tlg0721,014,ANONYMI MEDICI,Commentatio de urinis,2733,1842,pd_us,False,False,False
tlg0721,015,ANONYMI MEDICI,De pulsibus,118,1842,pd_us,False,False,False
tlg0721,016,ANONYMI MEDICI,De urinis in febribus,1440,1842,pd_us,False,False,False
tlg0721,017,ANONYMI MEDICI,De cibis,4130,1840,pd_us,False,False,False
tlg0721,020,ANONYMI MEDICI,*PERI\ TH=S TW=N PURETW=N DIAFORA=S,4564,1879,pd_us,False,False,False
tlg0721,021,ANONYMI MEDICI,*PERI\ TROFW=N DUNA/MEWS,3225,1939,in_copyright,False,False,False
tlg0721,022,ANONYMI MEDICI,In aphorismos [Hippocratis],425,1962,in_copyright,False,False,False
tlg0721,023,ANONYMI MEDICI,Physiognomonica,1225,1893,pd_us,False,False,False
tlg0721,024,ANONYMI MEDICI,*)ONO/MATA TW=N I)ATRIKW=N E)RGALEI/WN KATA\ STOIXEI=A OI(=S E)N TAI=S,104,1836,pd_us,False,False,False
tlg0721,025,ANONYMI MEDICI,Fragmenta varia,663,1895,pd_us,False,False,False
tlg0721,026,ANONYMI MEDICI,*DIA/GNWSIS PERI\ TW=N O)CE/WN KAI\ XRONI/WN NOSHMA/TWN,10567,1903,pd_us,False,False,False
tlg0721,X01,ANONYMI MEDICI,Theriaca (ap. Galenum),,,unknown,False,False,False
tlg0722,001,ORIBASIUS,"Collectiones medicae (lib. 1%19`16, 24%19`25, 43%19`50)",300268,1928,pd_us,False,False,False
tlg0722,002,ORIBASIUS,Collectiones medicae (libri incerti),38850,1933,in_copyright,False,False,False
tlg0722,003,ORIBASIUS,Eclogae medicamentorum,44010,1933,in_copyright,False,False,False
tlg0722,004,ORIBASIUS,Synopsis ad Eustathium filium,78038,1926,pd_us,False,False,False
tlg0722,005,ORIBASIUS,Libri ad Eunapium (lib. 1%19`4),57605,1926,pd_us,False,False,False
tlg0722,010,ORIBASIUS,Testimonia,63,,unknown,False,False,False
tlg0723,001,LEO,De natura hominum synopsis,7038,1969,in_copyright,False,False,False
tlg0723,002,LEO,,10463,1840,pd_us,False,False,False
tlg0724,001,STEPHANUS,Commentarii in priorem Galeni librum therapeuticum ad Glauconem,29913,1834,pd_us,False,False,False
tlg0724,002,STEPHANUS,Scholia in Hippocratis prognosticon,51436,1975,in_copyright,False,False,False
tlg0724,003,STEPHANUS,Collyrium ophthalmicum (olim sub auctore Stephano Archiatro),1062,1889,pd_us,False,False,False
tlg0724,004,STEPHANUS,Scholia in Hippocratis de fracturis,6587,1977,in_copyright,False,False,False
tlg0724,X01,STEPHANUS,De pulsibus (fragmentum e commentario in Galeni librum,,,unknown,False,False,False
tlg0725,001,ANAXIMANDER,Testimonia,3282,1951,in_copyright,False,False,False
tlg0725,002,ANAXIMANDER,Fragmenta,175,1951,in_copyright,False,False,False
tlg0726,001,PALLADIUS,Commentarii in Hippocratis librum sextum de morbis popularibus,46389,1834,pd_us,False,False,False
tlg0726,002,PALLADIUS,Synopsis de febribus,3742,1841,pd_us,False,False,False
tlg0726,003,PALLADIUS,*PERI\ BRW/SEWS KAI\ PO/SEWS,242,1834,pd_us,False,False,False
tlg0726,004,PALLADIUS,Scholia in Hippocratis de fracturis,8120,1977,in_copyright,False,False,False
tlg0727,001,JOANNES,Commentarii in Hippocratis librum de natura pueri,8621,1834,pd_us,False,False,False
tlg0728,001,"THEOPHILUS Protospatharius, DAMASCIUS et STEPHANUS Atheniensis",Commentarii in Hippocratis aphorismos,72602,1834,pd_us,False,False,False
tlg0729,002,THEOPHILUS Protospatharius,De urinis,6527,1841,pd_us,False,False,False
tlg0729,003,THEOPHILUS Protospatharius,De excrementis,3352,1841,pd_us,False,False,False
tlg0729,004,THEOPHILUS Protospatharius,De pulsibus,7012,1840,pd_us,False,False,False
tlg0729,005,THEOPHILUS Protospatharius,De corporis humani fabrica libri quinque,30583,1842,pd_us,False,False,False
tlg0730,001,MELETIUS,De natura hominis,41338,1836,pd_us,False,False,False
tlg0730,002,MELETIUS,Hypothesis ad opus De natura hominis (e cod. Barocciano 131),928,1836,pd_us,False,False,False
tlg0731,001,ADAMANTIUS Judaeus,Physiognomonica,8233,1893,pd_us,True,False,True
tlg0731,002,ADAMANTIUS Judaeus,De ventis,5757,1864,pd_us,False,False,False
tlg0731,003,ADAMANTIUS Judaeus,Physiognomonica (epitome Matritensis),3607,1893,pd_us,True,False,True
tlg0731,X01,ADAMANTIUS Judaeus,Fragmenta ap. Oribasium,,,unknown,False,False,False
tlg0731,X02,ADAMANTIUS Judaeus,Fragmenta ap. Ae+tium (lib. 15),,,unknown,False,False,False
tlg0732,001,ALEXANDER,De mixtione,10276,1892,pd_us,True,False,True
tlg0732,002,ALEXANDER,Problemata (lib. 1%19`2) [Sp.],24310,1841,pd_us,False,False,False
tlg0732,003,ALEXANDER,De febribus [Sp.],8447,1841,pd_us,True,False,True
tlg0732,004,ALEXANDER,In Aristotelis metaphysica commentaria,343092,1891,pd_us,True,False,True
tlg0732,005,ALEXANDER,In Aristotelis analyticorum priorum librum i commentarium,162019,1883,pd_us,True,False,True
tlg0732,006,ALEXANDER,In Aristotelis topicorum libros octo commentaria,188697,1891,pd_us,True,False,True
tlg0732,007,ALEXANDER,In librum de sensu commentarium,51546,1901,pd_us,True,False,True
tlg0732,008,ALEXANDER,In Aristotelis meteorologicorum libros commentaria,85965,1899,pd_us,True,False,True
tlg0732,010,ALEXANDER,De anima,31534,1887,pd_us,True,False,True
tlg0732,011,ALEXANDER,De anima libri mantissa (%6 De anima liber alter) [Sp.],36508,1887,pd_us,True,False,True
tlg0732,012,ALEXANDER,*)APORI/AI KAI\ LU/SEIS [Sp.],43788,1892,pd_us,True,False,True
tlg0732,013,ALEXANDER,*)HQIKA\ PROBLH/MATA [Sp.],18050,1892,pd_us,True,False,True
tlg0732,014,ALEXANDER,De fato,16729,1892,pd_us,True,False,True
tlg0732,015,ALEXANDER,In analytica posteriora commentariorum fragmenta,1486,1883,pd_us,False,False,False
tlg0732,016,ALEXANDER,Fragmenta,1403,1942,in_copyright,False,False,False
tlg0732,017,ALEXANDER,Problemata (lib. 3%19`4) [Sp.],15074,1859,pd_us,False,False,False
tlg0732,X01,ALEXANDER,In Aristotelis sophisticos elenchos commentarius [Sp.],,,unknown,False,False,False
tlg0733,001,CASSIUS Iatrosophista,Quaestiones medicae et problemata physica,7180,1841,pd_us,True,False,True
tlg0734,001,[2LUCAS Apostolus]2,*SKEUASI/A A(LATI/OU,128,1841,pd_us,False,False,False
tlg0736,001,STEPHANUS,In Magni sophistae librum de urinis,8356,1845,pd_us,False,False,False
tlg0737,001,JULIANUS Scriptor Legis De Medicis,Lex de medicis,69,1842,pd_us,False,False,False
tlg0738,001,HIPPIATRICA,Hippiatrica Berolinensia,84239,1924,pd_us,False,False,False
tlg0738,002,HIPPIATRICA,Appendices ad hippiatrica Berolinensia,2382,1924,pd_us,False,False,False
tlg0738,003,HIPPIATRICA,Hippiatrica Parisina,16855,1927,pd_us,False,False,False
tlg0738,004,HIPPIATRICA,Fragmenta Anatolii,1039,1927,pd_us,False,False,False
tlg0738,005,HIPPIATRICA,Fragmenta Timothei Gazaei,512,1927,pd_us,False,False,False
tlg0738,006,HIPPIATRICA,Hippiatrica Cantabrigiensia,26259,1927,pd_us,False,False,False
tlg0738,007,HIPPIATRICA,Additamenta Londinensia ad hippiatrica Cantabrigiensia,4214,1927,pd_us,False,False,False
tlg0738,008,HIPPIATRICA,Excerpta Lugdunensia,11612,1927,pd_us,False,False,False
tlg0738,009,HIPPIATRICA,Fragmenta Anatolii de equis,1485,1927,pd_us,False,False,False
tlg0738,010,HIPPIATRICA,Fragmenta Anatolii de bubus,1907,1927,pd_us,False,False,False
tlg0740,001,JUSJURANDUM MEDICUM,Jusjurandum medicum,77,1862,pd_us,False,False,False
tlg0742,001,HYMNI ANONYMI,Naassenorum carmina,226,1963,in_copyright,False,False,False
tlg0742,002,HYMNI ANONYMI,Christianorum carmina,522,1963,in_copyright,False,False,False
tlg0742,003,HYMNI ANONYMI,Carminis de mundi creatione exordium,55,1963,in_copyright,False,False,False
tlg0742,004,HYMNI ANONYMI,Hymnus in Jovem,30,1963,in_copyright,False,False,False
tlg0742,005,HYMNI ANONYMI,Hymnus in Isim (PSI 7.844),101,1963,in_copyright,False,False,False
tlg0742,006,HYMNI ANONYMI,Hymnus in Sarapidem (P. Schubart 12),62,1963,in_copyright,False,False,False
tlg0742,007,HYMNI ANONYMI,Aretalogia Sarapidis (P. Berol. 10525),153,1963,in_copyright,False,False,False
tlg0742,008,HYMNI ANONYMI,Hymnus in Apollinem,47,1963,in_copyright,False,False,False
tlg0742,009,HYMNI ANONYMI,Paean in Apollinem (P. Berol. 6870v),51,1963,in_copyright,False,False,False
tlg0742,010,HYMNI ANONYMI,Hymnus in Asclepium,66,1963,in_copyright,False,False,False
tlg0742,011,HYMNI ANONYMI,Hymnus in Hecatam,50,1963,in_copyright,False,False,False
tlg0742,012,HYMNI ANONYMI,Hymnus in Fortunam (P. Berol. Mus. 9734v),63,1963,in_copyright,False,False,False
tlg0742,013,HYMNI ANONYMI,Hymnus in Dionysum (P. Ross. Georg. 1.11),427,1963,in_copyright,False,False,False
tlg0742,014,HYMNI ANONYMI,Carmen mystarum (P. Argent. 1313),70,1963,in_copyright,False,False,False
tlg0742,015,HYMNI ANONYMI,Descensus ad inferos (Brit. Mus. inv. 1192),260,1963,in_copyright,False,False,False
tlg0742,016,HYMNI ANONYMI,Hymni e papyris magicis collecti,2862,1963,in_copyright,False,False,False
tlg0742,017,HYMNI ANONYMI,Hymnus in omnes deos,66,1964,in_copyright,False,False,False
tlg0742,018,HYMNI ANONYMI,Hymnus in Apollinem,31,1964,in_copyright,False,False,False
tlg0743,001,NEMESIUS,De natura hominis,37934,,unknown,False,False,False
tlg0744,001,ALEXANDER,Dedicatio ad Cosman,148,1878,pd_us,False,False,False
tlg0744,002,ALEXANDER,De febribus,20743,1878,pd_us,False,False,False
tlg0744,003,ALEXANDER,Therapeutica,103803,1878,pd_us,False,False,False
tlg0744,004,ALEXANDER,Epistula de lumbricis,1843,1879,pd_us,False,False,False
tlg0744,005,ALEXANDER,De oculis libri tres,6028,1887,pd_us,False,False,False
tlg0745,001,HIEROPHILUS,De nutriendi methodo,2326,1841,pd_us,False,False,False
tlg0745,002,HIEROPHILUS,*PW=S O)FEI/LEI DIAITA=SQAI A)/NQRWPOS E)F' E(KA/STW| MHNI/,2150,1939,in_copyright,False,False,False
tlg0746,001,THEOPHILUS Protospatharius et STEPHANUS Atheniensis,De febrium differentia,12888,1862,pd_us,False,False,False
tlg0748,001,SEVERUS Iatrosophista,De instrumentis infusoriis seu clysteribus ad Timotheum,9605,1836,pd_us,False,False,False
tlg0749,001,ANTYLLUS,*)EK TOU= PERI\ KLUSMW=N O(/TI DIA\ TREI=S AI)TI/AS,316,1836,pd_us,False,False,False
tlg0749,X01,ANTYLLUS,Fragmenta ap. Oribasium,,,unknown,False,False,False
tlg0749,X02,ANTYLLUS,Fragmenta ap. Paulum,,,unknown,False,False,False
tlg0749,X03,ANTYLLUS,Fragmenta ap. Ae+tium (lib. 3),,,unknown,False,False,False
tlg0749,X04,ANTYLLUS,Fragmenta ap. Ae+tium (lib. 7),,,unknown,False,False,False
tlg0749,X05,ANTYLLUS,Fragmenta ap. Ae+tium (lib. 9),,,unknown,False,False,False
tlg0750,001,HELIODORUS,*)ITALIKA\ QAU/MATA,105,1822,pd_us,False,False,False
tlg0750,002,HELIODORUS,Fragmenta,183,1983,in_copyright,False,False,False
tlg0751,001,Pseudo-HIPPOCRATES,Epistula ad Ptolemaeum regem,801,1831,pd_us,False,False,False
tlg0751,002,Pseudo-HIPPOCRATES,Epistula ad Ptolemaeum regem de hominis fabrica,1503,1840,pd_us,False,False,False
tlg0751,003,Pseudo-HIPPOCRATES,*PERI\ DIAFO/RWN KAI\ PANTOI/WN TROFW=N,657,1939,in_copyright,False,False,False
tlg0751,004,Pseudo-HIPPOCRATES,*PERI\ DIAFORA=S TROFW=N PRO\S *PTOLEMAI=ON,2753,1939,in_copyright,False,False,False
tlg0751,005,Pseudo-HIPPOCRATES,*(ERMHNEI/A PERI\ E)NERGW=N LI/QWN,1645,1898,pd_us,True,False,True
tlg0752,001,EUTECNIUS,Paraphrasis in Nicandri theriaca,12857,1968,in_copyright,False,False,False
tlg0752,002,EUTECNIUS,Paraphrasis in Nicandri alexipharmaca,7652,1976,in_copyright,False,False,False
tlg0752,003,EUTECNIUS,Paraphrasis in Oppiani cynegetica (fort. auctore Eutecnio),13800,1900,pd_us,False,False,False
tlg0752,005,EUTECNIUS,Paraphrasis in Oppiani halieutica (fort. auctore Eutecnio),7556,1976,in_copyright,False,False,False
tlg0752,X01,EUTECNIUS,Paraphrasis in Oppiani ixeutica (olim sub auctore Eutecnio),,,unknown,False,False,False
tlg0766,001,ALCMAEON,Testimonia,1671,1951,in_copyright,False,False,False
tlg0766,002,ALCMAEON,Fragmenta,252,1951,in_copyright,False,False,False
tlg0816,001,THEUDO[TUS],Titulus,2,1971,in_copyright,False,False,False
tlg0825,001,MELITO,Titulus,1,1971,in_copyright,False,False,False
tlg0833,001,ANAXION,Titulus,2,1971,in_copyright,False,False,False
tlg0845,001,CTESIAS,Testimonia,1494,,unknown,False,False,False
tlg0845,002,CTESIAS,Fragmenta,31306,,unknown,False,False,False
tlg0845,003,CTESIAS,Fragmentum (P. Oxy. 24.2389),51,1978,in_copyright,False,False,False
tlg0856,001,DIEUCHES,Fragmentum,9,1983,in_copyright,False,False,False
tlg0856,X01,DIEUCHES,Fragmenta ap. Oribasium,,,unknown,False,False,False
tlg0876,001,PHRYNICHUS II,Tituli,2,1971,in_copyright,False,False,False
tlg0888,001,EUDEMUS,Fragmentum,106,1983,in_copyright,False,False,False
tlg0888,X01,EUDEMUS,Fragmenta ap. Galenum,,,unknown,False,False,False
tlg0889,001,TIMESITHEUS,Tituli,20,1971,in_copyright,False,False,False
tlg0897,001,EUTHYDEMUS,Fragmentum,92,1983,in_copyright,False,False,False
tlg0897,X01,EUTHYDEMUS,Fragmentum ap. Athenaeum,,,unknown,False,False,False
tlg0900,001,CLEOMENES,Titulus,2,1962,in_copyright,False,False,False
tlg0918,001,LAMYNTHIUS,Titulus,2,1962,in_copyright,False,False,False
tlg0971,001,OENIADES,Titulus,2,1962,in_copyright,False,False,False
tlg0981,001,STESICHORUS II,Titulus,2,1962,in_copyright,False,False,False
tlg1004,001,THESSALUS,De virtutibus herbarum (e cod. Paris. gr. 2502 %7 Vindob. med. gr,2753,1968,in_copyright,False,False,False
tlg1004,002,THESSALUS,De virtutibus herbarum (e cod. Matrit. Bibl. Nat. 4631 [olim 110]),1928,1968,in_copyright,False,False,False
tlg1004,003,THESSALUS,De virtutibus herbarum (e cod. Monac. 542),2320,1968,in_copyright,False,False,False
tlg1004,004,THESSALUS,De virtutibus herbarum (e codd. Paris. gr. 2502 %7 Vindob. med. gr,524,1968,in_copyright,False,False,False
tlg1004,005,THESSALUS,De virtutibus herbarum (e codd. Paris. gr. 2256 %7 Venet. App. cl. V,435,1968,in_copyright,False,False,False
tlg1004,X01,THESSALUS,Fragmenta ap. Galenum,,,unknown,False,False,False
tlg1016,001,OSTANES Magus,*)OSTA/NOU FILOSO/FOU PRO\S *PETA/SION PERI\ TH=S I(ERA=S TAU/THS KAI\,292,1888,pd_us,False,False,False
tlg1016,X01,OSTANES Magus,Fragmentum (ap. Alexandrum Trallianum),,,unknown,False,False,False
tlg1021,001,MEROPIS,"Meropis (fragmenta) (P. Ko+ln 3.126 [inv. 5604, 17])",156,1987,in_copyright,False,False,False
tlg1052,001,POSIDONIUS,Fragmenta,106815,1982,in_copyright,False,False,False
tlg1052,002,POSIDONIUS,Testimonia,903,,unknown,False,False,False
tlg1052,003,POSIDONIUS,Fragmenta,36366,,unknown,False,False,False
tlg1083,002,ISIGONUS,Fragmenta,766,1851,pd_us,False,False,False
tlg1087,001,CLEOPHON,Tituli,11,1971,in_copyright,False,False,False
tlg1094,001,THEODORIDES,Tituli,7,1971,in_copyright,False,False,False
tlg1096,001,EUARETUS,Tituli,16,1971,in_copyright,False,False,False
tlg1105,001,TIMAEUS PRAXIDAS,Fragmentum,786,1898,pd_us,False,False,False
tlg1115,001,ARCHESTRATUS,Titulus,1,1971,in_copyright,False,False,False
tlg1118,001,Pseudo-DIOSCORIDES,De venenis eorumque praecautione et medicatione (%6,5312,1830,pd_us,False,False,False
tlg1118,002,Pseudo-DIOSCORIDES,"De iis, quae virus ejaculantur, animalibus libellus, in quo et de",6493,1830,pd_us,False,False,False
tlg1118,003,Pseudo-DIOSCORIDES,De lapidibus,1095,1898,pd_us,True,False,True
tlg1121,001,ANAXIMENIS MILESII EPISTULAE,Epistulae,168,1873,pd_us,False,False,False
tlg1123,002,ANDRON,Fragmenta,978,1841,pd_us,False,False,False
tlg1124,001,ANDRONICUS RHODIUS,De passionibus (lib. 1) [Sp.],951,1884,pd_us,False,False,False
tlg1124,002,ANDRONICUS RHODIUS,De passionibus (lib. 2) [Sp.],2243,1883,pd_us,False,False,False
tlg1124,X01,ANDRONICUS RHODIUS,Ethicorum Nicomacheorum paraphrasis (olim sub auctore Andronico,,,unknown,False,False,False
tlg1125,003,ANDROTION,Fragmenta,1953,1841,pd_us,False,False,False
tlg1127,001,ANONYMA DE MUSICA SCRIPTA BELLERMANNIANA,Anonyma de musica scripta Bellermanniana,4863,1975,in_copyright,False,False,False
tlg1128,001,ANONYMI COMMENTARIUS IN PLATONIS THEAETETUM,Commentarius in Platonis Theaetetum (fort. auctore Eudoro,12215,1905,pd_us,False,False,False
tlg1129,001,ANONYMI DE BARBARISMO ET SOLOECISMO,De barbarismo et soloecismo,1391,1822,pd_us,True,False,True
tlg1129,002,ANONYMI DE BARBARISMO ET SOLOECISMO,De barbarismo et soloecismo,333,1867,pd_us,False,False,False
tlg1131,001,ANONYMUS AD AVIRCIUM MARCELLUM CONTRA CATAPHRYGAS,Ad Avircium Marcellum contra Cataphrygas,1319,1846,pd_us,True,False,True
tlg1132,001,ANONYMUS ALEXANDRI,Fragmenta,961,1965,in_copyright,False,False,False
tlg1133,001,ANONYMUS DIODORI,Fragmenta,1629,1965,in_copyright,False,False,False
tlg1134,001,ANONYMUS IAMBLICHI,Fragmenta,1907,1952,in_copyright,True,False,True
tlg1135,001,ANONYMUS PHOTII,Fragmenta,2010,1965,in_copyright,False,False,False
tlg1136,001,ANONYMUS PRESBYTER,Fragmentum,73,1846,pd_us,False,False,False
tlg1138,001,LYCON,Fragmenta,957,1968,in_copyright,False,False,False
tlg1139,001,ANONYMI HISTORICI (FGrH),Enchiridion (P. Ryl. 22),115,,unknown,False,False,False
tlg1139,002,ANONYMI HISTORICI (FGrH),Heraclis historia (Tabula Albana) (IG 14.1293),717,,unknown,False,False,False
tlg1139,003,ANONYMI HISTORICI (FGrH),Anonymi ex historiis Polybii,711,,unknown,False,False,False
tlg1139,004,ANONYMI HISTORICI (FGrH),Fragmenta historica,1169,,unknown,False,False,False
tlg1139,005,ANONYMI HISTORICI (FGrH),Alexandri historia (P. Oxy. 15.1798),480,,unknown,False,False,False
tlg1139,006,ANONYMI HISTORICI (FGrH),Alexandri historia (e cod. Sabbaitico 29),1109,,unknown,False,False,False
tlg1139,007,ANONYMI HISTORICI (FGrH),De historia Alexandri,2145,,unknown,False,False,False
tlg1139,008,ANONYMI HISTORICI (FGrH),De historia diadochorum (epitome Heidelbergensis),691,,unknown,False,False,False
tlg1139,009,ANONYMI HISTORICI (FGrH),De Pyrrho (testimonium),41,,unknown,False,False,False
tlg1139,010,ANONYMI HISTORICI (FGrH),Belli Syrii tertii annales (P. Petrie 2.45; 3.144),635,,unknown,False,False,False
tlg1139,011,ANONYMI HISTORICI (FGrH),De Hannibale,957,,unknown,False,False,False
tlg1139,012,ANONYMI HISTORICI (FGrH),De Marco Aurelio Antonino (testimonium),43,,unknown,False,False,False
tlg1139,013,ANONYMI HISTORICI (FGrH),De bello Parthico,1458,,unknown,False,False,False
tlg1139,014,ANONYMI HISTORICI (FGrH),Anonymus Corinthius,228,,unknown,False,False,False
tlg1139,015,ANONYMI HISTORICI (FGrH),Anonymus Milesius,125,,unknown,False,False,False
tlg1139,016,ANONYMI HISTORICI (FGrH),Anonymus philosophus,131,,unknown,False,False,False
tlg1139,017,ANONYMI HISTORICI (FGrH),Chronicon Romanum (IG 14.1297),290,,unknown,False,False,False
tlg1139,018,ANONYMI HISTORICI (FGrH),Chronicon Oxyrhynchi (P. Oxy. 1.12),826,,unknown,False,False,False
tlg1139,019,ANONYMI HISTORICI (FGrH),Chronicon Olympicum (fort. auctore Phlegonte),518,,unknown,False,False,False
tlg1139,020,ANONYMI HISTORICI (FGrH),Chronicon Archontum (P. Oxy. 13.1613),51,,unknown,False,False,False
tlg1139,021,ANONYMI HISTORICI (FGrH),*EU)MOLPIDW=N PA/TRIA (testimonium),15,,unknown,False,False,False
tlg1139,022,ANONYMI HISTORICI (FGrH),*EU)PATRIDW=N PA/TRIA (fragmentum),107,,unknown,False,False,False
tlg1139,023,ANONYMI HISTORICI (FGrH),De sacris Atheniensibus,419,,unknown,False,False,False
tlg1139,024,ANONYMI HISTORICI (FGrH),,265,,unknown,False,False,False
tlg1139,025,ANONYMI HISTORICI (FGrH),De finibus urbis,58,,unknown,False,False,False
tlg1139,026,ANONYMI HISTORICI (FGrH),Victores Olympici (fort. auctore Phlegonte vel Eratosthene) (P,395,,unknown,False,False,False
tlg1139,027,ANONYMI HISTORICI (FGrH),Chronicon Pergamenum,157,,unknown,False,False,False
tlg1139,028,ANONYMI HISTORICI (FGrH),Anagraphe Sicyonia,135,,unknown,False,False,False
tlg1139,029,ANONYMI HISTORICI (FGrH),Anonymus de conditu Hermopolis,524,,unknown,False,False,False
tlg1139,030,ANONYMI HISTORICI (FGrH),Apophthegmata Romana,866,,unknown,False,False,False
tlg1139,031,ANONYMI HISTORICI (FGrH),De agrimensore Syriae (fort. auctore Xenophonte quodam),62,,unknown,False,False,False
tlg1139,033,ANONYMI HISTORICI (FGrH),Anonymus exegeta,98,,unknown,False,False,False
tlg1139,034,ANONYMI HISTORICI (FGrH),De Lesbo,364,,unknown,False,False,False
tlg1139,035,ANONYMI HISTORICI (FGrH),De Nilo,999,,unknown,False,False,False
tlg1139,036,ANONYMI HISTORICI (FGrH),Scriptores de Athenis,585,,unknown,False,False,False
tlg1139,037,ANONYMI HISTORICI (FGrH),De Theramene (P. Mich. 5982),248,1978,in_copyright,False,False,False
tlg1139,038,ANONYMI HISTORICI (FGrH),Philippica (P. Ryl. 3.490),262,1978,in_copyright,False,False,False
tlg1139,039,ANONYMI HISTORICI (FGrH),Alexandri historia (P. Oxy. 17.2081),30,1978,in_copyright,False,False,False
tlg1139,040,ANONYMI HISTORICI (FGrH),Alexandri historia (P. Hamb. 652),102,1978,in_copyright,False,False,False
tlg1139,041,ANONYMI HISTORICI (FGrH),Victores olympici (P. Oxy. 23.2381),38,1978,in_copyright,False,False,False
tlg1139,X01,ANONYMI HISTORICI (FGrH),Epistula cuidam Macedoniae regi (fort. auctore Hieronymo Cardiano),,,unknown,False,False,False
tlg1139,X02,ANONYMI HISTORICI (FGrH),Dialogus de Alexandri deificatione (P. Freib. 7%19`8),,,unknown,False,False,False
tlg1139,X03,ANONYMI HISTORICI (FGrH),Anonymus orator (P. Oxy. 2.216),,,unknown,False,False,False
tlg1139,X04,ANONYMI HISTORICI (FGrH),Alexandri Magni historia (P. Berol. inv. 13044),,,unknown,False,False,False
tlg1141,001,ANTIMACHUS,Fragmentum [Dub.],14,1925,pd_us,False,False,False
tlg1141,002,ANTIMACHUS,Fragmentum,8,1877,pd_us,False,False,False
tlg1143,001,ANTIOCHUS,Fragmenta,1154,1953,in_copyright,False,False,False
tlg1145,003,ANTIOCHUS,Fragmenta,1335,1841,pd_us,False,False,False
tlg1146,001,ANTIPATER,Testimonia et fragmenta,4580,1903,pd_us,True,False,True
tlg1147,001,ANTIPHON,Fragmenta,1659,1923,pd_us,False,False,False
tlg1147,002,ANTIPHON,Testimonia,1310,1952,in_copyright,False,False,False
tlg1147,003,ANTIPHON,Fragmenta,5062,1952,in_copyright,True,False,True
tlg1147,005,ANTIPHON,Fragmenta,1136,1989,in_copyright,False,False,False
tlg1148,004,ANTONIUS DIOGENES,De incredibilibus (fragmentum) (PSI `10.1177),186,1995,in_copyright,False,False,False
tlg1148,005,ANTONIUS DIOGENES,De incredibilibus (fragmentum) (P. Oxy. 42.3012),50,1995,in_copyright,False,False,False
tlg1148,006,ANTONIUS DIOGENES,De incredibilibus vel Herpyllis (?) (fragmentum) (P. Dubl,457,1995,in_copyright,False,False,False
tlg1148,X01,ANTONIUS DIOGENES,Fragmentum (fort. auctore Antonio Diogene) (P. Mich. inv. 5),,,unknown,False,False,False
tlg1148,X02,ANTONIUS DIOGENES,"Fragmenta (ap. Joannem Lydum, De mensibus)",,,unknown,False,False,False
tlg1148,X03,ANTONIUS DIOGENES,"Fragmenta (ap. Porphyrium, Vita Pythagorae)",,,unknown,False,False,False
tlg1149,001,ANTONINI PII IMPERATORIS EPISTULA,Epistula ad commune Asiae,253,1876,pd_us,False,False,False
tlg1150,001,APHAREUS,Epigramma,14,1949,in_copyright,False,False,False
tlg1150,002,APHAREUS,Tituli,3,1971,in_copyright,False,False,False
tlg1152,003,APION,Fragmenta de glossis Homericis,7369,,unknown,False,False,False
tlg1152,004,APION,Fragmenta de glossis Homericis,6075,1977,in_copyright,False,False,False
tlg1152,005,APION,Fragmenta,3509,1841,pd_us,False,False,False
tlg1153,001,APOCALYPSIS ADAM,*NUXQH/MERON (fort. auctore Apollonio Tyanensi),487,1893,pd_us,False,False,False
tlg1154,001,APOCALYPSIS BARUCH,Apocalypsis Baruchi Graece (iii Baruch),3257,1967,in_copyright,False,False,False
tlg1155,001,APOCALYPSIS SYRIACA BARUCHI,Fragmentum,197,1970,in_copyright,False,False,False
tlg1156,001,APOCALYPSIS ELIAE,Fragmenta,231,1970,in_copyright,False,False,False
tlg1157,001,APOCALYPSIS ESDRAE,Apocalypsis Esdrae,2677,1866,pd_us,False,False,False
tlg1157,002,APOCALYPSIS ESDRAE,Apocalypsis Esdrae quarta,148,1970,in_copyright,False,False,False
tlg1158,001,APOCALYPSIS JOANNIS,Apocalypsis apocrypha Joannis,2961,1866,pd_us,False,False,False
tlg1158,002,APOCALYPSIS JOANNIS,Apocalypsis apocrypha Joannis (versio altera),1621,1914,pd_us,False,False,False
tlg1158,003,APOCALYPSIS JOANNIS,Apocalypsis apocrypha Joannis (versio tertia),1916,1893,pd_us,False,False,False
tlg1160,001,APOCALYPSIS SOPHONIAE,Fragmentum,53,1970,in_copyright,False,False,False
tlg1161,001,APOCRYPHON EZECHIEL,Fragmenta,903,1970,in_copyright,False,False,False
tlg1162,002,APOLLAS,Fragmenta,168,1841,pd_us,False,False,False
tlg1163,001,Claudius APOLLINARIUS,Fragmenta,216,1872,pd_us,False,False,False
tlg1164,002,APOLLODORUS,Fragmenta,447,1841,pd_us,False,False,False
tlg1165,001,APOLLODORUS,Poliorcetica,5962,1908,pd_us,False,False,False
tlg1166,001,APOLLODORUS,Fragmenta,811,1903,pd_us,False,False,False
tlg1167,001,APOLLONIUS,Vita Aeschinis,592,1927,pd_us,False,False,False
tlg1168,001,APOLLONIUS,Lexicon Homericum,41344,1833,pd_us,False,False,False
tlg1170,003,APOLLONIUS,Fragmenta,475,1841,pd_us,False,False,False
tlg1171,001,APOLLONIUS,Fragmenta ex libro adversus Cataphrygas seu Montanistas,737,1846,pd_us,False,False,False
tlg1172,001,ARCESILAUS,Fragmenta,76,1983,in_copyright,False,False,False
tlg1172,X01,ARCESILAUS,Epigrammata (App. Anth.),,,unknown,False,False,False
tlg1173,001,ARCHEDEMUS,Fragmenta,883,1903,pd_us,False,False,False
tlg1174,002,ARCHEMACHUS,Fragmenta,374,1841,pd_us,False,False,False
tlg1175,001,ARCHESTRATUS,Fragmenta,2407,1888,pd_us,False,False,False
tlg1175,002,ARCHESTRATUS,Fragmenta et tituli,2343,1983,in_copyright,False,False,False
tlg1176,001,ARCHYTAS,Fragmenta,34,1925,pd_us,False,False,False
tlg1177,001,Pseudo-ARCHYTAS,Fragmenta,13098,1965,in_copyright,False,False,False
tlg1178,001,[2ARESAS]2,Fragmentum,530,1965,in_copyright,False,False,False
tlg1179,001,[2ARIMNESTUS]2,Fragmentum,62,1965,in_copyright,False,False,False
tlg1180,001,[2ARISTAEUS]2,Fragmenta,328,1965,in_copyright,False,False,False
tlg1181,001,ARISTARCHUS,De magnitudinibus et distantiis solis et lunae,7088,1913,pd_us,True,False,True
tlg1182,004,[ARISTEAS],Fragmenta epica,77,1987,in_copyright,False,False,False
tlg1183,001,ARISTEAE EPISTULA,Aristeae epistula ad Philocratem,13571,1962,in_copyright,False,False,False
tlg1184,001,ARISTIDES,Fragmenta (P. Oxy. 15.1778),135,1950,in_copyright,False,False,False
tlg1184,002,ARISTIDES,Fragmenta (P. Lond. 2486),357,1950,in_copyright,False,False,False
tlg1184,003,ARISTIDES,Fragmenta,3069,1950,in_copyright,False,False,False
tlg1186,001,ARISTOBULUS Judaeus,Fragmenta,2208,1970,in_copyright,False,False,False
tlg1188,001,ARISTOCLES,Fragmenta,9101,1925,pd_us,False,False,False
tlg1189,003,ARISTOCRATES,Fragmenta,241,1841,pd_us,False,False,False
tlg1190,003,ARISTAGORAS,Fragmenta,390,1841,pd_us,False,False,False
tlg1191,001,[2ARISTOMBROTUS]2,Fragmentum,127,1965,in_copyright,False,False,False
tlg1192,001,ARISTON,Fragmenta,3347,1968,in_copyright,False,False,False
tlg1193,001,ARISTON,Testimonia et fragmenta,5010,1905,pd_us,True,False,True
tlg1193,002,ARISTON,Fragmenta,15,1983,in_copyright,False,False,False
tlg1193,X01,ARISTON,Epigramma demonstrativum,,,unknown,False,False,False
tlg1194,001,ARISTONICUS,De signis Odysseae,37103,1869,pd_us,True,False,True
tlg1194,002,ARISTONICUS,De signis Iliadis,93371,1853,pd_us,False,False,False
tlg1194,003,ARISTONICUS,Testimonia,142,,unknown,False,False,False
tlg1194,004,ARISTONICUS,Fragmentum,103,,unknown,False,False,False
tlg1196,003,ARISTOPHANES,Fragmentum (P. Oxy. 27.2463),91,1978,in_copyright,False,False,False
tlg1196,004,ARISTOPHANES,Fragmenta,232,1841,pd_us,False,False,False
tlg1197,001,ARTEMON,Fragmenta,613,1853,pd_us,False,False,False
tlg1199,003,ASCLEPIADES,Fragmenta,751,1841,pd_us,False,False,False
tlg1200,003,ASCLEPIADES,Fragmenta,2091,1841,pd_us,False,False,False
tlg1201,001,ASSUMPTIO MOSIS,Fragmenta,416,1970,in_copyright,False,False,False
tlg1202,001,[2ATHAMAS]2,Fragmentum,63,1965,in_copyright,False,False,False
tlg1203,001,PAEANES (CA),Paean Erythraeus in Aesculapium,88,1925,pd_us,False,False,False
tlg1203,002,PAEANES (CA),Paean Erythraeus ad urbem Dium repertus,95,1925,pd_us,False,False,False
tlg1203,003,PAEANES (CA),Fragmentum Erythraeum paeanis in Apollinem,75,1925,pd_us,False,False,False
tlg1203,004,PAEANES (CA),Fragmentum Erythraeum paeanis in Seleucum,14,1925,pd_us,False,False,False
tlg1203,005,PAEANES (CA),Paean Delphicus i in Apollinem,181,1925,pd_us,False,False,False
tlg1203,006,PAEANES (CA),Fragmentum paeanis in Titum Flamininum,27,1925,pd_us,False,False,False
tlg1204,001,ATHENAEUS,De machinis,3665,1912,pd_us,False,False,False
tlg1205,001,ATHENAGORAS,Legatio sive Supplicatio pro Christianis,11646,1972,in_copyright,True,False,True
tlg1205,002,ATHENAGORAS,De resurrectione,,1972,in_copyright,True,False,True
tlg1206,003,ATHENODORUS,Fragmenta,560,1841,pd_us,False,False,False
tlg1207,001,ATTALUS,Fragmenta Aratea,5567,1898,pd_us,False,False,False
tlg1208,001,ATTICUS,Fragmenta,5889,1931,in_copyright,False,False,False
tlg1210,001,AUTOLYCUS,De sphaera quae movetur,4487,1950,in_copyright,True,False,True
tlg1210,002,AUTOLYCUS,De ortibus et occasibus,10470,1950,in_copyright,True,False,True
tlg1211,003,BALAGRUS,Fragmentum,35,1841,pd_us,False,False,False
tlg1212,001,ATRIDARUM REDITUS,Fragmentum,10,1925,pd_us,False,False,False
tlg1213,001,Julia BALBILLA,Epigrammata,372,1878,pd_us,False,False,False
tlg1213,X01,Julia BALBILLA,Epigrammata dedicatoria,,,unknown,False,False,False
tlg1216,001,BARNABAE EPISTULA,Barnabae epistula,7057,1971,in_copyright,True,True,True
tlg1218,003,BASILIS,Fragmenta,25,1841,pd_us,False,False,False
tlg1219,003,BATO,Fragmenta,679,1841,pd_us,False,False,False
tlg1220,001,BATRACHOMYOMACHIA,Batrachomyomachia,1888,1912,pd_us,True,False,True
tlg1220,002,BATRACHOMYOMACHIA,Batrachomyomachia (prosodia Byzantina),288,1912,pd_us,False,False,False
tlg1222,003,BEROS(S)US,Fragmenta,5414,1841,pd_us,False,False,False
tlg1223,001,BIAS,Fragmentum,20,1882,pd_us,False,False,False
tlg1223,002,BIAS,Testimonium,18,,unknown,False,False,False
tlg1224,001,BION,Fragmenta,3575,1976,in_copyright,False,False,False
tlg1224,002,BION,Fragmenta,33,1983,in_copyright,False,False,False
tlg1225,003,BION,Fragmenta,288,1841,pd_us,False,False,False
tlg1226,001,BITON,*KATASKEUAI\ POLEMIKW=N O)RGA/NWN KAI\ KATAPALTIKW=N,2476,1929,pd_us,False,False,False
tlg1227,001,BLAESUS,Fragmentum,9,1899,pd_us,False,False,False
tlg1228,001,[BOEO],Fragmenta,25,1925,pd_us,False,False,False
tlg1229,001,[BOEUS],Fragmentum,82,1925,pd_us,False,False,False
tlg1230,001,[2BROTINUS]2,Fragmentum,127,1965,in_copyright,False,False,False
tlg1230,002,[2BROTINUS]2,Testimonia,233,1951,in_copyright,False,False,False
tlg1231,001,[2BRYSON]2,Fragmentum,225,1965,in_copyright,False,False,False
tlg1232,001,[2BUTHERUS]2,Fragmentum,168,1965,in_copyright,False,False,False
tlg1237,001,[2CALLICRATIDAS]2,Fragmenta,1284,1965,in_copyright,False,False,False
tlg1239,002,Domitius CALLISTRATUS,Fragmenta,816,1841,pd_us,False,False,False
tlg1240,003,CALLIXENUS,Fragmenta,4641,1841,pd_us,False,False,False
tlg1241,002,CARMEN NAUPACTIUM,Carmen Naupactium (fragmenta),64,1987,in_copyright,False,False,False
tlg1242,001,CANON LIBRORUM,Canon librorum,94,1950,in_copyright,False,False,False
tlg1244,002,CARNEISCUS,Philistas (lib. ii) (P. Herc. 1027),938,1988,in_copyright,False,False,False
tlg1244,003,CARNEISCUS,Fragmenta (P. Herc. `1027),2296,1988,in_copyright,False,False,False
tlg1245,001,CARYSTIUS,Fragmenta,981,1841,pd_us,False,False,False
tlg1247,001,[2CEBES]2,Cebetis tabula,4836,1893,pd_us,True,False,True
tlg1248,001,CELSUS,*)ALHQH\S LO/GOS,23567,1940,in_copyright,False,False,False
tlg1249,003,CEPHALION,Fragmenta,3085,1841,pd_us,False,False,False
tlg1250,001,CERCIDAS,Fragmenta,1202,1925,pd_us,False,False,False
tlg1251,001,CHAMAELEON,Fragmenta,4079,1957,in_copyright,False,False,False
tlg1251,002,CHAMAELEON,Fragmenta,125,1978,in_copyright,False,False,False
tlg1252,001,CERTAMEN HOMERI ET HESIODI,Certamen Homeri et Hesiodi (P. Petrie 25),198,1912,pd_us,False,False,False
tlg1252,002,CERTAMEN HOMERI ET HESIODI,Certamen Homeri et Hesiodi,2449,1912,pd_us,True,False,True
tlg1254,003,CHARAX,Fragmenta,2406,1841,pd_us,False,False,False
tlg1256,001,CHARES,Sententiae,211,1964,in_copyright,False,False,False
tlg1256,002,CHARES,Sententiae,244,1971,in_copyright,False,False,False
tlg1257,002,CHARINUS,Fragmentum,22,1983,in_copyright,False,False,False
tlg1258,003,CHARON,Fragmenta,1130,1841,pd_us,False,False,False
tlg1259,001,[2CHARONDAS Nomographus]2,Fragmentum,870,1965,in_copyright,False,False,False
tlg1260,002,[CHERSIAS],Fragmentum epicum [Dub.] (fort. auctore Callippo),14,1987,in_copyright,False,False,False
tlg1262,001,CHOERILUS,Fragmentum,56,1877,pd_us,False,False,False
tlg1262,002,CHOERILUS,Fragmentum et titulus,62,1983,in_copyright,False,False,False
tlg1262,X01,CHOERILUS,Epigramma sepulcrale,,,unknown,False,False,False
tlg1263,001,CHOERILUS,Tituli (P. Oxy. 11.1399),4,1925,pd_us,False,False,False
tlg1263,003,CHOERILUS,Fragmenta et tituli,153,1983,in_copyright,False,False,False
tlg1263,004,CHOERILUS,Fragmenta dubia (fort. auctore Choerilo Iasensi),26,1983,in_copyright,False,False,False
tlg1263,005,CHOERILUS,Fragmenta epica,778,1987,in_copyright,False,False,False
tlg1264,001,CHRYSIPPUS,Fragmenta logica et physica,129854,1903,pd_us,True,False,True
tlg1264,002,CHRYSIPPUS,Fragmenta moralia,71607,1903,pd_us,True,False,True
tlg1264,003,CHRYSIPPUS,Fragmenta quae ad explicationem carminum Homericorum pertinent,320,1903,pd_us,True,False,True
tlg1264,004,CHRYSIPPUS,Fragmenta ad singulos libros relata,1931,1903,pd_us,True,False,True
tlg1264,005,CHRYSIPPUS,Fragmenta poetica,56,1983,in_copyright,False,False,False
tlg1264,008,CHRYSIPPUS,Fragmentum (P. Ant. 2.61),62,1989,in_copyright,False,False,False
tlg1264,X01,CHRYSIPPUS,Epigramma sepulcrale,,,unknown,False,False,False
tlg1266,001,TYRANNION,Fragmenta,5492,1977,in_copyright,False,False,False
tlg1268,002,CLAUDIUS IOLAUS,Fragmenta,351,1841,pd_us,False,False,False
tlg1269,001,CLEANTHES,Fragmenta,482,1925,pd_us,False,False,False
tlg1269,002,CLEANTHES,Testimonia et fragmenta,9987,1905,pd_us,True,False,True
tlg1269,X01,CLEANTHES,Epigrammata exhortatoria et supplicatoria,,,unknown,False,False,False
tlg1270,001,CLEARCHUS,Fragmenta,10511,1969,in_copyright,False,False,False
tlg1271,001,CLEMENS ROMANUS et CLEMENTINA,Epistula i ad Corinthios,10302,1971,in_copyright,True,False,True
tlg1271,002,CLEMENS ROMANUS et CLEMENTINA,Epistula ii ad Corinthios [Sp.],3161,1970,in_copyright,True,False,True
tlg1271,003,CLEMENS ROMANUS et CLEMENTINA,Epistula Petri ad Jacobum [Sp.],510,1969,in_copyright,True,False,True
tlg1271,004,CLEMENS ROMANUS et CLEMENTINA,Contestatio [Sp.],677,1969,in_copyright,True,False,True
tlg1271,005,CLEMENS ROMANUS et CLEMENTINA,Epistula Clementis ad Jacobum [Sp.],2563,1969,in_copyright,True,False,True
tlg1271,006,CLEMENS ROMANUS et CLEMENTINA,Homiliae [Sp.],72713,1969,in_copyright,True,False,True
tlg1271,007,CLEMENS ROMANUS et CLEMENTINA,Recognitiones [Sp.],1687,1965,in_copyright,False,False,False
tlg1271,008,CLEMENS ROMANUS et CLEMENTINA,Recognitiones (ex Eusebio) [Sp.],1795,1965,in_copyright,False,False,False
tlg1271,009,CLEMENS ROMANUS et CLEMENTINA,Recognitiones (e Pseudo%19Caesario) [Sp.],1239,1965,in_copyright,False,False,False
tlg1271,010,CLEMENS ROMANUS et CLEMENTINA,Epistulae de virginitate [Sp.],2254,1913,pd_us,True,False,True
tlg1271,011,CLEMENS ROMANUS et CLEMENTINA,Pseudo%19Clementina (epitome altera auctore Symeone Metaphrasta) [Sp.],25983,1873,pd_us,True,False,True
tlg1271,012,CLEMENS ROMANUS et CLEMENTINA,Pseudo%19Clementina (epitome de gestis Petri praemetaphrastica) [Sp.],26605,1873,pd_us,True,False,True
tlg1272,001,CLEOMEDES,De motu circulari corporum caelestium,24880,1891,pd_us,True,False,True
tlg1273,001,CLEON,Fragmentum,12,1949,in_copyright,False,False,False
tlg1273,002,CLEON,Fragmenta et titulus,222,1983,in_copyright,False,False,False
tlg1274,001,CLEOBULUS,Fragmenta,52,1882,pd_us,False,False,False
tlg1274,002,CLEOBULUS,Epigrammata,65,,unknown,False,False,False
tlg1275,001,CLEOSTRATUS,Testimonia,140,1951,in_copyright,False,False,False
tlg1275,002,CLEOSTRATUS,Fragmenta,130,1951,in_copyright,False,False,False
tlg1275,003,CLEOSTRATUS,Astrologia (fragmentum),16,1987,in_copyright,False,False,False
tlg1276,003,CLIDEMUS,Fragmenta,1498,1841,pd_us,False,False,False
tlg1277,001,[2CLINIAS]2,Fragmenta,292,1965,in_copyright,False,False,False
tlg1277,002,[2CLINIAS]2,Testimonia,,1951,in_copyright,False,False,False
tlg1278,001,CLITARCHUS,Sententiae,1199,1959,in_copyright,False,False,False
tlg1281,002,[CLITOPHON],Fragmenta,415,1841,pd_us,False,False,False
tlg1282,002,CLYTUS,Fragmenta,325,1841,pd_us,False,False,False
tlg1285,003,CONON,Fragmenta,203,1841,pd_us,False,False,False
tlg1286,001,CORPUS HERMETICUM,Poimandres,2263,1946,in_copyright,True,False,True
tlg1286,002,CORPUS HERMETICUM,Dialogus (sine titulo),1349,1946,in_copyright,True,False,True
tlg1286,003,CORPUS HERMETICUM,Hieros logos,344,1946,in_copyright,True,False,True
tlg1286,004,CORPUS HERMETICUM,*PRO\S *TA\T O( KRATH\R H)\ MONA/S,918,1946,in_copyright,True,False,True
tlg1286,005,CORPUS HERMETICUM,*PRO\S *TA\T UI(O\N O(/TI A)FANH\S QEO\S FANERW/TATO/S E)STIN,1105,1946,in_copyright,True,False,True
tlg1286,006,CORPUS HERMETICUM,"*(/OTI E)N MO/NW| TW=| QEW=| TO\ A)GAQO/N E)STIN, A)LLAXO/QI DE\",768,1946,in_copyright,True,False,True
tlg1286,007,CORPUS HERMETICUM,*(/OTI ME/GISTON KAKO\N E)N A)NQRW/POIS H( PERI\ TOU= QEOU=,254,1946,in_copyright,True,False,True
tlg1286,008,CORPUS HERMETICUM,"*(/OTI OU)DE\N TW=N O)/NTWN A)PO/LLUTAI, A)LLA\ TA\S METABOLA\S",489,1946,in_copyright,True,False,True
tlg1286,009,CORPUS HERMETICUM,*PERI\ NOH/SEWS KAI\ AI)SQH/SEWS. [O(/TI E)N MO/NW| TW=| QEW=| TO\,1001,1946,in_copyright,True,False,True
tlg1286,010,CORPUS HERMETICUM,*KLEI/S,2445,1946,in_copyright,True,False,True
tlg1286,011,CORPUS HERMETICUM,*NOU=S PRO\S *(ERMH=N,2215,1946,in_copyright,True,False,True
tlg1286,012,CORPUS HERMETICUM,*PERI\ NOU= KOINOU= PRO\S *TA/T,2103,1946,in_copyright,True,False,True
tlg1286,013,CORPUS HERMETICUM,"*PRO\S TO\N UI(O\N *TA\T E)N O)/REI LO/GOS A)PO/KRUFOS, PERI\",1860,1946,in_copyright,True,False,True
tlg1286,014,CORPUS HERMETICUM,*)ASKLHPIW=| EU)= FRONEI=N,830,1946,in_copyright,True,False,True
tlg1286,016,CORPUS HERMETICUM,*(/OROI *)ASKLHPIOU= PRO\S *)/AMMWNA BASILE/A,1346,1946,in_copyright,True,False,True
tlg1286,017,CORPUS HERMETICUM,Dialogus (sine titulo),135,1946,in_copyright,True,False,True
tlg1286,018,CORPUS HERMETICUM,*PERI\ TH=S U(PO\ TOU= PA/QOUS TOU= SW/MATOS E)MPODIZOME/NHS,1352,1946,in_copyright,True,False,True
tlg1286,019,CORPUS HERMETICUM,Asclepius (verba Graeca solum),46,1946,in_copyright,False,False,False
tlg1286,020,CORPUS HERMETICUM,Fragmenta,16614,1954,in_copyright,True,False,True
tlg1286,021,CORPUS HERMETICUM,Fragmenta varia (verba Graeca solum),1373,1954,in_copyright,False,False,False
tlg1286,022,CORPUS HERMETICUM,*)EK TOU= U(/MNOU PRO\S TO\N PANTOKRA/TORA (fragmentum),107,1954,in_copyright,False,False,False
tlg1286,X01,CORPUS HERMETICUM,Epigrammata (App. Anth.),,,unknown,False,False,False
tlg1286,X02,CORPUS HERMETICUM,De deo (fort. auctore Philone) (P. Berol. inv. 17027),,,unknown,False,False,False
tlg1286,X03,CORPUS HERMETICUM,*(ERMOU= TRISMEGI/STOU O)/RGANON,,,unknown,False,False,False
tlg1287,001,CRANTOR,Fragmenta,1632,1881,pd_us,True,False,True
tlg1287,002,CRANTOR,Fragmenta et titulus,36,1983,in_copyright,False,False,False
tlg1288,003,CRATERUS,Fragmenta,958,1841,pd_us,False,False,False
tlg1289,002,CRATES,Fragmenta,417,1841,pd_us,False,False,False
tlg1291,002,CREOPHYLUS,Fragmentum,142,1841,pd_us,False,False,False
tlg1292,001,CRITO,Fragmentum,148,1965,in_copyright,False,False,False
tlg1293,001,CRINIS,Fragmenta,316,1903,pd_us,False,False,False
tlg1294,001,CRITOLAUS,Fragmenta,1542,1969,in_copyright,False,False,False
tlg1296,001,CYPRIA,Cypria (fragmenta),358,1987,in_copyright,False,False,False
tlg1297,001,DAMIPPUS,Fragmenta,526,1965,in_copyright,False,False,False
tlg1298,001,DEMETRII PHALEREI EPISTULA,Epistula,179,1873,pd_us,False,False,False
tlg1301,002,DEMETRIUS,Fragmenta et titulus,22,1983,in_copyright,False,False,False
tlg1302,001,DEMETRIUS,Formae epistolicae,1897,1910,pd_us,False,False,False
tlg1302,002,DEMETRIUS,Formae epistolicae (duo exempla spuria),176,1910,pd_us,False,False,False
tlg1303,003,DEMOCHARES,Fragmenta,412,1841,pd_us,False,False,False
tlg1304,001,DEMOCRITUS,Testimonia,19869,1952,in_copyright,False,False,False
tlg1304,002,DEMOCRITUS,Fragmenta,14834,1952,in_copyright,True,False,True
tlg1305,003,DEMOCRITUS,Fragmentum,184,1841,pd_us,False,False,False
tlg1306,001,BOLUS,*PERI\ SUMPAQEIW=N KAI\ A)NTIPAQEIW=N (sub nomine Democriti),834,1884,pd_us,False,False,False
tlg1306,002,BOLUS,Physica et mystica (fort. opus *XEIRO/MHKTA) (sub,2857,1888,pd_us,False,False,False
tlg1306,003,BOLUS,Ad Leucippem (sub nomine Democriti) [Sp.] (e cod. Paris. B.N. gr,703,1888,pd_us,False,False,False
tlg1306,004,BOLUS,Testimonia,357,,unknown,False,False,False
tlg1306,005,BOLUS,Fragmenta,353,,unknown,False,False,False
tlg1306,006,BOLUS,Testimonium,45,1952,in_copyright,False,False,False
tlg1306,X01,BOLUS,Fragmenta,,,unknown,False,False,False
tlg1307,003,DEMON,Fragmenta,1524,1841,pd_us,False,False,False
tlg1308,001,DEMOSTHENES,Fragmenta,63,1925,pd_us,False,False,False
tlg1308,003,DEMOSTHENES,Fragmenta,463,1841,pd_us,False,False,False
tlg1309,001,DIALEXEIS (*DISSOÌ LÓGOI),Fragmenta,3706,1952,in_copyright,True,False,True
tlg1310,002,DICTYS,Testimonia,726,,unknown,False,False,False
tlg1310,003,DICTYS,Fragmenta,3173,,unknown,False,False,False
tlg1311,001,DIDACHE XII APOSTOLORUM,*DIDAXAI\ TW=N A)POSTOLW=N,2323,1958,in_copyright,True,False,True
tlg1312,003,DIDYMUS,In Demosthenem (P. Berol. 9780),6017,1983,in_copyright,False,False,False
tlg1312,004,DIDYMUS,De dubiis apud Platonem lectionibus [Sp.],1888,1965,in_copyright,False,False,False
tlg1313,003,DIEUCHIDAS,Fragmenta,823,1841,pd_us,False,False,False
tlg1314,003,DINIAS,Fragmentum,77,1978,in_copyright,False,False,False
tlg1314,004,DINIAS,Fragmenta,610,1841,pd_us,False,False,False
tlg1315,001,DINOLOCHUS,Fragmentum,11,1899,pd_us,False,False,False
tlg1315,002,DINOLOCHUS,Tituli,23,1973,in_copyright,False,False,False
tlg1316,003,DINON,Fragmenta,1986,1841,pd_us,False,False,False
tlg1318,001,DIODORUS,Fragmentum de viris duobus,752,1873,pd_us,False,False,False
tlg1319,001,DIOGENES,Testimonia,2888,1952,in_copyright,False,False,False
tlg1319,002,DIOGENES,Fragmenta,1364,1952,in_copyright,True,False,True
tlg1320,001,DIOGENES,Testimonia et fragmenta,11262,1903,pd_us,True,False,True
tlg1321,011,DIOGENES,Fragmenta,14190,1993,in_copyright,False,False,False
tlg1322,001,DIOGENIANUS,Fragmenta,2554,1885,pd_us,False,False,False
tlg1323,001,Aelius DIONYSIUS,*)ATTIKA\ O)NO/MATA,15856,1950,in_copyright,False,False,False
tlg1324,002,DIONYSIUS,Fragmenta,100,1841,pd_us,False,False,False
tlg1325,001,DIOGENIS SINOPENSIS EPISTULAE,Epistulae,9251,1873,pd_us,True,False,True
tlg1326,001,DIONYSIUS,Fragmenta,1444,1963,in_copyright,False,False,False
tlg1327,001,DIONIS EPISTULAE,Epistulae,275,1873,pd_us,False,False,False
tlg1328,001,DIONYSIUS,Fragmenta,654,1841,pd_us,False,False,False
tlg1329,001,DIONYSIUS,Fragmenta,645,1846,pd_us,True,False,True
tlg1332,001,[2DIOTOGENES]2,Fragmenta,1686,1965,in_copyright,False,False,False
tlg1334,001,DIUS,Fragmenta,292,1965,in_copyright,False,False,False
tlg1337,001,DOROTHEUS,Fragmenta Graeca,27536,1976,in_copyright,False,False,False
tlg1337,002,DOROTHEUS,Fragmenta e Hephaestionis *)APOTELESMATIKW=N libris hausta,1353,1976,in_copyright,False,False,False
tlg1337,003,DOROTHEUS,Fragmenta alia antiqua,400,1976,in_copyright,True,False,True
tlg1338,003,DOSIADAS,Fragmenta,478,1841,pd_us,False,False,False
tlg1339,003,DURIS,Fragmenta,484,1978,in_copyright,False,False,False
tlg1339,005,DURIS,Fragmenta,4802,1841,pd_us,False,False,False
tlg1340,001,[2ECCELUS]2,Fragmentum,197,1965,in_copyright,False,False,False
tlg1341,001,[2ECPHANTUS]2,*PERI\ BASILEI/AS (fragmenta) [Sp.],1480,1965,in_copyright,False,False,False
tlg1341,002,[2ECPHANTUS]2,Testimonia,197,1951,in_copyright,False,False,False
tlg1342,002,EMPEDOCLES,Epigramma,56,,unknown,False,False,False
tlg1342,003,EMPEDOCLES,Testimonia,13382,1951,in_copyright,False,False,False
tlg1342,004,EMPEDOCLES,Fragmenta,12288,1951,in_copyright,False,False,False
tlg1342,X01,EMPEDOCLES,Epigramma irrisorium,,,unknown,False,False,False
tlg1342,X02,EMPEDOCLES,Sphaera [Sp.],,,unknown,False,False,False
tlg1343,002,EPARCHIDES,Fragmentum,156,1841,pd_us,False,False,False
tlg1344,001,EPICA ADESPOTA (CA),Epica adespota,1918,1925,pd_us,False,False,False
tlg1345,001,EPICA INCERTA (CA),Fragmenta,28,1925,pd_us,False,False,False
tlg1345,002,EPICA INCERTA (CA),Fragmentum,27,1925,pd_us,False,False,False
tlg1346,001,EPHRAEM,,2379,,unknown,False,False,False
tlg1347,001,EPIMENIDES,Testimonia,2119,,unknown,False,False,False
tlg1347,002,EPIMENIDES,Fragmenta,1331,,unknown,False,False,False
tlg1347,003,EPIMENIDES,Testimonia,1527,1951,in_copyright,False,False,False
tlg1347,004,EPIMENIDES,Fragmenta,1360,1951,in_copyright,True,False,True
tlg1347,005,EPIMENIDES,Fragmentum (P. Oxy. 26.2442),40,1978,in_copyright,False,False,False
tlg1349,001,EPISTULA A MARTYRIBUS LUGDUNENSIBUS,Fragmentum epistulae a martyribus Lugdunensibus,76,1846,pd_us,False,False,False
tlg1350,001,EPISTULA AD DIOGNETUM,Epistula ad Diognetum,2758,1965,in_copyright,False,False,False
tlg1351,001,EPIGONI,Epigoni (fragmenta),54,1987,in_copyright,False,False,False
tlg1352,001,EPISTULA ECCLESIARUM APUD LUGDUNUM ET VIENNAM,Epistula ecclesiarum apud Lugdunum et Viennam,3822,1972,in_copyright,False,False,False
tlg1353,001,EPITAPHIUM ABERCII,Epitaphium,152,1935,in_copyright,False,False,False
tlg1354,002,ERGIAS,Fragmentum,353,1841,pd_us,False,False,False
tlg1355,001,ERINNA,Fragmenta,568,1936,in_copyright,False,False,False
tlg1355,002,ERINNA,Epigrammata,139,,unknown,False,False,False
tlg1355,003,ERINNA,Fragmenta et titulus,244,1983,in_copyright,False,False,False
tlg1357,001,EUDEMUS,Fragmenta,20808,1969,in_copyright,False,False,False
tlg1358,001,EUDOXUS,Fragmenta,18414,1966,in_copyright,False,False,False
tlg1358,003,EUDOXUS,Ars astronomica [Sp.] (P. Par. 1),3267,1887,pd_us,False,False,False
tlg1360,001,[2EURYPHAMUS]2,Fragmentum,731,1965,in_copyright,False,False,False
tlg1361,001,EUMEDES,Titulus,2,1888,pd_us,False,False,False
tlg1362,001,[2EURYTUS]2,Fragmentum,167,1965,in_copyright,False,False,False
tlg1362,002,[2EURYTUS]2,Testimonia,321,1951,in_copyright,False,False,False
tlg1364,001,EVANGELIUM AEGYPTIUM,Evangelium Aegyptium,207,1910,pd_us,False,False,False
tlg1365,001,MELAMPUS Scriptor De Divinatione,,507,1780,pd_us,False,False,False
tlg1365,002,MELAMPUS Scriptor De Divinatione,*PERI\ PALMW=N A)RXOME/NOU A)PO\ KEFALH=S E(/WS PODW=N (e cod,568,1908,pd_us,False,False,False
tlg1365,003,MELAMPUS Scriptor De Divinatione,*PERI\ PALMW=N MANTIKH\ PRO\S *PTOLEMAI=ON BASILE/A (versio A),2755,1907,pd_us,False,False,False
tlg1365,004,MELAMPUS Scriptor De Divinatione,*PERI\ PALMW=N TI/ SHMAI/NOUSIN E)N E(KA/STW| ME/REI (versio,1064,1907,pd_us,False,False,False
tlg1366,001,EVANGELIUM BARTHOLOMAEI,Evangelium Bartholomaei,4156,1897,pd_us,False,False,False
tlg1366,002,EVANGELIUM BARTHOLOMAEI,Fragmenta evangelii Bartholomaei,2462,1913,pd_us,False,False,False
tlg1367,001,EURIPIDIS EPISTULAE,Epistulae,1881,1873,pd_us,True,False,True
tlg1368,001,EVANGELIUM EBIONITUM,Evangelium Ebionitum,537,1910,pd_us,False,False,False
tlg1369,001,EVANGELIUM MARIAE,Evangelium Mariae,175,1905,pd_us,False,False,False
tlg1371,001,EVANGELIUM PETRI,Evangelium Petri,1186,1973,in_copyright,False,False,False
tlg1372,001,EVANGELIUM EVAE,Evangelium Evae,137,1910,pd_us,False,False,False
tlg1373,001,EVANGELIUM PHILIPPI,Evangelium Philippi,104,1910,pd_us,False,False,False
tlg1374,001,EVANGELIUM SECUNDUM HEBRAEOS,Evangelium secundum Hebraeos,313,1910,pd_us,False,False,False
tlg1375,001,EVANGELIUM THOMAE,Evangelium Thomae,97,1910,pd_us,False,False,False
tlg1376,001,EUDEMUS,*PERI\ LE/CEWN R(HTORIKW=N (excerpta),2309,1922,pd_us,False,False,False
tlg1377,003,FAVORINUS,Fragmenta,15862,1966,in_copyright,False,False,False
tlg1377,X01,FAVORINUS,De fortuna,,,unknown,False,False,False
tlg1377,X02,FAVORINUS,Corinthiaca,,,unknown,False,False,False
tlg1379,001,FRAGMENTA ALCHEMICA,Tractatus alchemicus (fragmenta) (P. Leid. 10),3934,1981,in_copyright,False,False,False
tlg1379,002,FRAGMENTA ALCHEMICA,Tractatus alchemicus (fragmenta) (P. Holm.),7264,1981,in_copyright,False,False,False
tlg1379,003,FRAGMENTA ALCHEMICA,Fragmentum alchemicum (P. Oxy. 3.467),74,1981,in_copyright,False,False,False
tlg1379,004,FRAGMENTA ALCHEMICA,Fragmentum alchemicum (P. Iand. 3.85 [inv. 212]),46,1981,in_copyright,False,False,False
tlg1379,005,FRAGMENTA ALCHEMICA,Fragmentum alchemicum (P. Flor.),144,1981,in_copyright,False,False,False
tlg1379,006,FRAGMENTA ALCHEMICA,Fragmentum alchemicum (P. Leid. 5),105,1981,in_copyright,False,False,False
tlg1379,007,FRAGMENTA ALCHEMICA,"Dedicatio ad Theodorum (e cod. Venet. Marc. 299, fol. 5v)",150,1888,pd_us,False,False,False
tlg1379,008,FRAGMENTA ALCHEMICA,Lexicon alchemicum (%6 *LECIKO\N KATA\ STOIXEI=ON TH=S,1608,1888,pd_us,False,False,False
tlg1379,009,FRAGMENTA ALCHEMICA,*PERI\ TOU= W)OU= OI( PALAIOI/ FASIN OU(/TWS (e cod. Venet,441,1888,pd_us,False,False,False
tlg1379,010,FRAGMENTA ALCHEMICA,*)ONOMATOPOII/A TOU= W)OU=: AU)TO\ GA/R E)STIN TO\ MUSTH/RION TH=S,199,1888,pd_us,False,False,False
tlg1379,011,FRAGMENTA ALCHEMICA,*(O OU)ROBO/ROS DRA/KWN (versio 1) (sine titulo) (e cod,212,1888,pd_us,False,False,False
tlg1379,012,FRAGMENTA ALCHEMICA,*(O OU)ROBO/ROS DRA/KWN (versio 2) (sine titulo) (e cod,94,1888,pd_us,False,False,False
tlg1379,013,FRAGMENTA ALCHEMICA,"*(ERMOU= TRISMEGI/STOU O)/RGANON (e cod. Paris. B.N. gr. 2327,",93,1888,pd_us,False,False,False
tlg1379,014,FRAGMENTA ALCHEMICA,"*)EK TW=N METALLIKW=N (e cod. Paris. B.N. gr. 2327, fol. 280r)",75,1888,pd_us,False,False,False
tlg1379,015,FRAGMENTA ALCHEMICA,*)ONO/MATA TW=N XRUSOPOIHTW=N (sine titulo) (e cod. Paris,119,1888,pd_us,False,False,False
tlg1379,016,FRAGMENTA ALCHEMICA,*PERI\ TOU= METALLIKOU= LIQOU= E)N OI(=S TOI=S TO/POIS E)KEI/NOIS,135,1888,pd_us,False,False,False
tlg1379,017,FRAGMENTA ALCHEMICA,"*(/ORKOS TOU= FILOSO/FOU (e cod. Venet. Marc. 299, fol. 128v)",125,1888,pd_us,False,False,False
tlg1379,021,FRAGMENTA ALCHEMICA,*POI=ON EI)=NAI XRH\ TOI=S H)/QESI TO\N METIO/NTA TH\N,66,1888,pd_us,False,False,False
tlg1379,022,FRAGMENTA ALCHEMICA,"*PERI\ SUNA/CEWS TW=N FILOSO/FWN (e cod. Paris. B.N. gr. 2327,",215,1888,pd_us,False,False,False
tlg1379,023,FRAGMENTA ALCHEMICA,"*PERI\ POIH/SEWS A)SH/MOU (e cod. Venet. Marc. 299, fol. 106r)",147,1888,pd_us,False,False,False
tlg1379,024,FRAGMENTA ALCHEMICA,"*PERI\ POIH/SEWS KINNABA/REWS (e cod. Venet. Marc. 299, fol",137,1888,pd_us,False,False,False
tlg1379,025,FRAGMENTA ALCHEMICA,*LABU/RINQOS H(/NPER *SOLOMW\N E)TEKTH/NATO (e cod. Venet,132,1888,pd_us,False,False,False
tlg1379,026,FRAGMENTA ALCHEMICA,*PERI\ TH=S TIMIWTA/THS KAI\ POLUFH/MOU XRUSOXOI+KH=S (e cod,4348,1888,pd_us,False,False,False
tlg1379,027,FRAGMENTA ALCHEMICA,De quattuor elementis (tractatus qui incipit a vocibus A)RXH\ TH=S,1285,1888,pd_us,False,False,False
tlg1379,028,FRAGMENTA ALCHEMICA,"*PERI\ BAFH=S SIDH/ROU (e cod. Venet. Marc. 299, fol. 104r)",798,1888,pd_us,False,False,False
tlg1379,029,FRAGMENTA ALCHEMICA,*BAFH\ TOU= PARA\ *PE/RSAIS E)CEURHME/NOU XALKOU= GRAFEI=SA A)PO\,273,1888,pd_us,False,False,False
tlg1379,030,FRAGMENTA ALCHEMICA,,202,1888,pd_us,False,False,False
tlg1379,031,FRAGMENTA ALCHEMICA,"*POI/HSIS KRUSTALLI/WN (e cod. Venet. Marc. 299, fol. 116r)",359,1888,pd_us,False,False,False
tlg1379,032,FRAGMENTA ALCHEMICA,*KATABAFH\ LI/QWN KAI\ SMARA/GDWN KAI\ LIXNITW=N KAI\,3629,1888,pd_us,False,False,False
tlg1379,034,FRAGMENTA ALCHEMICA,De margaritis (collectio excerptorum quae incipit a vocibus,941,1888,pd_us,False,False,False
tlg1379,035,FRAGMENTA ALCHEMICA,"*PERI\ ZU/QWN POIH/SEWS (e cod. Venet. Marc. 299, fol. 162r)",106,1888,pd_us,False,False,False
tlg1379,036,FRAGMENTA ALCHEMICA,"*STA/KTHS POI/HSIS (e cod. Venet. Marc. 299, fol. 162v)",296,1888,pd_us,False,False,False
tlg1379,037,FRAGMENTA ALCHEMICA,*PO/SOS O( TW=N BAPTOME/NWN E)RI/WN STAQMO\S W)/FEILEN KAI\ PO/SOS O(,69,1888,pd_us,False,False,False
tlg1379,038,FRAGMENTA ALCHEMICA,*TI/S H( TOU= ME/LANOS CHRI/OU KATASKEUH/ (e cod. Venet. Marc,51,1888,pd_us,False,False,False
tlg1379,039,FRAGMENTA ALCHEMICA,"*TI/S H( TH=S KOMA/REWS SU/NQESIS (e cod. Venet. Marc. 299,",24,1888,pd_us,False,False,False
tlg1379,040,FRAGMENTA ALCHEMICA,*TI/S H( META\ TH\N I)/WSIN OI)KONOMI/A (e cod. Venet. Marc,79,1888,pd_us,False,False,False
tlg1379,041,FRAGMENTA ALCHEMICA,"*EI) QE/LEIS POIH=SAI FOU/RMAS KAI\ TU/LOUS A)PO\ BRONTHSI/OU, POI/EI",460,1888,pd_us,False,False,False
tlg1379,042,FRAGMENTA ALCHEMICA,*DIAFORAI\ MOLI/BDOU KAI\ XRUSOPETA/LOU (e cod. Venet. Marc,568,1888,pd_us,False,False,False
tlg1379,043,FRAGMENTA ALCHEMICA,"*PERI\ TOU= POIH=SAI TURO/KOLLAN (e cod. Paris. B.N. gr. 2327,",176,1888,pd_us,False,False,False
tlg1379,044,FRAGMENTA ALCHEMICA,*PERI\ TOU= POIH=SAI O)CUGGOSA/POUNON (e cod. Paris. B.N. gr,101,1888,pd_us,False,False,False
tlg1379,045,FRAGMENTA ALCHEMICA,"Excerptum de mensibus (sine titulo) (e cod. Paris. B.N. gr. 2327,",116,1888,pd_us,False,False,False
tlg1379,046,FRAGMENTA ALCHEMICA,"*XRUSOU= POI/HSIS (e cod. Paris. B.N. gr. 2327, fol. 232r)",151,1888,pd_us,False,False,False
tlg1379,047,FRAGMENTA ALCHEMICA,*SKEUASI/A A)FRONI/TROU TOU= ZHTOUME/NOU EI)S TA\S KOLLH/SEIS XRUSOU=,49,1888,pd_us,False,False,False
tlg1379,048,FRAGMENTA ALCHEMICA,"*KINNABA/REWS SKEUASI/A (e cod. Paris. B.N. gr. 2327, fol",271,1888,pd_us,False,False,False
tlg1379,049,FRAGMENTA ALCHEMICA,*XRH=SIS *)IOUSTINIANOU= BASILE/WS (sine titulo) (e cod,733,1888,pd_us,False,False,False
tlg1379,050,FRAGMENTA ALCHEMICA,*DIA/GRAMMA TH=S MEGA/LHS H(LIOURGI/AS PARABALLO/MENON EI)S TH\N,172,1888,pd_us,False,False,False
tlg1379,051,FRAGMENTA ALCHEMICA,"*EU)XH\ EI)S TO\ MELI/SSION (e cod. Venet. Marc. 299, fol. 3r)",178,1888,pd_us,False,False,False
tlg1379,052,FRAGMENTA ALCHEMICA,"*POI/HSIS A)RGU/ROU (e cod. Venet. Marc. 299, fol. 194v)",142,1888,pd_us,False,False,False
tlg1379,053,FRAGMENTA ALCHEMICA,,51,1888,pd_us,False,False,False
tlg1379,054,FRAGMENTA ALCHEMICA,"*PERI\ TOU= QEI/OU A)KAU/STOU (e cod. Paris. B.N. gr. 2327,",69,1888,pd_us,False,False,False
tlg1379,055,FRAGMENTA ALCHEMICA,"*LEU/KWSIS U(/DATOS, DI' OU(= LEUKAI/NETAI OI)KONOMOU/MENON TO\",67,1888,pd_us,False,False,False
tlg1379,056,FRAGMENTA ALCHEMICA,*PERI\ LEUKW/SEWS TOU= A)RSENIKOU= TOU= SXISTOU= (e cod,100,1888,pd_us,False,False,False
tlg1379,057,FRAGMENTA ALCHEMICA,"*PERI\ TOU= XRUSW=SAI SI/DHRON (e cod. Paris. B.N. gr. 2327,",321,1888,pd_us,False,False,False
tlg1379,058,FRAGMENTA ALCHEMICA,*(/OTI SU/NQETON KAI\ OU)X A(PLOU=N TO\ EI)=DOS KAI\ TI/S H(,631,1888,pd_us,False,False,False
tlg1379,059,FRAGMENTA ALCHEMICA,"*POI/HSIS MA=LLON TOU= PANTO/S (e cod. Venet. Marc. 299, fol",500,1888,pd_us,False,False,False
tlg1379,060,FRAGMENTA ALCHEMICA,"*(H OI)KONOMI/A (e cod. Venet. Marc. 299, fol. 98v)",200,1888,pd_us,False,False,False
tlg1379,061,FRAGMENTA ALCHEMICA,"*TI/S H( TW=N A)RXAI/WN A)/SBESTOS (e cod. Venet. Marc. 299,",210,1888,pd_us,False,False,False
tlg1379,062,FRAGMENTA ALCHEMICA,"Fragmentum alchemicum (sine titulo) (e cod. Venet. Marc. 299, fol",49,1888,pd_us,False,False,False
tlg1379,063,FRAGMENTA ALCHEMICA,"*OI)KONOMI/A TH=S A)SBE/STOU (e cod. Venet. Marc. 299, fol",128,1888,pd_us,False,False,False
tlg1379,064,FRAGMENTA ALCHEMICA,"*POI/HSIS A)SBE/STOU (e cod. Venet. Marc. 299, fol. 99v)",121,1888,pd_us,False,False,False
tlg1379,065,FRAGMENTA ALCHEMICA,"Fragmentum alchemicum (sine titulo) (e cod. Venet. Marc. 299, fol",130,1888,pd_us,False,False,False
tlg1379,066,FRAGMENTA ALCHEMICA,"Fragmentum alchemicum (sine titulo) (e cod. Venet. Marc. 299, fol",89,1888,pd_us,False,False,False
tlg1379,067,FRAGMENTA ALCHEMICA,"Fragmentum alchemicum (sine titulo) (e cod. Venet. Marc. 299, fol",32,1888,pd_us,False,False,False
tlg1379,068,FRAGMENTA ALCHEMICA,"*(H POI/HSIS (e cod. Venet. Marc. 299, fol. 100v)",35,1888,pd_us,False,False,False
tlg1379,069,FRAGMENTA ALCHEMICA,"*(H A)GWGH/ (e cod. Venet. Marc. 299, 101r)",28,1888,pd_us,False,False,False
tlg1379,070,FRAGMENTA ALCHEMICA,"*SUMPE/RASMA TH=S POIH/SEWS (e cod. Venet. Marc. 299, fol",66,1888,pd_us,False,False,False
tlg1379,071,FRAGMENTA ALCHEMICA,*PERI\ TH=S QEI/AS KAI\ I(ERA=S TE/XNHS TW=N FILOSO/FWN (e,533,1888,pd_us,False,False,False
tlg1379,072,FRAGMENTA ALCHEMICA,Fragmentum PERI\ LEUKW/SEWS (XALKOU=) (sine titulo) (e,192,1888,pd_us,False,False,False
tlg1379,073,FRAGMENTA ALCHEMICA,*(O LI/QOS TH=S FILOSOFI/AS (fort. auctore Zosimo) (e cod,116,1888,pd_us,False,False,False
tlg1379,074,FRAGMENTA ALCHEMICA,"*PERI\ TOU= LI/QOU TW=N FILOSO/FWN (e cod. B.N. gr. 2327, fol",532,1888,pd_us,False,False,False
tlg1381,001,FRAGMENTUM SYNODICAE EPISTULAE CONCILII CAESARIENSIS,Fragmentum epistulae,77,1846,pd_us,False,False,False
tlg1382,001,FRAGMENTUM TELIAMBICUM,Fragmentum teliambicum (P. Oxy. 1.15),78,1971,in_copyright,False,False,False
tlg1383,001,GEMINUS,Elementa astronomiae,20855,1975,in_copyright,True,False,True
tlg1383,002,GEMINUS,Calendarium [Sp.?],1723,1975,in_copyright,False,False,False
tlg1383,005,GEMINUS,Fragmenta optica [Dub.],671,1897,pd_us,False,False,False
tlg1383,X01,GEMINUS,De Posidonii meteorologicis (epitome ap. Simplicium),,,unknown,False,False,False
tlg1383,X02,GEMINUS,*PERI\ TH=S TW=N MAQHMA/TWN TA/CEWS (vel,,,unknown,False,False,False
tlg1386,001,HISTORIA ALEXANDRI MAGNI,Recensio A sive Recensio vetusta,31522,1926,pd_us,False,False,False
tlg1386,002,HISTORIA ALEXANDRI MAGNI,Recensio B,27729,1965,in_copyright,False,False,False
tlg1386,003,HISTORIA ALEXANDRI MAGNI,Recensio G (lib. 1),16408,1962,in_copyright,False,False,False
tlg1386,004,HISTORIA ALEXANDRI MAGNI,Recensio G (lib. 2),18492,1963,in_copyright,False,False,False
tlg1386,005,HISTORIA ALEXANDRI MAGNI,Recensio G (lib. 3),11555,1969,in_copyright,False,False,False
tlg1386,006,HISTORIA ALEXANDRI MAGNI,Recensio E,24971,1974,in_copyright,False,False,False
tlg1386,007,HISTORIA ALEXANDRI MAGNI,Recensio L (lib. 3),6366,1959,in_copyright,False,False,False
tlg1386,008,HISTORIA ALEXANDRI MAGNI,"Recensio L (Pseudo%19Methodius, redactio 1)",435,1959,in_copyright,False,False,False
tlg1386,009,HISTORIA ALEXANDRI MAGNI,"Recensio L (Pseudo%19Methodius, redactio 2)",359,1959,in_copyright,False,False,False
tlg1386,010,HISTORIA ALEXANDRI MAGNI,Recensio B (e cod. Leidensi Vulc. 93),2718,1965,in_copyright,False,False,False
tlg1386,011,HISTORIA ALEXANDRI MAGNI,Recensio B (e cod. Paris. gr. 1685 et cod. Messinensi 62),587,1965,in_copyright,False,False,False
tlg1386,012,HISTORIA ALEXANDRI MAGNI,Recensio F (cod. Flor. Laurentianus Ashburn 1444),48332,1983,in_copyright,False,False,False
tlg1386,013,HISTORIA ALEXANDRI MAGNI,Recensio E (cod. Eton College 163),46536,1983,in_copyright,False,False,False
tlg1386,014,HISTORIA ALEXANDRI MAGNI,Recensio V (cod. Vind. theol. gr. 244),19701,1967,in_copyright,False,False,False
tlg1386,015,HISTORIA ALEXANDRI MAGNI,Recensio K (cod. 236 Kutlumussiu%19Kloster des Athos),12099,1970,in_copyright,False,False,False
tlg1386,016,HISTORIA ALEXANDRI MAGNI,Recensio F,38461,1977,in_copyright,False,False,False
tlg1386,018,HISTORIA ALEXANDRI MAGNI,Recensio Byzantina poetica (cod. Marcianus 408),40784,1963,in_copyright,False,False,False
tlg1386,019,HISTORIA ALEXANDRI MAGNI,Recensio poetica (recensio R),22882,1974,in_copyright,False,False,False
tlg1386,020,HISTORIA ALEXANDRI MAGNI,"Recensio D (e cod. Vat. gr. 1700, 88v%19`89r)",260,1965,in_copyright,False,False,False
tlg1387,003,(H)AGIAS-DERCYLUS,Fragmenta,135,1841,pd_us,False,False,False
tlg1388,002,HARMODIUS,Fragmenta,446,1841,pd_us,False,False,False
tlg1389,001,HARPOCRATION,Lexicon in decem oratores Atticos,40215,1853,pd_us,False,True,True
tlg1390,001,HECATAEUS,Testimonia,603,,unknown,False,False,False
tlg1390,002,HECATAEUS,Fragmenta,24721,,unknown,False,False,False
tlg1390,003,HECATAEUS,Testimonia,214,1952,in_copyright,False,False,False
tlg1390,004,HECATAEUS,Fragmenta,1794,1952,in_copyright,True,False,True
tlg1391,001,HEGEMON,Epigramma,25,,unknown,False,False,False
tlg1391,002,HEGEMON,Titulus,2,1983,in_copyright,False,False,False
tlg1391,003,HEGEMON,Testimonium,24,,unknown,False,False,False
tlg1391,004,HEGEMON,Fragmentum,106,,unknown,False,False,False
tlg1392,001,HEGESANDER,Fragmenta,3258,1841,pd_us,False,False,False
tlg1393,001,HEGESIANAX,Fragmenta,36,1925,pd_us,False,False,False
tlg1393,004,HEGESIANAX,Fragmenta et titulus,39,1983,in_copyright,False,False,False
tlg1393,005,HEGESIANAX,Fragmenta,711,1841,pd_us,False,False,False
tlg1395,004,[HEGESINUS],Atthis (fragmentum spurium) (fort. auctore Callippo),29,1987,in_copyright,False,False,False
tlg1397,003,HEGESIPPUS,Fragmenta,637,1841,pd_us,False,False,False
tlg1398,001,HEGESIPPUS,Fragmenta (ex incerto libro),1767,1846,pd_us,False,False,False
tlg1399,001,PAMPHILUS,Titulus,1,1971,in_copyright,False,False,False
tlg1400,003,HELIODORUS,Fragmenta,255,1841,pd_us,False,False,False
tlg1402,001,HEPHAESTION,Enchiridion de metris,7842,1906,pd_us,True,False,True
tlg1402,002,HEPHAESTION,Introductio metrica,618,1906,pd_us,True,False,True
tlg1402,003,HEPHAESTION,De poematis,1637,1906,pd_us,True,False,True
tlg1402,004,HEPHAESTION,De signis,580,1906,pd_us,True,False,True
tlg1402,005,HEPHAESTION,Fragmenta Hephaestionea,319,1906,pd_us,True,False,True
tlg1402,X01,HEPHAESTION,*)EPITOMH\ TW=N E)NNE/A ME/TRWN,,,unknown,False,False,False
tlg1405,001,HERACLIDES Criticus,Descriptio Graeciae (sub auctore Dicaearcho vel Athenaeo),2863,1855,pd_us,False,False,False
tlg1406,003,HERACLIDES,Fragmenta,1004,1841,pd_us,False,False,False
tlg1407,001,HERACLIDES LEMBUS,Excerpta politiarum,2930,1971,in_copyright,False,False,False
tlg1407,002,HERACLIDES LEMBUS,Fragmenta,1082,1853,pd_us,False,False,False
tlg1408,001,HERACLIDES,Fragmenta,12539,1884,pd_us,False,False,False
tlg1408,002,HERACLIDES,*PERI\ DUSKLI/TWN R(HMA/TWN (fragmentum) (P. Rain,404,1979,in_copyright,False,False,False
tlg1409,001,HERACLIDES PONTICUS,Fragmenta,10563,1969,in_copyright,False,False,False
tlg1411,001,HERACLITI EPHESII EPISTULAE,Epistulae,1994,1873,pd_us,False,False,False
tlg1412,001,Pseudo-HERACLITI EPISTULAE,Epistulae,1176,1970,in_copyright,False,False,False
tlg1413,001,HERACLITUS,De incredibilibus,1815,1902,pd_us,False,False,False
tlg1414,001,HERACLITUS,Allegoriae (%6 Quaestiones Homericae),14825,1962,in_copyright,True,False,True
tlg1416,001,(H)EREN(N)IUS PHILO,De diversis verborum significationibus (%6 *PERI\ DIAFO/ROUS,8788,1988,in_copyright,False,False,False
tlg1416,002,(H)EREN(N)IUS PHILO,De adfinium vocabulorum differentia (lexeis additae e similibus,663,1966,in_copyright,False,False,False
tlg1416,003,(H)EREN(N)IUS PHILO,De propria dictione (%6 *PERI\ KURIOLECI/AS (epitome operis sub,251,1988,in_copyright,False,False,False
tlg1416,004,(H)EREN(N)IUS PHILO,De aetatum cognitione (%6 *GNW=SIS PERI\ H(LIKIW=N (epitome,106,1988,in_copyright,False,False,False
tlg1416,005,(H)EREN(N)IUS PHILO,Testimonia,216,,unknown,False,False,False
tlg1416,006,(H)EREN(N)IUS PHILO,Fragmenta,6010,,unknown,False,False,False
tlg1416,007,(H)EREN(N)IUS PHILO,De diversis verborum significationibus (%6 *PERI\ DIAFO/ROUS,2443,1981,in_copyright,True,False,True
tlg1416,008,(H)EREN(N)IUS PHILO,Fragmenta,4963,1841,pd_us,False,False,False
tlg1416,X01,(H)EREN(N)IUS PHILO,De adfinium vocabulorum differentia (%6 *PERI\ O(MOI/WN KAI\,,,unknown,False,False,False
tlg1416,X02,(H)EREN(N)IUS PHILO,De impropriis (%6 *PERI\ A)KUROLOGI/AS) (quoque sub nominibus,,,unknown,False,False,False
tlg1419,001,HERMAS,Pastor,27917,1967,in_copyright,True,False,True
tlg1419,002,HERMAS,Fragmenta (ap. Antiochum),255,1967,in_copyright,False,False,False
tlg1419,003,HERMAS,Fragmenta (P. Oxy. 3.404),113,1967,in_copyright,False,False,False
tlg1419,004,HERMAS,Fragmentum in F (cod. Paris. gr. 1143),145,1967,in_copyright,False,False,False
tlg1420,001,HERMIAS,Fragmentum,27,1925,pd_us,False,False,False
tlg1421,001,HERMIPPUS,Fragmenta,6885,1974,in_copyright,False,False,False
tlg1421,003,HERMIPPUS,Titulus,2,1983,in_copyright,False,False,False
tlg1425,001,HERMONAX,Fragmenta,63,1925,pd_us,False,False,False
tlg1426,001,HERODES ATTICUS,*PERI\ POLITEI/AS [Dub.],1909,1968,in_copyright,False,False,False
tlg1427,003,HERODORUS,Fragmenta,3203,1841,pd_us,False,False,False
tlg1428,002,HESTIAEUS,Fragmenta,108,1841,pd_us,False,False,False
tlg1429,001,HIEROCLES,*)HQIKH\ STOIXEI/WSIS,3921,1906,pd_us,False,False,False
tlg1429,002,HIEROCLES,Fragmenta ethica (ap. Stobaeum),5423,1906,pd_us,False,False,False
tlg1429,003,HIEROCLES,Fragmenta (ap. Sudam),108,1906,pd_us,False,False,False
tlg1430,001,HIERONYMUS,Fragmenta,2729,1969,in_copyright,False,False,False
tlg1431,002,HIPPARCHUS,Fragmenta geographica,5422,1960,in_copyright,False,False,False
tlg1431,003,HIPPARCHUS,In Arati et Eudoxi phaenomena commentariorum libri iii,28828,1894,pd_us,True,False,True
tlg1432,001,[2HIPPARCHUS]2,Fragmentum,620,1965,in_copyright,False,False,False
tlg1433,001,HIPPARCHUS,Fragmenta,13,1949,in_copyright,False,False,False
tlg1434,001,HIPPIAS,Testimonia,146,,unknown,False,False,False
tlg1434,002,HIPPIAS,Fragmenta,507,,unknown,False,False,False
tlg1434,003,HIPPIAS,Testimonia,1500,1952,in_copyright,False,False,False
tlg1434,004,HIPPIAS,Fragmenta,818,1952,in_copyright,True,False,True
tlg1434,X01,HIPPIAS,Epigramma sepulcrale,,,unknown,False,False,False
tlg1435,002,HIPPIAS,Fragmentum,403,1841,pd_us,False,False,False
tlg1436,001,[2HIPPODAMUS]2,Fragmenta [Sp.],2677,1965,in_copyright,False,False,False
tlg1436,002,[2HIPPODAMUS]2,Testimonia,672,1951,in_copyright,False,False,False
tlg1437,001,HIPPON,Testimonia,1150,1951,in_copyright,False,False,False
tlg1437,002,HIPPON,Fragmenta,361,1951,in_copyright,False,False,False
tlg1437,X01,HIPPON,Epigramma sepulcrale [Sp.],,,unknown,False,False,False
tlg1438,003,HIPPYS,Fragmenta,505,1841,pd_us,False,False,False
tlg1439,002,HERMARCHUS,Fragmenta,3837,1988,in_copyright,False,False,False
tlg1441,001,IAMBLICHUS,Babyloniaca,4024,1960,in_copyright,True,False,True
tlg1442,004,IDOMENEUS,Fragmenta,,1841,pd_us,False,False,False
tlg1443,001,IGNATIUS,Epistulae vii genuinae (recensio media),8105,1969,in_copyright,True,False,True
tlg1443,002,IGNATIUS,Epistulae interpolatae et epistulae suppositiciae (recensio longior),20125,1913,pd_us,True,False,True
tlg1443,003,IGNATIUS,Fragmenta (e cod. Florent. Laur. 6.4) [Sp.],230,1957,in_copyright,False,False,False
tlg1443,X01,IGNATIUS,"Fragmenta (ap. Joannem Damascenum, Sacra parallela) [Sp.]",,,unknown,False,False,False
tlg1443,X02,IGNATIUS,Fragmenta (ap. Basilium) [Sp.],,,unknown,False,False,False
tlg1444,001,ILIAS PARVA,Ilias parva (fragmenta),354,1987,in_copyright,False,False,False
tlg1445,001,ILIU PERSIS,Iliu persis (fragmenta),91,1987,in_copyright,False,False,False
tlg1446,001,ION,Fragmentum,27,1949,in_copyright,False,False,False
tlg1446,002,ION,Epigramma,26,,unknown,False,False,False
tlg1447,001,IRENAEUS,Adversus haereses (libri 1%19`2),22657,1857,pd_us,True,False,True
tlg1447,002,IRENAEUS,Adversus haereses (liber 3),3064,1974,in_copyright,False,False,False
tlg1447,003,IRENAEUS,Adversus haereses 5.3%19`13 (P. Jena),2274,1969,in_copyright,False,False,False
tlg1447,004,IRENAEUS,Adversus haereses 3.9 (P. Oxy. 3.405),139,1974,in_copyright,False,False,False
tlg1447,005,IRENAEUS,Fragmenta deperditorum operum,3763,1857,pd_us,False,False,False
tlg1447,007,IRENAEUS,Adversus haereses (liber 4),2436,1965,in_copyright,False,False,False
tlg1447,008,IRENAEUS,Adversus haereses (liber 5),4581,1969,in_copyright,False,False,False
tlg1450,003,ISTER,Fragmentum (P. Oxy. `26.2442),47,1978,in_copyright,False,False,False
tlg1450,004,ISTER,Fragmenta,2826,1841,pd_us,False,False,False
tlg1451,001,JOSEPHUS ET ASENETH,Confessio et precatio Aseneth,8641,1968,in_copyright,False,False,False
tlg1452,003,JUBA II Rex Mauretaniae,Fragmenta,6294,1841,pd_us,False,False,False
tlg1452,X01,JUBA II Rex Mauretaniae,Epigramma irrisorium,,,unknown,False,False,False
tlg1459,002,LEPIDUS,Fragmenta,144,1841,pd_us,False,False,False
tlg1460,001,LESBONAX,De figuris,3136,1988,in_copyright,False,False,False
tlg1461,001,LEUCIPPUS,Testimonia,3849,1952,in_copyright,False,False,False
tlg1461,002,LEUCIPPUS,Fragmenta,111,1952,in_copyright,False,False,False
tlg1462,001,LIBER ELDAD ET MODAD,Fragmentum,20,1970,in_copyright,False,False,False
tlg1463,001,LIBER ENOCH,Apocalypsis Enochi,8642,1970,in_copyright,True,False,True
tlg1463,002,LIBER ENOCH,Apocalypsis Enochi (recensio ap. Syncellum),2247,1970,in_copyright,False,False,False
tlg1464,001,LIBER JUBILAEORUM,Fragmenta,3167,1970,in_copyright,False,False,False
tlg1466,001,LOLLIANUS,*FOINIKIKA/ (fragmenta) (P. Colon. inv. 3328),1270,1972,in_copyright,False,False,False
tlg1466,002,LOLLIANUS,*FOINIKIKA/ (fragmenta) (P. Colon. inv. 3328),767,1995,in_copyright,False,False,False
tlg1466,003,LOLLIANUS,*FOINIKIKA/ (fragmentum) (P. Oxy. `11.1368),136,1995,in_copyright,False,False,False
tlg1469,002,LYCEAS,Fragmentum,84,1841,pd_us,False,False,False
tlg1470,003,LYCUS,Fragmenta,88,1978,in_copyright,False,False,False
tlg1470,004,LYCUS,Fragmenta,1056,1841,pd_us,False,False,False
tlg1471,001,LYRICA ADESPOTA (SLG),Fragmenta,2786,1974,in_copyright,False,False,False
tlg1475,001,MAIISTAS,Aretalogia (IG 11.4.1299),456,1925,pd_us,False,False,False
tlg1476,001,MAMERCUS,Epigramma,12,1949,in_copyright,False,False,False
tlg1476,X01,MAMERCUS,Epigramma dedicatorium,,,unknown,False,False,False
tlg1477,003,MANETHO,Fragmenta,9777,1841,pd_us,False,False,False
tlg1479,001,MARCI AURELII EPISTULA,"Epistula ad senatum, qua testatur Christianos victoriae causam",448,1876,pd_us,False,False,False
tlg1482,001,CYRANIDES,Cyranides,36514,1976,in_copyright,True,False,True
tlg1483,001,MARTYRIUM ET ASCENSIO ISAIAE,Fragmenta,1466,1970,in_copyright,False,False,False
tlg1484,001,MARTYRIUM POLYCARPI,Epistula ecclesiae Smyrnensis de martyrio sancti Polycarpi,2718,1972,in_copyright,True,False,True
tlg1485,001,MARTYRIUM PTOLEMAEI ET LUCII,Martyrium Ptolemaei et Lucii,515,1972,in_copyright,False,False,False
tlg1486,001,MATRON,Convivium Atticum,874,1888,pd_us,True,False,True
tlg1486,002,MATRON,Fragmenta,136,1888,pd_us,True,False,True
tlg1486,003,MATRON,Fragmenta,996,1983,in_copyright,False,False,False
tlg1487,001,MAXIMUS,*PERI\ KATARXW=N,4068,1877,pd_us,True,False,True
tlg1487,002,MAXIMUS,*PERI\ KATARXW=N (epitome),2305,1877,pd_us,True,False,True
tlg1488,001,MAXIMUS,Fragmentum ex libro de materia,3273,1846,pd_us,False,False,False
tlg1489,003,MEGASTHENES,Fragmenta,13144,1841,pd_us,False,False,False
tlg1490,001,[2MEGILLUS]2,Fragmentum,68,1965,in_copyright,False,False,False
tlg1491,002,MELANTHIUS,Fragmenta,194,1841,pd_us,False,False,False
tlg1493,001,MELINNO,*EI)S *(RW/MHN,90,1983,in_copyright,False,False,False
tlg1494,001,MELISSUS,Testimonia,3687,1951,in_copyright,False,False,False
tlg1494,002,MELISSUS,Fragmenta,1105,1951,in_copyright,False,False,False
tlg1495,001,MELITO,De pascha (P. Beatty `8 %7 P. Bodmer 13 %7 P. Oxy,4499,1966,in_copyright,False,False,False
tlg1495,002,MELITO,Fragmentum (P. Bodmer 12),30,1966,in_copyright,False,False,False
tlg1495,003,MELITO,Fragmenta,1553,1966,in_copyright,False,False,False
tlg1495,X01,MELITO,Deprecatio,,,unknown,False,False,False
tlg1496,003,MEMNON,Fragmenta,11632,1841,pd_us,False,False,False
tlg1498,003,MENANDER,Fragmenta,987,1841,pd_us,False,False,False
tlg1499,002,MENECLES,Fragmenta,704,1841,pd_us,False,False,False
tlg1500,001,MENECRATES,Fragmentum et titulus,13,1983,in_copyright,False,False,False
tlg1503,002,MENECRATES,Fragmenta,357,1841,pd_us,False,False,False
tlg1504,003,MENELAUS,Fragmenta et titulus,14,1983,in_copyright,False,False,False
tlg1505,001,MENESTHENES,Fragmentum,37,1841,pd_us,False,False,False
tlg1506,002,MENODOTUS,Fragmenta,990,1841,pd_us,False,False,False
tlg1507,001,[2METOPUS]2,Fragmenta,1448,1965,in_copyright,False,False,False
tlg1508,001,METRODORUS,Fragmenta,298,,unknown,False,False,False
tlg1508,002,METRODORUS,Testimonia,1034,1952,in_copyright,False,False,False
tlg1508,003,METRODORUS,Fragmenta,279,1952,in_copyright,False,False,False
tlg1509,001,[2MILON]2,Fragmentum,68,1965,in_copyright,False,False,False
tlg1511,001,MIMNERMUS,Fragmenta,30,1889,pd_us,False,False,False
tlg1512,002,MINYAS,Minyas (fragmenta),230,1987,in_copyright,False,False,False
tlg1514,001,MNASEAS,Fragmenta,2622,1841,pd_us,False,False,False
tlg1514,002,MNASEAS,Fragmenta,410,1978,in_copyright,False,False,False
tlg1515,001,MOERIS,Lexicon Atticum,5382,1833,pd_us,False,False,False
tlg1516,003,MOLPIS,Fragmenta,177,1841,pd_us,False,False,False
tlg1521,001,VITA ET SENTENTIAE SECUNDI,Vita Secundi,1167,1964,in_copyright,False,False,False
tlg1521,002,VITA ET SENTENTIAE SECUNDI,Sententiae,583,1964,in_copyright,False,False,False
tlg1523,003,MYRON,Fragmenta,134,1841,pd_us,False,False,False
tlg1524,001,NAUMACHIUS,Fragmentum,521,1963,in_copyright,False,False,False
tlg1525,003,NEANTHES,Fragmenta,2694,1841,pd_us,False,False,False
tlg1526,001,NEOPTOLEMUS,Fragmenta,39,1925,pd_us,False,False,False
tlg1527,001,NEPUALIUS,,832,1884,pd_us,False,False,False
tlg1529,003,NICANDER,Fragmenta,53,1841,pd_us,False,False,False
tlg1530,005,NICANOR,Fragmenta,394,1841,pd_us,False,False,False
tlg1533,001,NICIAS,Epigrammata,181,,unknown,False,False,False
tlg1533,002,NICIAS,Fragmentum,16,1983,in_copyright,False,False,False
tlg1534,002,NICOCLES,Fragmenta,210,1841,pd_us,False,False,False
tlg1535,002,NICOCRATES,Fragmenta,166,1841,pd_us,False,False,False
tlg1541,001,NOSTOI,Nostoi (fragmenta),38,1987,in_copyright,False,False,False
tlg1542,001,NUMENIUS,Fragmenta,10516,1974,in_copyright,True,False,True
tlg1544,003,NYMPHIS,Fragmenta,1177,1841,pd_us,False,False,False
tlg1545,001,OCELLUS,De universi natura [Sp.],4071,1926,pd_us,False,False,False
tlg1545,002,OCELLUS,Fragmenta [Sp.],308,1926,pd_us,False,False,False
tlg1545,003,OCELLUS,Testimonia,348,1951,in_copyright,False,False,False
tlg1546,001,OECHALIAE HALOSIS,Oechaliae halosis (fragmenta) (fort. auctore Creophylo),24,1987,in_copyright,False,False,False
tlg1547,001,OEDIPODEA,Oedipodea (fragmentum) (fort. auctore Cinaethone),15,1987,in_copyright,False,False,False
tlg1548,001,OENOMAUS,Fragmenta,8582,1867,pd_us,True,False,True
tlg1549,001,[2ONATAS]2,Fragmenta,489,1965,in_copyright,False,False,False
tlg1550,001,ORACULA CHALDAICA,Oracula (fragmenta) (olim sub auctore Juliano Theurgo),2791,1971,in_copyright,False,False,False
tlg1551,001,ORACULA SIBYLLINA,Oracula,29475,1902,pd_us,True,False,True
tlg1551,002,ORACULA SIBYLLINA,Fragmenta,663,1902,pd_us,True,False,True
tlg1551,X01,ORACULA SIBYLLINA,Aenigmata,,,unknown,False,False,False
tlg1552,001,ORATIO JOSEPHI,Fragmenta,258,1970,in_copyright,False,False,False
tlg1553,001,[2PALAEPHATUS]2,De incredibilibus,7782,1902,pd_us,True,False,True
tlg1553,004,[2PALAEPHATUS]2,Fragmenta,144,1841,pd_us,False,False,False
tlg1555,001,PANCRATES,Fragmenta,320,1963,in_copyright,False,False,False
tlg1555,002,PANCRATES,Testimonium,127,,unknown,False,False,False
tlg1555,003,PANCRATES,Fragmentum,26,,unknown,False,False,False
tlg1556,001,PANCRATES,Fragmenta,57,1983,in_copyright,False,False,False
tlg1556,002,PANCRATES,Epigrammata,78,,unknown,False,False,False
tlg1556,X01,PANCRATES,Fragmenta ap. Athenaeum,,,unknown,False,False,False
tlg1557,001,PANYASSIS,Fragmenta epica,453,1974,in_copyright,False,False,False
tlg1557,003,PANYASSIS,Fragmenta epica,451,1987,in_copyright,False,False,False
tlg1558,001,PAPIAS,Fragmenta,1676,1970,in_copyright,False,False,False
tlg1559,001,BUCOLICUM,Fragmentum bucolicum: Pan et Echo (P. Vindob. `29801),304,1963,in_copyright,False,False,False
tlg1560,001,MATTHIAE TRADITIONES,Matthiae traditiones,507,1905,pd_us,False,False,False
tlg1562,001,PARMENIDES,Testimonia,4493,1951,in_copyright,False,False,False
tlg1562,002,PARMENIDES,Fragmenta,3198,1951,in_copyright,True,False,True
tlg1566,001,PARMENO,Fragmenta,36,1925,pd_us,False,False,False
tlg1566,002,PARMENO,Fragmentum,29,1983,in_copyright,False,False,False
tlg1566,X01,PARMENO,Epigramma demonstrativum,,,unknown,False,False,False
tlg1567,001,PARRHASIUS,Epigrammata,65,1949,in_copyright,False,False,False
tlg1567,X01,PARRHASIUS,Epigrammata demonstrativa,,,unknown,False,False,False
tlg1568,002,PARTHAX,Fragmentum,83,1841,pd_us,False,False,False
tlg1569,001,PAUSANIAS,*)ATTIKW=N O)NOMA/TWN SUNAGWGH/,21683,1950,in_copyright,False,False,False
tlg1570,001,EPITAPHIUM PECTORII,Epitaphium,65,1935,in_copyright,False,False,False
tlg1571,001,[2PEMPELUS]2,Fragmenta,230,1965,in_copyright,False,False,False
tlg1572,001,[2PERICTIONE]2,Fragmenta,1188,1965,in_copyright,False,False,False
tlg1574,001,PERSAEUS,Fragmenta,2005,1905,pd_us,False,False,False
tlg1576,001,PHAEDIMUS,Fragmentum,6,1877,pd_us,False,False,False
tlg1577,001,PHAEDIMUS,Epigrammata,140,,unknown,False,False,False
tlg1577,002,PHAEDIMUS,Fragmentum,9,1983,in_copyright,False,False,False
tlg1578,001,PHAENIAS,Fragmenta,3612,1969,in_copyright,False,False,False
tlg1580,001,PHAESTUS,Fragmentum,7,1925,pd_us,False,False,False
tlg1580,003,PHAESTUS,Fragmentum,8,1983,in_copyright,False,False,False
tlg1583,003,PHANODEMUS,Fragmenta,1094,1841,pd_us,False,False,False
tlg1584,003,PHERECYDES,Fragmenta,10881,1841,pd_us,False,False,False
tlg1585,001,PHERECYDIS EPISTULA,Epistula,127,1873,pd_us,False,False,False
tlg1587,001,PHILIADES,Fragmentum,13,1949,in_copyright,False,False,False
tlg1587,X01,PHILIADES,Epigramma demonstrativum,,,unknown,False,False,False
tlg1588,001,PHILICUS,Fragmenta,414,1983,in_copyright,False,False,False
tlg1590,002,PHILIPPUS,Fragmenta,174,1841,pd_us,False,False,False
tlg1591,003,PHILISTUS,Fragmenta,2007,1853,pd_us,False,False,False
tlg1594,002,PHILO Judaeus Senior,Fragmenta,147,1983,in_copyright,False,False,False
tlg1595,107,PHILODEMUS,"*PERI\ EU)SEBEI/AS (pars i) (P. Herc. 229, 247%3`242,",7504,1996,in_copyright,False,False,False
tlg1596,001,PHILOLAUS,Testimonia,3279,1951,in_copyright,False,False,False
tlg1596,002,PHILOLAUS,Fragmenta,2302,1951,in_copyright,True,False,True
tlg1596,003,PHILOLAUS,Fragmenta [Sp.],261,1965,in_copyright,False,False,False
tlg1596,X01,PHILOLAUS,Epigramma,,,unknown,False,False,False
tlg1597,001,[2TELAUGES]2,Titulus,3,1965,in_copyright,False,False,False
tlg1599,001,PHILO,Belopoeica,10998,1919,pd_us,False,False,False
tlg1599,002,PHILO,Parasceuastica et poliorcetica,9693,1920,pd_us,False,False,False
tlg1600,001,PHILOSTRATUS Major,Imagines,23750,1893,pd_us,False,True,True
tlg1602,001,PHILOXENUS,Fragmenta,41656,1976,in_copyright,True,False,True
tlg1603,001,[2PHINTYS]2,Fragmenta,747,1965,in_copyright,False,False,False
tlg1604,001,PHOCYLIDES,Sententiae,270,1949,in_copyright,False,False,False
tlg1604,002,PHOCYLIDES,Epigramma,30,,unknown,False,False,False
tlg1605,001,Pseudo-PHOCYLIDES,Sententiae,1606,1971,in_copyright,False,False,False
tlg1606,001,PHOENIX,Fragmenta,471,1925,pd_us,False,False,False
tlg1607,002,PHORONIS,Phoronis (fragmenta),87,1987,in_copyright,False,False,False
tlg1608,001,PHRYNICHUS,Praeparatio sophistica (epitome),16141,1911,pd_us,False,False,False
tlg1608,002,PHRYNICHUS,Eclogae,8999,1974,in_copyright,False,False,False
tlg1608,003,PHRYNICHUS,Eclogae (familia q),3701,1974,in_copyright,False,False,False
tlg1608,004,PHRYNICHUS,Eclogae (familia T),1449,1974,in_copyright,False,False,False
tlg1608,005,PHRYNICHUS,Praeparatio sophistica (fragmenta),7909,1911,pd_us,False,False,False
tlg1609,001,PHYLARCHUS,Testimonia,404,,unknown,False,False,False
tlg1609,002,PHYLARCHUS,Fragmenta,8287,,unknown,False,False,False
tlg1609,003,PHYLARCHUS,Fragmentum,18,1983,in_copyright,False,False,False
tlg1611,001,TYRANNION Junior,Fragmenta,259,1977,in_copyright,False,False,False
tlg1613,001,PITTACI EPISTULA,Epistula,54,1873,pd_us,False,False,False
tlg1615,001,PLATONIUS,Fragmenta de comoedia Graeca,893,1899,pd_us,False,False,False
tlg1617,001,Marcus Antonius POLEMON,Declamationes,6267,1873,pd_us,True,False,True
tlg1617,002,Marcus Antonius POLEMON,Fragmentum physiognomonicum,30,1836,pd_us,False,False,False
tlg1622,001,POLYCARPUS,Epistula ad Philippenses,1184,1970,in_copyright,True,False,True
tlg1623,002,POLYCHARMUS,Fragmenta,434,1841,pd_us,False,False,False
tlg1625,001,POLYCLITUS,Testimonia,344,1951,in_copyright,False,False,False
tlg1625,002,POLYCLITUS,Fragmenta,262,1951,in_copyright,False,False,False
tlg1626,001,POLYCRATES,Fragmentum synodicae epistulae,354,1846,pd_us,True,False,True
tlg1627,002,POLYCRATES,Fragmentum,219,1841,pd_us,False,False,False
tlg1629,001,POLYSTRATUS,*PERI\ A)LO/GOU KATAFRONH/SEWS (P. Herc. `336%3`1150),2663,1905,pd_us,False,False,False
tlg1629,002,POLYSTRATUS,Fragmenta (P. Herc. 346),1322,1928,pd_us,False,False,False
tlg1632,001,POSIDIPPUS,Epigrammata,777,,unknown,False,False,False
tlg1632,004,POSIDIPPUS,Fragmenta et tituli,197,1983,in_copyright,False,False,False
tlg1632,X01,POSIDIPPUS,Epigrammata (App. Anth.),,,unknown,False,False,False
tlg1632,X02,POSIDIPPUS,Fragmentum elegiacum (P. Lit. Lond. `60) (fort. auctore,,,unknown,False,False,False
tlg1632,X03,POSIDIPPUS,Epigrammata [Dub.] (P. Cairo inv. 65445),,,unknown,False,False,False
tlg1633,001,PRAXITELES,Epigramma,23,1949,in_copyright,False,False,False
tlg1634,001,PRODICUS,Testimonia,1488,1952,in_copyright,False,False,False
tlg1634,002,PRODICUS,Fragmenta,1903,1952,in_copyright,True,False,True
tlg1635,001,PROTAGORAS,Testimonia,3814,1952,in_copyright,False,False,False
tlg1635,002,PROTAGORAS,Fragmenta,1039,1952,in_copyright,False,False,False
tlg1635,003,PROTAGORAS,Fragmentum,20,1972,in_copyright,False,False,False
tlg1636,003,PROTAGORIDES,Fragmenta,197,1841,pd_us,False,False,False
tlg1637,001,PROTEVANGELIUM JACOBI,Protevangelium Jacobi,5138,1961,in_copyright,False,False,False
tlg1638,002,PROXENUS,Fragmenta,312,1841,pd_us,False,False,False
tlg1639,001,PSEUDO-AUCTORES HELLENISTAE (PsVTGr),Fragmenta,2081,1970,in_copyright,False,False,False
tlg1641,001,PTOLEMAEUS,Epistula ad Floram,2079,1966,in_copyright,False,False,False
tlg1642,001,Pseudo-PTOLEMAEUS,Fructus sive centiloquium,2807,1961,in_copyright,False,False,False
tlg1643,003,PTOLEMAEUS,De differentia vocabulorum (%6 *PERI\ DIAFORA=S LE/CEWN) [Sp.],5324,1887,pd_us,False,False,False
tlg1643,004,PTOLEMAEUS,De differentia vocabulorum (%6 *PERI\ DIAFORA=S LE/CEWN KATA\,4068,1981,in_copyright,False,False,False
tlg1645,003,PTOLEMAEUS VIII EUERGETES II,Fragmenta,975,1841,pd_us,False,False,False
tlg1646,003,PTOLEMAEUS,Fragmenta,191,1841,pd_us,False,False,False
tlg1648,002,PYRGION,Fragmentum,102,1841,pd_us,False,False,False
tlg1649,002,PYTHAENETUS,Fragmenta,217,1841,pd_us,False,False,False
tlg1650,001,PYTHEAS,Fragmenta,3713,1952,in_copyright,False,False,False
tlg1651,002,PYTHERMUS,Fragmenta,114,1841,pd_us,False,False,False
tlg1654,001,RHINTHON,Fragmenta,63,1899,pd_us,False,False,False
tlg1654,002,RHINTHON,Titulus,2,1973,in_copyright,False,False,False
tlg1661,001,SATYRUS,Fragmentum (P. Oxy. 27.2465),788,1978,in_copyright,False,False,False
tlg1662,001,SCIRAS,Fragmentum,12,1899,pd_us,False,False,False
tlg1663,003,SEMUS,Fragmenta,1157,1841,pd_us,False,False,False
tlg1664,001,SENIORES ALEXANDRINI,Fragmenta,1744,1884,pd_us,True,False,True
tlg1665,001,SENIORES APUD IRENAEUM,Reliquiae plurium anonymorum,471,1846,pd_us,True,False,True
tlg1666,001,SENTENTIAE SEXTI,Sententiae Sexti,4825,1959,in_copyright,False,False,False
tlg1667,001,[2SEPTEM SAPIENTES]2,Testimonia,561,1951,in_copyright,False,False,False
tlg1667,002,[2SEPTEM SAPIENTES]2,Apophthegmata (ex collectione Demetrii Phalerei) (ap. Stobaeum),889,1951,in_copyright,False,False,False
tlg1667,004,[2SEPTEM SAPIENTES]2,Sententiae,557,1860,pd_us,False,False,False
tlg1667,005,[2SEPTEM SAPIENTES]2,Praecepta (sub auctore Sosiade) (ap. Stobaeum),412,1860,pd_us,False,False,False
tlg1667,006,[2SEPTEM SAPIENTES]2,Apophthegmata (ap. auctores diversos),4205,1860,pd_us,False,False,False
tlg1670,001,SERAPION,Fragmenta,339,1846,pd_us,False,False,False
tlg1675,002,SIMYLUS,Fragmenta,61,1983,in_copyright,False,False,False
tlg1676,001,SIMYLUS,Fragmenta,190,1839,pd_us,False,False,False
tlg1676,002,SIMYLUS,Fragmenta,159,1983,in_copyright,False,False,False
tlg1676,X01,SIMYLUS,Fragmenta ap. Stobaeum,,,unknown,False,False,False
tlg1676,X02,SIMYLUS,Fragmentum ap. Theophilum Antiochenum,,,unknown,False,False,False
tlg1678,003,SOCRATES,Fragmenta,788,1841,pd_us,False,False,False
tlg1679,002,SOCRATES,Fragmenta,307,1841,pd_us,False,False,False
tlg1680,001,[2SODAMUS]2,Fragmentum,14,1949,in_copyright,False,False,False
tlg1681,001,SOLONIS EPISTULAE,Epistulae,461,1873,pd_us,True,False,True
tlg1682,001,SOPATER,Fragmenta,314,1899,pd_us,False,False,False
tlg1683,003,SOPHAENETUS,Fragmenta,105,1841,pd_us,False,False,False
tlg1685,003,SOSIBIUS,Fragmentum (P. Oxy. 24.2389),46,1978,in_copyright,False,False,False
tlg1685,004,SOSIBIUS,Fragmenta,1265,1841,pd_us,False,False,False
tlg1687,003,SOSICRATES,Fragmenta,,1841,pd_us,False,False,False
tlg1688,001,SOSTRATUS,Fragmenta,810,,unknown,False,False,False
tlg1688,002,SOSTRATUS,Titulus,4,1983,in_copyright,False,False,False
tlg1690,001,SOTADEA,Fragmenta,541,1925,pd_us,False,False,False
tlg1691,001,SOTADES,Fragmenta,75,1925,pd_us,False,False,False
tlg1692,001,SPEUSIPPUS,Epistulae [Sp.],496,1873,pd_us,False,False,False
tlg1692,002,SPEUSIPPUS,Epistula ad Philippum regem [Sp.],1270,1928,pd_us,False,False,False
tlg1692,004,SPEUSIPPUS,Epigramma,16,,unknown,False,False,False
tlg1692,005,SPEUSIPPUS,Fragmenta,10815,1981,in_copyright,True,False,True
tlg1693,001,SPHAERUS,Fragmenta,705,1905,pd_us,False,False,False
tlg1695,001,[2STHENIDAS]2,Fragmentum,202,1965,in_copyright,False,False,False
tlg1696,001,STRATON,Fragmenta,7987,1969,in_copyright,False,False,False
tlg1698,003,TELEPHUS,Fragmenta,167,1841,pd_us,False,False,False
tlg1699,001,TELES,*PERI\ TOU= DOKEI=N KAI\ TOU= EI)=NAI,336,1909,pd_us,True,False,True
tlg1699,002,TELES,*PERI\ AU)TARKEI/AS,1523,1909,pd_us,True,False,True
tlg1699,003,TELES,*PERI\ FUGH=S,1315,1909,pd_us,True,False,True
tlg1699,004,TELES,*PERI\ SUGKRI/SEWS PENI/AS KAI\ PLOU/TOU (ap. Stobaeum),1229,1909,pd_us,True,False,True
tlg1699,005,TELES,,456,1909,pd_us,True,False,True
tlg1699,006,TELES,*PERI\ TOU= MH\ EI)=NAI TE/LOS H(DONH/N,227,1909,pd_us,True,False,True
tlg1699,007,TELES,*PERI\ PERISTA/SEWN,218,1909,pd_us,True,False,True
tlg1699,008,TELES,*PERI\ A)PAQEI/AS,987,1909,pd_us,True,False,True
tlg1700,001,TESTAMENTA XII PATRIARCHARUM,Testamenta xii patriarcharum,21042,1970,in_copyright,False,False,False
tlg1701,001,TESTAMENTUM ABRAHAE,Testamentum Abrahae (recensio A) (olim partim sub auctore Hesychio,7125,1892,pd_us,True,False,True
tlg1701,002,TESTAMENTUM ABRAHAE,Testamentum Abrahae (recensio B),3296,1892,pd_us,True,False,True
tlg1702,001,TESTAMENTUM JOBI,Testamentum Jobi,7056,1967,in_copyright,False,False,False
tlg1703,001,TEUCER,De duodecim signis (Rhetorii Aegyptii excerpta) (e cod. Berol. 173),5309,1908,pd_us,False,False,False
tlg1703,002,TEUCER,De sideribus consurgentibus (fragmenta) (e cod. Danensi 2),895,1953,in_copyright,False,False,False
tlg1704,003,TEUCER,Fragmenta,198,1841,pd_us,False,False,False
tlg1705,001,THALES,Epistulae,203,1873,pd_us,True,False,True
tlg1705,002,THALES,Testimonia,4583,1951,in_copyright,False,False,False
tlg1705,003,THALES,Fragmenta,279,1951,in_copyright,False,False,False
tlg1705,X01,THALES,Epigramma dedicatorium,,,unknown,False,False,False
tlg1706,003,THALLUS,Fragmenta,434,1841,pd_us,False,False,False
tlg1709,003,THEAGENES,Fragmenta,476,1841,pd_us,False,False,False
tlg1710,001,[2THEAGES]2,Fragmenta,1151,1965,in_copyright,False,False,False
tlg1711,001,[2THEARIDAS]2,Fragmentum,34,1965,in_copyright,False,False,False
tlg1712,001,THEBAÏS,Thebai+s (fragmenta),143,1987,in_copyright,False,False,False
tlg1713,002,THEMISON,Fragmentum,35,1841,pd_us,False,False,False
tlg1714,001,THEOCRITUS,Fragmentum,26,1949,in_copyright,False,False,False
tlg1714,003,THEOCRITUS,Fragmentum,31,1983,in_copyright,False,False,False
tlg1714,X01,THEOCRITUS,Epigramma sepulcrale,,,unknown,False,False,False
tlg1715,001,THEODORIDAS,Epigrammata,525,,unknown,False,False,False
tlg1715,002,THEODORIDAS,Fragmenta et tituli,61,1983,in_copyright,False,False,False
tlg1719,001,THEODOSIUS,Sphaerica,27098,1927,pd_us,True,False,True
tlg1719,002,THEODOSIUS,De habitationibus,4286,1927,pd_us,False,False,False
tlg1719,003,THEODOSIUS,De diebus et noctibus,18498,1927,pd_us,False,False,False
tlg1720,002,THEODOTUS Judaeus,Fragmenta,341,1983,in_copyright,False,False,False
tlg1723,001,THEOLYTUS,Fragmentum,22,1925,pd_us,False,False,False
tlg1724,001,THEON,De utilitate mathematicae,38866,1878,pd_us,True,False,True
tlg1725,001,THEOPHILUS,Ad Autolycum,21963,1970,in_copyright,True,False,True
tlg1726,001,THEOPOMPUS,Fragmentum,10,1925,pd_us,False,False,False
tlg1726,002,THEOPOMPUS,Fragmentum,12,1983,in_copyright,False,False,False
tlg1727,002,THEOTIMUS,Fragmenta,267,1841,pd_us,False,False,False
tlg1728,003,THESEUS,Fragmenta,234,1841,pd_us,False,False,False
tlg1729,001,THRASYMACHUS,Testimonia,605,1952,in_copyright,False,False,False
tlg1729,002,THRASYMACHUS,Fragmenta,882,1952,in_copyright,False,False,False
tlg1732,002,TIMACHIDAS,Fragmenta et tituli,32,1983,in_copyright,False,False,False
tlg1733,001,TIMAEUS,Testimonia,3635,,unknown,False,False,False
tlg1733,002,TIMAEUS,Fragmenta,23787,,unknown,False,False,False
tlg1733,003,TIMAEUS,Fragmenta,154,1978,in_copyright,False,False,False
tlg1734,001,TIMAEUS,Fragmenta et titulus [Sp.],4582,1965,in_copyright,False,False,False
tlg1734,002,TIMAEUS,Testimonia,145,1951,in_copyright,False,False,False
tlg1735,002,TIMON,Epigrammata,24,,unknown,False,False,False
tlg1735,003,TIMON,Fragmenta et tituli,1053,1983,in_copyright,False,False,False
tlg1736,002,TIMONAX,Fragmenta,151,1841,pd_us,False,False,False
tlg1737,001,TITANOMACHIA,Titanomachia (fragmenta),140,1987,in_copyright,False,False,False
tlg1738,001,TRAGICA ADESPOTA,Fragmenta,4522,1889,pd_us,False,False,False
tlg1738,002,TRAGICA ADESPOTA,Fragmenta,729,1964,in_copyright,False,False,False
tlg1738,003,TRAGICA ADESPOTA,Fragmenta,13797,1981,in_copyright,False,False,False
tlg1746,001,VALENTINUS,Valentini hymnus,35,1963,in_copyright,False,False,False
tlg1747,001,VITA ADAM ET EVAE,Vita Adam et Evae (sub titulo Apocalypsis Mosis),4613,1866,pd_us,False,False,False
tlg1748,001,SOSIGENES,Testimonium,64,1903,pd_us,False,False,False
tlg1749,001,VITAE HESIODI PARTICULA,Vitae Hesiodi particula,441,1912,pd_us,True,False,True
tlg1750,001,VITAE PROPHETARUM,De prophetarum vita et obitu (Dorothei recensio),5563,1907,pd_us,True,False,True
tlg1750,002,VITAE PROPHETARUM,De prophetarum vita et obitu (recensio anonyma),4260,1907,pd_us,True,False,True
tlg1750,003,VITAE PROPHETARUM,De prophetarum vita et obitu (recensio scholiis Hesychii aliorumque,1199,1907,pd_us,True,False,True
tlg1750,004,VITAE PROPHETARUM,Index apostolorum discipulorumque Domini (textus Pseudo%19Dorothei),3749,1907,pd_us,True,False,True
tlg1750,X01,VITAE PROPHETARUM,Enumeratio lxxii prophetarum et prophetissarum (Epiphanii textus),,,unknown,False,False,False
tlg1750,X02,VITAE PROPHETARUM,De prophetarum vita et obitu (Epiphanii recensio prior),,,unknown,False,False,False
tlg1750,X03,VITAE PROPHETARUM,De prophetarum vita et obitu (Epiphanii recensio altera),,,unknown,False,False,False
tlg1750,X04,VITAE PROPHETARUM,Index apostolorum (Epiphanii textus),,,unknown,False,False,False
tlg1750,X05,VITAE PROPHETARUM,Index discipulorum (Epiphanii textus),,,unknown,False,False,False
tlg1750,X06,VITAE PROPHETARUM,Appendices ad indices apostolorum discipulorumque (Epiphanii textus),,,unknown,False,False,False
tlg1751,003,XANTHUS,Fragmentum,50,1978,in_copyright,False,False,False
tlg1751,004,XANTHUS,Fragmenta,3849,1853,pd_us,False,False,False
tlg1752,003,XENAGORAS,Fragmenta,499,1841,pd_us,False,False,False
tlg1753,002,XENION,Fragmenta,342,1841,pd_us,False,False,False
tlg1754,001,XENOPHONTIS EPISTULAE,Epistulae,1201,1873,pd_us,False,False,False
tlg1754,X01,XENOPHONTIS EPISTULAE,Epistulae ad Socraticos,,,unknown,False,False,False
tlg1756,001,DEMETRIUS,Fragmenta,5382,1880,pd_us,False,False,False
tlg1757,001,JULIUS,Fragmenta,35,1963,in_copyright,False,False,False
tlg1759,001,SENTENTIAE PYTHAGOREORUM,Sententiae Pythagoreorum (fort. auctore vel collectore Demophilo),3376,1905,pd_us,False,False,False
tlg1759,002,SENTENTIAE PYTHAGOREORUM,Sententiae Pythagoreorum,1920,1959,in_copyright,False,False,False
tlg1760,001,Gaius SUETONIUS TRANQUILLUS,*PERI\ BLASFHMIW=N KAI\ PO/QEN E(KA/STH,3295,1967,in_copyright,False,False,False
tlg1760,002,Gaius SUETONIUS TRANQUILLUS,*PERI\ TW=N PAR' (/*ELLHSI PAIDIW=N,2297,1967,in_copyright,False,False,False
tlg1763,001,TRYPHON II,De tropis (olim sub auctore Gregorio Corinthio),2341,1965,in_copyright,True,False,True
tlg1763,X01,TRYPHON II,De spiritibus (excerpta),,,unknown,False,False,False
tlg1764,001,VETTIUS VALENS,Anthologiarum libri ix,110961,1908,pd_us,True,False,True
tlg1765,001,VITAE AESOPI,Vita G (e cod. 397 Bibliothecae Pierponti Morgan) (recensio 3),17247,1952,in_copyright,False,False,False
tlg1765,002,VITAE AESOPI,Vita W (vita Aesopi Westermanniana) (recensio 2),13785,1952,in_copyright,False,False,False
tlg1765,003,VITAE AESOPI,Vita Pl vel Accursiana (sub auctore Maximo Planude) (recensio 1),11718,1872,pd_us,True,False,True
tlg1765,004,VITAE AESOPI,Vita (fort. auctore Aphthonio),297,1872,pd_us,True,False,True
tlg1765,005,VITAE AESOPI,"*BIBLI/ON MUQIKO\N TOU= *AI)SW/POU, EI)KONI/ZON A)PO\ TW=N A)LO/GWN",159,1872,pd_us,True,False,True
tlg1766,001,TATIANUS,Oratio ad Graecos,10694,1915,pd_us,True,False,True
tlg1766,002,TATIANUS,Diatesseron,86,1959,in_copyright,False,False,False
tlg1771,001,MONTANUS et MONTANISTAE,Oracula,755,1913,pd_us,False,False,False
tlg1771,X01,MONTANUS et MONTANISTAE,Fragmenta ap. Epiphanium,,,unknown,False,False,False
tlg1771,X02,MONTANUS et MONTANISTAE,Fragmenta ap. Didymum (Trin. `3.41),,,unknown,False,False,False
tlg1771,X03,MONTANUS et MONTANISTAE,Fragmenta (in Doctrina patrum),,,unknown,False,False,False
tlg1772,001,PARALEIPOMENA JEREMIOU,Paraleipomena Jeremiou,4195,1972,in_copyright,False,False,False
tlg1775,001,Pseudo-AGATHON,Epigramma,13,1949,in_copyright,False,False,False
tlg1779,001,ANONYMUS EPICUREUS,Fragmenta (P. Herc. 176),6496,1928,pd_us,False,False,False
tlg1779,002,ANONYMUS EPICUREUS,Fragmenta (ad P. Herc. 176 pertinentia),1796,1928,pd_us,False,False,False
tlg1779,X01,ANONYMUS EPICUREUS,Fragmenta (P. Herc. `346),,,unknown,False,False,False
tlg1780,001,ALCIMENES,Titulus,2,1880,pd_us,False,False,False
tlg1780,002,ALCIMENES,Titulus,2,1839,pd_us,False,False,False
tlg1781,001,PHILIPPUS,Fragmentum,4,1884,pd_us,False,False,False
tlg1781,002,PHILIPPUS,Fragmentum,2,1839,pd_us,False,False,False
tlg1782,001,AUGEAS,Fragmentum,9,1839,pd_us,False,False,False
tlg1782,002,AUGEAS,Tituli,16,1839,pd_us,False,False,False
tlg1783,001,CALLICRATES,Titulus,2,1884,pd_us,False,False,False
tlg1783,002,CALLICRATES,Titulus,2,1839,pd_us,False,False,False
tlg1784,001,[2HERACLITUS]2,Titulus,2,1884,pd_us,False,False,False
tlg1784,002,[2HERACLITUS]2,Titulus,2,1839,pd_us,False,False,False
tlg1785,001,PARAMONUS,Tituli,3,1888,pd_us,False,False,False
tlg1786,001,SOGENES,Titulus,2,1888,pd_us,False,False,False
tlg1787,001,[MENIPPUS],Tituli,3,1888,pd_us,False,False,False
tlg1787,002,[MENIPPUS],Tituli,12,1839,pd_us,False,False,False
tlg1788,001,PHORMIS,Fragmentum,3,1888,pd_us,False,False,False
tlg1788,002,PHORMIS,Titulus,2,1899,pd_us,False,False,False
tlg1791,001,MENANDRI ET PHILISTIONIS SENTENTIAE,Comparatio Menandri et Philistionis,4287,1964,in_copyright,False,False,False
tlg1791,002,MENANDRI ET PHILISTIONIS SENTENTIAE,Sententiae Menandri et Philistionis,359,1841,pd_us,False,False,False
tlg1792,001,BIOTTUS,Tituli,3,1888,pd_us,False,False,False
tlg1793,001,TIMOXENUS,Titulus,2,1888,pd_us,False,False,False
tlg1794,001,PHILOCLES,Titulus,2,1888,pd_us,False,False,False
tlg1795,001,CHAERION,Titulus,3,1888,pd_us,False,False,False
tlg1797,001,CHOLIAMBICA ADESPOTA (ALG),Anonymus in turpilucrum (fort. auctore Cercida),506,1952,in_copyright,False,False,False
tlg1797,002,CHOLIAMBICA ADESPOTA (ALG),Fragmenta choliambica,65,1952,in_copyright,False,False,False
tlg1799,001,EUCLIDES,Elementa,155151,1969,in_copyright,False,True,True
tlg1799,002,EUCLIDES,"Elementa (demonstrationes alterae, lib. 1%19`3)",889,1969,in_copyright,False,False,False
tlg1799,003,EUCLIDES,"Elementa (demonstrationes alterae, lib. 5%19`9)",1693,1970,in_copyright,False,False,False
tlg1799,004,EUCLIDES,"Elementa (demonstrationes alterae, lib. 10)",4179,1972,in_copyright,False,False,False
tlg1799,005,EUCLIDES,"Elementa (demonstrationes alterae, lib. 11%19`13)",4153,1973,in_copyright,False,False,False
tlg1799,006,EUCLIDES,"Elementa (recensio altera, lib. 11.36%19`12.17)",10336,1973,in_copyright,False,False,False
tlg1799,007,EUCLIDES,Data,19734,1896,pd_us,True,False,True
tlg1799,008,EUCLIDES,Data (demonstrationes alterae),4346,1896,pd_us,True,False,True
tlg1799,009,EUCLIDES,Optica,11383,1895,pd_us,True,False,True
tlg1799,010,EUCLIDES,Opticorum recensio Theonis,10384,1895,pd_us,True,False,True
tlg1799,011,EUCLIDES,Catoptrica (recensio Theonis?),5409,1895,pd_us,True,False,True
tlg1799,012,EUCLIDES,Phaenomena,8333,1916,pd_us,True,False,True
tlg1799,013,EUCLIDES,Phaenomena (recensio b),5282,1916,pd_us,True,False,True
tlg1799,014,EUCLIDES,Phaenomena (demonstrationes alterae recensionis b),2409,1916,pd_us,True,False,True
tlg1799,015,EUCLIDES,Sectio canonis [Sp.],2487,1916,pd_us,True,False,True
tlg1799,016,EUCLIDES,Fragmenta,10956,1916,pd_us,True,False,True
tlg1799,017,EUCLIDES,Epigramma,49,1916,pd_us,True,False,True
tlg1799,X01,EUCLIDES,Problema,,,unknown,False,False,False
tlg1799,X03,EUCLIDES,,,,unknown,False,False,False
tlg1800,001,EUBOEUS,Fragmenta,17,1888,pd_us,False,False,False
tlg1800,002,EUBOEUS,Fragmenta et titulus,19,1983,in_copyright,False,False,False
tlg1801,001,PARODICA ANONYMA,Incertorum fragmenta,376,1888,pd_us,True,False,True
tlg1801,002,PARODICA ANONYMA,Fragmenta dubia,25,1888,pd_us,False,False,False
tlg1802,002,HOMERICA,Ilias Homerica in cyclum inclusa (fragmentum),28,1987,in_copyright,False,False,False
tlg1803,001,BRUTI EPISTULAE,Epistulae,3973,1873,pd_us,True,False,True
tlg1804,001,NINUS,Ninus (fragmenta A%19B) (P. Berol. 6926),1444,1936,in_copyright,False,False,False
tlg1804,003,NINUS,Ninus (fragmenta A%19B) (P. Berol. 6926),1378,1995,in_copyright,False,False,False
tlg1804,004,NINUS,Ninus (fragmentum C) (PSI 13.1305),173,1995,in_copyright,False,False,False
tlg1804,005,NINUS,Ninus (fragmentum D) (P. Gen. 85),26,1995,in_copyright,False,False,False
tlg1805,001,VITAE HOMERI,Vita Herodotea,4479,1912,pd_us,True,False,True
tlg1805,002,VITAE HOMERI,[2Plutarchi]2 vita,978,1912,pd_us,True,False,True
tlg1805,003,VITAE HOMERI,Vita Proculea (e Chrestomathia),589,1912,pd_us,True,False,True
tlg1805,004,VITAE HOMERI,Vita quarta,188,1912,pd_us,True,False,True
tlg1805,005,VITAE HOMERI,Vita quinta,408,1912,pd_us,True,False,True
tlg1805,006,VITAE HOMERI,Vita sexta,555,1912,pd_us,True,False,True
tlg1805,007,VITAE HOMERI,"Vita septima (Eustathii vita, Od. 1713.17)",129,1912,pd_us,True,False,True
tlg1805,008,VITAE HOMERI,Tzetzae vita (Chil. 13.626%19`665),277,1912,pd_us,True,False,True
tlg1805,009,VITAE HOMERI,Eustathii vita (Il. 4.17),95,1912,pd_us,True,False,True
tlg1805,010,VITAE HOMERI,Sudae vita,1725,1912,pd_us,True,False,True
tlg1805,011,VITAE HOMERI,[2Plutarchi]2 De Homero 1,1182,1990,in_copyright,False,False,False
tlg1805,012,VITAE HOMERI,[2Plutarchi]2 De Homero 2,21880,1990,in_copyright,False,False,False
tlg1811,001,METRODORUS Major,Testimonia,345,1952,in_copyright,False,False,False
tlg1812,002,DEMARATUS,Fragmenta,479,1841,pd_us,False,False,False
tlg1813,001,ANONYMUS DE PLANTIS AEGYPTIIS,Fragmentum (P. Oxy. `15.1796),142,1963,in_copyright,False,False,False
tlg1814,001,PTOLEMAIS,Fragmenta de musica,460,1965,in_copyright,False,False,False
tlg1815,001,SAPPHO et ALCAEUS,Fragmenta,830,1974,in_copyright,False,False,False
tlg1816,001,EPICA ADESPOTA (GDRK),Lusus verborum,8,1963,in_copyright,False,False,False
tlg1816,002,EPICA ADESPOTA (GDRK),Laudes Theonis gymnasiarchi (P. Oxy. 7.1015),147,1963,in_copyright,False,False,False
tlg1816,003,EPICA ADESPOTA (GDRK),Fragmentum epicum (Brit. Mus. inv. 1181),204,1963,in_copyright,False,False,False
tlg1816,004,EPICA ADESPOTA (GDRK),Exercitatio ethopoeiaca (P. Ryl. `3.487),140,1963,in_copyright,False,False,False
tlg1816,005,EPICA ADESPOTA (GDRK),Fragmentum epicum historicum (P. Argent. 480 [%6 P,259,1963,in_copyright,False,False,False
tlg1816,006,EPICA ADESPOTA (GDRK),Mercurius mundi et Hermupolis magnae conditor (P. Argent. 481,401,1963,in_copyright,False,False,False
tlg1816,007,EPICA ADESPOTA (GDRK),Epithalamium (P. Ryl. 1.17),42,1963,in_copyright,False,False,False
tlg1816,008,EPICA ADESPOTA (GDRK),Exercitationes ethopoeiacae (collectio C. Graves),224,1963,in_copyright,False,False,False
tlg1816,009,EPICA ADESPOTA (GDRK),Encomium iambicum (P. Vindob. gr. 29788b),283,1963,in_copyright,False,False,False
tlg1816,010,EPICA ADESPOTA (GDRK),*LO/GOS E)PIBATH/RIOS (P. Vindob. gr. 29788a),177,1963,in_copyright,False,False,False
tlg1816,011,EPICA ADESPOTA (GDRK),Laudatio professoris Smyrnaei in universitate Beryti docentis (P,557,1963,in_copyright,False,False,False
tlg1816,012,EPICA ADESPOTA (GDRK),Laudatio professoris in universitate Beryti docentis (P,146,1963,in_copyright,False,False,False
tlg1816,013,EPICA ADESPOTA (GDRK),Fragmentum epicum historicum (P. Berol. 5003),482,1963,in_copyright,False,False,False
tlg1816,014,EPICA ADESPOTA (GDRK),Encomium (PSI 2.149),84,1963,in_copyright,False,False,False
tlg1816,015,EPICA ADESPOTA (GDRK),Encomium Heraclii ducis (PSI 3.253),452,1963,in_copyright,False,False,False
tlg1816,016,EPICA ADESPOTA (GDRK),Encomium ducis Romani (P. Flor. 2.114),493,1963,in_copyright,False,False,False
tlg1816,017,EPICA ADESPOTA (GDRK),Polyxena et Achilles (P. Flor. 390),91,1963,in_copyright,False,False,False
tlg1816,018,EPICA ADESPOTA (GDRK),Exercitatio ethopoeiaca (Tab. lignea Caironensis),49,1963,in_copyright,False,False,False
tlg1816,019,EPICA ADESPOTA (GDRK),Carmen in Nilum crescentem (PSI 7.845),93,1963,in_copyright,False,False,False
tlg1816,020,EPICA ADESPOTA (GDRK),In Thebas (P. Berol. 5226v),18,1963,in_copyright,False,False,False
tlg1816,021,EPICA ADESPOTA (GDRK),Fragmentum (sine titulo) (P. Berol. 5227r),9,1963,in_copyright,False,False,False
tlg1817,001,FRAGMENTA ANONYMA (PsVTGr),Fragmenta,1784,1970,in_copyright,False,False,False
tlg1819,001,Pseudo-DEMOSTHENES,Epigramma,13,1949,in_copyright,False,False,False
tlg1821,001,IAMBICA ADESPOTA (ALG),Fragmenta iambica adespota,268,1952,in_copyright,False,False,False
tlg1821,002,IAMBICA ADESPOTA (ALG),Anonymorum iambica,184,1952,in_copyright,False,False,False
tlg1828,001,PAMPHILA,Fragmenta,480,1841,pd_us,False,False,False
tlg1832,001,ACESANDER,Fragmenta,542,,unknown,False,False,False
tlg1832,002,ACESANDER,Fragmentum (P. Oxy. 32.2637),83,1978,in_copyright,False,False,False
tlg1833,001,PRATINAS,Fragmenta,145,1971,in_copyright,False,False,False
tlg1833,002,PRATINAS,Fragmenta,135,1962,in_copyright,False,False,False
tlg1835,002,AGROETAS,Fragmenta,298,1841,pd_us,False,False,False
tlg1836,001,ANONYMI AULODIA,Anonymi aulodia (P. Oxy. `15.1795),286,1971,in_copyright,False,False,False
tlg1838,001,THEON,Testimonia,215,1867,pd_us,False,False,False
tlg1838,002,THEON,Fragmenta,1061,1867,pd_us,False,False,False
tlg1838,003,THEON,Commentarium de Pythiis xii Pindari (P. Oxy. 31.2536),269,1966,in_copyright,False,False,False
tlg1838,X01,THEON,Arati genus (olim sub auctore Theone Alexandrino Gramm. vel Theone,,,unknown,False,False,False
tlg1839,001,POLYPHRASMON,Tituli,2,1971,in_copyright,False,False,False
tlg1840,001,EURIPIDES II,Tituli,3,1971,in_copyright,False,False,False
tlg1843,001,NICOMACHUS,Tituli,3,1971,in_copyright,False,False,False
tlg1844,001,HERA[CLIDES],Titulus,7,1971,in_copyright,False,False,False
tlg1845,001,CALLISTRATUS,Tituli,8,1971,in_copyright,False,False,False
tlg1846,001,SPINTHARUS,Tituli,4,1971,in_copyright,False,False,False
tlg1848,001,MELETUS Junior,Titulus,1,1971,in_copyright,False,False,False
tlg1849,001,DEMETRIUS,Titulus (%7 dramatis personae),10,1971,in_copyright,False,False,False
tlg1858,001,ORATIO MANASSIS,Oratio,501,1970,in_copyright,False,False,False
tlg1859,001,LIBER JANNES ET JAMBRES,Fragmentum,19,1970,in_copyright,False,False,False
tlg1867,003,CRITO,Fragmenta,201,1841,pd_us,False,False,False
tlg1868,003,DAMASTES,Fragmenta,516,1841,pd_us,False,False,False
tlg1871,003,BION,Fragmenta,73,1841,pd_us,False,False,False
tlg1875,002,ARISTODEMUS,Fragmenta,1268,1841,pd_us,False,False,False
tlg1881,001,DIONYSIUS SCYTOBRACHION,Testimonia,196,,unknown,False,False,False
tlg1881,002,DIONYSIUS SCYTOBRACHION,Fragmenta,11453,,unknown,False,False,False
tlg1881,003,DIONYSIUS SCYTOBRACHION,Fragmentum (P. Mich. 1316),33,1978,in_copyright,False,False,False
tlg1890,001,MODERATUS,Fragmenta,368,1867,pd_us,False,False,False
tlg1890,X01,MODERATUS,Fragmenta ap. Porphyrium,,,unknown,False,False,False
tlg1890,X02,MODERATUS,,,,unknown,False,False,False
tlg1896,002,[DOSITHEUS],Fragmenta,616,1841,pd_us,False,False,False
tlg1899,002,ARISTONICUS,Fragmenta,147,1841,pd_us,False,False,False
tlg1906,002,SIMONIDES,Tituli,8,1983,in_copyright,False,False,False
tlg1907,003,CRATIPPUS,Fragmenta,419,1841,pd_us,False,False,False
tlg1908,003,DAIMACHUS,Fragmenta,514,1841,pd_us,False,False,False
tlg1911,003,DIYLLUS,Fragmenta,203,1841,pd_us,False,False,False
tlg1912,004,EUPHANTUS,Fragmenta,69,1841,pd_us,False,False,False
tlg1915,003,EUDOXUS,Fragmenta,84,1841,pd_us,False,False,False
tlg1917,003,DEMETRIUS,Fragmenta,488,1841,pd_us,False,False,False
tlg1918,003,TIMAGENES,Fragmenta,818,1841,pd_us,False,False,False
tlg1923,003,STESIMBROTUS,Fragmenta,1564,1841,pd_us,False,False,False
tlg1941,003,LEO,Fragmenta,325,1841,pd_us,False,False,False
tlg1945,003,ANTIGENES,Fragmentum,33,1978,in_copyright,False,False,False
tlg1949,003,POTAMON,Fragmenta,16,1841,pd_us,False,False,False
tlg1953,003,HIERONYMUS,Fragmenta,1080,1841,pd_us,False,False,False
tlg1953,X01,HIERONYMUS,Epistula cuidam Macedoniae regi,,,unknown,False,False,False
tlg1954,001,HERACLIDES,Fragmentum,21,1903,pd_us,False,False,False
tlg1967,002,LESCHIDES,Titulus,2,1983,in_copyright,False,False,False
tlg1969,003,PHILINUS,Fragmenta,833,1841,pd_us,False,False,False
tlg1970,003,SILENUS,Fragmenta,498,1841,pd_us,False,False,False
tlg1972,002,EUMACHUS,Fragmenta,70,1841,pd_us,False,False,False
tlg1976,003,METRODORUS,Fragmenta,458,1841,pd_us,False,False,False
tlg1977,002,Lucius Licinius LUCULLUS,Fragmenta,113,1841,pd_us,False,False,False
tlg1978,003,LEO,Fragmenta,338,1841,pd_us,False,False,False
tlg1981,003,THEOPHANES,Fragmenta,740,1841,pd_us,False,False,False
tlg1987,002,THEODORUS,Titulus,2,1983,in_copyright,False,False,False
tlg1992,003,ARISTON,Fragmentum,218,1841,pd_us,False,False,False
tlg2000,001,PLOTINUS,Enneades,216398,1951,in_copyright,True,False,True
tlg2001,001,THEMISTIUS,*PERI\ FILANQRWPI/AS H)\ *KWNSTA/NTIOS,4777,1965,in_copyright,False,False,False
tlg2001,002,THEMISTIUS,"*EI)S *KWNSTA/NTION TO\N AU)TOKRA/TORA, O(/TI MA/LISTA FILO/SOFOS O(",4688,1965,in_copyright,False,False,False
tlg2001,003,THEMISTIUS,*PRESBEUTIKO\S U(PE\R *KWNSTANTINOUPO/LEWS R(HQEI\S E)N,2345,1965,in_copyright,False,False,False
tlg2001,004,THEMISTIUS,*EI)S TO\N AU)TOKRA/TORA *KWNSTA/NTION,3969,1965,in_copyright,False,False,False
tlg2001,005,THEMISTIUS,*(UPATIKO\S EI)S TO\N AU)TOKRA/TORA *)IOBIANO/N,2205,1965,in_copyright,False,False,False
tlg2001,006,THEMISTIUS,*FILA/DELFOI H)\ PERI\ FILANQRWPI/AS,3681,1965,in_copyright,False,False,False
tlg2001,007,THEMISTIUS,*PERI\ TW=N H)TUXHKO/TWN E)PI\ *OU)A/LENTOS,4619,1965,in_copyright,False,False,False
tlg2001,008,THEMISTIUS,*PENTAETHRIKO/S,5474,1965,in_copyright,False,False,False
tlg2001,009,THEMISTIUS,*PROTREPTIKO\S *OU)ALENTINIANW=| NE/W|,2350,1965,in_copyright,False,False,False
tlg2001,010,THEMISTIUS,*)EPI\ TH=S EI)RH/NHS *OU)A/LENTI,3560,1965,in_copyright,False,False,False
tlg2001,011,THEMISTIUS,*DEKETHRIKO\S H)\ PERI\ TW=N PREPO/NTWN LO/GWN TW=| BASILEI=,3648,1965,in_copyright,False,False,False
tlg2001,013,THEMISTIUS,*)ERWTIKO\S H)\ PERI\ KA/LLOUS BASILIKOU=,5554,1965,in_copyright,False,False,False
tlg2001,014,THEMISTIUS,*PRESBEUTIKO\S EI)S *QEODO/SION AU)TOKRA/TORA,976,1965,in_copyright,False,False,False
tlg2001,015,THEMISTIUS,*EI)S *QEODO/SION: TI/S H( BASILIKWTA/TH TW=N A)RETW=N,4266,1965,in_copyright,False,False,False
tlg2001,016,THEMISTIUS,*XARISTH/RIOS TW=| AU)TOKRA/TORI U(PE\R TH=S EI)RH/NHS KAI\ TH=S,3803,1965,in_copyright,False,False,False
tlg2001,017,THEMISTIUS,*)EPI\ TH=| XEIROTONI/A| TH=S POLIARXI/AS,841,1965,in_copyright,False,False,False
tlg2001,018,THEMISTIUS,*PERI\ TH=S TOU= BASILE/WS FILHKOI/+AS,2524,1965,in_copyright,False,False,False
tlg2001,019,THEMISTIUS,*)EPI\ TH=| FILANQRWPI/A| TOU= AU)TOKRA/TOROS *QEODOSI/OU,2234,1965,in_copyright,False,False,False
tlg2001,020,THEMISTIUS,*)EPITA/FIOS E)PI\ TW=| PATRI/,2312,1971,in_copyright,False,False,False
tlg2001,021,THEMISTIUS,*BASANISTH\S H)\ FILO/SOFOS,6336,1971,in_copyright,False,False,False
tlg2001,022,THEMISTIUS,*PERI\ FILI/AS,5104,1971,in_copyright,False,False,False
tlg2001,023,THEMISTIUS,*SOFISTH/S,4784,1971,in_copyright,False,False,False
tlg2001,024,THEMISTIUS,*PROTREPTIKO\S *NIKOMHDEU=SIN EI)S FILOSOFI/AN,2470,1971,in_copyright,False,False,False
tlg2001,025,THEMISTIUS,*PRO\S TO\N A)CIW/SANTA LE/GEIN E)K TOU= PARAXRH=MA,373,1971,in_copyright,False,False,False
tlg2001,026,THEMISTIUS,[2*(UPE\R TOU= LE/GEIN H)\ PW=S TW=| FILOSO/FW| LEKTE/ON]2,5792,1971,in_copyright,False,False,False
tlg2001,027,THEMISTIUS,*PERI\ TOU= MH\ DEI=N TOI=S TO/POIS A)LLA\ TOI=S A)NDRA/SI,2816,1971,in_copyright,False,False,False
tlg2001,028,THEMISTIUS,*(H E)PI\ TW=| LO/GW| DIA/LECIS,677,1971,in_copyright,False,False,False
tlg2001,029,THEMISTIUS,*PRO\S TOU\S OU)K O)RQW=S E)CHGOUME/NOUS TO\N SOFISTH/N,1286,1971,in_copyright,False,False,False
tlg2001,030,THEMISTIUS,*QE/SIS EI) GEWRGHTE/ON,1022,1971,in_copyright,False,False,False
tlg2001,031,THEMISTIUS,*PERI\ PROEDRI/AS EI)S TH\N SU/GKLHTON,992,1971,in_copyright,False,False,False
tlg2001,032,THEMISTIUS,*METRIOPAQH\S H)\ FILO/TEKNOS,2480,1971,in_copyright,False,False,False
tlg2001,033,THEMISTIUS,[2*PERI\ TW=N O)NOMA/TWN TOU= BASILE/WS KAI\ TOU= U(PA/TOU]2,1025,1971,in_copyright,False,False,False
tlg2001,034,THEMISTIUS,*PRO\S TOU\S AI)TIASAME/NOUS E)PI\ TW=| DE/CASQAI TH\N A)RXH/N,4259,1971,in_copyright,False,False,False
tlg2001,035,THEMISTIUS,[2*F]2ILO/POLIS,133,1974,in_copyright,False,False,False
tlg2001,036,THEMISTIUS,*PERI\ YUXH=S (fragmenta),240,1974,in_copyright,False,False,False
tlg2001,037,THEMISTIUS,*PERI\ FRONH/SEWS (fragmentum),264,1974,in_copyright,False,False,False
tlg2001,038,THEMISTIUS,Analyticorum posteriorum paraphrasis,23690,1900,pd_us,True,False,True
tlg2001,039,THEMISTIUS,In Aristotelis physica paraphrasis,83378,1900,pd_us,True,False,True
tlg2001,040,THEMISTIUS,In Aristotelis libros de anima paraphrasis,54929,1899,pd_us,True,False,True
tlg2001,041,THEMISTIUS,(Sophoniae) in parva naturalia commentarium,15211,1903,pd_us,True,False,True
tlg2001,042,THEMISTIUS,Quae fertur in Aristotelis analyticorum priorum librum i paraphrasis,74437,1884,pd_us,True,False,True
tlg2002,001,ANONYMUS SEGUERIANUS,Ars rhetorica (olim sub nomine Cornuti),9200,1894,pd_us,False,False,False
tlg2003,001,Flavius Claudius JULIANUS Imperator,*)EGKW/MION EI)S TO\N AU)TOKRA/TORA *KWNSTA/NTION,11824,1932,in_copyright,False,True,True
tlg2003,002,Flavius Claudius JULIANUS Imperator,*EU)SEBI/AS TH=S BASILI/DOS E)GKW/MION,6970,1932,in_copyright,False,True,True
tlg2003,003,Flavius Claudius JULIANUS Imperator,*PERI\ TW=N TOU= AU)TOKRA/TOROS PRA/CEWN H)\ PERI\ BASILEI/AS,13313,1932,in_copyright,False,True,True
tlg2003,004,Flavius Claudius JULIANUS Imperator,*)EPI\ TH=| E)CO/DW| TOU= A)GAQWTA/TOU *SALOUSTI/OU PARAMUQHTIKO\S EI)S,3083,1932,in_copyright,False,True,True
tlg2003,005,Flavius Claudius JULIANUS Imperator,*)AQHNAI/WN TH=| BOULH=| KAI\ TW=| DH/MW|,4766,1932,in_copyright,False,True,True
tlg2003,006,Flavius Claudius JULIANUS Imperator,*QEMISTI/W| FILOSO/FW|,3382,1963,in_copyright,False,True,True
tlg2003,007,Flavius Claudius JULIANUS Imperator,*PRO\S *(HRA/KLEION KUNIKO\N PERI\ TOU= PW=S KUNISTE/ON KAI\ EI),9016,1963,in_copyright,False,True,True
tlg2003,008,Flavius Claudius JULIANUS Imperator,*EI)S TH\N MHTE/RA TW=N QEW=N,5867,1963,in_copyright,False,True,True
tlg2003,009,Flavius Claudius JULIANUS Imperator,*EI)S TOU\S A)PAIDEU/TOUS KU/NAS,5777,1963,in_copyright,False,True,True
tlg2003,010,Flavius Claudius JULIANUS Imperator,*SUMPO/SION H)\ *KRO/NIA sive Caesares,6889,1964,in_copyright,False,True,True
tlg2003,011,Flavius Claudius JULIANUS Imperator,*EI)S TO\N BASILE/A *(/HLION PRO\S *SALOU/STION,7621,1964,in_copyright,False,True,True
tlg2003,012,Flavius Claudius JULIANUS Imperator,Misopogon (sc. *)ANTIOXIKO\S H)\ *MISOPW/GWN),8493,1964,in_copyright,False,True,True
tlg2003,013,Flavius Claudius JULIANUS Imperator,Epistulae,20165,1960,in_copyright,False,True,True
tlg2003,014,Flavius Claudius JULIANUS Imperator,Poematia et fragmenta,352,1960,in_copyright,False,False,False
tlg2003,015,Flavius Claudius JULIANUS Imperator,Epistulae dubiae,1626,1960,in_copyright,False,False,False
tlg2003,016,Flavius Claudius JULIANUS Imperator,Epistulae spuriae,392,1960,in_copyright,False,False,False
tlg2003,017,Flavius Claudius JULIANUS Imperator,Contra Galilaeos,11776,1880,pd_us,False,True,True
tlg2003,018,Flavius Claudius JULIANUS Imperator,Epigrammata,125,,unknown,False,False,False
tlg2003,019,Flavius Claudius JULIANUS Imperator,Testimonia,200,,unknown,False,False,False
tlg2003,020,Flavius Claudius JULIANUS Imperator,Fragmentum,28,1979,in_copyright,False,False,False
tlg2003,X01,Flavius Claudius JULIANUS Imperator,Aenigmata,,,unknown,False,False,False
tlg2004,001,AMELII EPISTULA,Amelii epistula,243,1873,pd_us,False,False,False
tlg2005,001,MARTYRIUM PIONII,Martyrium Pionii presbyteri et sodalium,4480,1972,in_copyright,False,False,False
tlg2006,001,SYNESIUS,Epistulae,40228,1873,pd_us,False,False,False
tlg2006,002,SYNESIUS,Oratio de regno,9343,1944,in_copyright,False,False,False
tlg2006,003,SYNESIUS,Aegyptii sive de providentia,11987,1944,in_copyright,False,False,False
tlg2006,004,SYNESIUS,Ad Paeonium de dono astrolabii,1787,1944,in_copyright,False,False,False
tlg2006,005,SYNESIUS,De insomniis,7697,1944,in_copyright,False,False,False
tlg2006,006,SYNESIUS,Calvitii encomium,7543,1944,in_copyright,False,False,False
tlg2006,007,SYNESIUS,Dion,8316,1944,in_copyright,False,False,False
tlg2006,008,SYNESIUS,Homiliae,665,1944,in_copyright,False,False,False
tlg2006,009,SYNESIUS,Catastases,1871,1944,in_copyright,False,False,False
tlg2006,010,SYNESIUS,Hymni,4228,1968,in_copyright,False,False,False
tlg2006,011,SYNESIUS,Epigrammata,18,,unknown,False,False,False
tlg2006,X01,SYNESIUS,Epigramma exhortatorium et supplicatorium,,,unknown,False,False,False
tlg2007,001,MARTYRIUM POTAMIAENAE ET BASILIDIS,Martyrium Potamiaenae et Basilidis,402,1972,in_copyright,False,False,False
tlg2008,001,MARTYRIUM CONONIS,Martyrium Cononis,982,1972,in_copyright,False,False,False
tlg2009,001,MARTYRIUM MARINI,Martyrium Marini,265,1972,in_copyright,False,False,False
tlg2010,001,MARTYRIUM DASII,Martyrium Dasii,1102,1972,in_copyright,False,False,False
tlg2011,001,"MARTYRIUM AGAPAE, IRENAE, CHIONAE ET SODALIUM","Martyrium Agapae, Irenae, Chionae et sodalium",1813,1972,in_copyright,False,False,False
tlg2012,001,ACTA EUPLI,Acta Eupli,472,1972,in_copyright,False,False,False
tlg2014,001,ACTA PHILEAE,Acta Phileae (P. Bodmer 20),1043,1972,in_copyright,False,False,False
tlg2015,001,TESTAMENTUM XL MARTYRUM,Testamentum xl martyrum,1015,1972,in_copyright,False,False,False
tlg2016,001,PASSIO PERPETUAE ET FELICITATIS,Passio Perpetuae et Felicitatis,4057,1891,pd_us,True,False,True
tlg2017,001,GREGORIUS NYSSENUS,Ad Eustathium de sancta trinitate,2792,1958,in_copyright,False,False,False
tlg2017,002,GREGORIUS NYSSENUS,Ad Graecos ex communibus notionibus,3111,1958,in_copyright,False,False,False
tlg2017,003,GREGORIUS NYSSENUS,Ad Ablabium quod non sint tres dei,4092,1958,in_copyright,False,False,False
tlg2017,004,GREGORIUS NYSSENUS,Ad Simplicium de fide,1604,1958,in_copyright,False,False,False
tlg2017,005,GREGORIUS NYSSENUS,Adversus Arium et Sabellium de patre et filio,4019,1958,in_copyright,False,False,False
tlg2017,006,GREGORIUS NYSSENUS,Adversus Macedonianos de spiritu sancto,7710,1958,in_copyright,False,False,False
tlg2017,007,GREGORIUS NYSSENUS,Ad Theophilum adversus Apollinaristas,1732,1958,in_copyright,False,False,False
tlg2017,008,GREGORIUS NYSSENUS,Antirrheticus adversus Apollinarium,27511,1958,in_copyright,False,False,False
tlg2017,009,GREGORIUS NYSSENUS,De mortuis non esse dolendum,9338,1967,in_copyright,False,False,False
tlg2017,010,GREGORIUS NYSSENUS,De beneficentia (vulgo De pauperibus amandis i),3176,1967,in_copyright,False,False,False
tlg2017,011,GREGORIUS NYSSENUS,In illud: Quatenus uni ex his fecistis mihi fecistis,3777,1967,in_copyright,False,False,False
tlg2017,012,GREGORIUS NYSSENUS,Contra usurarios,2915,1967,in_copyright,False,False,False
tlg2017,013,GREGORIUS NYSSENUS,Contra fornicarios,1296,1967,in_copyright,False,False,False
tlg2017,014,GREGORIUS NYSSENUS,In diem luminum (vulgo In baptismum Christi oratio),4566,1967,in_copyright,False,False,False
tlg2017,015,GREGORIUS NYSSENUS,In sanctum pascha (vulgo In Christi resurrectionem oratio,5694,1967,in_copyright,False,False,False
tlg2017,016,GREGORIUS NYSSENUS,De tridui inter mortem et resurrectionem domini nostri Jesu Christi,6253,1967,in_copyright,False,False,False
tlg2017,017,GREGORIUS NYSSENUS,In sanctum et salutare pascha (vulgo In Christi,642,1967,in_copyright,False,False,False
tlg2017,018,GREGORIUS NYSSENUS,In luciferam sanctam domini resurrectionem (vulgo In,1071,1967,in_copyright,False,False,False
tlg2017,019,GREGORIUS NYSSENUS,In ascensionem Christi,990,1967,in_copyright,False,False,False
tlg2017,020,GREGORIUS NYSSENUS,De deitate adversus Evagrium (vulgo In suam,2087,1967,in_copyright,False,False,False
tlg2017,021,GREGORIUS NYSSENUS,Oratio funebris in Meletium episcopum,2475,1967,in_copyright,False,False,False
tlg2017,022,GREGORIUS NYSSENUS,Oratio consolatoria in Pulcheriam,2840,1967,in_copyright,False,False,False
tlg2017,023,GREGORIUS NYSSENUS,Oratio funebris in Flacillam imperatricem,3014,1967,in_copyright,False,False,False
tlg2017,024,GREGORIUS NYSSENUS,De instituto Christiano,9149,1963,in_copyright,False,False,False
tlg2017,025,GREGORIUS NYSSENUS,De professione Christiana ad Harmonium,2564,1963,in_copyright,False,False,False
tlg2017,026,GREGORIUS NYSSENUS,De perfectione Christiana ad Olympium monachum,7842,1963,in_copyright,False,False,False
tlg2017,027,GREGORIUS NYSSENUS,In inscriptiones Psalmorum,36066,1962,in_copyright,False,False,False
tlg2017,028,GREGORIUS NYSSENUS,In sextum Psalmum,1593,1962,in_copyright,False,False,False
tlg2017,029,GREGORIUS NYSSENUS,In Ecclesiasten (homiliae 8),31078,1962,in_copyright,False,False,False
tlg2017,030,GREGORIUS NYSSENUS,Contra Eunomium,172463,1960,in_copyright,False,False,False
tlg2017,031,GREGORIUS NYSSENUS,Refutatio confessionis Eunomii,23674,1960,in_copyright,False,False,False
tlg2017,032,GREGORIUS NYSSENUS,In Canticum canticorum (homiliae 15),79915,1960,in_copyright,False,False,False
tlg2017,033,GREGORIUS NYSSENUS,Epistulae,19280,1959,in_copyright,False,False,False
tlg2017,034,GREGORIUS NYSSENUS,De creatione hominis sermo primus [Sp.],4622,1972,in_copyright,False,False,False
tlg2017,035,GREGORIUS NYSSENUS,De creatione hominis sermo alter [Sp.],4211,1972,in_copyright,False,False,False
tlg2017,036,GREGORIUS NYSSENUS,De paradiso [Sp.],1675,1972,in_copyright,False,False,False
tlg2017,037,GREGORIUS NYSSENUS,De creatione hominis sermo primus (recensio C) [Sp.],5775,1972,in_copyright,False,False,False
tlg2017,038,GREGORIUS NYSSENUS,De creatione hominis sermo alter (recensio C) [Sp.],4683,1972,in_copyright,False,False,False
tlg2017,039,GREGORIUS NYSSENUS,De paradiso (recensio *LF) [Sp.],1927,1972,in_copyright,False,False,False
tlg2017,040,GREGORIUS NYSSENUS,Encomium in sanctum Stephanum protomartyrem i,3925,1968,in_copyright,False,False,False
tlg2017,041,GREGORIUS NYSSENUS,Vita sanctae Macrinae,9131,1971,in_copyright,False,False,False
tlg2017,042,GREGORIUS NYSSENUS,De vita Mosis,30573,1968,in_copyright,False,False,False
tlg2017,043,GREGORIUS NYSSENUS,De virginitate,20454,1966,in_copyright,False,False,False
tlg2017,044,GREGORIUS NYSSENUS,De virginitate (recensio altera),634,1966,in_copyright,False,False,False
tlg2017,046,GREGORIUS NYSSENUS,Oratio catechetica magna,20996,1903,pd_us,False,False,False
tlg2017,047,GREGORIUS NYSSENUS,De oratione dominica orationes v,16472,1859,pd_us,False,False,False
tlg2017,048,GREGORIUS NYSSENUS,In Basilium fratrem,6327,1928,pd_us,False,False,False
tlg2017,049,GREGORIUS NYSSENUS,Oratio in diem natalem Christi,4931,1975,in_copyright,False,False,False
tlg2017,051,GREGORIUS NYSSENUS,In annuntiationem [Sp.],1764,1962,in_copyright,False,False,False
tlg2017,052,GREGORIUS NYSSENUS,Inventio imaginis in Camulianis [Sp.],865,1899,pd_us,False,False,False
tlg2017,053,GREGORIUS NYSSENUS,Orationes viii de beatitudinibus,23092,,unknown,False,False,False
tlg2017,055,GREGORIUS NYSSENUS,Ad imaginem dei et ad similitudinem [Sp.],4139,,unknown,False,False,False
tlg2017,056,GREGORIUS NYSSENUS,Dialogus de anima et resurrectione,24400,,unknown,False,False,False
tlg2017,058,GREGORIUS NYSSENUS,Testimonia adversus Judaeos [Sp.],6764,,unknown,False,False,False
tlg2017,059,GREGORIUS NYSSENUS,Adversus eos qui castigationes aegre ferunt,1980,,unknown,False,False,False
tlg2017,060,GREGORIUS NYSSENUS,De iis qui baptismum differunt,3111,,unknown,False,False,False
tlg2017,061,GREGORIUS NYSSENUS,Decem syllogismi contra Manichaeos [Sp.],234,,unknown,False,False,False
tlg2017,062,GREGORIUS NYSSENUS,De deitate filii et spiritus sancti,4752,,unknown,False,False,False
tlg2017,063,GREGORIUS NYSSENUS,De spiritu sancto sive In pentecosten,1285,,unknown,False,False,False
tlg2017,064,GREGORIUS NYSSENUS,Encomium in sanctum Stephanum protomartyrem ii,2468,,unknown,False,False,False
tlg2017,065,GREGORIUS NYSSENUS,De sancto Theodoro,2522,,unknown,False,False,False
tlg2017,066,GREGORIUS NYSSENUS,Encomium in xl martyres i,4813,,unknown,False,False,False
tlg2017,067,GREGORIUS NYSSENUS,Encomium in xl martyres ii,3004,,unknown,False,False,False
tlg2017,068,GREGORIUS NYSSENUS,In sanctum Ephraim,6413,,unknown,False,False,False
tlg2017,069,GREGORIUS NYSSENUS,De vita Gregorii Thaumaturgi,13944,,unknown,False,False,False
tlg2017,070,GREGORIUS NYSSENUS,Epistula xxvi ad Evagrium monachum [Sp.],1132,,unknown,False,False,False
tlg2017,071,GREGORIUS NYSSENUS,Sermo in illud: Hic est filius meus dilectus (ap. Joannem,217,,unknown,False,False,False
tlg2017,072,GREGORIUS NYSSENUS,"Sermo in Mariam et Joseph (ap. Joannem Damascenum, Sacra",108,,unknown,False,False,False
tlg2017,073,GREGORIUS NYSSENUS,De occursu domini [Sp.],6101,,unknown,False,False,False
tlg2017,074,GREGORIUS NYSSENUS,Tractatus ad Xenodorum (fragmentum),112,1938,in_copyright,False,False,False
tlg2017,075,GREGORIUS NYSSENUS,"Sermo in sanctum Romanum (ap. Joannem Damascenum, Sacra",65,,unknown,False,False,False
tlg2017,076,GREGORIUS NYSSENUS,Epistula canonica ad Letoium,3133,,unknown,False,False,False
tlg2017,077,GREGORIUS NYSSENUS,Liber de cognitione dei (%6 *QEOGNWSI/A) (fragmenta ap,5079,,unknown,False,False,False
tlg2017,078,GREGORIUS NYSSENUS,Apologia in hexaemeron,14827,,unknown,False,False,False
tlg2017,079,GREGORIUS NYSSENUS,De opificio hominis,28105,,unknown,False,False,False
tlg2017,080,GREGORIUS NYSSENUS,"Epistula ad Philippum monachum (ap. Joannem Damascenum, Contra",54,,unknown,False,False,False
tlg2017,081,GREGORIUS NYSSENUS,In illud: Tunc et ipse filius,5315,1986,in_copyright,False,False,False
tlg2017,082,GREGORIUS NYSSENUS,Contra fatum,6704,1986,in_copyright,False,False,False
tlg2017,083,GREGORIUS NYSSENUS,De infantibus praemature abreptis,6642,1986,in_copyright,False,False,False
tlg2017,084,GREGORIUS NYSSENUS,De pythonissa ad Theodosium episcopum,1510,1986,in_copyright,False,False,False
tlg2017,X01,GREGORIUS NYSSENUS,Ad Petrum fratrem de differentia essentiae hypostaseos,,,unknown,False,False,False
tlg2017,X02,GREGORIUS NYSSENUS,De anima [Sp.],,,unknown,False,False,False
tlg2018,001,EUSEBIUS,Praeparatio evangelica,241486,1954,in_copyright,True,False,True
tlg2018,002,EUSEBIUS,Historia ecclesiastica,102980,1952,in_copyright,True,True,True
tlg2018,003,EUSEBIUS,De martyribus Palaestinae (recensio brevior),8099,1958,in_copyright,True,False,True
tlg2018,004,EUSEBIUS,De martyribus Palaestinae (recensio prolixior),4485,1958,in_copyright,False,False,False
tlg2018,005,EUSEBIUS,Demonstratio evangelica,161238,1913,pd_us,True,False,True
tlg2018,006,EUSEBIUS,Demonstratio evangelica (fragmenta libri xv),935,1913,pd_us,False,False,False
tlg2018,007,EUSEBIUS,Contra Marcellum,18255,1972,in_copyright,True,False,True
tlg2018,008,EUSEBIUS,Epistula ad Flacillum,186,1972,in_copyright,True,False,True
tlg2018,009,EUSEBIUS,De ecclesiastica theologia,42089,1972,in_copyright,True,False,True
tlg2018,010,EUSEBIUS,De theophania (fragmenta),8802,1904,pd_us,True,False,True
tlg2018,011,EUSEBIUS,Onomasticon,18382,1904,pd_us,True,False,True
tlg2018,012,EUSEBIUS,In cantica canticorum interpretatio,1650,1883,pd_us,False,False,False
tlg2018,013,EUSEBIUS,Epistula ad Carpianum ad canones evangeliorum praemissa,383,1963,in_copyright,False,False,False
tlg2018,014,EUSEBIUS,Epistula ad Caesarienses,1219,1940,in_copyright,False,False,False
tlg2018,015,EUSEBIUS,Epistula ad Alexandrum Alexandrinum,253,1934,in_copyright,False,False,False
tlg2018,016,EUSEBIUS,Epistula ad Euphrationem,300,1934,in_copyright,False,False,False
tlg2018,017,EUSEBIUS,Contra Hieroclem,10823,1870,pd_us,False,False,False
tlg2018,018,EUSEBIUS,De mensuris et ponderibus (fragmenta),378,1864,pd_us,False,False,False
tlg2018,019,EUSEBIUS,Commentarius in Isaiam,161118,1975,in_copyright,False,False,False
tlg2018,020,EUSEBIUS,Vita Constantini,39170,1975,in_copyright,True,False,True
tlg2018,021,EUSEBIUS,Constantini imperatoris oratio ad coetum sanctorum,12021,1902,pd_us,True,False,True
tlg2018,022,EUSEBIUS,De laudibus Constantini,20162,1902,pd_us,True,False,True
tlg2018,023,EUSEBIUS,Generalis elementaria introductio (%6 Eclogae propheticae),53621,1842,pd_us,True,False,True
tlg2018,024,EUSEBIUS,Generalis elementaria introductio (fragmenta),263,1899,pd_us,False,False,False
tlg2018,025,EUSEBIUS,Antiquorum martyriorum collectio (fragmenta),3045,,unknown,False,False,False
tlg2018,026,EUSEBIUS,Passio sanctorum decem martyrum Aegyptiorum (fragmenta),441,,unknown,False,False,False
tlg2018,027,EUSEBIUS,Epistula ad Constantiam Augustam,829,,unknown,False,False,False
tlg2018,028,EUSEBIUS,Quaestiones evangelicae ad Stephanum,11826,,unknown,False,False,False
tlg2018,029,EUSEBIUS,Quaestiones evangelicae ad Marinum,3924,,unknown,False,False,False
tlg2018,030,EUSEBIUS,Supplementa ad quaestiones ad Stephanum,3594,,unknown,False,False,False
tlg2018,031,EUSEBIUS,Supplementa ad quaestiones ad Marinum,5215,,unknown,False,False,False
tlg2018,032,EUSEBIUS,Supplementa minora ad quaestiones ad Marinum,1458,,unknown,False,False,False
tlg2018,033,EUSEBIUS,De vitis prophetarum (fragmenta),1720,,unknown,False,False,False
tlg2018,034,EUSEBIUS,Commentaria in Psalmos,311746,,unknown,False,False,False
tlg2018,035,EUSEBIUS,Fragmenta in proverbia,94,,unknown,False,False,False
tlg2018,036,EUSEBIUS,Fragmenta in Danielem,554,,unknown,False,False,False
tlg2018,037,EUSEBIUS,Fragmenta in Lucam,16330,,unknown,False,False,False
tlg2018,038,EUSEBIUS,Fragmenta in Hebraeos,81,,unknown,False,False,False
tlg2018,039,EUSEBIUS,De solemnitate paschali,2545,,unknown,False,False,False
tlg2019,001,PELAGIUS,*PELAGI/OU FILOSO/FOU PERI\ TH=S QEI/AS TAU/THS KAI\ I(ERA=S TE/XNHS,1834,1888,pd_us,False,False,False
tlg2019,X01,PELAGIUS,Fragmentum alchemicum (ap. Olympiodorum),,,unknown,False,False,False
tlg2019,X02,PELAGIUS,Fragmentum alchemicum (ap. Zosimum),,,unknown,False,False,False
tlg2020,001,THEODOSIUS,Canones isagogici de flexione nominum,7080,1894,pd_us,False,False,False
tlg2020,002,THEODOSIUS,Canones isagogici de flexione verborum,10673,1894,pd_us,False,False,False
tlg2020,003,THEODOSIUS,*PERI\ GRAMMATIKH=S [Sp.] (fort. auctore Theodoro Prodromo),51371,1822,pd_us,False,False,False
tlg2020,004,THEODOSIUS,*PERI\ TO/NOU [Sp.] (fort. auctore Theodoro Prodromo),840,1822,pd_us,False,False,False
tlg2020,005,THEODOSIUS,Epitome catholicae Herodiani [Sp.] (fort. auctore quodam Theodosio,933,1822,pd_us,False,False,False
tlg2020,006,THEODOSIUS,*PERI\ KLI/SEWS TW=N EI)S <WN> BARUTO/NWN (e cod. Haun,2625,1887,pd_us,False,False,False
tlg2020,007,THEODOSIUS,*PERI\ KLI/SEWS TW=N EI)S <WN> O)CUTO/NWN (e cod. Haun,925,1887,pd_us,False,False,False
tlg2020,008,THEODOSIUS,De dialectis [Sp.] (fort. auctore Theodosio alio vel anonymo),2667,1894,pd_us,False,False,False
tlg2021,001,EPIPHANIUS,Ancoratus,39802,1915,pd_us,True,False,True
tlg2021,002,EPIPHANIUS,Panarion (%6 Adversus haereses),351979,1915,pd_us,True,False,True
tlg2021,003,EPIPHANIUS,Anacephalaeosis [Sp.],4529,1915,pd_us,True,False,True
tlg2021,004,EPIPHANIUS,De xii gemmis,1992,1898,pd_us,False,False,False
tlg2021,005,EPIPHANIUS,"De xii gemmis (fragmenta ap. Anastasium Sinai+tam,",603,,unknown,False,False,False
tlg2021,006,EPIPHANIUS,"De xii gemmis (fragmenta alia ap. Anastasium Sinai+tam,",216,,unknown,False,False,False
tlg2021,007,EPIPHANIUS,"Epistula ad Eusebium, Marcellum, Vivianum, Carpum et ad Aegyptios",828,1928,pd_us,False,False,False
tlg2021,008,EPIPHANIUS,Tractatus contra eos qui imagines faciunt (fragmenta),398,1928,pd_us,False,False,False
tlg2021,009,EPIPHANIUS,Epistula ad Theodosium imperatorem (fragmenta),464,1928,pd_us,False,False,False
tlg2021,010,EPIPHANIUS,Testamentum ad cives (fragmenta),113,1928,pd_us,False,False,False
tlg2021,011,EPIPHANIUS,Epistula ad Joannem Hierosolymitanum (fragmentum),307,1929,pd_us,False,False,False
tlg2021,012,EPIPHANIUS,Homilia in festo palmarum [Sp.],2107,,unknown,False,False,False
tlg2021,013,EPIPHANIUS,Homilia in divini corporis sepulturam [Sp.],5344,,unknown,False,False,False
tlg2021,014,EPIPHANIUS,Homilia in Christi resurrectionem (inc. *(O TH=S DIKAIOSU/NHS),2680,,unknown,False,False,False
tlg2021,015,EPIPHANIUS,Homilia in assumptionem Christi [Sp.],1537,,unknown,False,False,False
tlg2021,016,EPIPHANIUS,Homilia in laudes Mariae deiparae [Sp.],3325,,unknown,False,False,False
tlg2021,017,EPIPHANIUS,Homilia in festo palmarum (fragmentum) [Sp.],793,,unknown,False,False,False
tlg2021,018,EPIPHANIUS,Tractatus de numerorum mysteriis [Sp.],1739,,unknown,False,False,False
tlg2021,019,EPIPHANIUS,Fragmenta precationis et exorcismi [Sp.],57,,unknown,False,False,False
tlg2021,020,EPIPHANIUS,Enumeratio lxxii prophetarum et prophetissarum [Sp.],285,1907,pd_us,False,False,False
tlg2021,021,EPIPHANIUS,De prophetarum vita et obitu (recensio prior) [Sp.],3825,1907,pd_us,False,False,False
tlg2021,022,EPIPHANIUS,De prophetarum vita et obitu (recensio altera) [Sp.],2593,1907,pd_us,False,False,False
tlg2021,023,EPIPHANIUS,Index apostolorum [Sp.],1313,1907,pd_us,False,False,False
tlg2021,024,EPIPHANIUS,Index discipulorum [Sp.],1265,1907,pd_us,False,False,False
tlg2021,025,EPIPHANIUS,Nomina apostolorum [Sp.],174,1907,pd_us,False,False,False
tlg2021,026,EPIPHANIUS,Testimonia ex divinis et sacris scripturis (%6 De divina,6820,1974,in_copyright,False,False,False
tlg2021,027,EPIPHANIUS,Notitiae episcopatuum [Sp.],1554,1901,pd_us,False,False,False
tlg2021,028,EPIPHANIUS,Apophthegmata (ap. Apophthegmata patrum) [Sp.],767,,unknown,False,False,False
tlg2021,029,EPIPHANIUS,De fide (fragmentum) [Sp.],64,1907,pd_us,False,False,False
tlg2021,030,EPIPHANIUS,De trinitate (fragmentum) [Sp.],36,1907,pd_us,False,False,False
tlg2021,031,EPIPHANIUS,Liturgia praesanctificatorum,3465,1955,in_copyright,False,False,False
tlg2021,032,EPIPHANIUS,Anaphora Graeca (fragmenta) [Sp.],285,1960,in_copyright,False,False,False
tlg2021,033,EPIPHANIUS,De mensuris et ponderibus,8739,1973,in_copyright,False,False,False
tlg2021,036,EPIPHANIUS,De mensuris et ponderibus (excerptum Graecum 2),633,1877,pd_us,False,False,False
tlg2021,037,EPIPHANIUS,De mensuris et ponderibus (excerptum Graecum 3),829,1890,pd_us,False,False,False
tlg2021,038,EPIPHANIUS,De mensuris et ponderibus (excerptum Graecum 4),2979,1864,pd_us,False,False,False
tlg2021,039,EPIPHANIUS,De mensuris et ponderibus (ap. Cosmam) (excerptum Graecum 6),197,1973,in_copyright,False,False,False
tlg2021,040,EPIPHANIUS,De mensuris et ponderibus (ap. Chronicon paschale) (excerptum,176,,unknown,False,False,False
tlg2021,041,EPIPHANIUS,De mensuris et ponderibus (ap. Joannem Damascenum) (excerptum,286,1973,in_copyright,False,False,False
tlg2021,042,EPIPHANIUS,Homilia in Christi resurrectionem (inc. *NU=N TO\ PE/NQOS),705,1953,in_copyright,False,False,False
tlg2021,043,EPIPHANIUS,Appendices ad indices apostolorum discipulorumque,616,1907,pd_us,False,False,False
tlg2021,X01,EPIPHANIUS,Epistula ad Arabos,,,unknown,False,False,False
tlg2021,X02,EPIPHANIUS,Physiologus,,,unknown,False,False,False
tlg2022,001,GREGORIUS NAZIANZENUS,Epistulae,42908,1964,in_copyright,False,False,False
tlg2022,002,GREGORIUS NAZIANZENUS,Epistulae theologicae,4507,1974,in_copyright,False,False,False
tlg2022,003,GREGORIUS NAZIANZENUS,Christus patiens [Dub.] (fort. auctore Constantino Manasse),16043,1969,in_copyright,True,False,True
tlg2022,004,GREGORIUS NAZIANZENUS,De vita sua,11888,1974,in_copyright,False,False,False
tlg2022,005,GREGORIUS NAZIANZENUS,Funebris in laudem Caesarii fratris oratio (orat. 7),5549,1908,pd_us,False,False,False
tlg2022,006,GREGORIUS NAZIANZENUS,Funebris oratio in laudem Basilii Magni Caesareae in Cappadocia,17970,1908,pd_us,False,False,False
tlg2022,007,GREGORIUS NAZIANZENUS,Adversus Eunomianos (orat. 27),2105,1963,in_copyright,True,False,True
tlg2022,008,GREGORIUS NAZIANZENUS,De theologia (orat. 28),7443,1963,in_copyright,True,False,True
tlg2022,009,GREGORIUS NAZIANZENUS,De filio (orat. 29),4901,1963,in_copyright,True,False,True
tlg2022,010,GREGORIUS NAZIANZENUS,De filio (orat. 30),4947,1963,in_copyright,True,False,True
tlg2022,011,GREGORIUS NAZIANZENUS,,6288,1963,in_copyright,True,False,True
tlg2022,012,GREGORIUS NAZIANZENUS,Comparatio vitarum (%6 carmen morale 8),1599,1953,in_copyright,False,False,False
tlg2022,013,GREGORIUS NAZIANZENUS,"De testamentis et adventu Christi (%6 carmen dogmaticum 9,",424,1946,in_copyright,False,False,False
tlg2022,014,GREGORIUS NAZIANZENUS,Alphabeticum paraeneticum 1 (e cod. Patm. 33),145,1890,pd_us,False,False,False
tlg2022,015,GREGORIUS NAZIANZENUS,In sanctum pascha et in tarditatem (orat. 1),845,,unknown,False,False,False
tlg2022,016,GREGORIUS NAZIANZENUS,Apologetica (orat. 2),14922,,unknown,False,False,False
tlg2022,017,GREGORIUS NAZIANZENUS,Ad eos qui ipsum acciverant nec occurrerant (orat. 3),1042,,unknown,False,False,False
tlg2022,018,GREGORIUS NAZIANZENUS,Contra Julianum imperatorem 1 (orat. 4),18851,,unknown,False,False,False
tlg2022,019,GREGORIUS NAZIANZENUS,Contra Julianum imperatorem 2 (orat. 5),7878,,unknown,False,False,False
tlg2022,020,GREGORIUS NAZIANZENUS,De pace 1 (orat. 6),4821,,unknown,False,False,False
tlg2022,021,GREGORIUS NAZIANZENUS,In laudem sororis Gorgoniae (orat. 8),4475,,unknown,False,False,False
tlg2022,022,GREGORIUS NAZIANZENUS,Apologeticus ad patrem (orat. 9),1206,,unknown,False,False,False
tlg2022,023,GREGORIUS NAZIANZENUS,In seipsum ad patrem et Basilium magnum (orat. 10),801,,unknown,False,False,False
tlg2022,024,GREGORIUS NAZIANZENUS,Ad Gregorium Nyssenum (orat. 11),1616,,unknown,False,False,False
tlg2022,025,GREGORIUS NAZIANZENUS,Ad patrem (orat. 12),1229,,unknown,False,False,False
tlg2022,026,GREGORIUS NAZIANZENUS,In consecratione Eulalii Doarensium episcopi (orat. 13),646,,unknown,False,False,False
tlg2022,027,GREGORIUS NAZIANZENUS,De pauperum amore (orat. 14),8551,,unknown,False,False,False
tlg2022,028,GREGORIUS NAZIANZENUS,In Machabaeorum laudem (orat. 15),3246,,unknown,False,False,False
tlg2022,029,GREGORIUS NAZIANZENUS,In patrem tacentem (orat. 16),4712,,unknown,False,False,False
tlg2022,030,GREGORIUS NAZIANZENUS,Ad cives Nazianzenos (orat. 17),2648,,unknown,False,False,False
tlg2022,031,GREGORIUS NAZIANZENUS,Funebris oratio in patrem (orat. 18),9574,,unknown,False,False,False
tlg2022,032,GREGORIUS NAZIANZENUS,Ad Julianum tributorum exaequatorem (orat. 19),3292,,unknown,False,False,False
tlg2022,033,GREGORIUS NAZIANZENUS,De dogmate et constitutione episcoporum (orat. 20),2471,,unknown,False,False,False
tlg2022,034,GREGORIUS NAZIANZENUS,In laudem Athanasii (orat. 21),7310,,unknown,False,False,False
tlg2022,035,GREGORIUS NAZIANZENUS,De pace 2 (orat. 22),3543,,unknown,False,False,False
tlg2022,036,GREGORIUS NAZIANZENUS,De pace 3 (orat. 23),2704,,unknown,False,False,False
tlg2022,037,GREGORIUS NAZIANZENUS,In laudem Cypriani (orat. 24),3776,,unknown,False,False,False
tlg2022,038,GREGORIUS NAZIANZENUS,In laudem Heronis philosophi (orat. 25),4411,,unknown,False,False,False
tlg2022,039,GREGORIUS NAZIANZENUS,"In seipsum, cum rure rediisset, post ea quae a Maximo perpetrata",4095,,unknown,False,False,False
tlg2022,040,GREGORIUS NAZIANZENUS,De moderatione in disputando (orat. 32),6621,,unknown,False,False,False
tlg2022,041,GREGORIUS NAZIANZENUS,Contra Arianos et de seipso (orat. 33),3431,,unknown,False,False,False
tlg2022,042,GREGORIUS NAZIANZENUS,In Aegyptiorum adventum (orat. 34),2403,,unknown,False,False,False
tlg2022,043,GREGORIUS NAZIANZENUS,De martyribus et adversus Arianos (orat. 35) [Sp.],1064,,unknown,False,False,False
tlg2022,044,GREGORIUS NAZIANZENUS,De seipso et ad eos qui ipsum cathedram Constantinopolitanam affectare,2629,,unknown,False,False,False
tlg2022,045,GREGORIUS NAZIANZENUS,In dictum evangelii: Cum consummasset Jesus hos sermones (orat. 37),4366,,unknown,False,False,False
tlg2022,046,GREGORIUS NAZIANZENUS,In theophania (orat. 38),3550,,unknown,False,False,False
tlg2022,047,GREGORIUS NAZIANZENUS,In sancta lumina (orat. 39),4012,,unknown,False,False,False
tlg2022,048,GREGORIUS NAZIANZENUS,In sanctum baptisma (orat. 40),10900,,unknown,False,False,False
tlg2022,049,GREGORIUS NAZIANZENUS,In pentecosten (orat. 41),3776,,unknown,False,False,False
tlg2022,050,GREGORIUS NAZIANZENUS,Supremum vale (orat. 42),5797,,unknown,False,False,False
tlg2022,051,GREGORIUS NAZIANZENUS,In novam Dominicam (orat. 44),2224,,unknown,False,False,False
tlg2022,052,GREGORIUS NAZIANZENUS,In sanctum pascha (orat. 45),6819,,unknown,False,False,False
tlg2022,053,GREGORIUS NAZIANZENUS,Significatio in Ezechielem [Sp.],533,,unknown,False,False,False
tlg2022,054,GREGORIUS NAZIANZENUS,Fragmentum ex oratione contra astronomos [Sp.],917,,unknown,False,False,False
tlg2022,055,GREGORIUS NAZIANZENUS,Liturgia sancti Gregorii [Sp.],5875,,unknown,False,False,False
tlg2022,056,GREGORIUS NAZIANZENUS,,91,1841,pd_us,False,False,False
tlg2022,057,GREGORIUS NAZIANZENUS,Epigrammata,6776,,unknown,False,False,False
tlg2022,058,GREGORIUS NAZIANZENUS,Testamentum,1186,1868,pd_us,False,False,False
tlg2022,059,GREGORIUS NAZIANZENUS,Carmina dogmatica,11038,,unknown,False,False,False
tlg2022,060,GREGORIUS NAZIANZENUS,Carmina moralia,38594,,unknown,True,False,True
tlg2022,061,GREGORIUS NAZIANZENUS,Carmina de se ipso,29518,,unknown,False,False,False
tlg2022,062,GREGORIUS NAZIANZENUS,Carmina quae spectant ad alios,11350,,unknown,False,False,False
tlg2022,065,GREGORIUS NAZIANZENUS,Alphabeticum A [Sp.],142,1894,pd_us,False,False,False
tlg2022,066,GREGORIUS NAZIANZENUS,*(O PROTREPTIKO\S EI)S U(POMONH\N H)\ PRO\S TOU\S NEWSTI\,759,1976,in_copyright,False,False,False
tlg2022,X01,GREGORIUS NAZIANZENUS,Epigramma demonstrativum,,,unknown,False,False,False
tlg2022,X02,GREGORIUS NAZIANZENUS,Metaphrasis in Ecclesiasten [Sp.],,,unknown,False,False,False
tlg2022,X03,GREGORIUS NAZIANZENUS,Alphabeticum paraeneticum 2 (e cod. Vind. philos. gr. 165 N),,,unknown,False,False,False
tlg2022,X04,GREGORIUS NAZIANZENUS,Philocalia (e collectione Gregorii et Basilii Caesariensi),,,unknown,False,False,False
tlg2023,001,IAMBLICHUS,De vita Pythagorica,30873,1937,in_copyright,True,False,True
tlg2023,002,IAMBLICHUS,Protrepticus,26867,1888,pd_us,True,False,True
tlg2023,003,IAMBLICHUS,De communi mathematica scientia,20536,1891,pd_us,True,False,True
tlg2023,004,IAMBLICHUS,In Nicomachi arithmeticam introductionem,27506,1894,pd_us,True,False,True
tlg2023,005,IAMBLICHUS,Theologoumena arithmeticae,17193,1922,pd_us,False,False,False
tlg2023,006,IAMBLICHUS,De mysteriis,42940,1966,in_copyright,True,False,True
tlg2025,002,MAXIMUS,*PERI\ TW=N A)LU/TWN A)NTIQE/SEWN (fort. auctore Maximo,3034,1931,in_copyright,False,False,False
tlg2027,001,Valerius APSINES,Ars rhetorica,19515,1856,pd_us,True,False,True
tlg2027,002,Valerius APSINES,*PERI\ TW=N E)SXHMATISME/NWN PROBLHMA/TWN,1911,1856,pd_us,True,False,True
tlg2029,001,ANONYMI GEOGRAPHIA IN SPHAERA INTELLIGENDA,Anonymi summaria ratio geographiae in sphaera intelligendae,1979,1861,pd_us,True,False,True
tlg2030,001,GEOGRAPHICA ADESPOTA (GGM),Fragmenta,209,1861,pd_us,False,False,False
tlg2031,001,SOPATER,*DIAI/RESIS ZHTHMA/TWN,92266,1835,pd_us,False,False,False
tlg2031,002,SOPATER,Scholia ad Hermogenis status seu artem rhetoricam,55814,1833,pd_us,False,False,False
tlg2031,003,SOPATER,Prolegomena in Aristidem,5343,1829,pd_us,False,False,False
tlg2032,001,PAPPUS,Synagoge,140475,1876,pd_us,True,False,True
tlg2032,002,PAPPUS,Commentaria in Ptolemaei syntaxin mathematicam 5%19`6,62506,1931,in_copyright,False,False,False
tlg2032,X01,PAPPUS,Introductio harmonica,,,unknown,False,False,False
tlg2033,001,THEON,Commentaria in Ptolemaei syntaxin mathematicam i%19iv,149170,1936,in_copyright,False,False,False
tlg2033,002,THEON,*EI)S TOU\S PROXEI/ROUS KANO/NAS (commentarium parvum),16540,1978,in_copyright,False,False,False
tlg2033,006,THEON,Testimonia,75,,unknown,False,False,False
tlg2033,007,THEON,Epigrammata,63,,unknown,False,False,False
tlg2033,009,THEON,*(UPO/MNHMA EI)S TOU\S PROXEI/ROUS *PTOLEMAI/OU KANO/NAS,35901,1985,in_copyright,False,False,False
tlg2033,X01,THEON,Opticorum recensio Theonis,,,unknown,False,False,False
tlg2033,X02,THEON,Scholia in opticorum recensionem Theonis,,,unknown,False,False,False
tlg2033,X03,THEON,Epigrammata demonstrativa,,,unknown,False,False,False
tlg2033,X04,THEON,Elementorum recensio Theonis,,,unknown,False,False,False
tlg2033,X05,THEON,Datorum recensio Theonis,,,unknown,False,False,False
tlg2033,X06,THEON,Arati genus (olim sub auctore Theone Alexandrino Gramm. vel Theone,,,unknown,False,False,False
tlg2033,X07,THEON,Epistula ad Julianum quendam data (olim sub auctore Theone,,,unknown,False,False,False
tlg2034,001,PORPHYRIUS,Vita Plotini,8123,1951,in_copyright,False,False,False
tlg2034,002,PORPHYRIUS,Vita Pythagorae,6077,1886,pd_us,True,False,True
tlg2034,003,PORPHYRIUS,De abstinentia,36196,1886,pd_us,True,False,True
tlg2034,004,PORPHYRIUS,De antro nympharum,4993,1969,in_copyright,False,False,False
tlg2034,005,PORPHYRIUS,Ad Marcellam,4676,1969,in_copyright,True,False,True
tlg2034,006,PORPHYRIUS,Isagoge sive quinque voces,5907,1887,pd_us,True,False,True
tlg2034,007,PORPHYRIUS,In Aristotelis categorias expositio per interrogationem et,31264,1887,pd_us,True,False,True
tlg2034,008,PORPHYRIUS,Sententiae ad intelligibilia ducentes,7813,1975,in_copyright,False,False,False
tlg2034,009,PORPHYRIUS,In Platonis Timaeum commentaria (fragmenta),10834,1964,in_copyright,False,False,False
tlg2034,010,PORPHYRIUS,Chronica,5886,,unknown,False,False,False
tlg2034,011,PORPHYRIUS,De philosophia ex oraculis,3921,1856,pd_us,False,False,False
tlg2034,012,PORPHYRIUS,*PERI\ A)GALMA/TWN,3106,1913,pd_us,False,False,False
tlg2034,013,PORPHYRIUS,Epistula ad Anebonem,3924,1958,in_copyright,False,False,False
tlg2034,014,PORPHYRIUS,Quaestionum Homericarum ad Iliadem pertinentium reliquiae,69704,1880,pd_us,True,False,True
tlg2034,015,PORPHYRIUS,Zetemata codicis Vaticani,12704,1882,pd_us,True,False,True
tlg2034,016,PORPHYRIUS,Quaestionum Homericarum ad Odysseam pertinentium reliquiae,26018,1890,pd_us,False,False,False
tlg2034,017,PORPHYRIUS,Quaestionum Homericarum liber i (recensio V),12995,1970,in_copyright,False,False,False
tlg2034,018,PORPHYRIUS,Quaestionum Homericarum liber i (recensio *X),12508,1970,in_copyright,False,False,False
tlg2034,019,PORPHYRIUS,Quaestionum Homericarum liber i (recensio T),158,1970,in_copyright,False,False,False
tlg2034,020,PORPHYRIUS,Quaestionum Homericarum liber i (recensio B),124,1970,in_copyright,False,False,False
tlg2034,021,PORPHYRIUS,*EI)S TA\ A(RMONIKA\ *PTOLEMAI/OU U(PO/MNHMA,58903,1932,in_copyright,False,False,False
tlg2034,022,PORPHYRIUS,Commentarium in Platonis Timaeum (fragmentum incertum),290,1964,in_copyright,False,False,False
tlg2034,023,PORPHYRIUS,Contra Christianos (fragmenta),10420,1916,pd_us,False,False,False
tlg2034,024,PORPHYRIUS,Testimonia,140,,unknown,False,False,False
tlg2034,025,PORPHYRIUS,Fragmenta,5343,,unknown,False,False,False
tlg2034,027,PORPHYRIUS,Historia philosophiae (fragmenta),1928,1886,pd_us,True,False,True
tlg2034,029,PORPHYRIUS,In Platonis Parmenidem commentaria (fragmenta),3498,1968,in_copyright,False,False,False
tlg2034,X01,PORPHYRIUS,Ad Gaurum quomodo animetur fetus,,,unknown,False,False,False
tlg2035,001,ATHANASIUS,Contra gentes,18284,1971,in_copyright,False,False,False
tlg2035,002,ATHANASIUS,De incarnatione verbi,20263,1973,in_copyright,True,False,True
tlg2035,003,ATHANASIUS,De decretis Nicaenae synodi,20507,1940,in_copyright,True,False,True
tlg2035,004,ATHANASIUS,De sententia Dionysii,7347,1940,in_copyright,False,False,False
tlg2035,005,ATHANASIUS,Apologia contra Arianos sive Apologia secunda,26491,1940,in_copyright,False,False,False
tlg2035,006,ATHANASIUS,Epistula encyclica,2783,1940,in_copyright,False,False,False
tlg2035,007,ATHANASIUS,Epistula ad Serapionem de morte Arii,947,1940,in_copyright,False,False,False
tlg2035,008,ATHANASIUS,Epistula ad monachos,637,1940,in_copyright,False,False,False
tlg2035,009,ATHANASIUS,Historia Arianorum,18489,1940,in_copyright,False,False,False
tlg2035,010,ATHANASIUS,De synodis Arimini in Italia et Seleuciae in Isauria,19971,1940,in_copyright,False,False,False
tlg2035,011,ATHANASIUS,Apologia ad Constantium imperatorem,8617,1958,in_copyright,False,False,False
tlg2035,012,ATHANASIUS,Apologia de fuga sua,6093,1958,in_copyright,False,False,False
tlg2035,013,ATHANASIUS,Epistula ad Amun,1010,,unknown,False,False,False
tlg2035,014,ATHANASIUS,Epistula festalis xxxix (fragmentum in collectione canonum),643,,unknown,False,False,False
tlg2035,015,ATHANASIUS,Epistula ad Rufinianum,519,,unknown,False,False,False
tlg2035,016,ATHANASIUS,De non participando divinis mysteriis sine discrimine [Sp.],264,,unknown,False,False,False
tlg2035,017,ATHANASIUS,In illud: Profecti in pagum invenietis pullum alligatum [Sp.],2865,1962,in_copyright,False,False,False
tlg2035,018,ATHANASIUS,Homilia in illud: Ite in castellum [Sp.],2148,1962,in_copyright,False,False,False
tlg2035,019,ATHANASIUS,Homilia in illud: Euntem autem illo [Sp.],2759,1962,in_copyright,False,False,False
tlg2035,020,ATHANASIUS,Sermo in ramos palmarum [Sp.],735,1962,in_copyright,False,False,False
tlg2035,021,ATHANASIUS,Homilia de jejunio et de passione Christi [Sp.],588,1962,in_copyright,False,False,False
tlg2035,023,ATHANASIUS,Sermo major de fide [Sp.],7622,1925,pd_us,False,False,False
tlg2035,024,ATHANASIUS,Quaestio 136 e quaestionibus ad Antiochum ducem (e cod. Paris. 635),353,1857,pd_us,False,False,False
tlg2035,025,ATHANASIUS,Quaestio 136 e quaestionibus ad Antiochum ducem (e cod,323,1857,pd_us,False,False,False
tlg2035,026,ATHANASIUS,Doctrina ad Antiochum ducem [Sp.],9590,1857,pd_us,False,False,False
tlg2035,027,ATHANASIUS,De sancta trinitate (dialogi 2 and 4) [Sp.],9044,1970,in_copyright,False,False,False
tlg2035,028,ATHANASIUS,Epistula ad imperatorem Jovianum [Sp.],206,1970,in_copyright,False,False,False
tlg2035,029,ATHANASIUS,De virginitate [Sp.],5992,1905,pd_us,False,False,False
tlg2035,030,ATHANASIUS,Commentarius de templo Athenarum [Sp.],860,1923,pd_us,False,False,False
tlg2035,031,ATHANASIUS,Sermo major (collatio cod. Laurentiani gr. 4.23) [Sp.],3338,1962,in_copyright,False,False,False
tlg2035,032,ATHANASIUS,Commentarius de templo Athenarum (cod. Bodleianus Roe 5) [Sp.],600,1935,in_copyright,False,False,False
tlg2035,033,ATHANASIUS,Epistula ad Liberium [Sp.],377,1972,in_copyright,False,False,False
tlg2035,034,ATHANASIUS,Dialogus Athanasii et Zacchaei [Sp.],9494,1898,pd_us,False,False,False
tlg2035,035,ATHANASIUS,De morbo et valetudine (fragmenta),1038,1938,in_copyright,False,False,False
tlg2035,036,ATHANASIUS,Oratio in resurrectionem et in recens baptizatos [Sp.],816,1973,in_copyright,False,False,False
tlg2035,037,ATHANASIUS,De fallacia diaboli (%6 Homilia in diabolum) [Sp.],2650,1935,in_copyright,False,False,False
tlg2035,038,ATHANASIUS,Sermo exhortatorius [Sp.] (e cod. Paris. gr. 769),527,1908,pd_us,False,False,False
tlg2035,039,ATHANASIUS,In illud: Omnia mihi tradita sunt,2257,,unknown,False,False,False
tlg2035,040,ATHANASIUS,Epistula ad Dracontium,1968,,unknown,False,False,False
tlg2035,041,ATHANASIUS,Epistula ad episcopos Aegypti et Libyae,8221,,unknown,False,False,False
tlg2035,042,ATHANASIUS,Orationes tres contra Arianos,79419,,unknown,False,False,False
tlg2035,043,ATHANASIUS,Epistulae quattuor ad Serapionem,20835,,unknown,False,False,False
tlg2035,044,ATHANASIUS,In illud: Qui dixerit verbum in filium,4693,,unknown,False,False,False
tlg2035,045,ATHANASIUS,Tomus ad Antiochenos,2334,,unknown,False,False,False
tlg2035,046,ATHANASIUS,Petitiones Arianorum,786,,unknown,False,False,False
tlg2035,047,ATHANASIUS,Vita Antonii,19169,,unknown,False,False,False
tlg2035,049,ATHANASIUS,Epistula ad Afros episcopos,3656,,unknown,False,False,False
tlg2035,050,ATHANASIUS,Epistula ad Adelphium,2268,,unknown,False,False,False
tlg2035,051,ATHANASIUS,Epistula ad Maximum,1010,,unknown,False,False,False
tlg2035,052,ATHANASIUS,Epistula ad Joannem et Antiochum presbyteros,212,,unknown,False,False,False
tlg2035,053,ATHANASIUS,Epistula ad Palladium,267,,unknown,False,False,False
tlg2035,054,ATHANASIUS,Fragmenta varia,4729,,unknown,False,False,False
tlg2035,055,ATHANASIUS,Epistula ad monachos,250,,unknown,False,False,False
tlg2035,056,ATHANASIUS,Sermo de patientia [Sp.],2720,,unknown,False,False,False
tlg2035,057,ATHANASIUS,Scholia in Acta (fort. ex libris Contra Novatianos),547,,unknown,False,False,False
tlg2035,058,ATHANASIUS,De azymis [Sp.],958,,unknown,False,False,False
tlg2035,059,ATHANASIUS,Epistula ad Marcellinum de interpretatione Psalmorum,8118,,unknown,False,False,False
tlg2035,060,ATHANASIUS,Argumentum in Psalmos [Sp.],821,,unknown,False,False,False
tlg2035,061,ATHANASIUS,Expositiones in Psalmos,104276,,unknown,False,False,False
tlg2035,062,ATHANASIUS,Scholia in cantica canticorum,280,,unknown,False,False,False
tlg2035,063,ATHANASIUS,Homilia in Canticum canticorum [Sp.],2522,,unknown,False,False,False
tlg2035,064,ATHANASIUS,Testimonia e scriptura (de communi essentia patris et filii et spiritus,9866,,unknown,False,False,False
tlg2035,065,ATHANASIUS,Epistula catholica [Sp.],492,,unknown,False,False,False
tlg2035,066,ATHANASIUS,Refutatio hypocriseos Meletii et Eusebii [Sp.],622,,unknown,False,False,False
tlg2035,067,ATHANASIUS,Contra Sabellianos [Sp.],4914,,unknown,False,False,False
tlg2035,068,ATHANASIUS,De sabbatis et circumcisione [Sp.],1826,,unknown,False,False,False
tlg2035,069,ATHANASIUS,Homilia de semente [Sp.],5375,,unknown,False,False,False
tlg2035,070,ATHANASIUS,Homilia de passione et cruce domini [Sp.],12729,,unknown,False,False,False
tlg2035,071,ATHANASIUS,Synopsis scripturae sacrae [Sp.],32990,,unknown,False,False,False
tlg2035,072,ATHANASIUS,Disputatio contra Arium [Sp.],13141,,unknown,False,False,False
tlg2035,073,ATHANASIUS,Sermo contra omnes haereses [Sp.],3778,,unknown,False,False,False
tlg2035,074,ATHANASIUS,Historia de Melchisedech [Sp.],1228,,unknown,False,False,False
tlg2035,075,ATHANASIUS,Liber de definitionibus [Sp.],4576,,unknown,False,False,False
tlg2035,076,ATHANASIUS,Sermo ad Antiochum ducem [Sp.],1940,,unknown,False,False,False
tlg2035,077,ATHANASIUS,Quaestiones ad Antiochum ducem [Sp.],20206,,unknown,False,False,False
tlg2035,078,ATHANASIUS,Quaestiones in evangelia [Sp.],1615,,unknown,False,False,False
tlg2035,079,ATHANASIUS,Fragmentum sermonis de imaginibus [Sp.],351,,unknown,False,False,False
tlg2035,080,ATHANASIUS,Quaestiones in scripturam sacram [Sp.],12451,,unknown,False,False,False
tlg2035,081,ATHANASIUS,Quaestiones aliae [Sp.],4991,,unknown,False,False,False
tlg2035,082,ATHANASIUS,Narratio de cruce seu imagine Berytensi [Sp.],3255,,unknown,False,False,False
tlg2035,083,ATHANASIUS,Sermo contra Latinos [Sp.],1883,,unknown,False,False,False
tlg2035,084,ATHANASIUS,Vitae monasticae institutio [Sp.],779,,unknown,False,False,False
tlg2035,085,ATHANASIUS,Epistulae ad Castorem [Sp.],11750,,unknown,False,False,False
tlg2035,086,ATHANASIUS,In nativitatem praecursoris [Sp.],1746,,unknown,False,False,False
tlg2035,087,ATHANASIUS,Sermo in annuntiationem deiparae [Sp.],4947,,unknown,False,False,False
tlg2035,088,ATHANASIUS,Sermo de descriptione deiparae [Sp.],2868,,unknown,False,False,False
tlg2035,089,ATHANASIUS,Sermo in nativitatem Christi [Sp.],2717,,unknown,False,False,False
tlg2035,090,ATHANASIUS,Homilia in occursum domini [Sp.],5484,,unknown,False,False,False
tlg2035,091,ATHANASIUS,In caecum a nativitate [Sp.],4509,,unknown,False,False,False
tlg2035,094,ATHANASIUS,Homilia in sanctos patres et prophetas [Sp.],2207,,unknown,False,False,False
tlg2035,099,ATHANASIUS,Dialogi duo contra Macedonianos [Sp.],10701,,unknown,False,False,False
tlg2035,100,ATHANASIUS,Syntagma ad quendam politicum [Sp.],2997,,unknown,False,False,False
tlg2035,101,ATHANASIUS,Sermo pro iis qui saeculo renuntiarunt [Sp.],2440,,unknown,False,False,False
tlg2035,102,ATHANASIUS,Doctrina ad monachos [Sp.],1280,,unknown,False,False,False
tlg2035,103,ATHANASIUS,De corpore et anima [Sp.],550,,unknown,False,False,False
tlg2035,104,ATHANASIUS,Vita sanctae Syncleticae [Sp.],14644,,unknown,False,False,False
tlg2035,105,ATHANASIUS,Epistula ad episcopum Persarum [Sp.],593,,unknown,False,False,False
tlg2035,106,ATHANASIUS,"Symbolum ""quicumque"" [Sp.]",2528,,unknown,False,False,False
tlg2035,107,ATHANASIUS,De trinitate [Sp.],499,,unknown,False,False,False
tlg2035,109,ATHANASIUS,"De sancta trinitate (dialogi 1, 3, 5) [Sp.]",26460,,unknown,False,False,False
tlg2035,110,ATHANASIUS,Epistula ad Epictetum,3323,1911,pd_us,False,False,False
tlg2035,111,ATHANASIUS,Quaestio cxii ad Antiochum ducem in collectione canonum,196,,unknown,False,False,False
tlg2035,115,ATHANASIUS,Scholia in Job,917,,unknown,False,False,False
tlg2035,116,ATHANASIUS,Scholia in Job (e cod. Vat. Pii II),1336,1888,pd_us,False,False,False
tlg2035,117,ATHANASIUS,Oratio quarta contra Arianos [Sp.],11093,1917,pd_us,True,False,True
tlg2035,118,ATHANASIUS,"Syntagma ad monachos (e cod. Vossiano gr., fol. 46) [Sp.]",1890,1890,pd_us,False,False,False
tlg2035,119,ATHANASIUS,Epistula ad Jovianum,835,,unknown,False,False,False
tlg2035,120,ATHANASIUS,Epistula ad monachos,217,1930,pd_us,False,False,False
tlg2035,121,ATHANASIUS,Epistula ad Epiphanium (fragmentum ap. Chronicon paschale),121,,unknown,False,False,False
tlg2035,122,ATHANASIUS,Homilia in illud: Nunc anima mea turbata est (fragmenta),811,,unknown,False,False,False
tlg2035,123,ATHANASIUS,Epistula ad Eupsychium (fragmenta),274,,unknown,False,False,False
tlg2035,124,ATHANASIUS,De incarnatione contra Apollinarium libri ii [Sp.],12436,,unknown,False,False,False
tlg2035,125,ATHANASIUS,Homilia de passione et cruce domini (additamenta),310,,unknown,False,False,False
tlg2035,126,ATHANASIUS,Didascalia cccxviii patrum Nicaenorum [Sp.],2812,,unknown,False,False,False
tlg2035,127,ATHANASIUS,Syntagma ad monachos (e cod. Vat. gr. 733) [Sp.],1026,1890,pd_us,False,False,False
tlg2035,X01,ATHANASIUS,Epistulae festales (ap. Cosmam Indicopleustem),,,unknown,False,False,False
tlg2035,X02,ATHANASIUS,Epistula exhortatoria ad virgines (ap. Theodoretum Cyrrhensem),,,unknown,False,False,False
tlg2035,X03,ATHANASIUS,Fragmentum de fide (in Doctrina patrum),,,unknown,False,False,False
tlg2035,X04,ATHANASIUS,Subscriptio Paulini Antiocheni,,,unknown,False,False,False
tlg2035,X05,ATHANASIUS,Expositio fidei,,,unknown,False,False,False
tlg2035,X06,ATHANASIUS,Interpretatio in symbolum [Sp.],,,unknown,False,False,False
tlg2035,X07,ATHANASIUS,Homilia in feriam v et in proditionem Judae [Sp.],,,unknown,False,False,False
tlg2035,X08,ATHANASIUS,Homilia in passionem domini et in parasceve [Sp.],,,unknown,False,False,False
tlg2035,X09,ATHANASIUS,Homilia in sanctum pascha [Sp.],,,unknown,False,False,False
tlg2035,X10,ATHANASIUS,Homilia in sanctum pascha et in recens illuminatos [Sp.],,,unknown,False,False,False
tlg2035,X11,ATHANASIUS,Homilia in assumptionem domini [Sp.],,,unknown,False,False,False
tlg2035,X12,ATHANASIUS,Homilia in sanctum Andream [Sp.],,,unknown,False,False,False
tlg2036,001,DEXIPPUS,In Aristotelis categorias commentarium,22898,1888,pd_us,True,False,True
tlg2037,001,Joannes STOBAEUS Anthologus,Anthologium,392249,1884,pd_us,False,False,False
tlg2038,001,ACTA THOMAE,Acta Thomae,29809,1903,pd_us,True,False,True
tlg2038,002,ACTA THOMAE,Carmen animae (De margarita) (cod. Rom. vallicellanus B 35),982,1981,in_copyright,False,False,False
tlg2038,003,ACTA THOMAE,Carmen animae (De margarita) (paraphrasis Nicetae),781,1981,in_copyright,False,False,False
tlg2038,004,ACTA THOMAE,Acta Thomae (recensio),4672,1903,pd_us,False,False,False
tlg2038,005,ACTA THOMAE,Actorum Thomae consummatio,550,1903,pd_us,False,False,False
tlg2039,001,DIOPHANTUS,Arithmeticorum libri sex,46535,1893,pd_us,False,False,False
tlg2039,002,DIOPHANTUS,De polygonis numeris,3573,1893,pd_us,False,False,False
tlg2039,003,DIOPHANTUS,"Fragmentum [Sp.] (e cod. Paris. suppl. gr. 387, fol. 181r)",94,1895,pd_us,True,False,True
tlg2039,004,DIOPHANTUS,Fragmentum [Sp.] (e cod. Paris. 453),2625,1895,pd_us,True,False,True
tlg2039,005,DIOPHANTUS,Fragmentum [Sp.] (e cod. Paris. gr. 2448),3284,1895,pd_us,True,False,True
tlg2039,X01,DIOPHANTUS,Problema,,,unknown,False,False,False
tlg2040,001,BASILIUS,Homiliae in hexaemeron,35834,1968,in_copyright,False,False,False
tlg2040,002,BASILIUS,De legendis gentilium libris,4762,1935,in_copyright,False,True,True
tlg2040,003,BASILIUS,De spiritu sancto,26309,1968,in_copyright,False,False,False
tlg2040,004,BASILIUS,Epistulae,137631,1957,in_copyright,False,True,True
tlg2040,005,BASILIUS,Epistulae tres,3150,1953,in_copyright,False,False,False
tlg2040,006,BASILIUS,Homilia in illud: Attende tibi ipsi,3508,1962,in_copyright,False,False,False
tlg2040,007,BASILIUS,Homilia in illud: Destruam horrea mea,2958,1935,in_copyright,False,False,False
tlg2040,008,BASILIUS,Homilia in divites,4323,1935,in_copyright,False,False,False
tlg2040,009,BASILIUS,Enarratio in prophetam Isaiam [Dub.],97762,1939,in_copyright,False,False,False
tlg2040,010,BASILIUS,Expositio fidei Nicaenae [Sp.],376,1897,pd_us,False,False,False
tlg2040,011,BASILIUS,Homilia in aquas [Sp.],930,1967,in_copyright,False,False,False
tlg2040,012,BASILIUS,Homilia de virginitate [Sp.],3275,1953,in_copyright,False,False,False
tlg2040,013,BASILIUS,De spiritu [Sp.],952,1938,in_copyright,False,False,False
tlg2040,018,BASILIUS,Homiliae super Psalmos,53031,,unknown,False,False,False
tlg2040,019,BASILIUS,Adversus Eunomium (libri 5),47346,,unknown,False,False,False
tlg2040,020,BASILIUS,De jejunio (homilia 1),3498,,unknown,False,False,False
tlg2040,021,BASILIUS,De jejunio (homilia 2),2388,,unknown,False,False,False
tlg2040,022,BASILIUS,Homilia de gratiarum actione,3357,,unknown,False,False,False
tlg2040,023,BASILIUS,Homilia in martyrem Julittam,4335,,unknown,False,False,False
tlg2040,024,BASILIUS,Homilia dicta tempore famis et siccitatis,4344,,unknown,False,False,False
tlg2040,025,BASILIUS,Quod deus non est auctor malorum,4646,,unknown,False,False,False
tlg2040,026,BASILIUS,Homilia adversus eos qui irascuntur,3381,,unknown,False,False,False
tlg2040,027,BASILIUS,Homilia de invidia,2735,,unknown,False,False,False
tlg2040,028,BASILIUS,Homilia in principium proverbiorum,6703,,unknown,False,False,False
tlg2040,029,BASILIUS,Homilia exhortatoria ad sanctum baptisma,3878,,unknown,False,False,False
tlg2040,030,BASILIUS,In ebriosos,3297,,unknown,False,False,False
tlg2040,031,BASILIUS,De fide,1399,,unknown,False,False,False
tlg2040,032,BASILIUS,In illud: In principio erat verbum,1998,,unknown,False,False,False
tlg2040,033,BASILIUS,In Barlaam martyrem [Sp.],1020,,unknown,False,False,False
tlg2040,034,BASILIUS,In Gordium martyrem,3208,,unknown,False,False,False
tlg2040,035,BASILIUS,In quadraginta martyres Sebastenses,2831,,unknown,False,False,False
tlg2040,036,BASILIUS,De humilitate,2624,,unknown,False,False,False
tlg2040,037,BASILIUS,Quod rebus mundanis adhaerendum non sit,4742,,unknown,False,False,False
tlg2040,038,BASILIUS,In Mamantem martyrem,1865,,unknown,False,False,False
tlg2040,039,BASILIUS,Contra Sabellianos et Arium et Anomoeos,3486,,unknown,False,False,False
tlg2040,040,BASILIUS,Sermo 10 (praevia institutio ascetica) [Dub.],1068,,unknown,False,False,False
tlg2040,041,BASILIUS,Sermo 11 (sermo asceticus et exhortatio de renuntiatione mundi),3826,,unknown,False,False,False
tlg2040,042,BASILIUS,Sermo 12 (de ascetica disciplina) [Dub.],736,,unknown,False,False,False
tlg2040,043,BASILIUS,Prologus 7 (de judicio dei),4323,,unknown,False,False,False
tlg2040,044,BASILIUS,Sermo 13 (sermo asceticus) [Dub.],2159,,unknown,False,False,False
tlg2040,045,BASILIUS,Prologus 8 (de fide),2823,,unknown,False,False,False
tlg2040,046,BASILIUS,Prologus 5 (sermo asceticus) [Dub.],1479,,unknown,False,False,False
tlg2040,047,BASILIUS,Prologus 4 (prooemium in asceticum magnum),2064,,unknown,False,False,False
tlg2040,048,BASILIUS,Asceticon magnum sive Quaestiones (regulae fusius,24682,,unknown,False,False,False
tlg2040,049,BASILIUS,Prologus 3 (prooemium in regulas brevius tractatas),215,,unknown,False,False,False
tlg2040,050,BASILIUS,Asceticon magnum sive Quaestiones (regulae brevius,38881,,unknown,False,False,False
tlg2040,051,BASILIUS,Regulae morales,30629,,unknown,False,False,False
tlg2040,052,BASILIUS,De baptismo libri duo,22009,,unknown,False,False,False
tlg2040,053,BASILIUS,In Psalmum 28 (homilia 2) [Sp.],1848,,unknown,False,False,False
tlg2040,054,BASILIUS,Homilia in Psalmum 37 [Sp.],4159,,unknown,False,False,False
tlg2040,055,BASILIUS,Homilia in Psalmum 115,2172,,unknown,False,False,False
tlg2040,056,BASILIUS,Homilia in Psalmum 132 [Sp.],455,,unknown,False,False,False
tlg2040,057,BASILIUS,Homilia de spiritu sancto [Sp.],1790,,unknown,False,False,False
tlg2040,058,BASILIUS,Homilia dicta in Lacisis,3605,,unknown,False,False,False
tlg2040,059,BASILIUS,In sanctam Christi generationem,3135,,unknown,False,False,False
tlg2040,060,BASILIUS,Homilia de paenitentia [Sp.] (sub auctore Eusebio Emeseno),2537,,unknown,False,False,False
tlg2040,061,BASILIUS,Adversus eos qui per calumniam dicunt dici a nobis tres deos,1585,,unknown,False,False,False
tlg2040,062,BASILIUS,Homilia in illud: Ne dederis somnum oculis tuis [Sp.],1886,,unknown,False,False,False
tlg2040,063,BASILIUS,De jejunio (homilia 3) [Sp.],554,,unknown,False,False,False
tlg2040,064,BASILIUS,Orationes sive Exorcismi [Sp.],1359,,unknown,False,False,False
tlg2040,065,BASILIUS,Poenae in monachos delinquentes (epitimia 24) [Dub.],355,,unknown,False,False,False
tlg2040,066,BASILIUS,Epitimia in canonicas (epitimia 25) [Dub.],307,,unknown,False,False,False
tlg2040,067,BASILIUS,Epitimia (epitimia 26) [Sp.],895,,unknown,False,False,False
tlg2040,068,BASILIUS,Consolatoria ad aegrotum [Sp.] (sub auctore Proclo),1437,,unknown,False,False,False
tlg2040,069,BASILIUS,Homilia de misericordia et judicio [Sp.],1360,,unknown,False,False,False
tlg2040,070,BASILIUS,Sermo ob sacerdotum instructionem (recensio brevior) [Sp.],372,,unknown,False,False,False
tlg2040,071,BASILIUS,Liturgia (recensio brevior vetusta),5378,,unknown,False,False,False
tlg2040,072,BASILIUS,,3214,,unknown,False,False,False
tlg2040,073,BASILIUS,Oratio pro inimicis et amicis [Sp.],247,,unknown,False,False,False
tlg2040,074,BASILIUS,Constitutiones asceticae [Sp.],18846,,unknown,False,False,False
tlg2040,075,BASILIUS,Sermones de moribus a Symeone Metaphrasta collecti,51476,,unknown,False,False,False
tlg2040,076,BASILIUS,Sermo ob sacerdotum instructionem (recensio fusior) [Sp.],422,,unknown,False,False,False
tlg2040,078,BASILIUS,Prologus 6 (prooemium ad Hypotyposin),456,1953,in_copyright,False,False,False
tlg2040,079,BASILIUS,Sermo 14 (De fide) [Sp.],331,1953,in_copyright,False,False,False
tlg2040,080,BASILIUS,Sermo 15 (De vita monastica) (excerptum) [Sp.],403,1953,in_copyright,False,False,False
tlg2040,081,BASILIUS,Sermo 16 (De calumnia) [Sp.],81,1953,in_copyright,False,False,False
tlg2040,082,BASILIUS,Canon 96 (De haereticis) (fragmentum),131,,unknown,False,False,False
tlg2040,X01,BASILIUS,Aenigma,,,unknown,False,False,False
tlg2040,X02,BASILIUS,"Scholia in Matthaeum (in catenis, typus A: catena integra)",,,unknown,False,False,False
tlg2040,X03,BASILIUS,"Scholia in Joannem (in catenis, typus A: catena integra)",,,unknown,False,False,False
tlg2040,X04,BASILIUS,Scholia in Acta (catena Andreae),,,unknown,False,False,False
tlg2040,X05,BASILIUS,"Scholia in Pauli epistulas (in catenis, typus Vaticanus)",,,unknown,False,False,False
tlg2040,X06,BASILIUS,"Scholia in Pauli epistulas (in catenis, typus Monacensis)",,,unknown,False,False,False
tlg2040,X07,BASILIUS,"Scholia in Pauli epistulas (in catenis, typus Parisinus)",,,unknown,False,False,False
tlg2040,X08,BASILIUS,Scholia in Pauli epistulas (catena Nicetae),,,unknown,False,False,False
tlg2040,X09,BASILIUS,Scholia in epistulas catholicas (catena Andreae),,,unknown,False,False,False
tlg2040,X10,BASILIUS,Contra Eunomii opinionem (fragmentum ex Ae+tio) (in Doctrina,,,unknown,False,False,False
tlg2040,X11,BASILIUS,Philocalia (e collectione Basilii et Gregorii Nazianzeni),,,unknown,False,False,False
tlg2041,001,MARCELLUS,Fragmenta,11193,1972,in_copyright,True,False,True
tlg2041,004,MARCELLUS,Expositio fidei,1107,1962,in_copyright,False,False,False
tlg2041,005,MARCELLUS,De incarnatione et contra Arianos,7510,,unknown,False,False,False
tlg2041,X01,MARCELLUS,Sermo major de fide,,,unknown,False,False,False
tlg2041,X02,MARCELLUS,Contra theopaschitas,,,unknown,False,False,False
tlg2042,001,ORIGENES,Contra Celsum,166590,1967,in_copyright,True,False,True
tlg2042,002,ORIGENES,De principiis,13821,1976,in_copyright,False,False,False
tlg2042,003,ORIGENES,Fragmenta de principiis,2521,1976,in_copyright,False,False,False
tlg2042,004,ORIGENES,Fragmenta alia de principiis,169,1976,in_copyright,False,False,False
tlg2042,005,ORIGENES,"Commentarii in evangelium Joannis (lib. 1, 2, 4, 5, 6, 10, 13)",96316,1966,in_copyright,True,False,True
tlg2042,006,ORIGENES,Fragmenta in evangelium Joannis (in catenis),22566,1903,pd_us,True,False,True
tlg2042,007,ORIGENES,Exhortatio ad martyrium,12657,1899,pd_us,True,False,True
tlg2042,008,ORIGENES,De oratione,28725,1899,pd_us,True,False,True
tlg2042,009,ORIGENES,In Jeremiam (homiliae 1%19`11),24992,1976,in_copyright,True,False,True
tlg2042,010,ORIGENES,Fragmenta in Jeremiam (in catenis),8308,1901,pd_us,True,False,True
tlg2042,011,ORIGENES,Fragmenta in Lamentationes (in catenis),10580,1901,pd_us,True,False,True
tlg2042,012,ORIGENES,Fragmentum in Lamentationes (in catenis),172,1901,pd_us,True,False,True
tlg2042,013,ORIGENES,De engastrimytho (%6 Homilia in i Reg. [i Sam.] 28.3%19`25),3671,1901,pd_us,True,False,True
tlg2042,014,ORIGENES,Fragmenta in librum primum Regnorum (in catenis),1968,1901,pd_us,True,False,True
tlg2042,015,ORIGENES,Fragmentum in librum primum Regnorum (in catenis),86,1901,pd_us,True,False,True
tlg2042,016,ORIGENES,Homiliae in Lucam,12366,1959,in_copyright,True,False,True
tlg2042,017,ORIGENES,Fragmenta in Lucam (in catenis),20706,1959,in_copyright,True,False,True
tlg2042,018,ORIGENES,Dialogus cum Heraclide,5607,1960,in_copyright,False,False,False
tlg2042,019,ORIGENES,Philocalia sive Ecloga de operibus Origenis a Basilio et,65752,1893,pd_us,True,False,True
tlg2042,020,ORIGENES,Philocalia sive Ecloga de operibus Origenis a Basilio et,14424,1976,in_copyright,False,False,False
tlg2042,021,ORIGENES,In Jeremiam (homiliae 12%19`20),33153,1901,pd_us,True,False,True
tlg2042,022,ORIGENES,Homiliae in Genesim (in catenis),1079,1920,pd_us,False,False,False
tlg2042,023,ORIGENES,Homiliae in Exodum,944,1920,pd_us,False,False,False
tlg2042,024,ORIGENES,Homiliae in Leviticum,1517,1920,pd_us,False,False,False
tlg2042,025,ORIGENES,In Jesu Nave homiliae xxvi (fragmenta e catenis),4452,1921,pd_us,False,False,False
tlg2042,026,ORIGENES,Libri x in Canticum canticorum (fragmenta),2806,1925,pd_us,False,False,False
tlg2042,027,ORIGENES,Homiliae in Ezechielem,1384,1925,pd_us,False,False,False
tlg2042,028,ORIGENES,Commentariorum series in evangelium Matthaei (Mt. 22.34%19`27.63),4732,1933,in_copyright,False,False,False
tlg2042,029,ORIGENES,Commentarium in evangelium Matthaei (lib. 10%19`11),22406,1970,in_copyright,True,False,True
tlg2042,030,ORIGENES,Commentarium in evangelium Matthaei (lib. 12%19`17),95260,1935,in_copyright,True,False,True
tlg2042,031,ORIGENES,Fragmenta ex commentariis in evangelium Matthaei,495,1941,in_copyright,False,False,False
tlg2042,032,ORIGENES,Fragmenta in evangelium Matthaei,517,1931,in_copyright,False,False,False
tlg2042,033,ORIGENES,Epistula ad Gregorium Thaumaturgum (e Philocalia),858,1894,pd_us,False,False,False
tlg2042,034,ORIGENES,Fragmenta ex commentariis in epistulam i ad Corinthios (in catenis),26284,1908,pd_us,False,False,False
tlg2042,035,ORIGENES,Fragmenta ex commentariis in epistulam ad Ephesios (in catenis),18328,1902,pd_us,False,False,False
tlg2042,036,ORIGENES,Commentarii in epistulam ad Romanos (I.1%19XII.21) (in catenis),13938,1912,pd_us,False,False,False
tlg2042,037,ORIGENES,Commentarii in epistulam ad Romanos (e cod. Vindob. gr. 166),1692,1928,pd_us,False,False,False
tlg2042,038,ORIGENES,Commentarii in Romanos (III.5%19V.7) (P. Cair. 88748 %7 cod,11868,1957,in_copyright,False,False,False
tlg2042,039,ORIGENES,Commentarii in Romanos (cod. Athon. Laura 184 B64),5761,1923,pd_us,False,False,False
tlg2042,040,ORIGENES,Epistula ad ignotum (Fabianum Romanum),123,1961,in_copyright,False,False,False
tlg2042,041,ORIGENES,Epistula quibusdam qui ei obtrectabant (ad Alexandrum,118,1961,in_copyright,False,False,False
tlg2042,042,ORIGENES,"Scholia in Apocalypsem (scholia 1, 3%19`39)",5262,1911,pd_us,False,False,False
tlg2042,043,ORIGENES,Scholia in Apocalypsem (scholia 28%19`38),1888,1923,pd_us,False,False,False
tlg2042,044,ORIGENES,Fragmenta in Psalmos 1%19`150 [Dub.],86530,1884,pd_us,True,False,True
tlg2042,045,ORIGENES,Epistula ad Africanum,5404,,unknown,True,False,True
tlg2042,046,ORIGENES,De resurrectione libri ii (fragmenta),263,,unknown,False,False,False
tlg2042,047,ORIGENES,Commentarii in Genesim (fragmenta),7070,,unknown,False,False,False
tlg2042,048,ORIGENES,Selecta in Genesim (fragmenta e catenis),10034,,unknown,True,False,True
tlg2042,049,ORIGENES,Fragmenta ex commentariis in Exodum (%6 In illud: Induravit,3474,,unknown,False,False,False
tlg2042,050,ORIGENES,Selecta in Exodum (fragmenta e catenis),3293,,unknown,True,False,True
tlg2042,051,ORIGENES,Selecta in Leviticum (fragmenta e catenis),1542,,unknown,True,False,True
tlg2042,052,ORIGENES,Selecta in Numeros,1752,,unknown,True,False,True
tlg2042,053,ORIGENES,Selecta in Deuteronomium (fragmenta e catenis),2501,,unknown,True,False,True
tlg2042,054,ORIGENES,Selecta in Jesu Nave (fragmenta e catenis),967,,unknown,True,False,True
tlg2042,055,ORIGENES,Selecta in Judices (fragmenta e catenis),278,,unknown,True,False,True
tlg2042,056,ORIGENES,In Ruth (fragmentum),54,,unknown,False,False,False
tlg2042,057,ORIGENES,"Homiliae in Job (fragmenta in catenis, typus I) (e codd. Paris.)",3583,,unknown,True,False,True
tlg2042,058,ORIGENES,Selecta in Psalmos [Dub.] (fragmenta e catenis),107208,,unknown,True,False,True
tlg2042,059,ORIGENES,Fragmenta ex commentariis in Proverbia,3452,,unknown,False,False,False
tlg2042,060,ORIGENES,In Canticum canticorum (libri duo quos scripsit in adulescentia),172,,unknown,False,False,False
tlg2042,061,ORIGENES,Fragmenta ex commentariis in Ezechielem,468,,unknown,True,False,True
tlg2042,062,ORIGENES,,11987,,unknown,False,False,False
tlg2042,063,ORIGENES,Fragmentum ex commentariis in Osee,575,,unknown,False,False,False
tlg2042,064,ORIGENES,Fragmentum ex homiliis in Acta apostolorum,196,,unknown,False,False,False
tlg2042,065,ORIGENES,"In epistulam ad Hebraeos homiliae (fragmenta ap. Eusebium, HE",185,,unknown,False,False,False
tlg2042,066,ORIGENES,Adnotationes in Genesim,679,,unknown,True,False,True
tlg2042,067,ORIGENES,Adnotationes in Exodum,267,,unknown,True,False,True
tlg2042,068,ORIGENES,Adnotationes in Leviticum (fragmenta e catenis),671,,unknown,True,False,True
tlg2042,069,ORIGENES,Adnotationes in Numeros,242,,unknown,True,False,True
tlg2042,070,ORIGENES,Adnotationes in Deuteronomium (fragmenta e catenis),2319,,unknown,True,False,True
tlg2042,071,ORIGENES,Adnotationes in Jesu filium Nave (fragmenta e catenis),193,,unknown,True,False,True
tlg2042,072,ORIGENES,Adnotationes in Judices,211,,unknown,True,False,True
tlg2042,073,ORIGENES,"Homiliae in Job (fragmenta in catenis, typus II) (e codd. Marc. gr",8876,,unknown,True,False,True
tlg2042,074,ORIGENES,Excerpta in Psalmos [Dub.],9126,,unknown,True,False,True
tlg2042,075,ORIGENES,Expositio in Proverbia (fragmenta e catenis),18525,,unknown,True,False,True
tlg2042,076,ORIGENES,Scholia in Canticum canticorum,7197,,unknown,True,False,True
tlg2042,077,ORIGENES,Scholia in Matthaeum,4429,,unknown,True,False,True
tlg2042,078,ORIGENES,Scholia in Lucam (fragmenta e cod. Venet. 28),12047,,unknown,True,False,True
tlg2042,079,ORIGENES,"Commentarii in evangelium Joannis (lib. 19, 20, 28, 32)",61431,1903,pd_us,True,False,True
tlg2042,084,ORIGENES,Fragmenta in Jeremiam (e Philocalia),757,1901,pd_us,True,False,True
tlg2042,086,ORIGENES,"Homiliae in Job (fragmenta in catenis, typus I%7II) (e codd. Vat.)",6524,1884,pd_us,True,False,True
tlg2042,X01,ORIGENES,Fragmentum de transfiguratione,,,unknown,False,False,False
tlg2042,X02,ORIGENES,Fragmentum (ap. Eustathium Antiochenum),,,unknown,False,False,False
tlg2042,X04,ORIGENES,Dialogus de recta in deum fide (fort. auctore Origene Adamantio),,,unknown,False,False,False
tlg2042,X05,ORIGENES,Fragmenta in Psalmum cxviii (in catena Palestinensi),,,unknown,False,False,False
tlg2042,X06,ORIGENES,Fragmentum homiliae in Psalmum lxxxii (ap. Eusebium),,,unknown,False,False,False
tlg2042,X07,ORIGENES,In epistulam ad Romanos (fragmenta in Philocalia),,,unknown,False,False,False
tlg2042,X08,ORIGENES,Stromata (fragmentum in Acta 1.12) (e catenis),,,unknown,False,False,False
tlg2042,X09,ORIGENES,Fragmenta in Psalmos (fragmenta e catena Palestinensi),,,unknown,False,False,False
tlg2043,001,HEPHAESTION,Apotelesmatica,74420,1973,in_copyright,False,False,False
tlg2043,002,HEPHAESTION,Apotelesmatica (epitomae quattuor),87073,1974,in_copyright,False,False,False
tlg2043,003,HEPHAESTION,Excerptum (e cod. Paris. gr. 2506),406,1974,in_copyright,False,False,False
tlg2043,004,HEPHAESTION,Excerptum (e cod. Marcian. gr. 334),436,1974,in_copyright,False,False,False
tlg2043,005,HEPHAESTION,Excerptum (e cod. Vat. gr. 1056),181,1974,in_copyright,False,False,False
tlg2045,001,NONNUS,Dionysiaca,129061,1959,in_copyright,False,True,True
tlg2045,002,NONNUS,Paraphrasis sancti evangelii Joannei (fort. auctore Nonno alio),23202,1881,pd_us,False,False,False
tlg2045,003,NONNUS,Epigramma,14,,unknown,False,False,False
tlg2046,001,QUINTUS,Posthomerica,62202,1963,in_copyright,False,True,True
tlg2047,001,"SYRIANI, SOPATRI ET MARCELLINI SCHOLIA AD HERMOGENIS STATUS",Scholia ad Hermogenis librum PERI\ STA/SEWN,192191,1833,pd_us,False,False,False
tlg2048,001,Salaminius Hermias SOZOMENUS,Historia ecclesiastica,110642,1960,in_copyright,True,False,True
tlg2049,001,SALLUSTIUS,De deis et mundo,5459,1960,in_copyright,True,False,True
tlg2050,001,EUNAPIUS,Vitae sophistarum,22059,1956,in_copyright,True,False,True
tlg2050,002,EUNAPIUS,Fragmenta historica,16162,1870,pd_us,False,False,False
tlg2051,001,HIMERIUS,Declamationes et orationes,42880,1951,in_copyright,False,False,False
tlg2051,002,HIMERIUS,Fragmenta ex incertis orationibus,374,1951,in_copyright,False,False,False
tlg2051,003,HIMERIUS,Fragmenta (P. Oslo inv. 1478),107,1956,in_copyright,False,False,False
tlg2052,001,HORAPOLLO,Hieroglyphica (translatio Philippi),8844,1940,in_copyright,False,False,False
tlg2052,002,HORAPOLLO,Testimonia,180,,unknown,False,False,False
tlg2053,001,PAULUS,Elementa apotelesmatica,15313,1958,in_copyright,False,False,False
tlg2053,002,PAULUS,Anacephalaeosis,1011,1958,in_copyright,False,False,False
tlg2054,001,ARISTIDES QUINTILIANUS,De musica,31551,1963,in_copyright,False,False,False
tlg2055,001,SERENUS,De sectione cylindri,12919,1896,pd_us,False,False,False
tlg2055,002,SERENUS,De sectione coni,19964,1896,pd_us,False,False,False
tlg2057,001,SOCRATES Scholasticus,Historia ecclesiastica,104077,1893,pd_us,False,False,False
tlg2058,001,PHILOSTORGIUS,Historia ecclesiastica (fragmenta ap. Photium),21547,1981,in_copyright,True,False,True
tlg2058,002,PHILOSTORGIUS,Historia ecclesiastica (fragmenta e vita Constantini) (cod. Angelic,2002,1981,in_copyright,False,False,False
tlg2058,003,PHILOSTORGIUS,Historia ecclesiastica (fragmenta e passione Artemii),5901,1981,in_copyright,False,False,False
tlg2059,001,ALEXANDER,Tractatus de placitis Manichaeorum,7679,1895,pd_us,False,False,False
tlg2060,001,ASTERIUS,Homiliae 1%19`14,42717,1970,in_copyright,False,False,False
tlg2060,002,ASTERIUS,Homilia 9 (ex Symeone Metaphraste),1673,1970,in_copyright,False,False,False
tlg2061,001,ASTERIUS Sophista,Commentarii in Psalmos (homiliae 31),61093,1956,in_copyright,False,False,False
tlg2061,002,ASTERIUS Sophista,Fragmenta in Psalmos (in catenis),5597,1956,in_copyright,False,False,False
tlg2062,001,JOANNES CHRYSOSTOMUS,Ad Theodorum lapsum (lib. 2) (%6 Epistula ad Theodorum,3099,1966,in_copyright,False,False,False
tlg2062,002,JOANNES CHRYSOSTOMUS,Ad Theodorum lapsum (lib. 1),14551,1966,in_copyright,False,False,False
tlg2062,003,JOANNES CHRYSOSTOMUS,Adversus oppugnatores vitae monasticae (lib. 1%19`3),32255,,unknown,False,False,False
tlg2062,004,JOANNES CHRYSOSTOMUS,Ad Demetrium de compunctione (lib. 1),7963,,unknown,False,False,False
tlg2062,005,JOANNES CHRYSOSTOMUS,Ad Stelechium de compunctione (lib. 2),5741,,unknown,False,False,False
tlg2062,006,JOANNES CHRYSOSTOMUS,Ad Stagirium a daemone vexatum (lib. 1%19`3),33064,,unknown,False,False,False
tlg2062,007,JOANNES CHRYSOSTOMUS,Contra eos qui subintroductas habent virgines,9277,1955,in_copyright,False,False,False
tlg2062,008,JOANNES CHRYSOSTOMUS,Quod regulares feminae viris cohabitare non debeant,8648,1955,in_copyright,False,False,False
tlg2062,009,JOANNES CHRYSOSTOMUS,De virginitate,31995,1966,in_copyright,False,False,False
tlg2062,010,JOANNES CHRYSOSTOMUS,Ad viduam juniorem,4727,1968,in_copyright,False,False,False
tlg2062,011,JOANNES CHRYSOSTOMUS,De non iterando conjugio,4295,1968,in_copyright,False,False,False
tlg2062,012,JOANNES CHRYSOSTOMUS,,21310,1970,in_copyright,False,False,False
tlg2062,014,JOANNES CHRYSOSTOMUS,"De beato Philogonio (%6 Contra Anomoeos, homilia 6)",3536,,unknown,False,False,False
tlg2062,015,JOANNES CHRYSOSTOMUS,"De consubstantiali (%6 Contra Anomoeos, homilia 7)",5657,,unknown,False,False,False
tlg2062,016,JOANNES CHRYSOSTOMUS,"De petitione matris filiorum Zebedaei (%6 Contra Anomoeos,",4197,,unknown,False,False,False
tlg2062,017,JOANNES CHRYSOSTOMUS,"In quatriduanum Lazarum (%6 Contra Anomoeos, homilia 9) [Sp.]",1987,,unknown,False,False,False
tlg2062,018,JOANNES CHRYSOSTOMUS,"De Christi precibus (%6 Contra Anomoeos, homilia 10)",4948,,unknown,False,False,False
tlg2062,019,JOANNES CHRYSOSTOMUS,Contra Anomoeos (homilia 11),2922,,unknown,False,False,False
tlg2062,020,JOANNES CHRYSOSTOMUS,"De Christi divinitate (%6 Contra Anomoeos, homilia 12)",4258,,unknown,False,False,False
tlg2062,021,JOANNES CHRYSOSTOMUS,Adversus Judaeos (orationes 1%19`8),46300,,unknown,False,False,False
tlg2062,022,JOANNES CHRYSOSTOMUS,In Kalendas,4220,,unknown,False,False,False
tlg2062,023,JOANNES CHRYSOSTOMUS,De Lazaro (homiliae 1%19`7),40378,,unknown,False,False,False
tlg2062,024,JOANNES CHRYSOSTOMUS,Ad populum Antiochenum (homiliae 1%19`21),98986,,unknown,False,False,False
tlg2062,025,JOANNES CHRYSOSTOMUS,Ad illuminandos catecheses 1%19`2 (series prima et secunda),8610,,unknown,False,False,False
tlg2062,026,JOANNES CHRYSOSTOMUS,De diabolo tentatore (homiliae 1%19`3),13481,,unknown,False,False,False
tlg2062,027,JOANNES CHRYSOSTOMUS,De paenitentia (homiliae 1%19`9),32239,,unknown,False,False,False
tlg2062,028,JOANNES CHRYSOSTOMUS,In diem natalem,5003,,unknown,False,False,False
tlg2062,029,JOANNES CHRYSOSTOMUS,De baptismo Christi,3764,,unknown,False,False,False
tlg2062,030,JOANNES CHRYSOSTOMUS,De proditione Judae (homiliae 1%19`2),9139,,unknown,False,False,False
tlg2062,031,JOANNES CHRYSOSTOMUS,De coemeterio et de cruce,2356,,unknown,False,False,False
tlg2062,032,JOANNES CHRYSOSTOMUS,De cruce et latrone (homilia 1),3765,,unknown,False,False,False
tlg2062,033,JOANNES CHRYSOSTOMUS,De cruce et latrone (homilia 2),4831,,unknown,False,False,False
tlg2062,034,JOANNES CHRYSOSTOMUS,De resurrectione mortuorum,6590,,unknown,False,False,False
tlg2062,035,JOANNES CHRYSOSTOMUS,Adversus ebriosos et de resurrectione domini nostri Jesu Christi,3684,,unknown,False,False,False
tlg2062,036,JOANNES CHRYSOSTOMUS,In ascensionem domini nostri Jesu Christi,4141,,unknown,False,False,False
tlg2062,037,JOANNES CHRYSOSTOMUS,De sancta pentecoste (homiliae 1%19`2),7511,,unknown,False,False,False
tlg2062,039,JOANNES CHRYSOSTOMUS,De sancto Meletio Antiocheno,2227,,unknown,False,False,False
tlg2062,040,JOANNES CHRYSOSTOMUS,In sanctum Lucianum martyrem,2147,,unknown,False,False,False
tlg2062,041,JOANNES CHRYSOSTOMUS,De sancto hieromartyre Babyla,2173,,unknown,False,False,False
tlg2062,042,JOANNES CHRYSOSTOMUS,In Juventinum et Maximum martyres,2281,,unknown,False,False,False
tlg2062,043,JOANNES CHRYSOSTOMUS,De sancta Pelagia virgine et martyre,2572,,unknown,False,False,False
tlg2062,044,JOANNES CHRYSOSTOMUS,In sanctum Ignatium martyrem,4129,,unknown,False,False,False
tlg2062,045,JOANNES CHRYSOSTOMUS,In sanctum Eustathium Antiochenum,3247,,unknown,False,False,False
tlg2062,046,JOANNES CHRYSOSTOMUS,In sanctum Romanum (homilia 1),2752,,unknown,False,False,False
tlg2062,047,JOANNES CHRYSOSTOMUS,De Maccabeis (homiliae 1%19`3),4556,,unknown,False,False,False
tlg2062,048,JOANNES CHRYSOSTOMUS,De sanctis Bernice et Prosdoce,5354,,unknown,False,False,False
tlg2062,049,JOANNES CHRYSOSTOMUS,In quatriduanum Lazarum,1327,,unknown,False,False,False
tlg2062,050,JOANNES CHRYSOSTOMUS,De sanctis martyribus,3223,,unknown,False,False,False
tlg2062,051,JOANNES CHRYSOSTOMUS,Non esse ad gratiam concionandum,3996,,unknown,False,False,False
tlg2062,052,JOANNES CHRYSOSTOMUS,Homilia in martyres,1228,,unknown,False,False,False
tlg2062,053,JOANNES CHRYSOSTOMUS,In sanctum Julianum martyrem,4063,,unknown,False,False,False
tlg2062,054,JOANNES CHRYSOSTOMUS,In sanctum Barlaam martyrem,2888,,unknown,False,False,False
tlg2062,055,JOANNES CHRYSOSTOMUS,De sancta Droside martyre,4427,,unknown,False,False,False
tlg2062,056,JOANNES CHRYSOSTOMUS,In martyres Aegyptios,1781,,unknown,False,False,False
tlg2062,057,JOANNES CHRYSOSTOMUS,De sancto hieromartyre Phoca,3017,,unknown,False,False,False
tlg2062,058,JOANNES CHRYSOSTOMUS,De sanctis martyribus,2470,,unknown,False,False,False
tlg2062,059,JOANNES CHRYSOSTOMUS,De terrae motu,,,unknown,False,False,False
tlg2062,060,JOANNES CHRYSOSTOMUS,De fato et providentia (orationes 1%19`6),11488,,unknown,False,False,False
tlg2062,061,JOANNES CHRYSOSTOMUS,De decem millium talentorum debitore,5940,,unknown,False,False,False
tlg2062,062,JOANNES CHRYSOSTOMUS,"In illud: Pater, si possibile est, transeat",4256,,unknown,False,False,False
tlg2062,063,JOANNES CHRYSOSTOMUS,In paralyticum demissum per tectum,6763,,unknown,False,False,False
tlg2062,064,JOANNES CHRYSOSTOMUS,In principium Actorum (homiliae 1%19`4),20353,,unknown,False,False,False
tlg2062,065,JOANNES CHRYSOSTOMUS,De mutatione nominum (homiliae 1%19`4),19015,,unknown,False,False,False
tlg2062,066,JOANNES CHRYSOSTOMUS,De gloria in tribulationibus,3929,,unknown,False,False,False
tlg2062,067,JOANNES CHRYSOSTOMUS,In illud: Diligentibus deum omnia cooperantur in bonum,2800,,unknown,False,False,False
tlg2062,068,JOANNES CHRYSOSTOMUS,In illud: Si esurierit inimicus,6435,,unknown,False,False,False
tlg2062,069,JOANNES CHRYSOSTOMUS,In illud: Salutate Priscillam et Aquilam (sermones 1%19`2),9098,,unknown,False,False,False
tlg2062,070,JOANNES CHRYSOSTOMUS,In illud: Propter fornicationes autem unusquisque suam uxorem,4379,,unknown,False,False,False
tlg2062,071,JOANNES CHRYSOSTOMUS,De libello repudii,3475,,unknown,False,False,False
tlg2062,072,JOANNES CHRYSOSTOMUS,Quales ducendae sint uxores (%6 Encomium ad Maximum),7877,,unknown,False,False,False
tlg2062,073,JOANNES CHRYSOSTOMUS,In dictum Pauli: Nolo vos ignorare,5071,,unknown,False,False,False
tlg2062,074,JOANNES CHRYSOSTOMUS,In dictum Pauli: Oportet haereses esse,3684,,unknown,False,False,False
tlg2062,075,JOANNES CHRYSOSTOMUS,De eleemosyna,4926,,unknown,False,False,False
tlg2062,076,JOANNES CHRYSOSTOMUS,In illud: Habentes eundem spiritum (homiliae 1%19`3),13391,,unknown,False,False,False
tlg2062,077,JOANNES CHRYSOSTOMUS,In illud: Utinam sustineretis modicum,3931,,unknown,False,False,False
tlg2062,078,JOANNES CHRYSOSTOMUS,De profectu evangelii,4507,,unknown,False,False,False
tlg2062,079,JOANNES CHRYSOSTOMUS,In illud: Vidua eligatur,7157,,unknown,False,False,False
tlg2062,080,JOANNES CHRYSOSTOMUS,In Heliam et viduam,4126,,unknown,False,False,False
tlg2062,081,JOANNES CHRYSOSTOMUS,De futurae vitae deliciis,2522,,unknown,False,False,False
tlg2062,082,JOANNES CHRYSOSTOMUS,Peccata fratrum non evulganda,4605,,unknown,False,False,False
tlg2062,083,JOANNES CHRYSOSTOMUS,Non esse desperandum,3058,,unknown,False,False,False
tlg2062,084,JOANNES CHRYSOSTOMUS,In illud: In faciem ei restiti,7500,,unknown,False,False,False
tlg2062,085,JOANNES CHRYSOSTOMUS,De sacerdotio (lib. 1%19`6),32119,1980,in_copyright,False,False,False
tlg2062,086,JOANNES CHRYSOSTOMUS,Quod nemo laeditur nisi a se ipso,8570,1964,in_copyright,False,False,False
tlg2062,087,JOANNES CHRYSOSTOMUS,Ad eos qui scandalizati sunt,21081,1961,in_copyright,False,False,False
tlg2062,088,JOANNES CHRYSOSTOMUS,Epistulae ad Olympiadem (epist. 1%19`17),29965,1968,in_copyright,False,False,False
tlg2062,089,JOANNES CHRYSOSTOMUS,In Eutropium,2165,,unknown,False,False,False
tlg2062,090,JOANNES CHRYSOSTOMUS,Cum Saturninus et Aurelianus acti essent in exsilium,2136,,unknown,False,False,False
tlg2062,091,JOANNES CHRYSOSTOMUS,Sermo antequam iret in exsilium,1934,,unknown,False,False,False
tlg2062,092,JOANNES CHRYSOSTOMUS,Sermo cum iret in exsilium,868,,unknown,False,False,False
tlg2062,093,JOANNES CHRYSOSTOMUS,Post reditum a priore exsilio (sermo 2),2013,,unknown,False,False,False
tlg2062,094,JOANNES CHRYSOSTOMUS,Ad Innocentium papam (epist. 1),1987,,unknown,False,False,False
tlg2062,095,JOANNES CHRYSOSTOMUS,Ad Innocentium papam (epist. 2),569,,unknown,False,False,False
tlg2062,096,JOANNES CHRYSOSTOMUS,"Epistula ad episcopos, presbyteros et diaconos",679,,unknown,False,False,False
tlg2062,097,JOANNES CHRYSOSTOMUS,Epistulae 18%19`242,47804,,unknown,False,False,False
tlg2062,098,JOANNES CHRYSOSTOMUS,Laus Diodori episcopi,1068,,unknown,False,False,False
tlg2062,099,JOANNES CHRYSOSTOMUS,In sanctum pascha,2809,,unknown,False,False,False
tlg2062,100,JOANNES CHRYSOSTOMUS,In ascensionem (sermo 1) [Sp.],772,,unknown,False,False,False
tlg2062,101,JOANNES CHRYSOSTOMUS,De Chananaea [Dub.],4959,,unknown,False,False,False
tlg2062,103,JOANNES CHRYSOSTOMUS,In ascensionem (sermo 2) [Sp.],1640,,unknown,False,False,False
tlg2062,104,JOANNES CHRYSOSTOMUS,In ascensionem (sermo 3) [Sp.],1102,,unknown,False,False,False
tlg2062,105,JOANNES CHRYSOSTOMUS,,1680,,unknown,False,False,False
tlg2062,106,JOANNES CHRYSOSTOMUS,In ascensionem (sermo 5) [Sp.],491,,unknown,False,False,False
tlg2062,107,JOANNES CHRYSOSTOMUS,In pentecosten (sermo 1) [Sp.],2314,,unknown,False,False,False
tlg2062,108,JOANNES CHRYSOSTOMUS,In pentecosten (sermo 2) [Sp.],1226,,unknown,False,False,False
tlg2062,110,JOANNES CHRYSOSTOMUS,De adoratione pretiosae crucis [Sp.],2800,,unknown,False,False,False
tlg2062,111,JOANNES CHRYSOSTOMUS,De confessione pretiosae crucis [Sp.],1903,,unknown,False,False,False
tlg2062,112,JOANNES CHRYSOSTOMUS,In Genesim (homiliae 1%19`67),282363,,unknown,False,False,False
tlg2062,113,JOANNES CHRYSOSTOMUS,In Genesim (sermones 1%19`9),22678,,unknown,False,False,False
tlg2062,114,JOANNES CHRYSOSTOMUS,De Anna (sermones 1%19`5),20347,,unknown,False,False,False
tlg2062,115,JOANNES CHRYSOSTOMUS,De Davide et Saule (homiliae 1%19`3),14852,,unknown,False,False,False
tlg2062,116,JOANNES CHRYSOSTOMUS,Comparatio regis et monachi [Dub.],2245,,unknown,False,False,False
tlg2062,117,JOANNES CHRYSOSTOMUS,Ascetam facetiis uti non debere [Sp.],2622,,unknown,False,False,False
tlg2062,118,JOANNES CHRYSOSTOMUS,De jejunio et eleemosyna [Sp.],1737,,unknown,False,False,False
tlg2062,119,JOANNES CHRYSOSTOMUS,De sacerdotio (lib. 7) [Sp.],1671,,unknown,False,False,False
tlg2062,120,JOANNES CHRYSOSTOMUS,Christi discipulum benignum esse debere [Sp.],1333,,unknown,False,False,False
tlg2062,121,JOANNES CHRYSOSTOMUS,De fugienda simulata specie [Sp.],1161,,unknown,False,False,False
tlg2062,122,JOANNES CHRYSOSTOMUS,"Contra Judaeos, gentiles et haereticos et in illud: Vocatus est Jesus",2978,,unknown,False,False,False
tlg2062,123,JOANNES CHRYSOSTOMUS,De sancta trinitate [Sp.],5332,,unknown,False,False,False
tlg2062,124,JOANNES CHRYSOSTOMUS,In Romanum martyrem (homilia 2) [Sp.],1996,,unknown,False,False,False
tlg2062,125,JOANNES CHRYSOSTOMUS,In proditionem Judae [Sp.],1151,,unknown,False,False,False
tlg2062,126,JOANNES CHRYSOSTOMUS,In Bassum martyrem [Dub.],2156,,unknown,False,False,False
tlg2062,127,JOANNES CHRYSOSTOMUS,In sanctos Petrum et Heliam [Sp.],4856,,unknown,False,False,False
tlg2062,128,JOANNES CHRYSOSTOMUS,De beato Abraham [Sp.],3753,,unknown,False,False,False
tlg2062,129,JOANNES CHRYSOSTOMUS,De sancta Thecla martyre [Sp.],963,,unknown,False,False,False
tlg2062,130,JOANNES CHRYSOSTOMUS,De precatione (orat. 1%19`2) [Sp.],4869,,unknown,False,False,False
tlg2062,131,JOANNES CHRYSOSTOMUS,In oraculum Zachariae redditum [Sp.] (fort. sub auctore Proclo),1137,,unknown,False,False,False
tlg2062,132,JOANNES CHRYSOSTOMUS,In laudem conceptionis sancti Joannis Baptistae [Sp.] (fort. sub,2226,,unknown,False,False,False
tlg2062,133,JOANNES CHRYSOSTOMUS,In annuntiationem beatae virginis [Sp.],1440,,unknown,False,False,False
tlg2062,134,JOANNES CHRYSOSTOMUS,In illud: Exiit edictum [Sp.],2842,,unknown,False,False,False
tlg2062,135,JOANNES CHRYSOSTOMUS,In sanctum Joannem praecursorem [Sp.],2396,,unknown,False,False,False
tlg2062,136,JOANNES CHRYSOSTOMUS,In sanctam theophaniam seu baptismum Christi [Sp.],1403,,unknown,False,False,False
tlg2062,137,JOANNES CHRYSOSTOMUS,"De occursu domini, de deipara et Symeone [Sp.]",2203,,unknown,False,False,False
tlg2062,138,JOANNES CHRYSOSTOMUS,In sancta et magna parasceve [Sp.],2242,,unknown,False,False,False
tlg2062,139,JOANNES CHRYSOSTOMUS,In venerabilem crucem sermo [Sp.],2323,,unknown,False,False,False
tlg2062,140,JOANNES CHRYSOSTOMUS,In triduanam resurrectionem domini [Sp.],1793,,unknown,False,False,False
tlg2062,141,JOANNES CHRYSOSTOMUS,De angusta porta et in orationem dominicam [Sp.],3178,,unknown,False,False,False
tlg2062,142,JOANNES CHRYSOSTOMUS,Homilia de capto Eutropio [Dub.],8286,,unknown,False,False,False
tlg2062,143,JOANNES CHRYSOSTOMUS,Expositiones in Psalmos,207105,,unknown,False,False,False
tlg2062,144,JOANNES CHRYSOSTOMUS,In illud: Ne timueritis cum dives factus fuerit homo,8519,,unknown,False,False,False
tlg2062,145,JOANNES CHRYSOSTOMUS,In Psalmum 145,4115,,unknown,False,False,False
tlg2062,148,JOANNES CHRYSOSTOMUS,In illud Isaiae: Ego dominus deus feci lumen,5038,,unknown,False,False,False
tlg2062,149,JOANNES CHRYSOSTOMUS,"In illud: Domine, non est in homine",3968,,unknown,False,False,False
tlg2062,150,JOANNES CHRYSOSTOMUS,De prophetiarum obscuritate (homiliae 1%19`2),12721,,unknown,False,False,False
tlg2062,151,JOANNES CHRYSOSTOMUS,In illud: Hoc scitote quod in novissimis diebus,3856,,unknown,False,False,False
tlg2062,152,JOANNES CHRYSOSTOMUS,In Matthaeum (homiliae 1%19`90),328440,,unknown,False,False,False
tlg2062,153,JOANNES CHRYSOSTOMUS,In Joannem (homiliae 1%19`88),227691,,unknown,False,False,False
tlg2062,154,JOANNES CHRYSOSTOMUS,In Acta apostolorum (homiliae 1%19`55),179725,,unknown,False,False,False
tlg2062,155,JOANNES CHRYSOSTOMUS,In epistulam ad Romanos (homiliae 1%19`32),143874,,unknown,False,False,False
tlg2062,156,JOANNES CHRYSOSTOMUS,In epistulam i ad Corinthios (homiliae 1%19`44),179224,,unknown,False,False,False
tlg2062,157,JOANNES CHRYSOSTOMUS,In epistulam ii ad Corinthios (homiliae 1%19`30),97925,,unknown,False,False,False
tlg2062,158,JOANNES CHRYSOSTOMUS,In epistulam ad Galatas commentarius,31373,,unknown,False,False,False
tlg2062,159,JOANNES CHRYSOSTOMUS,In epistulam ad Ephesios (homiliae 1%19`24),77349,,unknown,False,False,False
tlg2062,160,JOANNES CHRYSOSTOMUS,In epistulam ad Philippenses (homiliae 1%19`15),52139,,unknown,False,False,False
tlg2062,161,JOANNES CHRYSOSTOMUS,In epistulam ad Colossenses (homiliae 1%19`12),42302,,unknown,False,False,False
tlg2062,162,JOANNES CHRYSOSTOMUS,In epistulam i ad Thessalonicenses (homiliae 1%19`11),35398,,unknown,False,False,False
tlg2062,163,JOANNES CHRYSOSTOMUS,In epistulam ii ad Thessalonicenses (homiliae 1%19`5),14999,,unknown,False,False,False
tlg2062,164,JOANNES CHRYSOSTOMUS,In epistulam i ad Timotheum (homiliae 1%19`18),46694,,unknown,False,False,False
tlg2062,165,JOANNES CHRYSOSTOMUS,In epistulam ii ad Timotheum (homiliae 1%19`10),30211,,unknown,False,False,False
tlg2062,166,JOANNES CHRYSOSTOMUS,In epistulam ad Titum (homiliae 1%19`6),16862,,unknown,False,False,False
tlg2062,167,JOANNES CHRYSOSTOMUS,In epistulam ad Philemonem (homiliae 1%19`3),7835,,unknown,False,False,False
tlg2062,168,JOANNES CHRYSOSTOMUS,In epistulam ad Hebraeos (homiliae 1%19`34),104920,,unknown,False,False,False
tlg2062,169,JOANNES CHRYSOSTOMUS,Homilia dicta postquam reliquiae martyrum,2007,,unknown,False,False,False
tlg2062,170,JOANNES CHRYSOSTOMUS,Homilia dicta praesente imperatore,2372,,unknown,False,False,False
tlg2062,171,JOANNES CHRYSOSTOMUS,Quod frequenter conveniendum sit,3346,,unknown,False,False,False
tlg2062,172,JOANNES CHRYSOSTOMUS,Adversus eos qui non adfuerant,3550,,unknown,False,False,False
tlg2062,173,JOANNES CHRYSOSTOMUS,De studio praesentium,2868,,unknown,False,False,False
tlg2062,174,JOANNES CHRYSOSTOMUS,Adversus catharos,976,,unknown,False,False,False
tlg2062,175,JOANNES CHRYSOSTOMUS,Contra ludos et theatra,2387,,unknown,False,False,False
tlg2062,176,JOANNES CHRYSOSTOMUS,Homilia dicta in templo sanctae Anastasiae,3391,,unknown,False,False,False
tlg2062,177,JOANNES CHRYSOSTOMUS,Homilia habita postquam presbyter Gothus concionatus fuerat,4789,,unknown,False,False,False
tlg2062,178,JOANNES CHRYSOSTOMUS,In illud: Pater meus usque modo operatur,2731,,unknown,False,False,False
tlg2062,179,JOANNES CHRYSOSTOMUS,In illud: Messis quidem multa,3618,,unknown,False,False,False
tlg2062,180,JOANNES CHRYSOSTOMUS,In illud: Filius ex se nihil facit,4527,,unknown,False,False,False
tlg2062,181,JOANNES CHRYSOSTOMUS,De Eleazaro et septem pueris,3209,,unknown,False,False,False
tlg2062,182,JOANNES CHRYSOSTOMUS,In poenitentiam Ninivitarum [Sp.],2156,,unknown,False,False,False
tlg2062,184,JOANNES CHRYSOSTOMUS,Fragmenta in Job (in catenis),29081,,unknown,False,False,False
tlg2062,185,JOANNES CHRYSOSTOMUS,Fragmenta in Proverbia (in catenis),16237,,unknown,False,False,False
tlg2062,186,JOANNES CHRYSOSTOMUS,Fragmenta in Jeremiam (in catenis),56086,,unknown,False,False,False
tlg2062,187,JOANNES CHRYSOSTOMUS,Fragmenta in epistulas catholicas,4068,,unknown,False,False,False
tlg2062,196,JOANNES CHRYSOSTOMUS,In Psalmum 50 [Sp.],1498,,unknown,False,False,False
tlg2062,197,JOANNES CHRYSOSTOMUS,Prooemia in Psalmos (fragmenta) [Sp.],3005,,unknown,False,False,False
tlg2062,198,JOANNES CHRYSOSTOMUS,In illud: Verumtamen frustra conturbatur [Sp.],2064,,unknown,False,False,False
tlg2062,199,JOANNES CHRYSOSTOMUS,In Psalmum 50 (homilia 1) [Sp.],5840,,unknown,False,False,False
tlg2062,200,JOANNES CHRYSOSTOMUS,In Psalmum 50 (homilia 2) [Sp.],7707,,unknown,False,False,False
tlg2062,201,JOANNES CHRYSOSTOMUS,In Psalmum 75 [Sp.],2384,,unknown,False,False,False
tlg2062,202,JOANNES CHRYSOSTOMUS,De turture seu de ecclesia sermo [Sp.],2198,,unknown,False,False,False
tlg2062,203,JOANNES CHRYSOSTOMUS,In Psalmum 92 [Sp.],2109,,unknown,False,False,False
tlg2062,204,JOANNES CHRYSOSTOMUS,In Psalmum 94 [Sp.],1991,,unknown,False,False,False
tlg2062,205,JOANNES CHRYSOSTOMUS,In Psalmum 100 [Sp.],3778,,unknown,False,False,False
tlg2062,206,JOANNES CHRYSOSTOMUS,In Psalmos 101%19`107 [Sp.],24382,,unknown,False,False,False
tlg2062,207,JOANNES CHRYSOSTOMUS,In Psalmum 118 (homiliae 1%19`3) [Sp.],20763,,unknown,False,False,False
tlg2062,208,JOANNES CHRYSOSTOMUS,In Psalmum 139 [Sp.],1703,,unknown,False,False,False
tlg2062,209,JOANNES CHRYSOSTOMUS,Interpretatio in Danielem prophetam [Sp.],21458,,unknown,False,False,False
tlg2062,210,JOANNES CHRYSOSTOMUS,De Melchisedech [Sp.],1923,,unknown,False,False,False
tlg2062,211,JOANNES CHRYSOSTOMUS,De perfecta caritate [Sp.],4938,,unknown,False,False,False
tlg2062,212,JOANNES CHRYSOSTOMUS,De continentia [Sp.],1534,1906,pd_us,False,False,False
tlg2062,213,JOANNES CHRYSOSTOMUS,Synopsis scripturae sacrae [Sp.],32599,,unknown,False,False,False
tlg2062,214,JOANNES CHRYSOSTOMUS,In natalem Christi diem [Dub.],3077,,unknown,False,False,False
tlg2062,216,JOANNES CHRYSOSTOMUS,In Genesim (sermo 3) [Sp.],7713,,unknown,False,False,False
tlg2062,217,JOANNES CHRYSOSTOMUS,Contra theatra [Sp.],6778,,unknown,False,False,False
tlg2062,219,JOANNES CHRYSOSTOMUS,In Eliam prophetam [Sp.],1942,,unknown,False,False,False
tlg2062,220,JOANNES CHRYSOSTOMUS,De Joseph et de castitate [Sp.],2009,,unknown,False,False,False
tlg2062,221,JOANNES CHRYSOSTOMUS,De Susanna [Sp.],2202,,unknown,False,False,False
tlg2062,224,JOANNES CHRYSOSTOMUS,In decollationem sancti Joannis [Sp.],2264,,unknown,False,False,False
tlg2062,225,JOANNES CHRYSOSTOMUS,In praecursorem domini [Sp.],904,,unknown,False,False,False
tlg2062,226,JOANNES CHRYSOSTOMUS,In Petrum et Paulum [Sp.],1695,,unknown,False,False,False
tlg2062,227,JOANNES CHRYSOSTOMUS,In duodecim apostolos [Sp.],1024,,unknown,False,False,False
tlg2062,228,JOANNES CHRYSOSTOMUS,In sanctum Thomam apostolum [Sp.],1246,,unknown,False,False,False
tlg2062,229,JOANNES CHRYSOSTOMUS,In sanctum Stephanum protomartyrem [Sp.],3811,,unknown,False,False,False
tlg2062,230,JOANNES CHRYSOSTOMUS,In illud: Sufficit tibi gratia mea [Sp.],5098,,unknown,False,False,False
tlg2062,231,JOANNES CHRYSOSTOMUS,In parabolam de filio prodigo [Sp.],3436,,unknown,False,False,False
tlg2062,232,JOANNES CHRYSOSTOMUS,In saltationem Herodiadis [Sp.],1774,,unknown,False,False,False
tlg2062,233,JOANNES CHRYSOSTOMUS,In illud: Collegerunt Judaei [Sp.],1169,,unknown,False,False,False
tlg2062,234,JOANNES CHRYSOSTOMUS,In decem virgines [Sp.],2001,,unknown,False,False,False
tlg2062,235,JOANNES CHRYSOSTOMUS,In Samaritanam [Sp.],4481,,unknown,False,False,False
tlg2062,237,JOANNES CHRYSOSTOMUS,De pseudoprophetis [Sp.],8653,,unknown,False,False,False
tlg2062,238,JOANNES CHRYSOSTOMUS,De circo [Sp.],1272,,unknown,False,False,False
tlg2062,239,JOANNES CHRYSOSTOMUS,In illud: Attendite ne eleemosynam vestram faciatis coram,1853,,unknown,False,False,False
tlg2062,240,JOANNES CHRYSOSTOMUS,"In principium indictionis, in martyres [Sp.]",1639,,unknown,False,False,False
tlg2062,241,JOANNES CHRYSOSTOMUS,In illud: Simile est regnum caelorum patri familias [Sp.],4162,,unknown,False,False,False
tlg2062,242,JOANNES CHRYSOSTOMUS,In parabolam de ficu [Sp.] (fort. auctore quodam Cappadoce),2425,,unknown,False,False,False
tlg2062,243,JOANNES CHRYSOSTOMUS,De pharisaeo [Sp.],1148,,unknown,False,False,False
tlg2062,244,JOANNES CHRYSOSTOMUS,De Lazaro et divite [Sp.],1681,,unknown,False,False,False
tlg2062,245,JOANNES CHRYSOSTOMUS,In publicanum et pharisaeum [Sp.],1807,,unknown,False,False,False
tlg2062,247,JOANNES CHRYSOSTOMUS,In Joannem theologum [Sp.],2667,,unknown,False,False,False
tlg2062,248,JOANNES CHRYSOSTOMUS,De negatione Petri [Sp.],2853,,unknown,False,False,False
tlg2062,249,JOANNES CHRYSOSTOMUS,In secundum domini adventum [Sp.],3858,,unknown,False,False,False
tlg2062,250,JOANNES CHRYSOSTOMUS,Interpretatio orationis Pater noster [Sp.],523,,unknown,False,False,False
tlg2062,251,JOANNES CHRYSOSTOMUS,In principium indictionis [Sp.],719,,unknown,False,False,False
tlg2062,252,JOANNES CHRYSOSTOMUS,In venerandum crucem [Sp.],2017,,unknown,False,False,False
tlg2062,253,JOANNES CHRYSOSTOMUS,In exaltationem venerandae crucis [Sp.],1821,,unknown,False,False,False
tlg2062,254,JOANNES CHRYSOSTOMUS,In sanctum Stephanum [Sp.],893,,unknown,False,False,False
tlg2062,255,JOANNES CHRYSOSTOMUS,In mediam hebdomadam jejuniorum [Sp.],742,,unknown,False,False,False
tlg2062,256,JOANNES CHRYSOSTOMUS,In ramos palmarum [Sp.],2638,,unknown,False,False,False
tlg2062,257,JOANNES CHRYSOSTOMUS,Contra haereticos et in sanctam deiparam [Sp.],2401,,unknown,False,False,False
tlg2062,258,JOANNES CHRYSOSTOMUS,In latronem [Sp.],1308,,unknown,False,False,False
tlg2062,259,JOANNES CHRYSOSTOMUS,Sermo catecheticus in pascha [Sp.],335,,unknown,False,False,False
tlg2062,260,JOANNES CHRYSOSTOMUS,In sanctum pascha (sermo 1) [Sp.] (fort. auctore Apollinare,1759,1953,in_copyright,False,False,False
tlg2062,261,JOANNES CHRYSOSTOMUS,In sanctum pascha (sermo 2) [Sp.] (fort. auctore Apollinare,2114,1953,in_copyright,False,False,False
tlg2062,262,JOANNES CHRYSOSTOMUS,In sanctum pascha (sermo 3) [Sp.] (fort. auctore Apollinare,1168,1953,in_copyright,False,False,False
tlg2062,263,JOANNES CHRYSOSTOMUS,In sanctum pascha (sermo 4) [Sp.],721,,unknown,False,False,False
tlg2062,264,JOANNES CHRYSOSTOMUS,In sanctum pascha (sermo 5) [Sp.],2108,,unknown,False,False,False
tlg2062,265,JOANNES CHRYSOSTOMUS,In sanctum pascha (sermo 6) [Sp.],6158,1950,in_copyright,False,False,False
tlg2062,266,JOANNES CHRYSOSTOMUS,In sanctum pascha (sermo 7) [Sp.],5536,1957,in_copyright,False,False,False
tlg2062,267,JOANNES CHRYSOSTOMUS,In synaxim archangelorum [Sp.],848,,unknown,False,False,False
tlg2062,268,JOANNES CHRYSOSTOMUS,De paenitentia [Sp.],5435,,unknown,False,False,False
tlg2062,269,JOANNES CHRYSOSTOMUS,De paenitentia (sermo 1) [Sp.],10713,,unknown,False,False,False
tlg2062,270,JOANNES CHRYSOSTOMUS,De paenitentia (sermo 2) [Sp.],3801,,unknown,False,False,False
tlg2062,271,JOANNES CHRYSOSTOMUS,De paenitentia (sermo 3) [Sp.],1391,,unknown,False,False,False
tlg2062,272,JOANNES CHRYSOSTOMUS,De eleemosyna [Sp.],2475,,unknown,False,False,False
tlg2062,273,JOANNES CHRYSOSTOMUS,De jejunio (sermones 1%19`7) [Sp.],7043,,unknown,False,False,False
tlg2062,274,JOANNES CHRYSOSTOMUS,De patientia (sermo 1) [Sp.],3953,,unknown,False,False,False
tlg2062,275,JOANNES CHRYSOSTOMUS,De patientia (sermo 2) [Sp.],3295,,unknown,False,False,False
tlg2062,276,JOANNES CHRYSOSTOMUS,De salute animae [Sp.],1832,,unknown,False,False,False
tlg2062,277,JOANNES CHRYSOSTOMUS,In catechumenos [Sp.],1545,,unknown,False,False,False
tlg2062,278,JOANNES CHRYSOSTOMUS,De corruptoribus virginum [Sp.],1738,,unknown,False,False,False
tlg2062,279,JOANNES CHRYSOSTOMUS,Contra haereticos [Sp.],1292,,unknown,False,False,False
tlg2062,280,JOANNES CHRYSOSTOMUS,De eleemosyna [Sp.],2775,,unknown,False,False,False
tlg2062,281,JOANNES CHRYSOSTOMUS,Epistula ad monachos [Sp.],2692,1973,in_copyright,False,False,False
tlg2062,282,JOANNES CHRYSOSTOMUS,In annuntiationem sanctissimae deiparae [Sp.],1863,,unknown,False,False,False
tlg2062,283,JOANNES CHRYSOSTOMUS,De remissione peccatorum [Sp.] (fort. auctore quodam Cappadoce),2590,,unknown,False,False,False
tlg2062,284,JOANNES CHRYSOSTOMUS,De non judicando proximo [Sp.],1537,,unknown,False,False,False
tlg2062,285,JOANNES CHRYSOSTOMUS,De paenitentia [Sp.],1174,,unknown,False,False,False
tlg2062,286,JOANNES CHRYSOSTOMUS,De spe [Sp.],1208,,unknown,False,False,False
tlg2062,287,JOANNES CHRYSOSTOMUS,De caritate [Sp.],877,,unknown,False,False,False
tlg2062,288,JOANNES CHRYSOSTOMUS,Caritatem secundum deum rem esse deo dignam [Sp.],1202,,unknown,False,False,False
tlg2062,289,JOANNES CHRYSOSTOMUS,In proditionem Judae [Sp.],809,,unknown,False,False,False
tlg2062,290,JOANNES CHRYSOSTOMUS,In illud: Memor fui dei [Sp.],5397,,unknown,False,False,False
tlg2062,291,JOANNES CHRYSOSTOMUS,In Rachelem et infantes [Sp.],1047,,unknown,False,False,False
tlg2062,292,JOANNES CHRYSOSTOMUS,In Herodem et infantes [Sp.],1290,,unknown,False,False,False
tlg2062,293,JOANNES CHRYSOSTOMUS,"In Martham, Mariam et Lazarum [Sp.]",3056,,unknown,False,False,False
tlg2062,294,JOANNES CHRYSOSTOMUS,In illud: Exeuntes pharisaei [Sp.],2094,,unknown,False,False,False
tlg2062,295,JOANNES CHRYSOSTOMUS,In meretricem et in pharisaeum [Sp.],683,,unknown,False,False,False
tlg2062,296,JOANNES CHRYSOSTOMUS,In assumptionem domini nostri Jesu Christi [Sp.],876,,unknown,False,False,False
tlg2062,297,JOANNES CHRYSOSTOMUS,In ramos palmarum [Sp.],2371,,unknown,False,False,False
tlg2062,298,JOANNES CHRYSOSTOMUS,In laudem sancti Joannis theologi (homilia 1) [Sp.],715,,unknown,False,False,False
tlg2062,299,JOANNES CHRYSOSTOMUS,In laudem sancti Joannis theologi (homilia 2) [Sp.],677,,unknown,False,False,False
tlg2062,300,JOANNES CHRYSOSTOMUS,In transfigurationem [Sp.],956,,unknown,False,False,False
tlg2062,301,JOANNES CHRYSOSTOMUS,De siccitate [Sp.],1270,,unknown,False,False,False
tlg2062,302,JOANNES CHRYSOSTOMUS,In Jordanem fluvium [Sp.],1395,,unknown,False,False,False
tlg2062,303,JOANNES CHRYSOSTOMUS,In pharisaeum et meretricem [Sp.],4326,,unknown,False,False,False
tlg2062,304,JOANNES CHRYSOSTOMUS,In Christi natalem diem [Sp.],1123,,unknown,False,False,False
tlg2062,305,JOANNES CHRYSOSTOMUS,In illud: Ascendit dominus in templo [Sp.],1739,,unknown,False,False,False
tlg2062,306,JOANNES CHRYSOSTOMUS,In mediam pentecosten [Sp.],912,,unknown,False,False,False
tlg2062,307,JOANNES CHRYSOSTOMUS,"In Samaritanam, in die mediae pentecostes [Sp.]",1083,,unknown,False,False,False
tlg2062,308,JOANNES CHRYSOSTOMUS,In illud: Pater si possibile est [Sp.],2633,,unknown,False,False,False
tlg2062,309,JOANNES CHRYSOSTOMUS,In illud: Homo quidam descendebat [Sp.],1096,,unknown,False,False,False
tlg2062,310,JOANNES CHRYSOSTOMUS,In natale sancti Joannis prophetae [Sp.],3076,,unknown,False,False,False
tlg2062,311,JOANNES CHRYSOSTOMUS,In natale domini nostri Jesu Christi [Sp.] (fort. auctore quodam,1991,,unknown,False,False,False
tlg2062,312,JOANNES CHRYSOSTOMUS,In Zacchaeum publicanum [Sp.],1030,,unknown,False,False,False
tlg2062,313,JOANNES CHRYSOSTOMUS,In centurionem [Sp.],2206,,unknown,False,False,False
tlg2062,314,JOANNES CHRYSOSTOMUS,In illud: Exiit qui seminat [Sp.],1958,,unknown,False,False,False
tlg2062,315,JOANNES CHRYSOSTOMUS,In drachmam et in illud: Homo quidam habebat duos filios,1481,,unknown,False,False,False
tlg2062,316,JOANNES CHRYSOSTOMUS,De jejunio [Sp.],1297,,unknown,False,False,False
tlg2062,317,JOANNES CHRYSOSTOMUS,In filium viduae [Sp.],1920,,unknown,False,False,False
tlg2062,318,JOANNES CHRYSOSTOMUS,In publicanum et pharisaeum [Sp.],2117,,unknown,False,False,False
tlg2062,319,JOANNES CHRYSOSTOMUS,In ingressum sanctorum jejuniorum [Sp.],475,,unknown,False,False,False
tlg2062,320,JOANNES CHRYSOSTOMUS,"De jejunio, dominica quinta jejuniorum [Sp.]",840,,unknown,False,False,False
tlg2062,321,JOANNES CHRYSOSTOMUS,De jejunio [Sp.],3698,,unknown,False,False,False
tlg2062,322,JOANNES CHRYSOSTOMUS,De oratione [Sp.],1060,,unknown,False,False,False
tlg2062,323,JOANNES CHRYSOSTOMUS,In illud: Ignem veni mittere in terram [Sp.],1666,,unknown,False,False,False
tlg2062,324,JOANNES CHRYSOSTOMUS,Admonitiones spirituales [Sp.],1446,,unknown,False,False,False
tlg2062,325,JOANNES CHRYSOSTOMUS,In principium jejuniorum [Sp.],1446,,unknown,False,False,False
tlg2062,326,JOANNES CHRYSOSTOMUS,In adorationem venerandae crucis [Sp.],3983,,unknown,False,False,False
tlg2062,327,JOANNES CHRYSOSTOMUS,In resurrectionem domini [Sp.],804,,unknown,False,False,False
tlg2062,328,JOANNES CHRYSOSTOMUS,In parabolam Samaritani [Sp.],1705,,unknown,False,False,False
tlg2062,329,JOANNES CHRYSOSTOMUS,De jejunio [Sp.],722,,unknown,False,False,False
tlg2062,330,JOANNES CHRYSOSTOMUS,"De jejunio, de Davide [Sp.]",2996,,unknown,False,False,False
tlg2062,331,JOANNES CHRYSOSTOMUS,In annuntiationem deiparae [Sp.],3081,,unknown,False,False,False
tlg2062,332,JOANNES CHRYSOSTOMUS,De eleemosyna [Sp.],1136,,unknown,False,False,False
tlg2062,333,JOANNES CHRYSOSTOMUS,De caritate [Sp.],1098,,unknown,False,False,False
tlg2062,334,JOANNES CHRYSOSTOMUS,In Lazarum (homilia 1) [Sp.],2158,,unknown,False,False,False
tlg2062,335,JOANNES CHRYSOSTOMUS,In Lazarum (homilia 2) [Sp.],1288,,unknown,False,False,False
tlg2062,336,JOANNES CHRYSOSTOMUS,In Lazarum (homilia 3) [Sp.],636,,unknown,False,False,False
tlg2062,337,JOANNES CHRYSOSTOMUS,De mansuetudine sermo [Sp.],2362,,unknown,False,False,False
tlg2062,338,JOANNES CHRYSOSTOMUS,Eclogae i%19xlviii ex diversis homiliis [Sp.],160345,,unknown,False,False,False
tlg2062,344,JOANNES CHRYSOSTOMUS,Epistula ad Antiochum (epist. 233) [Sp.],150,1973,in_copyright,False,False,False
tlg2062,345,JOANNES CHRYSOSTOMUS,Oratio ante lectionem [Sp.],83,,unknown,False,False,False
tlg2062,346,JOANNES CHRYSOSTOMUS,Oratio secunda [Sp.],1905,,unknown,False,False,False
tlg2062,347,JOANNES CHRYSOSTOMUS,In novam dominicam et in apostolum Thomam [Sp.],2112,,unknown,False,False,False
tlg2062,348,JOANNES CHRYSOSTOMUS,In sanctum Stephanum (homilia 1) [Sp.],1141,,unknown,False,False,False
tlg2062,349,JOANNES CHRYSOSTOMUS,In sanctum Stephanum (homilia 2) [Sp.],386,,unknown,False,False,False
tlg2062,350,JOANNES CHRYSOSTOMUS,In sanctum Stephanum (homilia 3) [Sp.],456,,unknown,False,False,False
tlg2062,351,JOANNES CHRYSOSTOMUS,De patientia et de consummatione huius saeculi [Sp.],2391,,unknown,False,False,False
tlg2062,352,JOANNES CHRYSOSTOMUS,De paenitentia et in lectionem de Davide et de uxore Uriae [Sp.],2077,,unknown,False,False,False
tlg2062,353,JOANNES CHRYSOSTOMUS,De iis qui in jejunio continenter vivunt [Sp.],828,,unknown,False,False,False
tlg2062,354,JOANNES CHRYSOSTOMUS,Sermo exhortatorius de temperantia [Sp.],618,,unknown,False,False,False
tlg2062,355,JOANNES CHRYSOSTOMUS,Quod grave sit dei clementiam contemnere [Sp.],172,,unknown,False,False,False
tlg2062,356,JOANNES CHRYSOSTOMUS,In sanguinis fluxu laborantem [Sp.],1309,,unknown,False,False,False
tlg2062,357,JOANNES CHRYSOSTOMUS,Quod mari similis sit haec vita [Sp.] (fort. auctore quodam,1197,,unknown,False,False,False
tlg2062,358,JOANNES CHRYSOSTOMUS,In illud: Simile est regnum caelorum grano sinapis [Sp.],1515,,unknown,False,False,False
tlg2062,359,JOANNES CHRYSOSTOMUS,In illud: Si qua in Christo nova creatura [Sp.],5831,,unknown,False,False,False
tlg2062,360,JOANNES CHRYSOSTOMUS,In evangelii dictum et de virginitate [Sp.],3363,,unknown,False,False,False
tlg2062,361,JOANNES CHRYSOSTOMUS,De cognitione dei et in sancta theophania [Sp.],1009,,unknown,False,False,False
tlg2062,362,JOANNES CHRYSOSTOMUS,In lacum Genesareth et in sanctum Petrum apostolum [Sp.],2488,,unknown,False,False,False
tlg2062,363,JOANNES CHRYSOSTOMUS,De eleemosyna [Sp.],1952,,unknown,False,False,False
tlg2062,364,JOANNES CHRYSOSTOMUS,Ad eos qui magni aestimant opes [Sp.],1461,,unknown,False,False,False
tlg2062,365,JOANNES CHRYSOSTOMUS,De precatione [Sp.],1084,,unknown,False,False,False
tlg2062,366,JOANNES CHRYSOSTOMUS,De virtute animi [Sp.],1352,,unknown,False,False,False
tlg2062,367,JOANNES CHRYSOSTOMUS,Ad Eudoxiam (epist. 1%19`7) [Sp.],1621,1973,in_copyright,False,False,False
tlg2062,368,JOANNES CHRYSOSTOMUS,Precatio in obsessos [Sp.],146,,unknown,False,False,False
tlg2062,369,JOANNES CHRYSOSTOMUS,Precatio [Sp.],102,,unknown,False,False,False
tlg2062,370,JOANNES CHRYSOSTOMUS,Precatio [Sp.],114,,unknown,False,False,False
tlg2062,371,JOANNES CHRYSOSTOMUS,Precatio [Sp.],870,,unknown,False,False,False
tlg2062,373,JOANNES CHRYSOSTOMUS,De Babyla contra Julianum et gentiles,18204,1967,in_copyright,False,False,False
tlg2062,374,JOANNES CHRYSOSTOMUS,De regressu,1503,1961,in_copyright,False,False,False
tlg2062,376,JOANNES CHRYSOSTOMUS,Epistula ad Cyriacum (epist. 125 %7 recensiones),13184,1973,in_copyright,False,False,False
tlg2062,378,JOANNES CHRYSOSTOMUS,De inani gloria et de educandis liberis,9283,1972,in_copyright,False,False,False
tlg2062,379,JOANNES CHRYSOSTOMUS,In illud: Apparuit gratia dei omnibus hominibus,2357,1971,in_copyright,False,False,False
tlg2062,380,JOANNES CHRYSOSTOMUS,Catechesis de juramento (series prima),3309,1909,pd_us,False,False,False
tlg2062,381,JOANNES CHRYSOSTOMUS,Catechesis ultima ad baptizandos (series prima),2873,1909,pd_us,False,False,False
tlg2062,382,JOANNES CHRYSOSTOMUS,Catecheses ad illuminandos 1%19`8 (series tertia),26080,1970,in_copyright,False,False,False
tlg2062,384,JOANNES CHRYSOSTOMUS,Fragmenta ex homiliis diversis,185,1922,pd_us,False,False,False
tlg2062,402,JOANNES CHRYSOSTOMUS,In sanctam Pelagiam [Sp.],682,1935,in_copyright,False,False,False
tlg2062,413,JOANNES CHRYSOSTOMUS,In natale domini et in sanctam Mariam genitricem [Sp.],1764,1964,in_copyright,False,False,False
tlg2062,414,JOANNES CHRYSOSTOMUS,Visio Danielis [Sp.],1697,1893,pd_us,False,False,False
tlg2062,415,JOANNES CHRYSOSTOMUS,De cruce et latrone [Sp.] (fort. auctore Severiano),1623,1954,in_copyright,False,False,False
tlg2062,417,JOANNES CHRYSOSTOMUS,In infirmos [Sp.],1359,1893,pd_us,False,False,False
tlg2062,418,JOANNES CHRYSOSTOMUS,In omnes sanctos [Sp.],847,1912,pd_us,False,False,False
tlg2062,419,JOANNES CHRYSOSTOMUS,In magnam feriam v [Sp.],633,1936,in_copyright,False,False,False
tlg2062,420,JOANNES CHRYSOSTOMUS,De meretrice [Sp.],1244,1894,pd_us,False,False,False
tlg2062,421,JOANNES CHRYSOSTOMUS,Epistula ad abbatem [Sp.],3428,1973,in_copyright,False,False,False
tlg2062,423,JOANNES CHRYSOSTOMUS,In nativitatem Joannis Baptistae [Sp.],1405,1963,in_copyright,False,False,False
tlg2062,424,JOANNES CHRYSOSTOMUS,In Christi ascensionem [Sp.],572,1953,in_copyright,False,False,False
tlg2062,425,JOANNES CHRYSOSTOMUS,,1192,1910,pd_us,False,False,False
tlg2062,426,JOANNES CHRYSOSTOMUS,In assumptionem domini [Sp.],918,1953,in_copyright,False,False,False
tlg2062,427,JOANNES CHRYSOSTOMUS,In resurrectionem domini [Sp.],485,1972,in_copyright,False,False,False
tlg2062,428,JOANNES CHRYSOSTOMUS,Deprecatio [Sp.],812,1972,in_copyright,False,False,False
tlg2062,429,JOANNES CHRYSOSTOMUS,Epitimia lxxiii [Sp.],1356,1858,pd_us,False,False,False
tlg2062,430,JOANNES CHRYSOSTOMUS,In illud: Nolite thesaurizare vobis thesauros in terra [Sp.],1443,1925,pd_us,False,False,False
tlg2062,432,JOANNES CHRYSOSTOMUS,In catenas sancti Petri [Sp.],6972,1908,pd_us,False,False,False
tlg2062,433,JOANNES CHRYSOSTOMUS,Stichoi [Sp.],83,1868,pd_us,False,False,False
tlg2062,434,JOANNES CHRYSOSTOMUS,In passionem salvatoris nostri Jesu Christi [Sp.],403,1923,pd_us,False,False,False
tlg2062,435,JOANNES CHRYSOSTOMUS,In ramos palmarum [Sp.],1296,1923,pd_us,False,False,False
tlg2062,436,JOANNES CHRYSOSTOMUS,In synaxim incorporalium [Sp.],2193,1963,in_copyright,False,False,False
tlg2062,437,JOANNES CHRYSOSTOMUS,Encomium in sanctum Joannem evangelistam [Sp.],1718,1922,pd_us,False,False,False
tlg2062,438,JOANNES CHRYSOSTOMUS,In sanctum pascha [Sp.],1080,1953,in_copyright,False,False,False
tlg2062,442,JOANNES CHRYSOSTOMUS,Oratio de hypapante [Sp.],3090,1966,in_copyright,False,False,False
tlg2062,443,JOANNES CHRYSOSTOMUS,In illud: Credidi propter quod locutus sum [Sp.],1966,1907,pd_us,False,False,False
tlg2062,444,JOANNES CHRYSOSTOMUS,In Christi natalem [Sp.],533,1920,pd_us,False,False,False
tlg2062,445,JOANNES CHRYSOSTOMUS,Encomium in sanctos martyres [Sp.],312,1975,in_copyright,False,False,False
tlg2062,446,JOANNES CHRYSOSTOMUS,Encomium in sanctum Polycarpum,568,1902,pd_us,False,False,False
tlg2062,452,JOANNES CHRYSOSTOMUS,Oratio de epiphania [Sp.],1386,1977,in_copyright,False,False,False
tlg2062,463,JOANNES CHRYSOSTOMUS,De nativitate [Sp.],806,1973,in_copyright,False,False,False
tlg2062,473,JOANNES CHRYSOSTOMUS,In nativitatem Christi (fragmenta duo) [Sp.],76,1926,pd_us,False,False,False
tlg2062,484,JOANNES CHRYSOSTOMUS,In sanctum Paulum apostolum (excerptum),1178,1930,pd_us,False,False,False
tlg2062,486,JOANNES CHRYSOSTOMUS,De laudibus sancti Pauli apostoli (homiliae 1%19`7),16161,1982,in_copyright,False,False,False
tlg2062,488,JOANNES CHRYSOSTOMUS,De sancta Thecla martyre (e cod. Athon. Panteleimon 58) [Sp.],187,1975,in_copyright,False,False,False
tlg2062,489,JOANNES CHRYSOSTOMUS,De nativitate Joannis Baptistae [Sp.],1193,1982,in_copyright,False,False,False
tlg2062,491,JOANNES CHRYSOSTOMUS,In sanctum pascha [Sp.],1059,1981,in_copyright,False,False,False
tlg2062,492,JOANNES CHRYSOSTOMUS,In resurrectionem domini [Sp.],1430,1980,in_copyright,False,False,False
tlg2062,493,JOANNES CHRYSOSTOMUS,In resurrectionem domini B [Sp.],1216,1981,in_copyright,False,False,False
tlg2062,494,JOANNES CHRYSOSTOMUS,In operarios undecimae horae [Sp.],1567,1978,in_copyright,False,False,False
tlg2062,495,JOANNES CHRYSOSTOMUS,In Ecclesiasten [Sp.],6830,1978,in_copyright,False,False,False
tlg2062,496,JOANNES CHRYSOSTOMUS,Sermo cum presbyter fuit ordinatus,2752,1980,in_copyright,False,False,False
tlg2062,497,JOANNES CHRYSOSTOMUS,In Isaiam,37747,1983,in_copyright,False,False,False
tlg2062,498,JOANNES CHRYSOSTOMUS,In illud: Vidi dominum (homiliae 1%19`6),19137,1981,in_copyright,False,False,False
tlg2062,499,JOANNES CHRYSOSTOMUS,Epistula ad Caesarium [Sp.],742,1973,in_copyright,False,False,False
tlg2062,500,JOANNES CHRYSOSTOMUS,In Psalmum 50 (homilia 1) [Sp.] (P. Berol. 6788 A),68,1975,in_copyright,False,False,False
tlg2062,502,JOANNES CHRYSOSTOMUS,De nativitate Joannis Baptistae [Sp.],1327,1983,in_copyright,False,False,False
tlg2062,505,JOANNES CHRYSOSTOMUS,Commentarius in Job,48095,1990,in_copyright,False,False,False
tlg2062,X01,JOANNES CHRYSOSTOMUS,Ad neophytos,,,unknown,False,False,False
tlg2062,X02,JOANNES CHRYSOSTOMUS,Epistula ad Epiphanium (ap. Socratem),,,unknown,False,False,False
tlg2062,X03,JOANNES CHRYSOSTOMUS,Apocalypsis apocrypha sancti Joannis altera [Sp.],,,unknown,False,False,False
tlg2062,X04,JOANNES CHRYSOSTOMUS,Epistula ad Theophilum Alexandrinum (ap. Palladium),,,unknown,False,False,False
tlg2062,X05,JOANNES CHRYSOSTOMUS,Epistula ad Theophilum Alexandrinum (ap. Palladium),,,unknown,False,False,False
tlg2062,X06,JOANNES CHRYSOSTOMUS,Epistula ad Theophili partium episcopos (ap. Palladium),,,unknown,False,False,False
tlg2062,X07,JOANNES CHRYSOSTOMUS,Epistula ad Theophili partium episcopos (ap. Palladium),,,unknown,False,False,False
tlg2062,X08,JOANNES CHRYSOSTOMUS,Epistula ad imperatorem (ap. Palladium),,,unknown,False,False,False
tlg2062,X09,JOANNES CHRYSOSTOMUS,"Ex enarratione in epistulam ad Hebraeos (ap. Joannem Damascenum,",,,unknown,False,False,False
tlg2062,X10,JOANNES CHRYSOSTOMUS,"Ex narratione in parabolam seminis (ap. Joannem Damascenum, De",,,unknown,False,False,False
tlg2062,X11,JOANNES CHRYSOSTOMUS,"Fragmentum incertum (ap. Joannem Damascenum, De imaginibus,",,,unknown,False,False,False
tlg2062,X12,JOANNES CHRYSOSTOMUS,"In sanctum Flavianum Antiochenum (ap. Joannem Damascenum, De",,,unknown,False,False,False
tlg2062,X13,JOANNES CHRYSOSTOMUS,"Contra Julianum (ap. Joannem Damascenum, De imaginibus, orat",,,unknown,False,False,False
tlg2062,X14,JOANNES CHRYSOSTOMUS,In pentecosten (sermo 3) [Sp.],,,unknown,False,False,False
tlg2062,X15,JOANNES CHRYSOSTOMUS,"Daemones non gubernare mundum (ap. Georgium, Chronicon)",,,unknown,False,False,False
tlg2062,X16,JOANNES CHRYSOSTOMUS,In Genesim (sermo 1) [Sp.],,,unknown,False,False,False
tlg2062,X17,JOANNES CHRYSOSTOMUS,In Job (sermones 1%19`4) [Sp.],,,unknown,False,False,False
tlg2062,X18,JOANNES CHRYSOSTOMUS,De tribus pueris [Sp.],,,unknown,False,False,False
tlg2062,X19,JOANNES CHRYSOSTOMUS,De caeco nato [Sp.],,,unknown,False,False,False
tlg2062,X20,JOANNES CHRYSOSTOMUS,De caeco et Zacchaeo [Sp.],,,unknown,False,False,False
tlg2062,X21,JOANNES CHRYSOSTOMUS,In illud: Quando ipsi subiciet omnia [Sp.],,,unknown,False,False,False
tlg2062,X23,JOANNES CHRYSOSTOMUS,Encomium in sanctos martyres [Sp.] (e codd. Paris. 1505 %7 Ven. Marc,,,unknown,False,False,False
tlg2062,X28,JOANNES CHRYSOSTOMUS,In nativitatem Christi (olim sub nomine Joannis Chrysostomi),,,unknown,False,False,False
tlg2062,X29,JOANNES CHRYSOSTOMUS,In transfigurationem (olim sub nomine Joannis Chrysostomi),,,unknown,False,False,False
tlg2063,001,GREGORIUS THAUMATURGUS,In Origenem oratio panegyrica,9298,1969,in_copyright,False,False,False
tlg2063,005,GREGORIUS THAUMATURGUS,Epistula canonica,1223,,unknown,False,False,False
tlg2063,006,GREGORIUS THAUMATURGUS,Metaphrasis in Ecclesiasten Salamonis,5254,,unknown,False,False,False
tlg2063,008,GREGORIUS THAUMATURGUS,Ad Tatianum de anima per capita disputatio [Sp.],1610,,unknown,False,False,False
tlg2063,009,GREGORIUS THAUMATURGUS,In annuntiationem sanctae virginis Mariae (homiliae 1%19`2) [Sp.],5218,,unknown,False,False,False
tlg2063,010,GREGORIUS THAUMATURGUS,Sermo in omnes sanctos [Sp.],675,,unknown,False,False,False
tlg2063,013,GREGORIUS THAUMATURGUS,Fragmentum in evangelium Matthaei 6.22%19`23 (in catenis),185,,unknown,False,False,False
tlg2063,016,GREGORIUS THAUMATURGUS,Fragmentum in Job (in catenis),461,1883,pd_us,False,False,False
tlg2063,021,GREGORIUS THAUMATURGUS,Sententiae (ap. Antonium Melissam),119,1880,pd_us,False,False,False
tlg2063,022,GREGORIUS THAUMATURGUS,*EI)S TO\ OU)DE\N EI)/DWLON E)N KO/SMW| (fragmentum),32,1899,pd_us,False,False,False
tlg2063,025,GREGORIUS THAUMATURGUS,Fragmenta in Jeremiam (in catenis),1150,1883,pd_us,False,False,False
tlg2063,028,GREGORIUS THAUMATURGUS,De fide capitula duodecim,559,1950,in_copyright,False,False,False
tlg2063,X01,GREGORIUS THAUMATURGUS,Fragmentum (in Doctrina patrum),,,unknown,False,False,False
tlg2063,X02,GREGORIUS THAUMATURGUS,De fide capitula duodecim (%6 Liber de dei verbi incarnatione),,,unknown,False,False,False
tlg2063,X03,GREGORIUS THAUMATURGUS,Confessio fidei,,,unknown,False,False,False
tlg2064,002,ACACIUS,Fragmenta in epistulam ad Romanos (in catenis),1109,1933,in_copyright,False,False,False
tlg2074,037,APOLLINARIS,Fragmenta in Matthaeum (in catenis),11092,1957,in_copyright,False,False,False
tlg2074,038,APOLLINARIS,Fragmenta in Joannem (in catenis),12750,1966,in_copyright,False,False,False
tlg2074,039,APOLLINARIS,Fragmenta in epistulam ad Romanos (in catenis),8141,1933,in_copyright,False,False,False
tlg2074,041,APOLLINARIS,Fragmenta in Psalmos (in catenis),23455,1975,in_copyright,False,False,False
tlg2074,X01,APOLLINARIS,Epistula ad Basilium 1,,,unknown,False,False,False
tlg2074,X02,APOLLINARIS,Epistula ad Basilium 2,,,unknown,False,False,False
tlg2074,X03,APOLLINARIS,In sanctum pascha (sermones 1%19`3) (fort. auctore Apollinare,,,unknown,False,False,False
tlg2084,001,BASILIUS,De virginitate,28159,,unknown,False,False,False
tlg2084,X01,BASILIUS,Epistula synodica,,,unknown,False,False,False
tlg2084,X02,BASILIUS,Basilii ac Georgii Laodiceni et sociorum professio,,,unknown,False,False,False
tlg2102,001,DIDYMUS CAECUS,Commentarii in Job (1%19`4),19583,1968,in_copyright,False,False,False
tlg2102,002,DIDYMUS CAECUS,Commentarii in Job (5.1%19`6.29),12482,1968,in_copyright,False,False,False
tlg2102,003,DIDYMUS CAECUS,Commentarii in Job (7.20c%19`11),16425,1968,in_copyright,False,False,False
tlg2102,004,DIDYMUS CAECUS,Commentarii in Job (12.1%19`16.8a) (partim in catenis),16559,1985,in_copyright,False,False,False
tlg2102,005,DIDYMUS CAECUS,Commentarii in Ecclesiasten (5%19`6),9857,1970,in_copyright,False,False,False
tlg2102,006,DIDYMUS CAECUS,Commentarii in Ecclesiasten (7%19`8.8),15424,1972,in_copyright,False,False,False
tlg2102,007,DIDYMUS CAECUS,Commentarii in Ecclesiasten (11%19`12),16065,1969,in_copyright,False,False,False
tlg2102,008,DIDYMUS CAECUS,De trinitate (lib. 1) [Sp.],23675,1975,in_copyright,False,False,False
tlg2102,009,DIDYMUS CAECUS,De trinitate (lib. 2.1%19`7) [Sp.],22518,1975,in_copyright,False,False,False
tlg2102,010,DIDYMUS CAECUS,Commentarii in Zacchariam,91483,1962,in_copyright,False,False,False
tlg2102,011,DIDYMUS CAECUS,Commentarii in Ecclesiasten (1.1%19`8),16841,1979,in_copyright,False,False,False
tlg2102,012,DIDYMUS CAECUS,Contra Manichaeos,4674,,unknown,False,False,False
tlg2102,013,DIDYMUS CAECUS,Commentarii in Octateuchum et Reges (in catenis),477,,unknown,False,False,False
tlg2102,014,DIDYMUS CAECUS,Commentarii in Job (in catenis),7230,,unknown,False,False,False
tlg2102,016,DIDYMUS CAECUS,Commentarii in Psalmos 20%19`21,24836,1969,in_copyright,False,False,False
tlg2102,017,DIDYMUS CAECUS,Commentarii in Psalmos 22%19`26.10,25434,1968,in_copyright,False,False,False
tlg2102,018,DIDYMUS CAECUS,Commentarii in Psalmos 29%19`34,45353,1969,in_copyright,False,False,False
tlg2102,019,DIDYMUS CAECUS,Commentarii in Psalmos 35%19`39,32875,1969,in_copyright,False,False,False
tlg2102,020,DIDYMUS CAECUS,Commentarii in Psalmos 40%19`44.4,25530,1970,in_copyright,False,False,False
tlg2102,021,DIDYMUS CAECUS,Fragmenta in Psalmos (e commentario altero),159008,1975,in_copyright,False,False,False
tlg2102,022,DIDYMUS CAECUS,Fragmenta in Proverbia,4609,,unknown,False,False,False
tlg2102,025,DIDYMUS CAECUS,Fragmenta in Joannem (in catenis),2420,1966,in_copyright,False,False,False
tlg2102,026,DIDYMUS CAECUS,Fragmenta in epistulam ad Romanos (in catenis),1881,1933,in_copyright,False,False,False
tlg2102,027,DIDYMUS CAECUS,Fragmenta in epistulam i ad Corinthios (in catenis),2368,1933,in_copyright,False,False,False
tlg2102,028,DIDYMUS CAECUS,Fragmenta in epistulam ii ad Corinthios (in catenis),9842,1933,in_copyright,False,False,False
tlg2102,030,DIDYMUS CAECUS,In epistulas catholicas brevis enarratio (in catenis),6448,1914,pd_us,False,False,False
tlg2102,032,DIDYMUS CAECUS,"Ad philosophum (ap. Joannem Damascenum, Sacra parallela)",14,,unknown,False,False,False
tlg2102,033,DIDYMUS CAECUS,"De incorporeo (ap. Joannem Damascenum, Sacra parallela)",55,,unknown,False,False,False
tlg2102,035,DIDYMUS CAECUS,"Fragmenta (ap. Maximum Confessorem, Loci communes [Sp.])",214,,unknown,False,False,False
tlg2102,037,DIDYMUS CAECUS,"Fragmenta (ap. Antonium Melissam, Loci communes)",151,,unknown,False,False,False
tlg2102,040,DIDYMUS CAECUS,Dialexis Montanistae et orthodoxi [Sp.],2380,1905,pd_us,False,False,False
tlg2102,041,DIDYMUS CAECUS,In Genesim,58664,1976,in_copyright,False,False,False
tlg2102,042,DIDYMUS CAECUS,De trinitate (lib. 2.8%19`27) [Sp.],23359,,unknown,False,False,False
tlg2102,043,DIDYMUS CAECUS,De trinitate (lib. 3) [Sp.],34493,,unknown,False,False,False
tlg2102,046,DIDYMUS CAECUS,Fragmentum in epistulam ad Hebraeos (in catenis),125,1933,in_copyright,False,False,False
tlg2102,047,DIDYMUS CAECUS,Commentarii in Ecclesiasten (3%19`4.12),20121,1977,in_copyright,False,False,False
tlg2102,048,DIDYMUS CAECUS,Commentarii in Ecclesiasten (9.8%19`10.20),13590,1979,in_copyright,False,False,False
tlg2102,049,DIDYMUS CAECUS,Commentarii in Psalmos 36.15%19`19,1443,1982,in_copyright,False,False,False
tlg2102,X01,DIDYMUS CAECUS,*SUMBOULH\ H)QIKH/ (fragmentum ap. Socratem),,,unknown,False,False,False
tlg2102,X02,DIDYMUS CAECUS,"De dogmatibus et contra Arianos [Sp.] (ap. Basilium, Adversus",,,unknown,False,False,False
tlg2102,X03,DIDYMUS CAECUS,"Fragmentum in Osee (ap. Joannem Damascenum, Sacra parallela)",,,unknown,False,False,False
tlg2102,X04,DIDYMUS CAECUS,"Fragmentum in Lot et David (ap. Joannem Damascenum, Sacra",,,unknown,False,False,False
tlg2102,X05,DIDYMUS CAECUS,"Fragmenta (ap. Joannem Damascenum, Sacra parallela)",,,unknown,False,False,False
tlg2102,X06,DIDYMUS CAECUS,"Fragmenta in Isaiam (ap. Joannem Damascenum, Sacra parallela)",,,unknown,False,False,False
tlg2102,X07,DIDYMUS CAECUS,Fragmenta in Acta (in catenis),,,unknown,False,False,False
tlg2109,001,Pseudo-MACARIUS,Sermones 64 (collectio B),142336,1973,in_copyright,False,False,False
tlg2109,002,Pseudo-MACARIUS,Homiliae spirituales 50 (collectio H),77443,1964,in_copyright,False,False,False
tlg2109,003,Pseudo-MACARIUS,"Sermones 1%19`22, 24%19`27",34616,1961,in_copyright,False,False,False
tlg2109,004,Pseudo-MACARIUS,Homiliae 7 (collectio HA),9200,1918,pd_us,False,False,False
tlg2109,005,Pseudo-MACARIUS,Epistula magna,13588,1954,in_copyright,False,False,False
tlg2109,006,Pseudo-MACARIUS,Sermo 23 (recensio excerpta),597,1961,in_copyright,False,False,False
tlg2109,007,Pseudo-MACARIUS,Sermo 23 (recensio completa),1957,1961,in_copyright,False,False,False
tlg2109,008,Pseudo-MACARIUS,Sermo 28 (recensio expletior),1735,1961,in_copyright,False,False,False
tlg2109,009,Pseudo-MACARIUS,Sermo 28 (recensio brevior),886,1961,in_copyright,False,False,False
tlg2109,010,Pseudo-MACARIUS,Preces,366,,unknown,False,False,False
tlg2109,011,Pseudo-MACARIUS,Apophthegmata,4871,,unknown,False,False,False
tlg2109,012,Pseudo-MACARIUS,Opusculum 1 (%6 De custodia cordis),4110,,unknown,False,False,False
tlg2109,013,Pseudo-MACARIUS,Sermo 17 (excerpta),147,1961,in_copyright,False,False,False
tlg2110,001,CYRILLUS,Procatechesis,2646,1848,pd_us,False,False,False
tlg2110,002,CYRILLUS,Mystagogiae 1%19`5 [Sp.],5594,1966,in_copyright,False,False,False
tlg2110,003,CYRILLUS,Catecheses ad illuminandos 1%19`18,75420,1848,pd_us,False,False,False
tlg2110,004,CYRILLUS,Additamentum ad catechesis illuminandorum sextae decimae caput,324,1860,pd_us,False,False,False
tlg2110,005,CYRILLUS,Tituli catechesium,606,1860,pd_us,False,False,False
tlg2110,006,CYRILLUS,Homilia in paralyticum juxta piscinam jacentem,2652,1860,pd_us,False,False,False
tlg2110,007,CYRILLUS,Homilia in occursum domini [Sp.],1964,1860,pd_us,False,False,False
tlg2110,008,CYRILLUS,Homilia aquae in vinum conversae (fragmenta) [Sp.],160,1907,pd_us,False,False,False
tlg2110,009,CYRILLUS,Homilia in illud: Ego vado ad patrem meum (fragmenta) [Sp.],79,1938,in_copyright,False,False,False
tlg2110,010,CYRILLUS,Suppositarum Cyrilli et Julii pontificis epistularum compendium,382,,unknown,False,False,False
tlg2110,011,CYRILLUS,Catechesis ad illuminandos 2 (exemplar alterum),2766,,unknown,False,False,False
tlg2110,012,CYRILLUS,Catechesis ad illuminandos 2 (recensio e cod. Paris. 409),1800,1868,pd_us,False,False,False
tlg2110,013,CYRILLUS,Epistula ad Constantium imperatorem,925,1973,in_copyright,False,False,False
tlg2111,001,PALLADIUS,Historia Lausiaca (recensio G),29734,1974,in_copyright,False,False,False
tlg2111,002,PALLADIUS,Prooemium ad historiam Lausiacam [Sp.],593,1904,pd_us,False,False,False
tlg2111,003,PALLADIUS,Epistula ad Lausum,302,1904,pd_us,False,False,False
tlg2111,004,PALLADIUS,Dialogus de vita Joannis Chrysostomi,35922,1928,pd_us,False,False,False
tlg2111,005,PALLADIUS,De gentibus Indiae et Bragmanibus [Sp.],6923,1967,in_copyright,False,False,False
tlg2112,001,AMPHILOCHIUS,In natalitia domini (orat. 1),1520,1978,in_copyright,False,False,False
tlg2112,002,AMPHILOCHIUS,Iambi ad Seleucum,1937,1969,in_copyright,False,False,False
tlg2112,003,AMPHILOCHIUS,In occursum domini (orat. 2),2374,1978,in_copyright,False,False,False
tlg2112,004,AMPHILOCHIUS,In Lazarum (orat. 3),1320,1978,in_copyright,False,False,False
tlg2112,005,AMPHILOCHIUS,In mulierem peccatricem (orat. 4),4066,1978,in_copyright,False,False,False
tlg2112,006,AMPHILOCHIUS,In diem sabbati sancti (orat. 5),818,1978,in_copyright,False,False,False
tlg2112,007,AMPHILOCHIUS,In illud: Pater si possibile est (orat. 6),3680,1978,in_copyright,False,False,False
tlg2112,008,AMPHILOCHIUS,De recens baptizatis (orat. 7),1626,1978,in_copyright,False,False,False
tlg2112,009,AMPHILOCHIUS,In Zacchaeum (orat. 8),2287,1978,in_copyright,False,False,False
tlg2112,010,AMPHILOCHIUS,In illud: Non potest filius a se facere (orat. 9),1608,1978,in_copyright,False,False,False
tlg2112,011,AMPHILOCHIUS,Contra haereticos,10423,1978,in_copyright,False,False,False
tlg2112,012,AMPHILOCHIUS,Oratio in resurrectionem domini [Sp.] (e cod. Vat. gr. 1936),768,1970,in_copyright,False,False,False
tlg2112,013,AMPHILOCHIUS,Oratio in resurrectionem domini [Sp.] (e cod. Vat. gr. 2194),691,1968,in_copyright,False,False,False
tlg2112,014,AMPHILOCHIUS,Encomium sancti Basilii Magni [Sp.],161,1953,in_copyright,False,False,False
tlg2112,015,AMPHILOCHIUS,Epistula synodalis,797,1978,in_copyright,False,False,False
tlg2112,016,AMPHILOCHIUS,Fragmenta,2800,1978,in_copyright,False,False,False
tlg2112,017,AMPHILOCHIUS,Oratio in mesopentecosten [Sp.],2235,1978,in_copyright,False,False,False
tlg2112,018,AMPHILOCHIUS,Fragmenta spuria,843,1978,in_copyright,False,False,False
tlg2112,019,AMPHILOCHIUS,Expositio in illud: De meo accipiet et annuntiabit vobis (fr,94,,unknown,False,False,False
tlg2112,020,AMPHILOCHIUS,Fragmenta ex tractatu in illud: Dominus creavit me (fr. 4),243,,unknown,False,False,False
tlg2112,021,AMPHILOCHIUS,In Isaiam (fr. 5) [Sp.],28,,unknown,False,False,False
tlg2112,022,AMPHILOCHIUS,In illud: Solvite templum hoc (fr. 9) [Sp.],56,,unknown,False,False,False
tlg2112,023,AMPHILOCHIUS,Fragmentum xvii [Sp.],157,,unknown,False,False,False
tlg2112,024,AMPHILOCHIUS,Fragmentum xx [Sp.],20,,unknown,False,False,False
tlg2112,025,AMPHILOCHIUS,Fragmentum xxi [Sp.],33,,unknown,False,False,False
tlg2112,026,AMPHILOCHIUS,Fragmenta,663,,unknown,False,False,False
tlg2115,002,HIPPOLYTUS,Contra haeresin Noeti,4564,1977,in_copyright,False,False,False
tlg2115,003,HIPPOLYTUS,De antichristo,10616,1897,pd_us,False,False,False
tlg2115,004,HIPPOLYTUS,Fragmenta in Genesim,2433,1897,pd_us,False,False,False
tlg2115,005,HIPPOLYTUS,Fragmenta in Genesim [Sp.],1059,1897,pd_us,False,False,False
tlg2115,006,HIPPOLYTUS,De benedictione Balaam (fragmentum ex Leontio),75,1897,pd_us,False,False,False
tlg2115,007,HIPPOLYTUS,In canticum Mosis,239,1897,pd_us,False,False,False
tlg2115,008,HIPPOLYTUS,Ex interpretatione Ruth,242,1897,pd_us,False,False,False
tlg2115,009,HIPPOLYTUS,In Helcanam et Annam,266,1897,pd_us,False,False,False
tlg2115,010,HIPPOLYTUS,Fragmentum de engastrimytho [Sp.],228,1897,pd_us,False,False,False
tlg2115,011,HIPPOLYTUS,Fragmenta in Psalmos,436,1897,pd_us,False,False,False
tlg2115,012,HIPPOLYTUS,Fragmenta in Psalmos [Sp.],4308,1897,pd_us,False,False,False
tlg2115,013,HIPPOLYTUS,Fragmenta in Proverbia,2499,1897,pd_us,False,False,False
tlg2115,014,HIPPOLYTUS,Fragmenta in Proverbia [Dub.],26,1897,pd_us,False,False,False
tlg2115,015,HIPPOLYTUS,Fragmenta in Proverbia [Sp.],813,1897,pd_us,False,False,False
tlg2115,016,HIPPOLYTUS,In Ecclesiasten (fragmentum e cod. Vat. 1694),67,1897,pd_us,False,False,False
tlg2115,017,HIPPOLYTUS,Fragmentum in Ecclesiasten [Sp.],21,1897,pd_us,False,False,False
tlg2115,018,HIPPOLYTUS,In principium Isaiae,123,1897,pd_us,False,False,False
tlg2115,019,HIPPOLYTUS,Fragmentum in Ezechielem,138,,unknown,False,False,False
tlg2115,020,HIPPOLYTUS,Fragmentum in Matthaeum 6.11 [Sp.],59,1897,pd_us,False,False,False
tlg2115,021,HIPPOLYTUS,Fragmentum de distributione talentorum (Matth. 25.24),99,1897,pd_us,False,False,False
tlg2115,022,HIPPOLYTUS,De duobus latronibus (Joh. 19.33%19`34),142,1897,pd_us,False,False,False
tlg2115,023,HIPPOLYTUS,In evangelium Joannis et de resurrectione Lazari [Dub.],1328,1897,pd_us,False,False,False
tlg2115,024,HIPPOLYTUS,De resurrectione ad Mammaeam imperatricem (fragmenta ap,112,1897,pd_us,False,False,False
tlg2115,025,HIPPOLYTUS,Fragmentum de resurrectione et incorruptione (ap. Anastasium,96,1897,pd_us,False,False,False
tlg2115,026,HIPPOLYTUS,,2012,1897,pd_us,False,False,False
tlg2115,027,HIPPOLYTUS,Demonstratio temporum paschatis (in catenis),371,1897,pd_us,False,False,False
tlg2115,028,HIPPOLYTUS,Narratio de virgine Corinthiaca [Dub.],341,1897,pd_us,False,False,False
tlg2115,029,HIPPOLYTUS,De consummatione mundi [Sp.],8216,1897,pd_us,False,False,False
tlg2115,030,HIPPOLYTUS,Commentarium in Danielem,34647,1947,in_copyright,False,False,False
tlg2115,031,HIPPOLYTUS,In Canticum canticorum,132,1897,pd_us,False,False,False
tlg2115,032,HIPPOLYTUS,Commentarium in Danielem 1.18,484,1972,in_copyright,False,False,False
tlg2115,033,HIPPOLYTUS,De benedictionibus Isaaci et Jacobi,8356,1954,in_copyright,False,False,False
tlg2115,034,HIPPOLYTUS,De benedictione Mosis (fragmenta),107,1954,in_copyright,False,False,False
tlg2115,035,HIPPOLYTUS,Fragmentum in Danielem 1.18.3,40,1973,in_copyright,False,False,False
tlg2115,036,HIPPOLYTUS,Chronicon,10632,1955,in_copyright,False,False,False
tlg2115,037,HIPPOLYTUS,Chronicon (fragmentum) (P. Oxy. 6.870),107,1908,pd_us,False,False,False
tlg2115,038,HIPPOLYTUS,Fragmentum in Genesim 4.23 (e cod. Ath. Bibl. Nat. 2492),235,1974,in_copyright,False,False,False
tlg2115,039,HIPPOLYTUS,Demonstratio adversus Judaeos [Sp.],1333,1936,in_copyright,False,False,False
tlg2115,042,HIPPOLYTUS,De universo,1176,1899,pd_us,False,False,False
tlg2115,043,HIPPOLYTUS,De universo (fragmenta),328,1965,in_copyright,False,False,False
tlg2115,044,HIPPOLYTUS,Fragmenta in Proverbia (e cod. Coislin. 193),2527,1966,in_copyright,False,False,False
tlg2115,045,HIPPOLYTUS,Fragmenta in Proverbia (e Pseudo%19Anastasio Sinai+ta),824,1966,in_copyright,False,False,False
tlg2115,046,HIPPOLYTUS,De benedictione Balaam (fragmenta ap. Irenaeum),388,1857,pd_us,False,False,False
tlg2115,047,HIPPOLYTUS,Fragmentum e traditione apostolica [Sp.],33,1963,in_copyright,False,False,False
tlg2115,048,HIPPOLYTUS,De resurrectione ad Mammaeam imperatricem (cod. Achrid. Mus. nat,68,1963,in_copyright,False,False,False
tlg2115,049,HIPPOLYTUS,In Canticum canticorum (paraphrasis),3331,1964,in_copyright,False,False,False
tlg2115,050,HIPPOLYTUS,Fragmenta varia [Dub.],90,1857,pd_us,False,False,False
tlg2115,051,HIPPOLYTUS,Fragmentum in Helcanam et Annam,46,1953,in_copyright,False,False,False
tlg2115,052,HIPPOLYTUS,Fragmenta in Psalmos,1999,1953,in_copyright,False,False,False
tlg2115,053,HIPPOLYTUS,,1815,1965,in_copyright,False,False,False
tlg2115,055,HIPPOLYTUS,Traditio apostolica,369,1968,in_copyright,False,False,False
tlg2115,056,HIPPOLYTUS,Contra Beronem et Heliconem [Sp.],1602,1907,pd_us,False,False,False
tlg2115,057,HIPPOLYTUS,Canon paschalis,65,1978,in_copyright,False,False,False
tlg2115,058,HIPPOLYTUS,"De universo (fragmentum ap. Joannem Philoponum, De opificio",68,1858,pd_us,False,False,False
tlg2115,059,HIPPOLYTUS,Syntagma (fragmentum ap. Chronicon paschale),259,,unknown,False,False,False
tlg2115,060,HIPPOLYTUS,Refutatio omnium haeresium (%6 Philosophumena),73974,1986,in_copyright,True,False,True
tlg2115,X01,HIPPOLYTUS,Contra Artemonem sive Parvus labyrinthus [Dub.],,,unknown,False,False,False
tlg2115,X04,HIPPOLYTUS,Adversus Graecos,,,unknown,False,False,False
tlg2115,X05,HIPPOLYTUS,De universo (fragmenta),,,unknown,False,False,False
tlg2116,001,ARCADIUS,De accentibus [Sp.],35711,1860,pd_us,False,False,False
tlg2117,001,ANONYMUS DE METRORUM RATIONE,Fragmentum (P. Berol. 9734r),62,1963,in_copyright,False,False,False
tlg2118,001,GRYLLUS,Fragmentum (P. Oxy. 22.2331),81,1964,in_copyright,False,False,False
tlg2119,001,CHRISTODORUS,Fragmenta,20,1964,in_copyright,False,False,False
tlg2119,002,CHRISTODORUS,Epigrammata,2719,,unknown,False,False,False
tlg2119,003,CHRISTODORUS,Testimonium,72,,unknown,False,False,False
tlg2119,004,CHRISTODORUS,Fragmentum,35,,unknown,False,False,False
tlg2120,001,PANTELEIUS,Fragmentum,61,1963,in_copyright,False,False,False
tlg2121,001,DIOSCORUS,Fragmenta,3736,1963,in_copyright,False,False,False
tlg2122,004,Gaius ASINIUS QUADRATUS,Fragmenta,799,1841,pd_us,False,False,False
tlg2127,001,TROILUS,Prolegomena in Hermogenis artem rhetoricam,3379,1834,pd_us,False,False,False
tlg2127,002,TROILUS,Epigramma (auctore Troilo Grammatico),17,,unknown,False,False,False
tlg2130,001,ARETHAS,Epigrammata,229,,unknown,False,False,False
tlg2130,002,ARETHAS,Fragmenta in epistulam ad Romanos (in catenis),1676,1933,in_copyright,False,False,False
tlg2130,003,ARETHAS,Fragmenta in epistulam i ad Corinthios (in catenis),173,1933,in_copyright,False,False,False
tlg2130,004,ARETHAS,Fragmenta in epistulam ii ad Corinthios (in catenis),335,1933,in_copyright,False,False,False
tlg2130,005,ARETHAS,Fragmentum in epistulam ii ad Thessalonicenses (in catenis),27,1933,in_copyright,False,False,False
tlg2130,006,ARETHAS,Fragmentum in epistulam i ad Timotheum (in catenis),70,1933,in_copyright,False,False,False
tlg2130,007,ARETHAS,Fragmentum in epistulam ad Hebraeos (in catenis),42,1933,in_copyright,False,False,False
tlg2130,032,ARETHAS,Scholia Arethae in Cyrilli apologiam xii anathematismorum contra,1568,1928,pd_us,False,False,False
tlg2130,X01,ARETHAS,"Scholion ad Eunapii historiam (ap. Constantinum Porphyrogenitum,",,,unknown,False,False,False
tlg2130,X02,ARETHAS,Scholia in Lucianum,,,unknown,False,False,False
tlg2130,X03,ARETHAS,Scholia in Platonem,,,unknown,False,False,False
tlg2130,X04,ARETHAS,Scholia in Clementis Alexandrini protrepticum et paedagogum,,,unknown,False,False,False
tlg2133,001,ACHILLES TATIUS,Isagoga excerpta,13796,1898,pd_us,False,False,False
tlg2133,X01,ACHILLES TATIUS,Vita Arati (olim sub auctore Achille Tatio),,,unknown,False,False,False
tlg2133,X02,ACHILLES TATIUS,*PERI\ E)CHGH/SEWS (olim sub auctore Achille Tatio),,,unknown,False,False,False
tlg2140,001,IAMBLICHUS,"Fragmenta alchemica (e cod. Paris. B.N. gr. 2327, fol. 266r)",1055,1888,pd_us,True,False,True
tlg2141,003,Publius Herennius DEXIPPUS,Fragmenta,8068,1841,pd_us,False,False,False
tlg2148,001,ARISTODEMUS,Fragmenta,3136,,unknown,False,False,False
tlg2148,002,ARISTODEMUS,Fragmentum (P. Oxy. 27.2469),157,1978,in_copyright,False,False,False
tlg2151,002,PRAXAGORAS,Fragmentum,360,1841,pd_us,False,False,False
tlg2153,001,BION,Testimonia,143,1952,in_copyright,False,False,False
tlg2157,003,MAGNUS,Fragmentum,724,1841,pd_us,False,False,False
tlg2158,002,EUTYCHIANUS,Fragmentum,202,1841,pd_us,False,False,False
tlg2160,002,PYRRHUS,Fragmenta,258,1841,pd_us,False,False,False
tlg2162,003,ARATUS,Fragmenta,629,1841,pd_us,False,False,False
tlg2168,001,APOLLOPHANES,Fragmenta,169,1905,pd_us,False,False,False
tlg2169,001,HERILLUS,Fragmenta,599,1905,pd_us,False,False,False
tlg2171,002,STESICLIDES,Fragmenta,81,1841,pd_us,False,False,False
tlg2172,002,ANDRON,Fragmentum,122,1841,pd_us,False,False,False
tlg2173,002,ANTILEON,Fragmenta,46,1841,pd_us,False,False,False
tlg2175,002,[2AUTOCHARIS]2,Fragmentum,24,1841,pd_us,False,False,False
tlg2178,001,Cassius LONGINUS,Ars rhetorica,5688,1853,pd_us,True,False,True
tlg2178,002,Cassius LONGINUS,Excerpta,683,1853,pd_us,True,False,True
tlg2178,004,Cassius LONGINUS,Fragmenta,1524,1906,pd_us,True,False,True
tlg2181,001,MOSES,"*MWSE/WS DI/PLWSIS (e cod. Venet. Marc. 299, fol. 185r)",59,1888,pd_us,False,False,False
tlg2181,002,MOSES,*EU)POI/A KAI\ EU)TUXI/A TOU= KTISAME/NOU KAI\ E)PITUXI/A KAMA/TOU KAI\,3782,1888,pd_us,False,False,False
tlg2182,003,STAPHYLUS,Fragmenta,504,1841,pd_us,False,False,False
tlg2185,001,DIONYSIUS *METAQÉMENOS,Fragmenta,1000,1905,pd_us,False,False,False
tlg2186,003,LEO,Fragmentum,12,1841,pd_us,False,False,False
tlg2187,002,POSIDONIUS,Fragmenta,283,1841,pd_us,False,False,False
tlg2189,001,CALLINICUS,Testimonia,201,,unknown,False,False,False
tlg2189,002,CALLINICUS,Fragmenta,354,,unknown,False,False,False
tlg2190,002,[CLITONYMUS],Fragmenta,211,1841,pd_us,False,False,False
tlg2192,002,[AGATHARCHIDES],Fragmentum,255,1841,pd_us,False,False,False
tlg2193,002,[ARETADES],Fragmenta,172,1841,pd_us,False,False,False
tlg2194,002,[ARISTIDES],Fragmenta,2199,1841,pd_us,False,False,False
tlg2195,002,[CHRYSERMUS],Fragmenta,455,1841,pd_us,False,False,False
tlg2196,002,[DERCYLLUS],Fragmenta,456,1841,pd_us,False,False,False
tlg2200,001,LIBANIUS,Epistulae 1%19`1544,226218,1921,pd_us,True,False,True
tlg2200,002,LIBANIUS,Epistulae pseudepigraphae,1234,1922,pd_us,False,False,False
tlg2200,003,LIBANIUS,Epistularum Basilii et Libanii quod fertur commercium,3269,1922,pd_us,False,False,False
tlg2200,004,LIBANIUS,Orationes 1%19`64,260529,1903,pd_us,False,False,False
tlg2200,005,LIBANIUS,Declamationes 1%19`51,220315,1909,pd_us,False,False,False
tlg2200,006,LIBANIUS,Progymnasmata,69308,1915,pd_us,False,False,False
tlg2200,007,LIBANIUS,Argumenta orationum Demosthenicarum,12379,1915,pd_us,False,False,False
tlg2200,008,LIBANIUS,Characteres epistolici [Sp.],2450,1927,pd_us,True,False,True
tlg2200,009,LIBANIUS,Fragmenta de declamationibus,1311,1922,pd_us,False,False,False
tlg2200,011,LIBANIUS,Epigramma,15,,unknown,False,False,False
tlg2200,012,LIBANIUS,"Declamatio 3 (Legatio Menelai, Theorema)",102,1909,pd_us,False,False,False
tlg2200,013,LIBANIUS,Fragmenta,789,1922,pd_us,False,False,False
tlg2201,002,[CTESIPHON],Fragmenta,204,1841,pd_us,False,False,False
tlg2202,002,[MENYLLUS],Fragmenta,150,1841,pd_us,False,False,False
tlg2203,002,[THEOPHILUS],Fragmenta,595,1841,pd_us,False,False,False
tlg2204,002,AUTOCRATES,Fragmenta,48,1841,pd_us,False,False,False
tlg2205,002,AUTESION,Fragmenta,95,1978,in_copyright,False,False,False
tlg2210,002,ANAXICRATES,Fragmenta,173,1841,pd_us,False,False,False
tlg2212,002,LYCEAS,Titulus,3,1983,in_copyright,False,False,False
tlg2213,002,[TIMOTHEUS],Fragmenta,178,1841,pd_us,False,False,False
tlg2215,002,AR(I)AETHUS,Fragmenta,388,1841,pd_us,False,False,False
tlg2216,003,ARISTIPPUS,Fragmenta,124,1841,pd_us,False,False,False
tlg2217,002,NICIAS,Fragmentum,78,1841,pd_us,False,False,False
tlg2218,001,CALLIPHON et DEMOCEDES,Testimonia,795,1951,in_copyright,False,False,False
tlg2219,003,AMELESAGORAS,Fragmenta,201,1841,pd_us,False,False,False
tlg2225,001,PARM(EN)ISCUS,Testimonia,171,1951,in_copyright,False,False,False
tlg2226,001,ICCUS,Testimonia,230,1951,in_copyright,False,False,False
tlg2227,001,PARON,Testimonium,78,1951,in_copyright,False,False,False
tlg2228,001,MENESTOR,Testimonia,497,1951,in_copyright,False,False,False
tlg2229,001,XUTHUS,Testimonium,79,1951,in_copyright,False,False,False
tlg2230,001,BOÏDAS,Testimonium,50,1952,in_copyright,False,False,False
tlg2231,001,THRASYALCES,Testimonia,126,1951,in_copyright,False,False,False
tlg2232,001,DAMON,Testimonia,367,1951,in_copyright,False,False,False
tlg2232,002,DAMON,Fragmenta,523,1951,in_copyright,False,False,False
tlg2233,001,Pseudo-POLEMON,Physiognomonica,7747,1893,pd_us,True,False,True
tlg2234,001,OENOPIDES,Testimonia,819,1951,in_copyright,False,False,False
tlg2235,001,HIPPOCRATES,Testimonia,808,1951,in_copyright,False,False,False
tlg2236,001,EUTROPIUS,Breviarium ab urbe condita (Paeanii translatio),25695,1912,pd_us,False,False,False
tlg2237,001,THEODORUS,Testimonia,200,1951,in_copyright,False,False,False
tlg2239,001,PYTHAGORISTAE (D-K),Testimonia et fragmenta,14392,1951,in_copyright,False,False,False
tlg2240,001,HICETAS,Testimonia,79,1951,in_copyright,False,False,False
tlg2241,001,XENOPHILUS,Testimonia,164,1951,in_copyright,False,False,False
tlg2242,001,ECHECRATES,Testimonia,70,1951,in_copyright,False,False,False
tlg2243,001,APOCALYPSIS SEDRACH,Apocalypsis Sedrach,2391,1893,pd_us,False,False,False
tlg2244,001,DAMON et PHINTIAS,Testimonium,164,1951,in_copyright,False,False,False
tlg2245,001,SIMUS,Testimonia,116,1951,in_copyright,False,False,False
tlg2246,001,LYCON,Testimonia,171,1951,in_copyright,False,False,False
tlg2247,001,PETRON,Testimonium,129,1951,in_copyright,False,False,False
tlg2248,001,ACTA XANTHIPPAE ET POLYXENAE,Acta Xanthippae et Polyxenae (sub auctore Onesimo),9680,1893,pd_us,False,False,False
tlg2255,003,GORGIAS,Fragmenta,186,1841,pd_us,False,False,False
tlg2260,001,HIPPASUS,Testimonia,1403,1951,in_copyright,False,False,False
tlg2260,002,HIPPASUS,Tituli,7,1965,in_copyright,False,False,False
tlg2265,002,DIODORUS,Fragmenta,1005,1841,pd_us,False,False,False
tlg2268,002,TIMAGORAS,Fragmenta,142,1841,pd_us,False,False,False
tlg2270,002,CALLIPPUS,Fragmentum,201,1841,pd_us,False,False,False
tlg2273,002,DAMON,Fragmentum,67,1841,pd_us,False,False,False
tlg2274,004,HESYCHIUS Illustrius,Homilia in natalem Christi (fort. pars operis Historia Romana,237,1832,pd_us,False,False,False
tlg2274,005,HESYCHIUS Illustrius,Patria Constantinopoleos (%6 liber vi operis Historia Romana atque,2270,1901,pd_us,False,False,False
tlg2274,006,HESYCHIUS Illustrius,Patria Constantinopoleos (%6 liber vi operis Historia Romana atque,310,1901,pd_us,False,False,False
tlg2274,007,HESYCHIUS Illustrius,Fragmenta,10345,1841,pd_us,False,False,False
tlg2275,001,THEAGENES,Testimonia,379,1951,in_copyright,False,False,False
tlg2277,002,HYPERMENES,Fragmentum,46,1841,pd_us,False,False,False
tlg2278,002,PHANODICUS,Fragmenta,297,1841,pd_us,False,False,False
tlg2282,002,MELISSEUS,Fragmentum,445,1841,pd_us,False,False,False
tlg2284,003,ANAXANDRIDAS,Fragmenta,570,1841,pd_us,False,False,False
tlg2286,001,CERCOPS,Testimonium,98,1951,in_copyright,False,False,False
tlg2287,001,FRAGMENTUM STOICUM,Fragmentum,29,1905,pd_us,False,False,False
tlg2289,002,ECHEPHYLIDAS,Fragmenta,144,1978,in_copyright,False,False,False
tlg2291,001,CRATYLUS,Testimonia,404,1952,in_copyright,False,False,False
tlg2294,001,ZENO,Fragmenta,219,1903,pd_us,False,False,False
tlg2298,002,LYSANIAS,Fragmentum,141,1841,pd_us,False,False,False
tlg2300,003,PROMATHIDAS,Titulus,1,1983,in_copyright,False,False,False
tlg2300,004,PROMATHIDAS,Fragmenta,398,1841,pd_us,False,False,False
tlg2303,001,ARCHELAUS,Testimonia,1170,1952,in_copyright,False,False,False
tlg2303,002,ARCHELAUS,Fragmenta,184,1952,in_copyright,False,False,False
tlg2304,001,IDAEUS,Testimonium,402,1952,in_copyright,False,False,False
tlg2305,001,CLIDEMUS,Testimonia,324,1952,in_copyright,False,False,False
tlg2306,003,XENOMEDES,Fragmenta,89,1841,pd_us,False,False,False
tlg2307,002,ARTEMON,Fragmenta,76,1841,pd_us,False,False,False
tlg2313,001,ANTISTHENES,Testimonia,76,1952,in_copyright,False,False,False
tlg2314,001,DIOGENES,Testimonium,23,1952,in_copyright,False,False,False
tlg2317,001,HERMIAS,In Platonis Phaedrum scholia,85317,1901,pd_us,False,False,False
tlg2319,001,APOLLODORUS,Testimonia,56,1952,in_copyright,False,False,False
tlg2322,003,ANTENOR,Fragmentum,120,1841,pd_us,False,False,False
tlg2326,003,DEI(L)OCHUS,Fragmentum,29,1978,in_copyright,False,False,False
tlg2326,004,DEI(L)OCHUS,Fragmenta,370,1841,pd_us,False,False,False
tlg2328,003,DIOGENES,Fragmenta,135,1841,pd_us,False,False,False
tlg2330,003,SCAMON,Fragmenta,668,1841,pd_us,False,False,False
tlg2331,003,MYRSILUS,Fragmenta,1634,1841,pd_us,False,False,False
tlg2333,002,POSSIS,Titulus,2,1983,in_copyright,False,False,False
tlg2333,003,POSSIS,Fragmenta,97,1841,pd_us,False,False,False
tlg2334,001,NAUSIPHANES,Testimonia,504,1952,in_copyright,False,False,False
tlg2334,002,NAUSIPHANES,Fragmenta,889,1952,in_copyright,False,False,False
tlg2336,002,HEREAS,Fragmenta,252,1841,pd_us,False,False,False
tlg2339,002,MAEANDRIUS,Fragmenta,927,1841,pd_us,False,False,False
tlg2340,001,DIOTIMUS,Testimonia,129,1952,in_copyright,False,False,False
tlg2341,003,ARISTOCRITUS,Fragmenta,646,1841,pd_us,False,False,False
tlg2345,003,AGL(A)OSTHENES,Fragmenta,457,1841,pd_us,False,False,False
tlg2346,002,ANDRISCUS,Fragmenta,581,1841,pd_us,False,False,False
tlg2349,002,[PYRANDER],Fragmenta,87,1841,pd_us,False,False,False
tlg2354,002,DIONYSIUS,Fragmenta,705,1841,pd_us,False,False,False
tlg2355,001,XENIADES,Testimonium,51,1952,in_copyright,False,False,False
tlg2357,002,GORGON,Fragmenta,72,1841,pd_us,False,False,False
tlg2364,003,ZENO,Fragmenta,3266,1841,pd_us,False,False,False
tlg2367,002,THEOGNIS,Fragmentum,155,1841,pd_us,False,False,False
tlg2371,001,CHRONICON PASCHALE,Chronicon paschale,127132,1832,pd_us,True,False,True
tlg2372,003,EUAGON,Fragmenta,71,1841,pd_us,False,False,False
tlg2383,001,DIODORUS,Fragmentum,44,1969,in_copyright,False,False,False
tlg2384,003,HERMIAS,Fragmenta,303,1841,pd_us,False,False,False
tlg2385,003,POLYCRITUS,Titulus,1,,unknown,False,False,False
tlg2386,003,TIMONIDES,Fragmenta,177,1841,pd_us,False,False,False
tlg2387,003,ATHANIS,Fragmenta,311,1841,pd_us,False,False,False
tlg2391,003,HIPPOSTRATUS,Fragmenta,362,1841,pd_us,False,False,False
tlg2392,003,ARTEMON,Fragmenta,501,1841,pd_us,False,False,False
tlg2393,002,ANDREAS,Fragmentum,76,1841,pd_us,False,False,False
tlg2396,002,HYPEROCHUS,Titulus,2,1983,in_copyright,False,False,False
tlg2396,003,HYPEROCHUS,Fragmenta,162,1841,pd_us,False,False,False
tlg2397,001,BOETHUS,Fragmenta,723,1903,pd_us,False,False,False
tlg2398,001,BASILIDES,Fragmentum,40,1903,pd_us,False,False,False
tlg2399,001,EUDROMUS,Fragmenta,76,1903,pd_us,False,False,False
tlg2404,001,PHILOGELOS,Philogelos sive Facetiae (sub auctoribus Hierocle et,7964,1968,in_copyright,False,False,False
tlg2409,003,DIOSCURIDES,Fragmentum,36,1978,in_copyright,False,False,False
tlg2409,004,DIOSCURIDES,Fragmenta,1456,1841,pd_us,False,False,False
tlg2412,002,ANDROETAS,Fragmentum,95,1841,pd_us,False,False,False
tlg2417,003,CINEAS,Fragmenta,239,1841,pd_us,False,False,False
tlg2418,002,ARCHINUS,Fragmenta,51,1841,pd_us,False,False,False
tlg2423,002,ASCLEPIADES,Fragmentum,27,1841,pd_us,False,False,False
tlg2424,003,CHAEREMON,Fragmenta,1744,1841,pd_us,False,False,False
tlg2426,002,HERMAEUS,Fragmentum,103,1841,pd_us,False,False,False
tlg2428,002,THRASYLLUS,Fragmenta,798,1841,pd_us,False,False,False
tlg2434,003,AELIUS DIUS,Fragmenta,211,1841,pd_us,False,False,False
tlg2444,001,LYCOPHRON,Testimonia,386,1952,in_copyright,False,False,False
tlg2445,003,AMOMETUS,Fragmenta,132,1841,pd_us,False,False,False
tlg2449,002,TIMOTHEUS,*KANO/NES KAQOLIKOI\ PERI\ SUNTA/CEWS (e cod. Coislin. 387),2064,1841,pd_us,False,False,False
tlg2449,003,TIMOTHEUS,Excerpta ex libris de animalibus (e cod. Paris. gr. 2422),5479,1869,pd_us,False,False,False
tlg2449,X01,TIMOTHEUS,Eclogae de animalibus,,,unknown,False,False,False
tlg2455,003,ARISTOCREON,Fragmenta,119,1841,pd_us,False,False,False
tlg2456,001,NESSAS,Testimonia,66,1952,in_copyright,False,False,False
tlg2456,002,NESSAS,,47,1952,in_copyright,False,False,False
tlg2458,002,MARCELLUS,Fragmenta,148,1841,pd_us,False,False,False
tlg2460,002,GLAUCUS,Fragmenta,202,1841,pd_us,False,False,False
tlg2461,003,URANIUS,Fragmenta,843,1841,pd_us,False,False,False
tlg2466,003,DIONYSIUS,Fragmenta,71,1841,pd_us,False,False,False
tlg2474,002,NICANDER,Fragmenta,89,1841,pd_us,False,False,False
tlg2475,002,MENECRATES,Fragmentum,214,1841,pd_us,False,False,False
tlg2479,003,PATROCLES,Fragmenta,471,1841,pd_us,False,False,False
tlg2482,003,DAIMACHUS,Fragmenta,216,1841,pd_us,False,False,False
tlg2499,003,EUSTOCHIUS,Fragmentum,59,1841,pd_us,False,False,False
tlg2506,003,CAPITO,Fragmenta,265,1841,pd_us,False,False,False
tlg2511,002,DEMETRIUS,Fragmenta,356,1841,pd_us,False,False,False
tlg2512,002,PAEON,Fragmenta,184,1841,pd_us,False,False,False
tlg2525,003,LAETUS,Fragmenta,134,1841,pd_us,False,False,False
tlg2531,003,METROPHANES,Fragmentum,51,1841,pd_us,False,False,False
tlg2532,002,[HERMESIANAX],Fragmenta,206,1841,pd_us,False,False,False
tlg2533,002,TIMOLAUS,Fragmentum,132,1841,pd_us,False,False,False
tlg2536,003,ANDRON,Fragmenta,180,1841,pd_us,False,False,False
tlg2539,003,DIOPHANTUS,Fragmenta,72,1841,pd_us,False,False,False
tlg2542,003,Quintus FABIUS PICTOR,Fragmenta,4505,1841,pd_us,False,False,False
tlg2543,003,Lucius CINCIUS ALIMENTUS,Fragmenta,368,1841,pd_us,False,False,False
tlg2545,003,Gaius ACILIUS,Fragmenta,631,1841,pd_us,False,False,False
tlg2546,003,Publius RUTILIUS RUFUS,Fragmenta,349,1841,pd_us,False,False,False
tlg2547,003,ANTIGONUS,Fragmenta,120,1841,pd_us,False,False,False
tlg2548,002,PROMATHION,Fragmentum,217,1841,pd_us,False,False,False
tlg2552,002,CRITOLAUS,Fragmenta,293,1841,pd_us,False,False,False
tlg2555,002,AGESILAUS,Fragmentum,38,1841,pd_us,False,False,False
tlg2556,002,[ALEXARCHUS],Fragmenta,139,1841,pd_us,False,False,False
tlg2557,002,[ARISTOBULUS],Fragmenta,161,1841,pd_us,False,False,False
tlg2559,002,[CHRYSIPPUS],Fragmentum,61,1841,pd_us,False,False,False
tlg2560,002,PYTHOCLES,Fragmenta,190,1841,pd_us,False,False,False
tlg2565,002,MNESIMACHUS,Fragmenta,167,1841,pd_us,False,False,False
tlg2566,002,[AGATHON],Fragmenta,345,1841,pd_us,False,False,False
tlg2568,002,[SOSTHENES],Fragmenta,147,1851,pd_us,False,False,False
tlg2571,001,HIEROCLES,In aureum carmen,26580,1974,in_copyright,False,False,False
tlg2571,X01,HIEROCLES,De providentia et fato,,,unknown,False,False,False
tlg2573,003,PAUSANIAS,Fragmenta,1722,1841,pd_us,False,False,False
tlg2577,001,ANATOLIUS,*PERI\ DEKA/DOS KAI\ TW=N E)NTO\S AU)TH=S A)RIQMW=N,2654,1901,pd_us,False,False,False
tlg2577,X01,ANATOLIUS,De paschate (fragmenta),,,unknown,False,False,False
tlg2578,001,JOANNES,*)/EKFRASIS TOU= KOSMIKOU= PI/NAKOS,4211,1912,pd_us,False,False,False
tlg2578,002,JOANNES,Anacreontea,1044,1882,pd_us,False,False,False
tlg2580,001,Joannes Laurentius LYDUS,De magistratibus populi Romani,30840,1983,in_copyright,False,False,False
tlg2580,002,Joannes Laurentius LYDUS,De mensibus,32714,1898,pd_us,False,False,False
tlg2580,003,Joannes Laurentius LYDUS,De ostentis,22720,1897,pd_us,False,False,False
tlg2583,001,MANETHO,Apotelesmatica,20182,1862,pd_us,True,False,True
tlg2585,001,MARCELLINUS,Vita Thucydidis,3207,1942,in_copyright,False,False,False
tlg2586,001,MENANDER,*DIAI/RESIS TW=N E)PIDEIKTIKW=N (olim sub auctore Genethlio),9402,1981,in_copyright,True,False,True
tlg2586,002,MENANDER,*PERI\ E)PIDEIKTIKW=N,20203,1981,in_copyright,True,False,True
tlg2587,001,ARISTON,Fragmenta rhetorica,142,1969,in_copyright,False,False,False
tlg2589,001,OLYMPIODORUS,*EI)S TO\ KAT' E)NE/RGEIAN ZWSI/MOU O(/SA A)PO\ *(ERMOU= KAI\ TW=N,7413,1888,pd_us,False,False,False
tlg2589,002,OLYMPIODORUS,De arte sacra (appendices e codd. Venet. Marc. 299 %7 Paris. B.N. gr,601,1888,pd_us,False,False,False
tlg2591,001,ORION,Etymologicum,35313,1820,pd_us,False,False,False
tlg2591,002,ORION,Etymologicum (excerpta e cod. regio 2610),2033,1820,pd_us,False,False,False
tlg2591,003,ORION,Etymologicum (excerpta e cod. regio Paris. 2630),2549,1820,pd_us,False,False,False
tlg2591,004,ORION,Anthologion,2667,1839,pd_us,False,False,False
tlg2591,005,ORION,Etymologicum (excerpta e cod. Darmstadino 2773),2803,1818,pd_us,False,False,False
tlg2591,006,ORION,Etymologicum (excerpta e cod. Vat. gr. 1456),1971,1970,in_copyright,False,False,False
tlg2592,003,Joannes PEDIASIMUS,Scholia in Hesiodi scutum (scholia paraphrastica Pediasimi et,13346,1823,pd_us,False,False,False
tlg2594,001,PHILLIS,Fragmenta,233,1841,pd_us,False,False,False
tlg2595,001,PHILO,De septem orbis spectaculis,1600,1992,in_copyright,False,False,False
tlg2596,001,PHOEBAMMON,De figuris (fort. auctore Phoebammone alio),3226,1856,pd_us,False,False,False
tlg2596,X01,PHOEBAMMON,Commentarium in Thucydidem (fragmentum) (fort. auctore Phoebammone,,,unknown,False,False,False
tlg2596,X04,PHOEBAMMON,Prolegomena in Hermogenis librum PERI\ I)DEW=N (fort. auctore,,,unknown,False,False,False
tlg2598,002,PROCOPIUS,Catena in Canticum canticorum,42715,,unknown,False,False,False
tlg2598,003,PROCOPIUS,Catena in Ecclesiasten (e cod. Marc. gr. 22),5035,1978,in_copyright,False,False,False
tlg2598,004,PROCOPIUS,Commentarii in Isaiam,178350,,unknown,False,False,False
tlg2598,005,PROCOPIUS,Epistulae 1%19`166,24746,1963,in_copyright,False,False,False
tlg2598,006,PROCOPIUS,Epistula (e cod. Barocc. gr. 131),107,1967,in_copyright,False,False,False
tlg2598,008,PROCOPIUS,Declamationes,4815,1963,in_copyright,False,False,False
tlg2598,009,PROCOPIUS,Descriptio imaginis,4256,1939,in_copyright,False,False,False
tlg2598,010,PROCOPIUS,Horologium,1581,1917,pd_us,False,False,False
tlg2598,012,PROCOPIUS,Refutatio Procli (fragmentum e cod. Vat. gr. 1096),419,1857,pd_us,False,False,False
tlg2598,019,PROCOPIUS,Epistula (e cod. Esc. gr. 234),229,1984,in_copyright,False,False,False
tlg2598,X01,PROCOPIUS,Descriptio basilicae sanctae Sophiae [Sp.],,,unknown,False,False,False
tlg2600,001,SIMON Scriptor De Re Equestri,De forma et delectu equorum,552,1964,in_copyright,False,False,False
tlg2600,002,SIMON Scriptor De Re Equestri,Fragmenta,180,1912,pd_us,False,False,False
tlg2601,001,TIBERIUS,De figuris Demosthenicis,5035,1968,in_copyright,True,False,True
tlg2602,001,TIMAEUS Sophista,Lexicon Platonicum (e cod. Coislin. 345),14386,1839,pd_us,False,False,False
tlg2604,001,ULPIANUS,Prolegomena in Demosthenis orationes Olynthiacas et Philippicas,4187,1983,in_copyright,False,False,False
tlg2605,001,AGAMESTOR,Fragmentum,27,1983,in_copyright,False,False,False
tlg2606,001,AGATHYLLUS,Fragmentum,22,1983,in_copyright,False,False,False
tlg2607,001,ALEXINUS,Titulus,3,1983,in_copyright,False,False,False
tlg2608,001,ARCHEBULUS,Fragmentum,8,1983,in_copyright,False,False,False
tlg2609,001,ASOPODORUS,Tituli,7,1983,in_copyright,False,False,False
tlg2610,001,BOISCUS,Fragmentum,16,1983,in_copyright,False,False,False
tlg2610,X01,BOISCUS,Epigramma dedicatorium,,,unknown,False,False,False
tlg2611,001,BUTAS,Fragmentum,15,1983,in_copyright,False,False,False
tlg2612,001,CAECALUS (?),Titulus,1,1983,in_copyright,False,False,False
tlg2613,001,CALLIMACHUS Junior,Titulus,2,1983,in_copyright,False,False,False
tlg2614,001,CLEOMACHUS,Fragmenta,13,1983,in_copyright,False,False,False
tlg2615,001,DAPHITAS,Fragmentum,16,1983,in_copyright,False,False,False
tlg2615,X01,DAPHITAS,Epigramma irrisorium,,,unknown,False,False,False
tlg2616,001,DEMARETA,Titulus,1,1983,in_copyright,False,False,False
tlg2617,001,DEMETRIUS,Fragmentum,19,1983,in_copyright,False,False,False
tlg2618,001,DIDYMARCHUS,Titulus,5,1983,in_copyright,False,False,False
tlg2619,001,DIONYSIUS,Tituli,8,1983,in_copyright,False,False,False
tlg2620,001,DIONYSIUS IAMBUS,Fragmentum,6,1983,in_copyright,False,False,False
tlg2620,X01,DIONYSIUS IAMBUS,Fragmentum de dialectis (ap. Athenaeum),,,unknown,False,False,False
tlg2621,001,DIOPHILUS vel DIOPHILA,Fragmentum,56,1983,in_copyright,False,False,False
tlg2622,001,DORIEUS,Epigramma,56,1983,in_copyright,False,False,False
tlg2622,X01,DORIEUS,Epigramma demonstrativum,,,unknown,False,False,False
tlg2623,001,EUANTHES,Titulus,3,1983,in_copyright,False,False,False
tlg2624,001,HERMIAS,Fragmentum,7,1983,in_copyright,False,False,False
tlg2625,001,HERODICUS,Fragmenta,135,1983,in_copyright,False,False,False
tlg2625,X01,HERODICUS,Epigramma irrisorium,,,unknown,False,False,False
tlg2626,001,HIPPARCHUS,Fragmenta,28,1983,in_copyright,False,False,False
tlg2627,001,DAMIANUS Scriptor De Opticis,Optica,2055,1897,pd_us,False,False,False
tlg2628,001,IDAEUS,Titulus,1,1983,in_copyright,False,False,False
tlg2630,001,LOBO,Fragmenta et titulus,398,1983,in_copyright,False,False,False
tlg2630,002,LOBO,Epigrammata in poetas ante Alexandrinorum aetatem condita,365,1911,pd_us,False,False,False
tlg2631,001,MENOPHILUS,Fragmentum,106,1983,in_copyright,False,False,False
tlg2632,001,COMARIUS,"De lapide philosophorum (e cod. Paris. B.N. gr. 2327, fol. 74r)",2355,1888,pd_us,True,False,True
tlg2632,X01,COMARIUS,*PERI\ TH=S QEI/AS KAI\ I(ERA=S TE/XNHS TW=N FILOSO/FWN (e,,,unknown,False,False,False
tlg2633,001,NICERATUS,Titulus,1,1983,in_copyright,False,False,False
tlg2634,001,PAMPHILUS,Fragmentum,15,1983,in_copyright,False,False,False
tlg2635,001,PERSINUS,Titulus,2,1983,in_copyright,False,False,False
tlg2636,001,PHERENICUS,Fragmentum,31,1983,in_copyright,False,False,False
tlg2638,001,PHILO,Fragmentum,6,1983,in_copyright,False,False,False
tlg2639,001,POSIDONIUS,Titulus,1,1983,in_copyright,False,False,False
tlg2640,001,EUSEBIUS,Fragmenta,3225,1881,pd_us,True,False,True
tlg2641,001,PRISCUS,Titulus,2,1983,in_copyright,False,False,False
tlg2642,002,[2ASTRAMPSYCHUS Magus]2,Oracula,7697,1863,pd_us,False,False,False
tlg2642,004,[2ASTRAMPSYCHUS Magus]2,Sortes,5666,1983,in_copyright,False,False,False
tlg2642,X01,[2ASTRAMPSYCHUS Magus]2,*FILTROKATA/DESMOS (Brit. Mus. inv. 122),,,unknown,False,False,False
tlg2644,001,SMINTHES,Titulus,2,1983,in_copyright,False,False,False
tlg2645,001,STRATONICUS,Fragmentum,12,1983,in_copyright,False,False,False
tlg2646,001,FRAGMENTA ADESPOTA (SH),Frustula adespota ex auctoribus,844,1983,in_copyright,False,False,False
tlg2647,001,ZENOTHEMIS,Fragmentum,15,1983,in_copyright,False,False,False
tlg2648,001,ADESPOTA PAPYRACEA (SH),Hexametri,3537,1983,in_copyright,False,False,False
tlg2648,002,ADESPOTA PAPYRACEA (SH),Elegiae,1021,1983,in_copyright,False,False,False
tlg2648,003,ADESPOTA PAPYRACEA (SH),Epigrammata,1337,1983,in_copyright,False,False,False
tlg2648,004,ADESPOTA PAPYRACEA (SH),Miscellanea,542,1983,in_copyright,False,False,False
tlg2649,001,AMYNTAS,Fragmenta (P. Oxy. 4.662 %6 P. Lit. Lond. 61),120,1983,in_copyright,False,False,False
tlg2650,001,ARRIANUS,Fragmentum et tituli,25,1983,in_copyright,False,False,False
tlg2651,001,ARTEMIDORUS,Tituli,5,1983,in_copyright,False,False,False
tlg2652,001,DIODORUS,Titulus,5,1983,in_copyright,False,False,False
tlg2653,001,ERYCIUS,Fragmentum,5,1983,in_copyright,False,False,False
tlg2654,001,PHYSIOLOGUS,Physiologus (redactio prima),10567,1936,in_copyright,False,False,False
tlg2655,002,[2DAMIGERON Magus]2,De lapidibus (e codd. Vat. gr. 578 %7 Ambros. 95 sup.),962,1897,pd_us,True,False,True
tlg2657,001,MARTYRIUM IGNATII,Martyrium Ignatii Antiocheni (martyrium Antiochenum),1371,1913,pd_us,False,False,False
tlg2657,002,MARTYRIUM IGNATII,Martyrium Ignatii Antiocheni (martyrium Romanum),3464,1913,pd_us,False,False,False
tlg2679,001,TESTAMENTUM SALOMONIS,Testamentum Salomonis (recensiones A et B) (mss. HILPQ),8624,1922,pd_us,False,False,False
tlg2679,002,TESTAMENTUM SALOMONIS,Testamentum Salomonis (recensiones A et B) (mss. HIPQ),90,1922,pd_us,False,False,False
tlg2679,003,TESTAMENTUM SALOMONIS,Testamentum Salomonis (recensio A) (mss. HI),102,1922,pd_us,False,False,False
tlg2679,004,TESTAMENTUM SALOMONIS,Testamentum Salomonis (recensio A) (ms. L),145,1922,pd_us,False,False,False
tlg2679,005,TESTAMENTUM SALOMONIS,"Testamentum Salomonis (recensio C, I.1%19`3) (mss. VW)",232,1922,pd_us,False,False,False
tlg2679,006,TESTAMENTUM SALOMONIS,Testamentum Salomonis (recensio C) (mss. VWSTU),2336,1922,pd_us,False,False,False
tlg2679,007,TESTAMENTUM SALOMONIS,Vita Salomonis (cod. 132 Monasterii sancti Dionysii in Monte Atho),2770,1922,pd_us,False,False,False
tlg2679,008,TESTAMENTUM SALOMONIS,Conspectus titulorum,242,1922,pd_us,False,False,False
tlg2679,009,TESTAMENTUM SALOMONIS,Sigilla anuli Salomonis,169,1922,pd_us,False,False,False
tlg2679,010,TESTAMENTUM SALOMONIS,Narratio de propheta et sapientissimo rege Salomone (cod. Monasterii,6185,1922,pd_us,False,False,False
tlg2680,001,SCYTHINUS,Epigrammata,98,,unknown,False,False,False
tlg2681,001,DIODORUS,Fragmentum,14,1867,pd_us,False,False,False
tlg2691,001,[MUSAEUS],Testimonia,600,1951,in_copyright,False,False,False
tlg2691,002,[MUSAEUS],Fragmenta,1240,1951,in_copyright,True,False,True
tlg2693,001,PTOLEMAEUS III EUERGETES I,Epigramma,29,1983,in_copyright,False,False,False
tlg2693,X01,PTOLEMAEUS III EUERGETES I,Epigramma demonstrativum,,,unknown,False,False,False
tlg2694,001,SOSTRATUS,Tituli,8,1983,in_copyright,False,False,False
tlg2695,001,VITAE ARISTOTELIS,Vita Marciana (post epitomen Ptolemaeeae vitae) (cod. Marc. gr. 257),1627,1957,in_copyright,False,False,False
tlg2695,002,VITAE ARISTOTELIS,Vita vulgata (post epitomen Ptolemaeeae vitae),967,1957,in_copyright,False,False,False
tlg2695,X01,VITAE ARISTOTELIS,Diogenis Laertii vita,,,unknown,False,False,False
tlg2696,001,THEODORUS,Titulus,4,1983,in_copyright,False,False,False
tlg2697,001,TIMOLAUS,Fragmentum,37,1983,in_copyright,False,False,False
tlg2699,001,AMPHICRATES,Fragmenta,75,1841,pd_us,False,False,False
tlg2699,X01,AMPHICRATES,Epigramma demonstrativum,,,unknown,False,False,False
tlg2701,001,GEORGIUS PISIDES,In Heraclium ex Africa redeuntem,528,1959,in_copyright,False,False,False
tlg2701,002,GEORGIUS PISIDES,De expeditione Persica,6228,1959,in_copyright,False,False,False
tlg2701,003,GEORGIUS PISIDES,In Bonum patricium,988,1959,in_copyright,False,False,False
tlg2701,004,GEORGIUS PISIDES,Bellum Avaricum,3187,1959,in_copyright,False,False,False
tlg2701,005,GEORGIUS PISIDES,In restitutionem sanctae crucis,632,1959,in_copyright,False,False,False
tlg2701,006,GEORGIUS PISIDES,Heraclias,2724,1959,in_copyright,False,False,False
tlg2701,007,GEORGIUS PISIDES,Heracliadis iii acroaseos fragmenta,808,1959,in_copyright,False,False,False
tlg2701,X02,GEORGIUS PISIDES,Epigramma demonstrativum,,,unknown,False,False,False
tlg2702,001,Michael PSELLUS,Chronographia,78479,1926,pd_us,False,False,False
tlg2702,006,Michael PSELLUS,Orationes panegyricae,36441,1994,in_copyright,False,False,False
tlg2702,007,Michael PSELLUS,Orationes forenses et acta,41896,1994,in_copyright,False,False,False
tlg2702,009,Michael PSELLUS,Oratoria minora,46235,1985,in_copyright,False,False,False
tlg2702,010,Michael PSELLUS,"Opuscula logica, physica, allegorica, alia",89363,1992,in_copyright,False,False,False
tlg2702,011,Michael PSELLUS,"Opuscula psychologica, theologica, daemonologica",50585,1989,in_copyright,False,False,False
tlg2702,012,Michael PSELLUS,Theologica,143710,1989,in_copyright,False,False,False
tlg2702,015,Michael PSELLUS,Poemata,80426,1992,in_copyright,False,False,False
tlg2702,016,Michael PSELLUS,Encomium in matrem,16853,1989,in_copyright,False,False,False
tlg2702,017,Michael PSELLUS,In Mariam Sclerenam,2680,1984,in_copyright,False,False,False
tlg2702,021,Michael PSELLUS,De Euripide et Georgio Piside judicium,1411,1986,in_copyright,False,False,False
tlg2702,022,Michael PSELLUS,De Heliodoro et Achille Tatio judicium,1025,1986,in_copyright,False,False,False
tlg2702,X01,Michael PSELLUS,Epigrammata (App. Anth.),,,unknown,False,False,False
tlg2703,001,ANNA COMNENA,Alexias,151330,1937,in_copyright,True,False,True
tlg2703,X01,ANNA COMNENA,Epigrammata demonstrativa,,,unknown,False,False,False
tlg2714,001,THEODORUS STUDITES,Homilia in nativitatem Mariae (olim sub auctore Joanne Damasceno),3458,,unknown,False,False,False
tlg2714,002,THEODORUS STUDITES,Epistulae,220009,1992,in_copyright,False,False,False
tlg2714,003,THEODORUS STUDITES,Iambi de variis argumentis,5646,1968,in_copyright,False,False,False
tlg2714,X01,THEODORUS STUDITES,Epigramma exhortatorium et supplicatorium,,,unknown,False,False,False
tlg2718,001,Manuel PHILES,Carmina,123720,1855,pd_us,False,False,False
tlg2718,002,Manuel PHILES,Carmina inedita,17966,1900,pd_us,False,False,False
tlg2718,X01,Manuel PHILES,Epigrammata (App. Anth.),,,unknown,False,False,False
tlg2721,001,Theodorus PRODROMUS,Epithalamium fortunatissimis caesaris filiis,2060,1975,in_copyright,False,False,False
tlg2721,002,Theodorus PRODROMUS,Epitaphius in Theodoram nurum Bryennii,1149,1975,in_copyright,False,False,False
tlg2721,X01,Theodorus PRODROMUS,Epigramma irrisorium,,,unknown,False,False,False
tlg2721,X04,Theodorus PRODROMUS,*PERI\ GRAMMATIKH=S (fort. auctore Theodoro Prodromo),,,unknown,False,False,False
tlg2721,X05,Theodorus PRODROMUS,*PERI\ TO/NOU (fort. auctore Theodoro Prodromo),,,unknown,False,False,False
tlg2724,003,AMMONIUS,Fragmenta in Joannem (in catenis),22403,1966,in_copyright,False,False,False
tlg2729,001,PRORUS,Titulus,4,1965,in_copyright,False,False,False
tlg2733,001,EVAGRIUS Scholasticus,Historia ecclesiastica,55955,1898,pd_us,True,False,True
tlg2734,001,Flavius JUSTINIANUS Imperator,Contra monophysitas,19851,1973,in_copyright,False,False,False
tlg2734,004,Flavius JUSTINIANUS Imperator,Epistula contra tria capitula,12067,1973,in_copyright,False,False,False
tlg2734,005,Flavius JUSTINIANUS Imperator,Edictum rectae fidei,9851,1973,in_copyright,False,False,False
tlg2734,008,Flavius JUSTINIANUS Imperator,Decretum ad abbatem montis Sinai,441,1977,in_copyright,False,False,False
tlg2734,013,Flavius JUSTINIANUS Imperator,Novellae,213124,1895,pd_us,False,False,False
tlg2734,014,Flavius JUSTINIANUS Imperator,Appendix constitutionum dispersarum,410,1895,pd_us,False,False,False
tlg2734,015,Flavius JUSTINIANUS Imperator,Contra Nestorianos (ap. Chronicon paschale),676,1977,in_copyright,False,False,False
tlg2734,016,Flavius JUSTINIANUS Imperator,Contra Nestorianos et Acephalos (ap. acta concilii oecumenici vi),328,1977,in_copyright,False,False,False
tlg2734,017,Flavius JUSTINIANUS Imperator,Troparium,48,1977,in_copyright,False,False,False
tlg2734,018,Flavius JUSTINIANUS Imperator,,1571,1977,in_copyright,False,False,False
tlg2734,019,Flavius JUSTINIANUS Imperator,Epistula dogmatica ad Zoilum,640,1977,in_copyright,False,False,False
tlg2734,020,Flavius JUSTINIANUS Imperator,Edictum contra Origenem,10317,1977,in_copyright,False,False,False
tlg2734,021,Flavius JUSTINIANUS Imperator,Epistula ad synodum de Origene,704,1977,in_copyright,False,False,False
tlg2734,022,Flavius JUSTINIANUS Imperator,Epistula ad synodum de Theodoro Mopsuesteno et reliquis,1380,1977,in_copyright,False,False,False
tlg2734,023,Flavius JUSTINIANUS Imperator,Edictum de aphthartodocetismo (fragmentum),50,1977,in_copyright,False,False,False
tlg2734,024,Flavius JUSTINIANUS Imperator,Edictum de asylo,358,1977,in_copyright,False,False,False
tlg2734,025,Flavius JUSTINIANUS Imperator,Edictum de asylo,203,1977,in_copyright,False,False,False
tlg2734,X01,Flavius JUSTINIANUS Imperator,"Constitutio contra Anthimum, Severum, Petrum, Zooram ad Menam episcopum",,,unknown,False,False,False
tlg2734,X02,Flavius JUSTINIANUS Imperator,Edictum contra Origenem,,,unknown,False,False,False
tlg2734,X03,Flavius JUSTINIANUS Imperator,Fragmentum edicti (in Doctrina patrum),,,unknown,False,False,False
tlg2734,X04,Flavius JUSTINIANUS Imperator,*XRH=SIS *)IOUSTINIANOU= BASILE/WS [Sp.],,,unknown,False,False,False
tlg2738,002,CHRONOGRAPHIAE ANONYMAE,Chronographia brevis (e cod. Coislin. 193),962,1880,pd_us,False,False,False
tlg2738,003,CHRONOGRAPHIAE ANONYMAE,Chronographia brevis (e cod. Paris. suppl. gr. 67),1032,1880,pd_us,False,False,False
tlg2738,004,CHRONOGRAPHIAE ANONYMAE,Chronographia brevis (e cod. Monac. gr. 510),806,1880,pd_us,False,False,False
tlg2742,001,APOPHTHEGMATA,Apophthegmata patrum (collectio alphabetica),71562,,unknown,False,False,False
tlg2742,002,APOPHTHEGMATA,Apophthegmata (collectio anonyma) (e cod. Coislin. 126),34823,1907,pd_us,False,False,False
tlg2742,003,APOPHTHEGMATA,"Apophthegmata patrum (collectio anonyma) (e codd. Coislin. 126, 127",1563,1905,pd_us,False,False,False
tlg2742,004,APOPHTHEGMATA,"Apophthegma patrum (e collectione anonyma) (e codd. Vat. gr. 1599,",409,1948,in_copyright,False,False,False
tlg2742,005,APOPHTHEGMATA,Apophthegmata patrum (collectio systematica) (cap. 1%19`9),34658,1993,in_copyright,False,False,False
tlg2742,006,APOPHTHEGMATA,De meditationibus duodecim anachoretarum,1058,1958,in_copyright,False,False,False
tlg2742,007,APOPHTHEGMATA,Quaestiones et responsa senum de tentationibus,1645,1957,in_copyright,False,False,False
tlg2742,008,APOPHTHEGMATA,Dialogus de contemplatione,1074,1962,in_copyright,False,False,False
tlg2744,001,HISTORIA MONACHORUM IN AEGYPTO,Historia monachorum in Aegypto,20865,1971,in_copyright,False,False,False
tlg2762,004,GENNADIUS I,Fragmenta in epistulam ad Romanos (in catenis),20167,1933,in_copyright,False,False,False
tlg2762,005,GENNADIUS I,Fragmenta in epistulam i ad Corinthios (in catenis),259,1933,in_copyright,False,False,False
tlg2762,006,GENNADIUS I,Fragmentum in epistulam ii ad Corinthios (in catenis),26,1933,in_copyright,False,False,False
tlg2762,007,GENNADIUS I,Fragmenta in epistulam ad Galatas (in catenis),340,1933,in_copyright,False,False,False
tlg2762,008,GENNADIUS I,Fragmentum in epistulam ii ad Thessalonicenses (in catenis),30,1933,in_copyright,False,False,False
tlg2762,009,GENNADIUS I,Fragmenta in epistulam ad Hebraeos (in catenis),374,1933,in_copyright,False,False,False
tlg2766,001,EUDOCIA AUGUSTA,"De martyrio sancti Cypriani (e cod. Florent. Laurent. VII, 10)",5562,1897,pd_us,False,False,False
tlg2766,002,EUDOCIA AUGUSTA,Homerocentones (fort. conditore operis et auctore Patricio quodam,4284,1897,pd_us,False,False,False
tlg2766,X01,EUDOCIA AUGUSTA,In Theodosium Persarum victorem (mentio ap. Socratem),,,unknown,False,False,False
tlg2766,X02,EUDOCIA AUGUSTA,Laudes Antiochiae (ap. Socratem),,,unknown,False,False,False
tlg2766,X03,EUDOCIA AUGUSTA,Metaphrasis Octateuchi (ap. Photium),,,unknown,False,False,False
tlg2770,001,CALLINICUS,Vita sancti Hypatii,21546,1971,in_copyright,False,False,False
tlg2797,028,HESYCHIUS,Homilia i de Hypapante (homilia 1),2114,1978,in_copyright,False,False,False
tlg2797,029,HESYCHIUS,Homilia ii de Hypapante (homilia 2),1726,1978,in_copyright,False,False,False
tlg2797,030,HESYCHIUS,Homilia i in sanctum pascha (homilia 3) (e cod. Sinaitico gr. 492),762,1978,in_copyright,False,False,False
tlg2797,031,HESYCHIUS,Homilia ii in sanctum pascha (homilia 4) (e cod. Sinaitico gr. 492),502,1978,in_copyright,False,False,False
tlg2797,032,HESYCHIUS,Homilia i de sancta Maria deipara (homilia 5),1448,1978,in_copyright,False,False,False
tlg2797,033,HESYCHIUS,Homilia ii de sancta Maria deipara (homilia 6),1539,1978,in_copyright,False,False,False
tlg2797,034,HESYCHIUS,In sanctum Andream (homilia 7),2829,1978,in_copyright,False,False,False
tlg2797,035,HESYCHIUS,In sanctum Antonium (homilia 8),1101,1978,in_copyright,False,False,False
tlg2797,036,HESYCHIUS,In sanctum Stephanum (homilia 9),2991,1978,in_copyright,False,False,False
tlg2797,037,HESYCHIUS,In sanctos Jacobum et David (homilia 10) (e Photii,271,1978,in_copyright,False,False,False
tlg2797,038,HESYCHIUS,Homilia i in sanctum Lazarum (homilia 11),2081,1978,in_copyright,False,False,False
tlg2797,039,HESYCHIUS,Homilia ii in sanctum Lazarum (homilia 12),1389,1978,in_copyright,False,False,False
tlg2797,040,HESYCHIUS,In sanctos Petrum et Paulum (homilia 13),1391,1978,in_copyright,False,False,False
tlg2797,041,HESYCHIUS,In sanctum Procopium (homilia 14),2473,1978,in_copyright,False,False,False
tlg2797,042,HESYCHIUS,Homilia de jejunio (homilia 15) (e cod. Sinaitico gr. 491),1113,1978,in_copyright,False,False,False
tlg2797,048,HESYCHIUS,In conceptionem venerabilis praecursoris (homilia 16),3996,1980,in_copyright,False,False,False
tlg2797,049,HESYCHIUS,In sanctos martyres (fragmentum) (homilia 17) [Dub.],326,1980,in_copyright,False,False,False
tlg2797,050,HESYCHIUS,In Lazarum et in ramos palmarum (homilia 18) (olim sub nomine Titi,3059,1980,in_copyright,False,False,False
tlg2797,051,HESYCHIUS,Homilia i in sanctum Longinum centurionem (homilia 19) [Dub.],2766,1980,in_copyright,False,False,False
tlg2797,052,HESYCHIUS,Homilia ii in sanctum Longinum centurionem (homilia 20) [Dub.],4214,1980,in_copyright,False,False,False
tlg2797,053,HESYCHIUS,In sanctum Lucam (homilia 21) [Dub.],1326,1980,in_copyright,False,False,False
tlg2797,X01,HESYCHIUS,Narratio de Abraam [Sp.],,,unknown,False,False,False
tlg2797,X02,HESYCHIUS,De prophetarum vita et obitu recensio Hesychiana [Sp.],,,unknown,False,False,False
tlg2798,001,Pseudo-DIONYSIUS AREOPAGITA,De caelesti hierarchia,11488,1991,in_copyright,False,False,False
tlg2798,002,Pseudo-DIONYSIUS AREOPAGITA,De ecclesiastica hierarchia,16400,1991,in_copyright,False,False,False
tlg2798,004,Pseudo-DIONYSIUS AREOPAGITA,De divinis nominibus,24104,1990,in_copyright,False,False,False
tlg2798,005,Pseudo-DIONYSIUS AREOPAGITA,De mystica theologia,1350,1991,in_copyright,False,False,False
tlg2798,006,Pseudo-DIONYSIUS AREOPAGITA,Epistulae,6668,1991,in_copyright,False,False,False
tlg2800,002,BASILIUS,Sermones xli,74645,,unknown,False,False,False
tlg2800,003,BASILIUS,Homilia in sanctum pascha,1444,,unknown,False,False,False
tlg2800,004,BASILIUS,Homilia in sanctum pascha et in recens illuminatos,1804,,unknown,False,False,False
tlg2800,005,BASILIUS,Homilia in assumptionem domini,1784,,unknown,False,False,False
tlg2800,006,BASILIUS,Homilia in sanctum Andream,1446,,unknown,False,False,False
tlg2800,007,BASILIUS,Homilia in feriam v et in proditionem Judae,1228,,unknown,False,False,False
tlg2800,008,BASILIUS,Homilia in passionem domini,1385,,unknown,False,False,False
tlg2800,012,BASILIUS,Homilia in pentecosten,1240,,unknown,False,False,False
tlg2800,018,BASILIUS,De vita et miraculis sanctae Theclae libri ii [Sp.],35325,1978,in_copyright,False,False,False
tlg2806,001,MARCUS Diaconus,Vita Porphyrii episcopi Gazensis,16081,1930,pd_us,True,False,True
tlg2807,001,ANTONIUS Hagiographus,Vita Symeonis Stylitae senioris,5805,1908,pd_us,False,False,False
tlg2816,001,JOANNES,Apologia concilii Chalcedonensis (excerpta Graeca),2575,1977,in_copyright,False,False,False
tlg2816,002,JOANNES,Capitula xvii contra monophysitas,1594,1977,in_copyright,False,False,False
tlg2816,003,JOANNES,Adversus Aphthartodocetas,2637,1977,in_copyright,False,False,False
tlg2816,004,JOANNES,In evangelium secundum Joannem (excerpta duo) (e cod. Vallicell. E,154,1977,in_copyright,False,False,False
tlg2816,005,JOANNES,Adversus Manichaeos (homilia 1),2739,1977,in_copyright,False,False,False
tlg2816,006,JOANNES,Adversus Manichaeos (homilia 2),4618,1977,in_copyright,False,False,False
tlg2816,007,JOANNES,Disputatio cum Manichaeo,3203,1977,in_copyright,False,False,False
tlg2816,008,JOANNES,Syllogismi sanctoruum patrum,460,1977,in_copyright,False,False,False
tlg2860,001,ALEXANDER,Inventio crucis (fort. auctore Alexandro alio),10473,,unknown,False,False,False
tlg2860,002,ALEXANDER,Inventio crucis (epitome prioris libelli),2138,,unknown,False,False,False
tlg2860,003,ALEXANDER,Laudatio Barnabae apostoli,7060,1993,in_copyright,False,False,False
tlg2865,001,OLYMPIODORUS Diaconus,Commentarii in Job,78102,1984,in_copyright,False,False,False
tlg2865,002,OLYMPIODORUS Diaconus,Commentarii in Ecclesiasten,29436,,unknown,False,False,False
tlg2865,003,OLYMPIODORUS Diaconus,Commentarii in Jeremiam (in catenis),16885,,unknown,False,False,False
tlg2865,004,OLYMPIODORUS Diaconus,Commentarii in Lamentationes (in catenis),6326,,unknown,False,False,False
tlg2865,005,OLYMPIODORUS Diaconus,Commentarii in Baruch (in catenis),2118,,unknown,False,False,False
tlg2865,006,OLYMPIODORUS Diaconus,Commentarii in Jeremiae epistulam,862,,unknown,False,False,False
tlg2865,007,OLYMPIODORUS Diaconus,Contra Severum Antiochenum (fragmentum ap. Pseudo%19Anastasium,34,,unknown,False,False,False
tlg2865,009,OLYMPIODORUS Diaconus,Fragmentum in illud: Gaudete in illa die [Sp.],235,,unknown,False,False,False
tlg2866,001,OECUMENIUS,Commentarius in Apocalypsin,55843,1928,pd_us,False,False,False
tlg2866,002,OECUMENIUS,,1856,1933,in_copyright,False,False,False
tlg2866,003,OECUMENIUS,Fragmenta in epistulam i ad Corinthios (in catenis),3021,1933,in_copyright,False,False,False
tlg2866,004,OECUMENIUS,Fragmenta in epistulam ii ad Corinthios (in catenis),433,1933,in_copyright,False,False,False
tlg2866,005,OECUMENIUS,Fragmenta in epistulam ad Galatas (in catenis),464,1933,in_copyright,False,False,False
tlg2866,006,OECUMENIUS,Fragmenta in epistulam ad Ephesios (in catenis),920,1933,in_copyright,False,False,False
tlg2866,007,OECUMENIUS,Fragmenta in epistulam ad Philippenses (in catenis),330,1933,in_copyright,False,False,False
tlg2866,008,OECUMENIUS,Fragmenta in epistulam ad Colossenses (in catenis),554,1933,in_copyright,False,False,False
tlg2866,009,OECUMENIUS,Fragmenta in epistulam i ad Thessalonicenses (in catenis),337,1933,in_copyright,False,False,False
tlg2866,010,OECUMENIUS,Fragmenta in epistulam ii ad Thessalonicenses (in catenis),212,1933,in_copyright,False,False,False
tlg2866,011,OECUMENIUS,Fragmenta in epistulam i ad Timotheum (in catenis),499,1933,in_copyright,False,False,False
tlg2866,012,OECUMENIUS,Fragmenta in epistulam ii ad Timotheum (in catenis),193,1933,in_copyright,False,False,False
tlg2866,013,OECUMENIUS,Fragmenta in epistulam ad Titum (in catenis),126,1933,in_copyright,False,False,False
tlg2866,014,OECUMENIUS,Fragmentum in epistulam ad Philemonem (in catenis),16,1933,in_copyright,False,False,False
tlg2866,015,OECUMENIUS,Fragmenta in epistulam ad Hebraeos (in catenis),1746,1933,in_copyright,False,False,False
tlg2871,001,JOANNES MALALAS,Chronographia,91268,1831,pd_us,False,False,False
tlg2871,002,JOANNES MALALAS,Chronologica (fort. auctore anonymo excerptorum chronologicorum),3485,1831,pd_us,False,False,False
tlg2871,003,JOANNES MALALAS,Chronographia (eclogae e cod. Paris. gr. 1336),3608,1839,pd_us,False,False,False
tlg2877,001,CYRILLUS,Vita Euthymii,21285,1939,in_copyright,False,False,False
tlg2877,002,CYRILLUS,Vita Sabae,29190,1939,in_copyright,False,False,False
tlg2877,003,CYRILLUS,Vita Joannis Hesychastae,5494,1939,in_copyright,False,False,False
tlg2877,004,CYRILLUS,Vita Cyriaci,3776,1939,in_copyright,False,False,False
tlg2877,005,CYRILLUS,Vita Theodosii,1464,1939,in_copyright,False,False,False
tlg2877,006,CYRILLUS,Vita Theognii,640,1939,in_copyright,False,False,False
tlg2877,007,CYRILLUS,Vita Abramii,1114,1939,in_copyright,False,False,False
tlg2877,008,CYRILLUS,Vita Gerasimi [Sp.],2285,1897,pd_us,False,False,False
tlg2881,001,ROMANUS MELODUS,Cantica,84238,1964,in_copyright,False,False,False
tlg2881,002,ROMANUS MELODUS,Cantica genuina,8626,1963,in_copyright,False,False,False
tlg2881,003,ROMANUS MELODUS,Cantica dubia,33387,1970,in_copyright,False,False,False
tlg2881,005,ROMANUS MELODUS,*)AKA/QISTOS U(/MNOS [Dub.],1573,1968,in_copyright,False,False,False
tlg2892,001,MAXIMUS CONFESSOR,Quaestiones ad Thalassium,82430,1980,in_copyright,False,False,False
tlg2892,002,MAXIMUS CONFESSOR,Quaestiones et dubia,31458,1982,in_copyright,False,False,False
tlg2892,008,MAXIMUS CONFESSOR,Capita de caritate,,1963,in_copyright,False,False,False
tlg2892,049,MAXIMUS CONFESSOR,Mystagogia,11671,1931,in_copyright,False,False,False
tlg2892,097,MAXIMUS CONFESSOR,Scholia in Ecclesiasten (in catenis: catena trium patrum),16764,1983,in_copyright,False,False,False
tlg2892,110,MAXIMUS CONFESSOR,Expositio in Psalmum LIX,2671,1991,in_copyright,False,False,False
tlg2892,111,MAXIMUS CONFESSOR,Expositio orationis dominicae,6684,1991,in_copyright,False,False,False
tlg2892,112,MAXIMUS CONFESSOR,Liber asceticus,9277,1931,in_copyright,False,False,False
tlg2892,113,MAXIMUS CONFESSOR,Opusculum de anima [Sp.],1420,1931,in_copyright,False,False,False
tlg2892,114,MAXIMUS CONFESSOR,Hymni [Sp.],974,1931,in_copyright,False,False,False
tlg2892,X01,MAXIMUS CONFESSOR,Fragmenta (in Doctrina patrum),,,unknown,False,False,False
tlg2892,X02,MAXIMUS CONFESSOR,Scholia in Acta (in catenis:  catena Andreae),,,unknown,False,False,False
tlg2892,X04,MAXIMUS CONFESSOR,Scholia in epistulas catholicas (in catenis:  catena Andreae),,,unknown,False,False,False
tlg2892,X07,MAXIMUS CONFESSOR,"Scholia in epistulam ad Romanos (in catenis, typus Monacensis)",,,unknown,False,False,False
tlg2892,X08,MAXIMUS CONFESSOR,Scholia in epistulam ad Hebraeos (in catenis:  catena Nicetae),,,unknown,False,False,False
tlg2894,001,CONSTITUTIONES APOSTOLORUM,Constitutiones apostolorum (fort. compilatore Juliano Ariano),69832,1985,in_copyright,False,False,False
tlg2903,001,MINUCIANUS Junior,*PERI\ E)PIXEIRHMA/TWN,2229,1894,pd_us,False,False,False
tlg2904,001,NICOLAUS,Progymnasmata,13337,1913,pd_us,False,False,False
tlg2904,002,NICOLAUS,"Progymnasmata (capita PERI\ SUGKRI/SEWS, PERI\ H)QOPOII/AS, PERI\",1443,1913,pd_us,False,False,False
tlg2904,003,NICOLAUS,Progymnasmata (caput PERI\ SUGKRI/SEWS) (e cod. Brit. Mus,354,1913,pd_us,False,False,False
tlg2914,001,LEONTIUS,In natale sancti Joannis prophetae (homilia 1),1434,1987,in_copyright,False,False,False
tlg2914,002,LEONTIUS,In ramos palmarum (homilia 2),2939,1987,in_copyright,False,False,False
tlg2914,003,LEONTIUS,In ramos palmarum (homilia 3) (olim sub nomine Joannis Chrysostomi),2549,1987,in_copyright,False,False,False
tlg2914,004,LEONTIUS,In ramos palmarum (homilia 3a) (sub nomine Joannis Chrysostomi),2070,1987,in_copyright,False,False,False
tlg2914,005,LEONTIUS,In Job (homilia 4),2343,1987,in_copyright,False,False,False
tlg2914,006,LEONTIUS,In Job (homilia 5),1898,1987,in_copyright,False,False,False
tlg2914,007,LEONTIUS,In uxorem Job et in proditionem Judae (homilia 6),1567,1987,in_copyright,False,False,False
tlg2914,008,LEONTIUS,In sanctam parasceven (homilia 7),2127,1987,in_copyright,False,False,False
tlg2914,009,LEONTIUS,In sanctum pascha (homilia 8),1980,1987,in_copyright,False,False,False
tlg2914,010,LEONTIUS,In resurrectionem domini (homilia 9),975,1987,in_copyright,False,False,False
tlg2914,011,LEONTIUS,In mesopentecosten (homilia 10),3426,1987,in_copyright,False,False,False
tlg2914,012,LEONTIUS,In pentecosten (homilia 11),3621,1987,in_copyright,False,False,False
tlg2914,013,LEONTIUS,In nativitatem Christi (homilia 12) (olim sub nomine Joannis,1236,1987,in_copyright,False,False,False
tlg2914,014,LEONTIUS,In pentecosten (homilia 13) (olim sub nomine Joannis Chrysostomi),2357,1987,in_copyright,False,False,False
tlg2914,015,LEONTIUS,In transfigurationem (homilia 14) (olim sub nomine Joannis,2998,1987,in_copyright,False,False,False
tlg2914,X01,LEONTIUS,"In Martham, Mariam et Lazarum [Sp.]",,,unknown,False,False,False
tlg2914,X02,LEONTIUS,In sanctam theophaniam [Sp.],,,unknown,False,False,False
tlg2914,X03,LEONTIUS,In psalmum 92 [Sp.],,,unknown,False,False,False
tlg2914,X04,LEONTIUS,In paralyticum [Sp.],,,unknown,False,False,False
tlg2914,X05,LEONTIUS,In lacum Genesareth [Sp.],,,unknown,False,False,False
tlg2914,X08,LEONTIUS,In transfigurationem praecursoris [Sp.],,,unknown,False,False,False
tlg2914,X09,LEONTIUS,De descriptione deiparae [Sp.],,,unknown,False,False,False
tlg2914,X10,LEONTIUS,In caecum a nativitate [Sp.],,,unknown,False,False,False
tlg2914,X11,LEONTIUS,In occursum domini [Sp.],,,unknown,False,False,False
tlg2914,X12,LEONTIUS,In Lazarum quatriduanum [Sp.],,,unknown,False,False,False
tlg2934,001,JOANNES DAMASCENUS,Institutio elementaris,2312,1969,in_copyright,False,False,False
tlg2934,002,JOANNES DAMASCENUS,Dialectica sive Capita philosophica (recensio fusior),21912,1969,in_copyright,False,False,False
tlg2934,003,JOANNES DAMASCENUS,Fragmenta philosophica (e cod. Oxon. Bodl. Auct. T.1.6),8252,1969,in_copyright,False,False,False
tlg2934,004,JOANNES DAMASCENUS,Expositio fidei,61353,1973,in_copyright,False,False,False
tlg2934,005,JOANNES DAMASCENUS,,31133,1975,in_copyright,False,False,False
tlg2934,006,JOANNES DAMASCENUS,De haeresibus,10758,1981,in_copyright,False,False,False
tlg2934,007,JOANNES DAMASCENUS,Contra Jacobitas,13434,1981,in_copyright,False,False,False
tlg2934,008,JOANNES DAMASCENUS,De duabus in Christo voluntatibus,14124,1981,in_copyright,False,False,False
tlg2934,009,JOANNES DAMASCENUS,De fide contra Nestorianos,4950,1981,in_copyright,False,False,False
tlg2934,010,JOANNES DAMASCENUS,Contra Nestorianos,7513,1981,in_copyright,False,False,False
tlg2934,011,JOANNES DAMASCENUS,Epistula de hymno trisagio,7455,1981,in_copyright,False,False,False
tlg2934,012,JOANNES DAMASCENUS,Contra Manichaeos,15776,1981,in_copyright,False,False,False
tlg2934,013,JOANNES DAMASCENUS,De natura composita sive Contra acephalos,2415,1981,in_copyright,False,False,False
tlg2934,014,JOANNES DAMASCENUS,Disputatio Christiani et Saraceni [Dub.],2406,1981,in_copyright,False,False,False
tlg2934,018,JOANNES DAMASCENUS,"Sacra parallela (recensiones secundum alphabeti litteras dispositae,",176720,,unknown,False,False,False
tlg2934,019,JOANNES DAMASCENUS,"Sacra parallela (recensiones secundum alphabeti litteras dispositae,",19726,,unknown,False,False,False
tlg2934,021,JOANNES DAMASCENUS,De sacris jejuniis,2281,,unknown,False,False,False
tlg2934,035,JOANNES DAMASCENUS,De sancta trinitate (fragmentum) [Dub.],1217,,unknown,False,False,False
tlg2934,036,JOANNES DAMASCENUS,De octo spiritibus nequitiae (fragmentum) [Sp.],811,,unknown,False,False,False
tlg2934,037,JOANNES DAMASCENUS,De virtutibus et vitiis (fragmenta) [Sp.],2318,,unknown,False,False,False
tlg2934,038,JOANNES DAMASCENUS,Contra Severianos (fragmentum) [Dub.],479,,unknown,False,False,False
tlg2934,039,JOANNES DAMASCENUS,Qua ratione homo imago dei (fragmentum) [Dub.],134,,unknown,False,False,False
tlg2934,040,JOANNES DAMASCENUS,De theologia (fragmentum) [Dub.],235,,unknown,False,False,False
tlg2934,041,JOANNES DAMASCENUS,De animato (fragmentum) [Dub.],192,,unknown,False,False,False
tlg2934,042,JOANNES DAMASCENUS,De partibus animae (fragmentum) [Dub.],223,,unknown,False,False,False
tlg2934,043,JOANNES DAMASCENUS,De unione (fragmentum) [Dub.],207,,unknown,False,False,False
tlg2934,044,JOANNES DAMASCENUS,Ex thesauro orthodoxiae Nicetae Choniatae (fragmentum) [Dub.],130,,unknown,False,False,False
tlg2934,045,JOANNES DAMASCENUS,Fragmenta in Lucam (in catenis) [Dub.],179,,unknown,False,False,False
tlg2934,046,JOANNES DAMASCENUS,De mensibus Macedonicis (fragmenta) [Dub.],453,,unknown,False,False,False
tlg2934,047,JOANNES DAMASCENUS,Quid est homo? (fragmentum) [Dub.],461,,unknown,False,False,False
tlg2934,048,JOANNES DAMASCENUS,Oratio de his qui in fide dormierunt [Sp.],5344,,unknown,False,False,False
tlg2934,050,JOANNES DAMASCENUS,Epistula ad Theophilum imperatorem de sanctis et venerandis,7723,,unknown,False,False,False
tlg2934,051,JOANNES DAMASCENUS,De azymis (fragmenta duo) [Sp.],2095,,unknown,False,False,False
tlg2934,052,JOANNES DAMASCENUS,De immaculato corpore [Sp.],1229,,unknown,False,False,False
tlg2934,053,JOANNES DAMASCENUS,Commentarii in epistulas Pauli [Dub.],107275,,unknown,False,False,False
tlg2934,054,JOANNES DAMASCENUS,Homilia in transfigurationem domini,6037,,unknown,False,False,False
tlg2934,055,JOANNES DAMASCENUS,Homilia in ficum arefactam,2545,,unknown,False,False,False
tlg2934,056,JOANNES DAMASCENUS,Homilia in sabbatum sanctum,7499,,unknown,False,False,False
tlg2934,057,JOANNES DAMASCENUS,Sermo in annuntiationem Mariae [Sp.],2636,,unknown,False,False,False
tlg2934,059,JOANNES DAMASCENUS,,3869,,unknown,False,False,False
tlg2934,060,JOANNES DAMASCENUS,Laudatio sanctae Barbarae,6694,,unknown,False,False,False
tlg2934,061,JOANNES DAMASCENUS,Deprecationes i%19iii [Dub.],566,,unknown,False,False,False
tlg2934,062,JOANNES DAMASCENUS,Passio sancti Artemii [Dub.],13815,,unknown,False,False,False
tlg2934,064,JOANNES DAMASCENUS,Fragmenta in Matthaeum (e catena Nicetae) [Dub.],1302,,unknown,False,False,False
tlg2934,066,JOANNES DAMASCENUS,Vita Barlaam et Joasaph [Sp.],66645,1914,pd_us,False,True,True
tlg2934,067,JOANNES DAMASCENUS,Dialectica sive Capita philosophica (recensio brevior),16729,1969,in_copyright,False,False,False
tlg2934,068,JOANNES DAMASCENUS,"Dialectica sive Capita philosophica (recensio brevior, E(/TERON",1299,1969,in_copyright,False,False,False
tlg2934,X01,JOANNES DAMASCENUS,In sancta et magna parasceve (olim sub auctore Joanne Damasceno),,,unknown,False,False,False
tlg2934,X02,JOANNES DAMASCENUS,De sacris imaginibus contra Constantinum Cabalinum [Sp.],,,unknown,False,False,False
tlg2934,X03,JOANNES DAMASCENUS,Adversus iconoclastas [Sp.],,,unknown,False,False,False
tlg2934,X04,JOANNES DAMASCENUS,Homilia in nativitatem Mariae [Sp.],,,unknown,False,False,False
tlg2937,002,LACHARES,Rhetorica (fragmentum e cod. Paris. suppl. gr. 670),2167,1895,pd_us,False,False,False
tlg2945,001,GNOMOLOGIUM VATICANUM,Gnomologium Vaticanum,12578,,unknown,False,False,False
tlg2946,001,PRISCUS,Testimonia,310,1979,in_copyright,False,False,False
tlg2946,002,PRISCUS,Fragmenta,18983,1979,in_copyright,False,False,False
tlg2948,001,ACTA PHILIPPI,Acta Philippi,16539,1903,pd_us,True,False,True
tlg2948,002,ACTA PHILIPPI,Acta Philippi (recensio),3860,1903,pd_us,False,False,False
tlg2948,003,ACTA PHILIPPI,Acta Philippi (recensio),3142,1903,pd_us,False,False,False
tlg2948,004,ACTA PHILIPPI,Acta Philippi (epitome),2870,1903,pd_us,False,False,False
tlg2949,001,ACTA BARNABAE,Acta Barnabae,2223,1903,pd_us,True,False,True
tlg2950,001,ADAMANTIUS,De recta in deum fide (olim sub auctore Origene Adamantio),29698,1901,pd_us,False,False,False
tlg2956,002,Sextus JULIUS AFRICANUS,Cesti (fragmenta),14975,1970,in_copyright,False,False,False
tlg2956,003,Sextus JULIUS AFRICANUS,Epistula ad Origenem,384,1909,pd_us,False,False,False
tlg2956,004,Sextus JULIUS AFRICANUS,Epistula ad Aristidem,1347,1909,pd_us,False,False,False
tlg2956,X01,Sextus JULIUS AFRICANUS,Fragmentum ap. Zosimum (sub nomine Africani),,,unknown,False,False,False
tlg2960,001,ORACULA TIBURTINA,Prophetia,2220,1967,in_copyright,False,False,False
tlg2962,004,PETRUS,Epistula canonica (e *PERI\ METANOI/AS) (canones 1%19`14),3089,,unknown,False,False,False
tlg2962,006,PETRUS,De paschate ad Tricentium (fragmentum),80,,unknown,False,False,False
tlg2962,X01,PETRUS,De deitate (fragmenta),,,unknown,False,False,False
tlg2962,X02,PETRUS,De anima (fragmentum),,,unknown,False,False,False
tlg2966,002,PHILEAS,Epistula ad Thmuitanos (ap. Eusebium),677,1972,in_copyright,False,False,False
tlg2967,001,THEODORUS Heracleensis vel THEODORUS Mopsuestenus,Fragmenta in Matthaeum (in catenis),2421,1957,in_copyright,False,False,False
tlg2968,001,MONIMUS,Fragmenta,29,1867,pd_us,False,False,False
tlg2969,001,DEMONAX,Fragmenta,2123,1867,pd_us,False,False,False
tlg2970,001,SEVERUS,*PERI\ YUXH=S (fragmentum),399,1881,pd_us,True,False,True
tlg2971,001,GEORGIUS PECCATOR,Hymnus (olim sub auctore Synesio),48,1968,in_copyright,False,False,False
tlg2972,001,ANONYMI DE TERRAE MOTIBUS,De terrae motibus,656,1897,pd_us,True,False,True
tlg2995,001,ORUS,Vocum Atticarum collectio (fragmenta ap. Zonarae lexicon),2751,1981,in_copyright,False,False,False
tlg2995,002,ORUS,Vocum Atticarum collectio (fragmenta ap. alios auctores et in aliis,2949,1981,in_copyright,False,False,False
tlg2995,003,ORUS,Orthographia (PERI\ TH=S <I> A)NEKFWNH/TOU) (olim sub,1230,1892,pd_us,False,False,False
tlg3002,001,PROLEGOMENA DE COMOEDIA,De comoedia,609,1975,in_copyright,False,False,False
tlg3002,002,PROLEGOMENA DE COMOEDIA,De comoedia,235,1975,in_copyright,False,False,False
tlg3002,003,PROLEGOMENA DE COMOEDIA,De comoedia,245,1975,in_copyright,False,False,False
tlg3002,004,PROLEGOMENA DE COMOEDIA,De comoedia,150,1975,in_copyright,False,False,False
tlg3002,005,PROLEGOMENA DE COMOEDIA,De choro,95,1975,in_copyright,False,False,False
tlg3002,006,PROLEGOMENA DE COMOEDIA,Comoediae veterae nomina poetarum et dramata,30,1975,in_copyright,False,False,False
tlg3002,007,PROLEGOMENA DE COMOEDIA,De Hellenismo et Atticismo,153,1975,in_copyright,False,False,False
tlg3002,008,PROLEGOMENA DE COMOEDIA,De choro,93,1975,in_copyright,False,False,False
tlg3002,009,PROLEGOMENA DE COMOEDIA,De scoliis,113,1975,in_copyright,False,False,False
tlg3002,010,PROLEGOMENA DE COMOEDIA,De histrionibus,24,1975,in_copyright,False,False,False
tlg3002,011,PROLEGOMENA DE COMOEDIA,De partibus comoediae,48,1975,in_copyright,False,False,False
tlg3002,012,PROLEGOMENA DE COMOEDIA,De metro comico,87,1975,in_copyright,False,False,False
tlg3002,013,PROLEGOMENA DE COMOEDIA,De comoedia (Anonymus Crameri i),867,1975,in_copyright,False,False,False
tlg3002,014,PROLEGOMENA DE COMOEDIA,De comoedia (Anonymus Crameri ii),1380,1975,in_copyright,False,False,False
tlg3002,015,PROLEGOMENA DE COMOEDIA,De poeticae generibus (fort. auctore Joanne Tzetza),90,1975,in_copyright,False,False,False
tlg3002,016,PROLEGOMENA DE COMOEDIA,De comoedia,57,1975,in_copyright,False,False,False
tlg3002,018,PROLEGOMENA DE COMOEDIA,E)K TOU= *(HFAISTI/WNOS E)PITOMH\ TW=N E)NNE/A ME/TRWN,701,1975,in_copyright,False,False,False
tlg3002,019,PROLEGOMENA DE COMOEDIA,Tractatus Coislinianus (e cod. Paris. Coislin. 120),482,1984,in_copyright,False,False,False
tlg3002,X01,PROLEGOMENA DE COMOEDIA,Prolegomena de comoedia Aristophanis,,,unknown,False,False,False
tlg3002,X02,PROLEGOMENA DE COMOEDIA,Versus de poematum generibus,,,unknown,False,False,False
tlg3014,001,Joannes CAMATERUS,Introductio in astronomiam,30426,1908,pd_us,False,False,False
tlg3014,002,Joannes CAMATERUS,De zodiaco,8097,1872,pd_us,False,False,False
tlg3015,001,Joannes CAMENIATES,De expugnatione Thessalonicae,23382,1973,in_copyright,False,False,False
tlg3018,001,Georgius CEDRENUS,Compendium historiarum,303447,1838,pd_us,False,False,False
tlg3020,001,Joannes CINNAMUS,Epitome rerum ab Joanne et Alexio Comnenis gestarum,63379,1836,pd_us,False,False,False
tlg3020,002,Joannes CINNAMUS,Ethopoeia,907,1943,in_copyright,False,False,False
tlg3023,001,CONSTANTINUS VII PORPHYROGENITUS Imperator,De legationibus,181366,1903,pd_us,False,False,False
tlg3023,002,CONSTANTINUS VII PORPHYROGENITUS Imperator,De virtutibus et vitiis,200296,1906,pd_us,False,False,False
tlg3023,003,CONSTANTINUS VII PORPHYROGENITUS Imperator,De insidiis,70676,1905,pd_us,False,False,False
tlg3023,004,CONSTANTINUS VII PORPHYROGENITUS Imperator,De sententiis,111047,1906,pd_us,False,False,False
tlg3023,005,CONSTANTINUS VII PORPHYROGENITUS Imperator,De strategematibus (olim sub auctore Herone Byzantio),11762,1909,pd_us,False,False,False
tlg3023,006,CONSTANTINUS VII PORPHYROGENITUS Imperator,De contionibus militaribus,2156,1908,pd_us,False,False,False
tlg3023,008,CONSTANTINUS VII PORPHYROGENITUS Imperator,De administrando imperio,40495,1967,in_copyright,False,False,False
tlg3023,009,CONSTANTINUS VII PORPHYROGENITUS Imperator,De thematibus,9702,1952,in_copyright,False,False,False
tlg3023,010,CONSTANTINUS VII PORPHYROGENITUS Imperator,De cerimoniis aulae Byzantinae (lib. 1.84%19`2.56),76649,1829,pd_us,False,False,False
tlg3023,011,CONSTANTINUS VII PORPHYROGENITUS Imperator,De cerimoniis aulae Byzantinae (lib. 1.1%19`92),78092,1935,in_copyright,False,False,False
tlg3023,013,CONSTANTINUS VII PORPHYROGENITUS Imperator,Narratio de imagine Edessena,6032,1899,pd_us,False,False,False
tlg3023,014,CONSTANTINUS VII PORPHYROGENITUS Imperator,Oratio de translatione Chrysostomi,5356,1925,pd_us,False,False,False
tlg3023,019,CONSTANTINUS VII PORPHYROGENITUS Imperator,Oratio ad milites,1148,1967,in_copyright,False,False,False
tlg3023,X02,CONSTANTINUS VII PORPHYROGENITUS Imperator,Geoponica,,,unknown,False,False,False
tlg3023,X03,CONSTANTINUS VII PORPHYROGENITUS Imperator,Strategicon,,,unknown,False,False,False
tlg3023,X04,CONSTANTINUS VII PORPHYROGENITUS Imperator,*BASILEI=AI,,,unknown,False,False,False
tlg3023,X05,CONSTANTINUS VII PORPHYROGENITUS Imperator,*TA\ BASILIKA\ TACEI/DIA,,,unknown,False,False,False
tlg3023,X06,CONSTANTINUS VII PORPHYROGENITUS Imperator,Cletorologion (sub auctore Philotheo),,,unknown,False,False,False
tlg3023,X07,CONSTANTINUS VII PORPHYROGENITUS Imperator,Epistulae ad Theodorum,,,unknown,False,False,False
tlg3023,X08,CONSTANTINUS VII PORPHYROGENITUS Imperator,Historia de vita et rebus gestis Basilii Inclyti imperatoris,,,unknown,False,False,False
tlg3023,X09,CONSTANTINUS VII PORPHYROGENITUS Imperator,Epistula in translatione Gregorii Nazianzeni (olim sub auctore,,,unknown,False,False,False
tlg3027,001,Joannes DOXAPATRES,Prolegomena in Aphthonii progymnasmata,15536,1931,in_copyright,False,False,False
tlg3027,002,Joannes DOXAPATRES,Prolegomena in Hermogenis librum PERI\ STA/SEWN,2911,1931,in_copyright,False,False,False
tlg3027,003,Joannes DOXAPATRES,Prolegomena in Hermogenis librum PERI\ EU(RE/SEWS,3479,1931,in_copyright,False,False,False
tlg3027,004,Joannes DOXAPATRES,Prolegomena in Hermogenis librum PERI\ I)DEW=N,1522,1931,in_copyright,False,False,False
tlg3027,X01,Joannes DOXAPATRES,Prolegomena in Aphthonii progymnasmata (olim sub auctore Joanne,,,unknown,False,False,False
tlg3027,X02,Joannes DOXAPATRES,Prolegomena in artem rhetoricam (olim sub auctore Joanne Doxapatre),,,unknown,False,False,False
tlg3027,X03,Joannes DOXAPATRES,Excerpta de arte rhetorica (olim sub auctore Joanne Doxapatre),,,unknown,False,False,False
tlg3039,001,Joannes GALENUS,Allegoriae in Hesiodi theogoniam,20301,1876,pd_us,False,False,False
tlg3039,002,Joannes GALENUS,Allegoriae in Homeri Iliadem `4.1%19`4,1282,1876,pd_us,False,False,False
tlg3039,X01,Joannes GALENUS,Scholia in Hesiodi opera et dies,,,unknown,False,False,False
tlg3040,001,Josephus GENESIUS,*BASILEI=AI,23339,1978,in_copyright,False,False,False
tlg3043,001,GEORGIUS Monachus,Chronicon (lib. 1%19`4),156324,1904,pd_us,False,False,False
tlg3043,002,GEORGIUS Monachus,Chronicon breve (lib. 1%19`6) (redactio recentior),212141,,unknown,False,False,False
tlg3043,X01,GEORGIUS Monachus,Chronicon breve (lib. 7%19`8) (redactio recentior),,,unknown,False,False,False
tlg3043,X02,GEORGIUS Monachus,*PERI\ PRE/SBEWN *(RWMAI/WN PRO\S E)QNIKOU/S (ap. Constantinum,,,unknown,False,False,False
tlg3043,X03,GEORGIUS Monachus,*PERI\ E)PIBOULH=S KATA\ BASILE/WN GEGONUI/AS (ap,,,unknown,False,False,False
tlg3043,X04,GEORGIUS Monachus,*PERI\ A)RETH=S KAI\ KAKI/AS (ap. Constantinum,,,unknown,False,False,False
tlg3045,001,GEORGIUS SYNCELLUS,Ecloga chronographica,122177,1984,in_copyright,False,False,False
tlg3047,001,Michael GLYCAS,Annales,118624,1836,pd_us,False,False,False
tlg3047,002,Michael GLYCAS,Annales (lectiones variae),1521,1836,pd_us,False,False,False
tlg3051,001,GEORGIUS MONACHUS CONTINUATUS,Chronicon (continuatio) (redactio A),30883,1838,pd_us,False,False,False
tlg3051,X01,GEORGIUS MONACHUS CONTINUATUS,Chronicon (lib. 5) (redactio A),,,unknown,False,False,False
tlg3063,001,JOANNES SCYLITZES,Synopsis historiarum,126710,1973,in_copyright,False,False,False
tlg3064,002,SCYLITZES CONTINUATUS,Continuatio Scylitzae,22062,1968,in_copyright,False,False,False
tlg3069,001,LEO Diaconus,Historia,34643,1828,pd_us,False,False,False
tlg3070,001,SYMEON LOGOTHETES,Chronicon (sub nomine Leonis Grammatici vel Theodosii Melisseni vel,62203,1842,pd_us,False,False,False
tlg3074,001,Constantinus MANASSES,Compendium chronicum,43608,1837,pd_us,False,False,False
tlg3074,002,Constantinus MANASSES,Vita Oppiani,362,1964,in_copyright,False,False,False
tlg3074,X01,Constantinus MANASSES,Christus patiens (fort. auctore Constantino Manasse),,,unknown,False,False,False
tlg3075,001,Pseudo-MAURICIUS,Strategicon (sub nomine Mauricii Imperatoris vel Urbicii),48272,1970,in_copyright,False,False,False
tlg3079,001,MICHAEL ATTALIATES,Historia,61983,1853,pd_us,False,False,False
tlg3086,001,NICEPHORUS I,Breviarium historicum de rebus gestis post imperium Mauricii (e cod,17205,1880,pd_us,False,False,False
tlg3086,002,NICEPHORUS I,Chronographia brevis [Dub.] (recensiones duae),7667,1880,pd_us,False,False,False
tlg3086,012,NICEPHORUS I,Refutatio et eversio definitionis synodalis anni 815,82475,1997,in_copyright,False,False,False
tlg3088,002,NICEPHORUS BRYENNIUS,Historiae,31564,1975,in_copyright,False,False,False
tlg3094,001,NICETAS CHONIATES,Historia (%6 *XRONIKH\ DIH/GHSIS),163659,1975,in_copyright,False,False,False
tlg3100,001,NICOLAUS I Mysticus,Epistulae,86718,1973,in_copyright,False,False,False
tlg3100,002,NICOLAUS I Mysticus,Opuscula diversa,13443,1981,in_copyright,False,False,False
tlg3115,001,SYMEON METAPHRASTES,Chronicon breve (lib. 7%19`8) (redactio recentior),5097,,unknown,False,False,False
tlg3115,X01,SYMEON METAPHRASTES,Sermones de moribus (a Symeone collecti),,,unknown,False,False,False
tlg3120,001,PATRIA CONSTANTINOPOLEOS,*PARASTA/SEIS SU/NTOMOI XRONIKAI/,8465,1901,pd_us,False,False,False
tlg3120,002,PATRIA CONSTANTINOPOLEOS,*DIH/GHSIS PERI\ TH=S *(AGI/AS *SOFI/AS,4857,1901,pd_us,False,False,False
tlg3120,003,PATRIA CONSTANTINOPOLEOS,*DIH/GHSIS PERI\ TH=S *(AGI/AS *SOFI/AS (variae lectiones),322,1901,pd_us,False,False,False
tlg3120,004,PATRIA CONSTANTINOPOLEOS,De sepulcris imperatorum quae sunt in templo sanctorum apostolorum,769,1843,pd_us,False,False,False
tlg3120,X01,PATRIA CONSTANTINOPOLEOS,Patria Constantinopoleos (sub auctore Hesychio Milesio),,,unknown,False,False,False
tlg3120,X02,PATRIA CONSTANTINOPOLEOS,De aedificiis,,,unknown,False,False,False
tlg3120,X03,PATRIA CONSTANTINOPOLEOS,Patria Constantinopoleos (sub auctore Pseudo%19Codino),,,unknown,False,False,False
tlg3125,001,THEODOSIUS Diaconus,De Creta capta,6080,1979,in_copyright,False,False,False
tlg3127,001,Pseudo-NONNUS,Scholia mythologica,20725,1992,in_copyright,False,False,False
tlg3128,001,THEOGNOSTUS,Canones sive De orthographia,46633,1835,pd_us,False,False,False
tlg3130,001,THEOPHYLACTUS SIMOCATTA,Epistulae,7630,1985,in_copyright,False,False,False
tlg3130,003,THEOPHYLACTUS SIMOCATTA,Historiae,65428,1887,pd_us,False,False,False
tlg3130,007,THEOPHYLACTUS SIMOCATTA,Quaestiones physicae,4293,1965,in_copyright,False,False,False
tlg3130,009,THEOPHYLACTUS SIMOCATTA,De vitae termino,3491,1979,in_copyright,False,False,False
tlg3130,X01,THEOPHYLACTUS SIMOCATTA,"Excerpta historiae (ap. Constantinum Porphyrogenitum, De",,,unknown,False,False,False
tlg3130,X02,THEOPHYLACTUS SIMOCATTA,"Excerpta historiae (ap. Constantinum Porphyrogenitum, De",,,unknown,False,False,False
tlg3130,X03,THEOPHYLACTUS SIMOCATTA,"Excerpta historiae (ap. Constantinum Porphyrogenitum, De",,,unknown,False,False,False
tlg3135,001,Joannes ZONARAS,Epitome historiarum (lib. 1%19`12),240589,1868,pd_us,True,True,True
tlg3135,002,Joannes ZONARAS,Epitome historiarum (lib. 13%19`18),118917,1897,pd_us,False,False,False
tlg3135,003,Joannes ZONARAS,"Epitome historiarum (lib. 12, clausula varia) [Dub.]",648,1870,pd_us,False,False,False
tlg3136,001,Pseudo-ZONARAS,Lexicon,239532,1808,pd_us,False,False,False
tlg3139,001,Laonicus CHALCOCONDYLES,Historiae,106746,1922,pd_us,False,False,False
tlg3140,001,JOEL,Chronographia compendiaria,12994,1836,pd_us,False,False,False
tlg3141,002,Georgius ACROPOLITES,Annales,39604,1903,pd_us,False,False,False
tlg3141,003,Georgius ACROPOLITES,Historia in brevius redacta,16013,1903,pd_us,False,False,False
tlg3141,005,Georgius ACROPOLITES,Epitaphius in Irenam imperatricem,715,1903,pd_us,False,False,False
tlg3141,006,Georgius ACROPOLITES,In imaginem beatae virginis,116,1903,pd_us,False,False,False
tlg3141,007,Georgius ACROPOLITES,Praefatio in epistulas Theodori Lascaris,347,1903,pd_us,False,False,False
tlg3141,008,Georgius ACROPOLITES,Carmen in magnum sabbatum,201,1903,pd_us,False,False,False
tlg3141,009,Georgius ACROPOLITES,Epitaphius in Joannem Ducam,4907,1903,pd_us,False,False,False
tlg3141,010,Georgius ACROPOLITES,Contra Latinos,10561,1903,pd_us,False,False,False
tlg3141,011,Georgius ACROPOLITES,Epistula ad Joannem Tornicem,754,1903,pd_us,False,False,False
tlg3141,012,Georgius ACROPOLITES,In Gregorii Nazianzeni sententias,3048,1903,pd_us,False,False,False
tlg3141,013,Georgius ACROPOLITES,Laudatio Petri et Pauli,8621,1903,pd_us,False,False,False
tlg3141,X01,Georgius ACROPOLITES,Theodori Scutariotae additamenta ad Georgii Acropolitae historiam,,,unknown,False,False,False
tlg3142,001,Georgius PACHYMERES,*SUGGRAFIKAI\ I(STORI/AI (libri vi de Michaele Palaeologo),96849,1984,in_copyright,False,False,False
tlg3142,002,Georgius PACHYMERES,*SUGGRAFIKAI\ I(STORI/AI (libri vii de Andronico Palaeologo),112667,1835,pd_us,False,False,False
tlg3143,001,Georgius SPHRANTZES,Chronicon sive Minus [Sp.],24973,1966,in_copyright,False,False,False
tlg3144,001,Joannes CANANUS,De Constantinopoli oppugnata,4638,1977,in_copyright,False,False,False
tlg3145,001,Joannes ANAGNOSTES,De extremo Thessalonicensi excidio narratio,9069,1958,in_copyright,False,False,False
tlg3145,002,Joannes ANAGNOSTES,Pro viribus acta monodia,944,1958,in_copyright,False,False,False
tlg3146,001,DUCAS,Historia Turcobyzantina,70405,1958,in_copyright,False,False,False
tlg3147,001,Michael CRITOBULUS,Precatio,1161,1983,in_copyright,False,False,False
tlg3147,002,Michael CRITOBULUS,Poema,106,1983,in_copyright,False,False,False
tlg3147,003,Michael CRITOBULUS,Epistula ad Mechemet II,1916,1983,in_copyright,False,False,False
tlg3147,004,Michael CRITOBULUS,Historiae,58364,1983,in_copyright,False,False,False
tlg3155,001,JOANNES Protospatharius,*)ECH/GHSIS FUSIKH\ TW=N H(MERW=N *(HSIO/DOU,3774,1823,pd_us,False,False,False
tlg3156,001,ANONYMI EXEGESIS IN HESIODI THEOGONIAM,Exegesis in Hesiodi theogoniam,11450,1876,pd_us,True,False,True
tlg3157,001,THEODORUS Scutariota,Additamenta ad Georgii Acropolitae historiam,5066,1903,pd_us,False,False,False
tlg3158,001,THEODORUS,Epistulae,6424,1960,in_copyright,False,False,False
tlg3159,001,BARLAAM,Paraphrasis in Euclidis elementorum librum secundum,3416,1977,in_copyright,False,False,False
tlg3168,001,Pseudo-CODINUS,De officiis (%6 officia palatii Constantinopoleos),19183,1966,in_copyright,False,False,False
tlg3168,002,Pseudo-CODINUS,De officiis (%6 officia palatii Constantinopoleos) (e codd Vat. gr,736,1966,in_copyright,False,False,False
tlg3168,003,Pseudo-CODINUS,De officiis (%6 officia magnae ecclesiae) (auctore Andrea Darmario),495,1839,pd_us,False,False,False
tlg3168,004,Pseudo-CODINUS,De annis ab orbe condito,3313,1975,in_copyright,False,False,False
tlg3168,005,Pseudo-CODINUS,Patria Constantinopoleos,23058,1907,pd_us,False,False,False
tlg3168,006,Pseudo-CODINUS,Patria Constantinopoleos (variae lectiones),2612,1907,pd_us,False,False,False
tlg3168,007,Pseudo-CODINUS,"Patria Constantinopoleos (ordo et tituli paragraphorum, quem",2775,1907,pd_us,False,False,False
tlg3168,008,Pseudo-CODINUS,"Patria Constantinopoleos (ordo et tituli paragraphorum, quem",1458,1907,pd_us,False,False,False
tlg3169,001,JOANNES VI CANTACUZENUS,Historiae,316346,1828,pd_us,False,False,False
tlg3170,001,EPHRAEM,Chronicon,54167,1840,pd_us,False,False,False
tlg3173,001,JOANNES,Adversus iconoclastas (olim sub auctore Joanne Damasceno),3034,,unknown,False,False,False
tlg3173,002,JOANNES,De sacris imaginibus contra Constantinum Cabalinum (sub nomine,6936,,unknown,False,False,False
tlg3173,003,JOANNES,Narratio,569,1838,pd_us,False,False,False
tlg3176,001,Pseudo-SPHRANTZES,Chronicon sive Maius (partim sub auctore Macario,91046,1966,in_copyright,False,False,False
tlg3176,002,Pseudo-SPHRANTZES,Chronicon sive Maius (additamenta Macarii Melisseni %7,3457,1966,in_copyright,False,False,False
tlg3177,001,SCRIPTOR INCERTUS DE LEONE ARMENIO,De Leone Armenio (e cod. Paris. gr. 1711),5269,1842,pd_us,False,False,False
tlg3177,002,SCRIPTOR INCERTUS DE LEONE ARMENIO,De Leone Armenio (e cod. Vat. gr. 2014),1091,1965,in_copyright,False,False,False
tlg3178,001,ANONYMI LEXEIS RHETORICAE,*(RHTORIKAI\ LE/CEIS,1060,1975,in_copyright,False,False,False
tlg3181,001,NICEPHORUS II PHOCAS Imperator,De velitatione bellica (sub nomine Nicephori II Phocae),15953,1986,in_copyright,False,False,False
tlg3182,001,Pseudo-SYMEON,Chronographia (partim edita e cod. Paris. gr. 1712),31859,1838,pd_us,False,False,False
tlg3185,001,ANONYMUS DE SCIENTIA POLITICA,De scientia politica dialogus (olim sub auctore Petro Patricio) (e,11900,1982,in_copyright,False,False,False
tlg3185,X01,ANONYMUS DE SCIENTIA POLITICA,"De politica (ap. Photium, Bibl. cod. 37) (fortasse idemque",,,unknown,False,False,False
tlg3186,001,ANONYMUS DIALOGUS CUM JUDAEIS,Anonymus dialogus cum Judaeis (e cod. Vatoped. 236) (olim sub,28496,1994,in_copyright,False,False,False
tlg3187,001,GEORGIUS,Anacreontea,1988,1882,pd_us,False,False,False
tlg3188,001,JOANNES ACTUARIUS,De spiritu animali,23870,1841,pd_us,False,False,False
tlg3188,002,JOANNES ACTUARIUS,De urinis,58252,1842,pd_us,False,False,False
tlg3188,003,JOANNES ACTUARIUS,De diagnosi,33864,1842,pd_us,False,False,False
tlg4000,001,ARISTAENETUS,Epistulae,15541,1971,in_copyright,False,False,False
tlg4001,001,AENEAS,Theophrastus sive de animarum immortalitate et corporum resurrectione,15267,1958,in_copyright,False,False,False
tlg4001,002,AENEAS,Epistulae,2967,1962,in_copyright,False,False,False
tlg4003,001,MARCIANUS,Periplus maris exteri,12021,1855,pd_us,True,False,True
tlg4003,002,MARCIANUS,Menippi periplus maris interni (epitome Marciani),2440,1855,pd_us,True,False,True
tlg4003,003,MARCIANUS,Artemidori geographia (epitome Marciani),510,1855,pd_us,True,False,True
tlg4005,001,ANONYMUS Discipulus Isidori Milesii,Euclidis elementorum qui fertur liber xv,2816,1977,in_copyright,False,False,False
tlg4013,001,SIMPLICIUS,In Aristotelis quattuor libros de caelo commentaria,268079,1894,pd_us,True,False,True
tlg4013,002,SIMPLICIUS,De caelo i (interpretatio Graeca ex Kc),491,1894,pd_us,False,False,False
tlg4013,003,SIMPLICIUS,In Aristotelis categorias commentarium,171042,1907,pd_us,True,False,True
tlg4013,004,SIMPLICIUS,In Aristotelis physicorum libros commentaria,537087,1882,pd_us,True,False,True
tlg4013,005,SIMPLICIUS,In Aristotelis libros de anima commentaria [Sp.?] (fort. auctore,139474,1882,pd_us,True,False,True
tlg4013,006,SIMPLICIUS,Commentarius in Epicteti enchiridion,61219,1842,pd_us,False,False,False
tlg4014,001,PRISCIANUS,Metaphrasis in Theophrastum,13867,1886,pd_us,False,False,False
tlg4014,X01,PRISCIANUS,In Aristotelis libros de anima commentaria (fort. auctore Prisciano,,,unknown,False,False,False
tlg4015,001,JOANNES PHILOPONUS,In Aristotelis categorias commentarium,67258,1898,pd_us,True,False,True
tlg4015,002,JOANNES PHILOPONUS,In Aristotelis analytica priora commentaria,165959,1905,pd_us,True,False,True
tlg4015,003,JOANNES PHILOPONUS,In Aristotelis analytica posteriora commentaria (prooemium e codd,1600,1909,pd_us,False,False,False
tlg4015,004,JOANNES PHILOPONUS,In Aristotelis analytica posteriora commentaria,147906,1909,pd_us,True,False,True
tlg4015,005,JOANNES PHILOPONUS,In Aristotelis meteorologicorum librum primum commentarium,53855,1901,pd_us,True,False,True
tlg4015,006,JOANNES PHILOPONUS,In Aristotelis libros de generatione et corruptione commentaria,108122,1897,pd_us,True,False,True
tlg4015,007,JOANNES PHILOPONUS,In libros de generatione animalium commentaria,96011,1903,pd_us,True,False,True
tlg4015,008,JOANNES PHILOPONUS,In Aristotelis libros de anima commentaria,240876,1897,pd_us,True,False,True
tlg4015,009,JOANNES PHILOPONUS,In Aristotelis physicorum libros commentaria,308938,1887,pd_us,True,False,True
tlg4015,010,JOANNES PHILOPONUS,De aeternitate mundi,146246,1899,pd_us,False,False,False
tlg4015,011,JOANNES PHILOPONUS,De opificio mundi,64598,1897,pd_us,False,False,False
tlg4015,012,JOANNES PHILOPONUS,De vocabulis quae diversum significatum exhibent secundum differentiam,12697,1983,in_copyright,False,False,False
tlg4015,017,JOANNES PHILOPONUS,De usu astrolabii eiusque constructione,8050,1839,pd_us,False,False,False
tlg4015,018,JOANNES PHILOPONUS,De vocabulis quae diversum significatum exhibent secundum differentiam,397,1983,in_copyright,False,False,False
tlg4015,X05,JOANNES PHILOPONUS,"De accentibus (excerpta e Choerobosco, Aetherio, Philopono et aliis)",,,unknown,False,False,False
tlg4016,001,AMMONIUS,In Porphyrii isagogen sive quinque voces,34396,1891,pd_us,True,False,True
tlg4016,002,AMMONIUS,In Aristotelis categorias commentarius,28483,1895,pd_us,True,False,True
tlg4016,003,AMMONIUS,In Aristotelis librum de interpretatione commentarius,96401,1897,pd_us,True,False,True
tlg4016,004,AMMONIUS,In Aristotelis analyticorum priorum librum i commentarium,14401,1899,pd_us,True,False,True
tlg4016,005,AMMONIUS,In Aristotelis analytica priora [Sp.],19720,1899,pd_us,True,False,True
tlg4017,001,SYRIANUS,In Aristotelis metaphysica commentaria,77033,1902,pd_us,True,False,True
tlg4017,002,SYRIANUS,Commentarium in Hermogenis librum PERI\ I)DEW=N,16725,1892,pd_us,False,False,False
tlg4017,003,SYRIANUS,Praefatio in Hermogenis librum PERI\ I)DEW=N [Sp.] (fort,3230,1892,pd_us,False,False,False
tlg4017,004,SYRIANUS,Commentarium in Hermogenis librum PERI\ STA/SEWN,39801,1893,pd_us,False,False,False
tlg4018,001,ASCLEPIUS,In Aristotelis metaphysicorum libros A%19Z commentaria,179809,1888,pd_us,True,False,True
tlg4018,002,ASCLEPIUS,Commentaria in Nicomachi Geraseni Pythagorei introductionem,33691,1969,in_copyright,False,False,False
tlg4019,001,OLYMPIODORUS,Prolegomena,10066,1902,pd_us,True,False,True
tlg4019,002,OLYMPIODORUS,In Aristotelis categorias commentarium,50220,1902,pd_us,True,False,True
tlg4019,003,OLYMPIODORUS,In Aristotelis meteora commentaria,113456,1900,pd_us,True,False,True
tlg4019,004,OLYMPIODORUS,In Platonis Alcibiadem commentarii,50719,1956,in_copyright,False,False,False
tlg4019,005,OLYMPIODORUS,In Platonis Gorgiam commentaria,64789,1970,in_copyright,False,False,False
tlg4019,006,OLYMPIODORUS,In Platonis Phaedonem commentaria,19110,1976,in_copyright,False,False,False
tlg4019,008,OLYMPIODORUS,Scholia in Aristotelis librum de interpretatione (e cod. Vat. Urbin,2589,1978,in_copyright,False,False,False
tlg4019,X01,OLYMPIODORUS,In Philebum,,,unknown,False,False,False
tlg4019,X02,OLYMPIODORUS,Epigramma demonstrativum,,,unknown,False,False,False
tlg4019,X03,OLYMPIODORUS,Ethicorum Nicomacheorum paraphrasis (olim sub auctore Olympiodoro),,,unknown,False,False,False
tlg4019,X04,OLYMPIODORUS,"Prolegomena philosophiae Platonicae (olim sub auctore Olympiodoro,",,,unknown,False,False,False
tlg4019,X05,OLYMPIODORUS,*EI)S TO\ KAT' E)NE/RGEIAN ZOSI/MOU O(/SA A)PO\ *(ERMOU= KAI\ TW=N,,,unknown,False,False,False
tlg4020,001,ELIAS,In Porphyrii isagogen,34910,1900,pd_us,True,False,True
tlg4020,002,ELIAS,Eliae (olim Davidis) in Aristotelis categorias commentarium,57196,1900,pd_us,True,False,True
tlg4020,003,ELIAS,Commentarius in Aristotelis analytica priora,2197,1961,in_copyright,False,False,False
tlg4020,X01,ELIAS,"Prolegomena philosophiae Platonicae (olim sub auctore Olympiodoro,",,,unknown,False,False,False
tlg4021,001,DAVID,Prolegomena philosophiae,29971,1904,pd_us,True,False,True
tlg4021,002,DAVID,In Porphyrii isagogen commentarium,46217,1904,pd_us,True,False,True
tlg4021,X01,DAVID,In Aristotelis categorias commentaria,,,unknown,False,False,False
tlg4024,001,AGATHIAS Scholasticus,Historiae,61907,1967,in_copyright,True,False,True
tlg4024,X01,AGATHIAS Scholasticus,Epigramma demonstrativum (auctore Agathia vel Pallada),,,unknown,False,False,False
tlg4024,X03,AGATHIAS Scholasticus,"Excerpta de sententiis (ap. Constantinum Porphyrogenitum, De",,,unknown,False,False,False
tlg4024,X04,AGATHIAS Scholasticus,Scholia in Pausaniae periegesin,,,unknown,False,False,False
tlg4024,X02,AGATHIAS Scholasticus,"*PERI\ PRE/SBEWN (ap. Constantinum Porphyrogenitum, De",,,unknown,False,False,False
tlg4026,001,ANONYMI IN ARISTOTELIS ARTEM RHETORICAM,In Aristotelis artem rhetoricam commentarium,99393,1896,pd_us,True,False,True
tlg4026,002,ANONYMI IN ARISTOTELIS ARTEM RHETORICAM,Fragmentum commentarii in Aristotelis rhetorica,2098,1896,pd_us,True,False,True
tlg4026,003,ANONYMI IN ARISTOTELIS ARTEM RHETORICAM,Fragmentum paraphrasis in Aristotelis rhetorica,972,1896,pd_us,True,False,True
tlg4027,001,ANONYMI IN ARISTOTELIS CATEGORIAS,Paraphrasis categoriarum,32491,1883,pd_us,True,False,True
tlg4028,001,STEPHANUS,Ethnica (epitome),101920,1849,pd_us,False,False,False
tlg4028,002,STEPHANUS,Epigramma,179,,unknown,False,False,False
tlg4029,001,PROCOPIUS,De bellis,231931,1962,in_copyright,False,True,True
tlg4029,002,PROCOPIUS,Historia arcana (%6 Anecdota),33481,1963,in_copyright,False,True,True
tlg4029,003,PROCOPIUS,De aedificiis (lib. 1%19`6),37272,1964,in_copyright,False,False,False
tlg4030,001,SOPHONIAS,In Aristotelis libros de anima paraphrasis,70372,1883,pd_us,True,False,True
tlg4030,X01,SOPHONIAS,In parva naturalia commentaria,,,unknown,False,False,False
tlg4031,001,EUSTRATIUS,In Aristotelis analyticorum posteriorum librum secundum commentarium,108899,1907,pd_us,False,False,False
tlg4031,002,EUSTRATIUS,In Aristotelis ethica Nicomachea i commentaria,46390,1892,pd_us,True,False,True
tlg4031,003,EUSTRATIUS,In Aristotelis ethica Nicomachea vi commentaria,61730,1892,pd_us,False,False,False
tlg4032,001,ANONYMI IN ARISTOTELIS LIBRUM PRIMUM ANALYTICORUM POSTERIORUM,In primum librum analyticorum posteriorum commentarium,5106,1907,pd_us,False,False,False
tlg4033,001,ANONYMI IN ARISTOTELIS ETHICA NICOMACHEA,In ethica Nicomachea ii%19v commentaria,50249,1892,pd_us,False,False,False
tlg4033,002,ANONYMI IN ARISTOTELIS ETHICA NICOMACHEA,In ethica Nicomachea vii commentaria,24041,1892,pd_us,False,False,False
tlg4033,003,ANONYMI IN ARISTOTELIS ETHICA NICOMACHEA,In ethica Nicomachea paraphrasis (pseudepigraphum olim a Constantino,100839,1889,pd_us,True,False,True
tlg4034,001,MICHAEL,In ethica Nicomachea ix%19x commentaria,65713,1892,pd_us,False,False,False
tlg4034,002,MICHAEL,In parva naturalia commentaria,51594,1903,pd_us,True,False,True
tlg4034,003,MICHAEL,In libros de partibus animalium commentaria,41075,1904,pd_us,True,False,True
tlg4034,004,MICHAEL,In libros de animalium motione commentarium,10030,1904,pd_us,True,False,True
tlg4034,005,MICHAEL,In librum de animalium incessu commentarium,13851,1904,pd_us,True,False,True
tlg4034,006,MICHAEL,In librum quintum ethicorum Nicomacheorum commentarium,29038,1901,pd_us,True,False,True
tlg4034,008,MICHAEL,,73265,1898,pd_us,False,False,False
tlg4034,009,MICHAEL,In Aristotelis sophisticos elenchos commentarius (selecta) (%6,5893,1981,in_copyright,False,False,False
tlg4036,001,PROCLUS,In Platonis rem publicam commentarii,167711,1899,pd_us,True,False,True
tlg4036,002,PROCLUS,Hypotyposis astronomicarum positionum,24977,1909,pd_us,False,False,False
tlg4036,003,PROCLUS,Epigramma,27,,unknown,False,False,False
tlg4036,004,PROCLUS,Theologia Platonica (lib. 1%19`5),124159,1968,in_copyright,False,False,False
tlg4036,005,PROCLUS,Institutio theologica,28278,1963,in_copyright,False,False,False
tlg4036,006,PROCLUS,Institutio physica,7688,1912,pd_us,False,False,False
tlg4036,007,PROCLUS,In Platonis Alcibiadem i,68762,1954,in_copyright,False,False,False
tlg4036,008,PROCLUS,In Platonis Parmenidem,177636,1864,pd_us,False,False,False
tlg4036,009,PROCLUS,In Platonis Cratylum commentaria,28788,1908,pd_us,False,False,False
tlg4036,010,PROCLUS,In Platonis Timaeum commentaria,325501,1903,pd_us,False,False,False
tlg4036,011,PROCLUS,In primum Euclidis elementorum librum commentarii,84453,1873,pd_us,False,False,False
tlg4036,012,PROCLUS,De decem dubitationibus circa providentiam,13405,1960,in_copyright,False,False,False
tlg4036,013,PROCLUS,De providentia et fato et eo quod in nobis ad Theodorum mechanicum,5479,1960,in_copyright,False,False,False
tlg4036,014,PROCLUS,De malorum subsistentia,9437,1960,in_copyright,False,False,False
tlg4036,015,PROCLUS,Hymni 1%19`7,1151,1957,in_copyright,False,False,False
tlg4036,016,PROCLUS,Hymnorum fragmenta,15,1957,in_copyright,False,False,False
tlg4036,017,PROCLUS,Epigrammata,70,1957,in_copyright,False,False,False
tlg4036,018,PROCLUS,De sacrificio et magia,1048,1928,pd_us,False,False,False
tlg4036,020,PROCLUS,Excerpta e Platonica Procli theologia,3599,1864,pd_us,False,False,False
tlg4036,021,PROCLUS,Eclogae de philosophia Chaldaica,1502,1971,in_copyright,False,False,False
tlg4036,023,PROCLUS,Chrestomathia [Dub.] (epitome),2235,1963,in_copyright,False,True,True
tlg4036,X01,PROCLUS,Prolegomena et scholia in Hesiodi opera et dies,,,unknown,False,False,False
tlg4036,X02,PROCLUS,Characteres epistolici,,,unknown,False,False,False
tlg4036,X03,PROCLUS,Epigramma demonstrativum,,,unknown,False,False,False
tlg4037,001,ANONYMI PARADOXOGRAPHI,De incredibilibus (excerpta Vaticana),1533,1902,pd_us,True,False,True
tlg4037,002,ANONYMI PARADOXOGRAPHI,Tractatus de mulieribus,1028,1839,pd_us,False,False,False
tlg4037,003,ANONYMI PARADOXOGRAPHI,*TI/NES OI)=KOI A)NA/STATOI DIA\ GUNAI=KAS E)GE/NONTO,73,1839,pd_us,False,False,False
tlg4037,004,ANONYMI PARADOXOGRAPHI,De fratribus amicis,77,1839,pd_us,False,False,False
tlg4037,005,ANONYMI PARADOXOGRAPHI,De amicis,70,1839,pd_us,False,False,False
tlg4037,006,ANONYMI PARADOXOGRAPHI,De Cleobi et Bitone,20,1839,pd_us,False,False,False
tlg4037,007,ANONYMI PARADOXOGRAPHI,De impiis,294,1839,pd_us,False,False,False
tlg4037,008,ANONYMI PARADOXOGRAPHI,De transformationibus,254,1839,pd_us,False,False,False
tlg4038,001,PAMPREPIUS,Fragmenta (P. Vindob. 29788 A%19C),1617,1963,in_copyright,False,False,False
tlg4039,001,PAULUS Silentiarius,Descriptio Sanctae Sophiae,6302,1977,in_copyright,False,False,False
tlg4039,002,PAULUS Silentiarius,Descriptio ambonis,1877,1977,in_copyright,False,False,False
tlg4039,X01,PAULUS Silentiarius,In thermas Pythicas [Sp.],,,unknown,False,False,False
tlg4040,001,PHOTIUS,Bibliotheca,360682,1959,in_copyright,False,False,False
tlg4040,011,PHOTIUS,Epigramma,65,,unknown,False,False,False
tlg4040,014,PHOTIUS,Fragmenta in epistulam ad Romanos (in catenis),25607,1933,in_copyright,False,False,False
tlg4040,015,PHOTIUS,Fragmenta in epistulam I ad Corinthios (in catenis),12896,1933,in_copyright,False,False,False
tlg4040,016,PHOTIUS,Fragmenta in epistulam ii ad Corinthios (in catenis),7048,1933,in_copyright,False,False,False
tlg4040,017,PHOTIUS,Fragmenta in epistulam ad Galatas (in catenis),1826,1933,in_copyright,False,False,False
tlg4040,018,PHOTIUS,Fragmenta in epistulam ad Ephesios (in catenis),3489,1933,in_copyright,False,False,False
tlg4040,019,PHOTIUS,Fragmenta in epistulam ad Philippenses (in catenis),2931,1933,in_copyright,False,False,False
tlg4040,020,PHOTIUS,Fragmenta in epistulam ad Colossenses (in catenis),577,1933,in_copyright,False,False,False
tlg4040,021,PHOTIUS,Fragmenta in epistulam I ad Thessalonicenses (in catenis),900,1933,in_copyright,False,False,False
tlg4040,022,PHOTIUS,Fragmenta in epistulam ii ad Thessalonicenses (in catenis),138,1933,in_copyright,False,False,False
tlg4040,023,PHOTIUS,Fragmenta in epistulam i ad Timotheum (in catenis),145,1933,in_copyright,False,False,False
tlg4040,024,PHOTIUS,Fragmentum in epistulam ii ad Timotheum (in catenis),22,1933,in_copyright,False,False,False
tlg4040,025,PHOTIUS,Fragmentum in epistulam ad Philemonem (in catenis),15,1933,in_copyright,False,False,False
tlg4040,026,PHOTIUS,Fragmenta in epistulam ad Hebraeos (in catenis),4627,1933,in_copyright,False,False,False
tlg4040,027,PHOTIUS,Commentarii in Joannem (in catenis),15403,1966,in_copyright,False,False,False
tlg4040,028,PHOTIUS,Commentarii in Matthaeum (in catenis),18327,1957,in_copyright,False,False,False
tlg4040,029,PHOTIUS,Lexicon (*A_*D),59598,1982,in_copyright,False,False,False
tlg4040,030,PHOTIUS,Lexicon (*E_*W),84925,1822,pd_us,False,False,False
tlg4046,001,THEOPHANES CONFESSOR,Chronographia,135313,1883,pd_us,False,False,False
tlg4061,002,COSMAS INDICOPLEUSTES,Topographia Christiana,88848,1968,in_copyright,False,False,False
tlg4066,001,DAMASCIUS,Epigramma,16,,unknown,False,False,False
tlg4066,002,DAMASCIUS,"Vita Isidori (ap. Sudam, Hesychium, Photium et e cod. Vat",19830,1967,in_copyright,False,False,False
tlg4066,003,DAMASCIUS,De principiis,108109,1889,pd_us,False,False,False
tlg4066,004,DAMASCIUS,In Parmenidem,112749,1899,pd_us,False,False,False
tlg4066,005,DAMASCIUS,In Phaedonem (versio 1),31611,1977,in_copyright,False,False,False
tlg4066,006,DAMASCIUS,In Philebum,17426,1959,in_copyright,False,False,False
tlg4066,007,DAMASCIUS,"Vita Isidori (ap. Photium, Bibl. codd. 181, 242)",10957,1967,in_copyright,False,False,False
tlg4066,008,DAMASCIUS,In Phaedonem (versio 2),10951,1977,in_copyright,False,False,False
tlg4066,X01,DAMASCIUS,Paradoxa,,,unknown,False,False,False
tlg4066,X02,DAMASCIUS,*PERI\ A)RIQMOU= KAI\ TO/POU KAI\ XRO/NOU,,,unknown,False,False,False
tlg4072,001,EUTOCIUS,Commentarii in libros de sphaera et cylindro,30567,1915,pd_us,True,False,True
tlg4072,002,EUTOCIUS,Commentarius in dimensionem circuli,3297,1915,pd_us,True,False,True
tlg4072,003,EUTOCIUS,Commentarius in libros de planorum aequilibriis,7417,1915,pd_us,True,False,True
tlg4072,004,EUTOCIUS,Commentaria in conica,20447,1893,pd_us,False,False,False
tlg4075,002,MARINUS,Commentarium in Euclidis data,2637,1896,pd_us,True,False,True
tlg4076,003,MENANDER Protector,De legationibus Romanorum ad gentes (fragmenta ap. Constantinum,15770,1903,pd_us,False,False,False
tlg4076,004,MENANDER Protector,De legationibus gentium ad Romanos (fragmenta ap. Constantinum,11625,1903,pd_us,False,False,False
tlg4076,005,MENANDER Protector,"De sententiis (ap. Constantinum Porphyrogenitum, De",1865,1906,pd_us,False,False,False
tlg4076,006,MENANDER Protector,Fragmentum (e cod. Paris. gr. 1140A) [Dub.],344,1973,in_copyright,False,False,False
tlg4080,001,GEOPONICA,Geoponica,83501,1895,pd_us,False,False,False
tlg4081,001,COLLUTHUS,Raptio Helenae,2347,1928,pd_us,False,True,True
tlg4082,001,MUSAEUS Grammaticus,Hero et Leander,,1961,in_copyright,False,False,False
tlg4083,001,EUSTATHIUS,Commentarii ad Homeri Iliadem,1099422,1971,in_copyright,False,False,False
tlg4083,003,EUSTATHIUS,Commentarii ad Homeri Odysseam,566007,1825,pd_us,False,False,False
tlg4083,004,EUSTATHIUS,De capta Thessalonica,29267,1961,in_copyright,False,False,False
tlg4083,006,EUSTATHIUS,Commentarium in Dionysii periegetae orbis descriptionem,71104,1861,pd_us,False,False,False
tlg4083,X01,EUSTATHIUS,Scholia in Aristophanis nubes,,,unknown,False,False,False
tlg4084,001,ZOSIMUS,Historia nova,62431,1971,in_copyright,True,False,True
tlg4085,001,HESYCHIUS,Epistula ad Eulogium,578,1953,in_copyright,False,False,False
tlg4085,002,HESYCHIUS,Lexicon (*A_*O),235261,1953,in_copyright,False,False,False
tlg4085,003,HESYCHIUS,Lexicon (*P_*W),67413,1861,pd_us,False,False,False
tlg4086,001,[AGATHODAEMON],"Fragmentum alchemicum (sine titulo) (e cod. Venet. Marc. 299, fol",17,1888,pd_us,True,False,True
tlg4086,002,[AGATHODAEMON],*)AGAQODAI/MWN EI)S TO\N XRHSMO/N: *)ORFE/WS SUNAGWGH\ KAI\,871,1888,pd_us,True,False,True
tlg4086,X01,[AGATHODAEMON],*AI)/NIGMA TOU= FILOSOFIKOU= LI/QOU *(ERMOU= KAI\,,,unknown,False,False,False
tlg4088,003,ANTHEMIUS,*PERI\ PARADO/CWN MHXANHMA/TWN,2021,1959,in_copyright,False,False,False
tlg4088,005,ANTHEMIUS,Fragmentum mathematicum Bobiense,1072,1959,in_copyright,False,False,False
tlg4089,001,THEODORETUS,Graecarum affectionum curatio,68875,1958,in_copyright,False,False,False
tlg4089,002,THEODORETUS,Eranistes,56357,1975,in_copyright,False,False,False
tlg4089,003,THEODORETUS,Historia ecclesiastica,70201,1954,in_copyright,True,False,True
tlg4089,004,THEODORETUS,Historia religiosa (%6 Philotheus),50561,1977,in_copyright,True,False,True
tlg4089,005,THEODORETUS,Epistulae: Collectio Patmensis (epistulae 1%19`52),8907,1955,in_copyright,False,False,False
tlg4089,006,THEODORETUS,Epistulae: Collectio Sirmondiana (epistulae 1%19`95),22473,1964,in_copyright,False,False,False
tlg4089,007,THEODORETUS,Epistulae: Collectio Sirmondiana (epistulae 96%19`147),24352,1965,in_copyright,False,False,False
tlg4089,008,THEODORETUS,Commentaria in Isaiam,101155,1980,in_copyright,False,False,False
tlg4089,016,THEODORETUS,Quaestiones et responsiones ad orthodoxos [Dub.],37005,1895,pd_us,False,False,False
tlg4089,020,THEODORETUS,De sancta trinitate,8714,,unknown,False,False,False
tlg4089,021,THEODORETUS,De incarnatione domini,11879,,unknown,False,False,False
tlg4089,022,THEODORETUS,Quaestiones in Octateuchum,70514,1979,in_copyright,False,False,False
tlg4089,023,THEODORETUS,Quaestiones in libros Regnorum et Paralipomenon,53404,,unknown,False,False,False
tlg4089,024,THEODORETUS,Interpretatio in Psalmos,194286,,unknown,False,False,False
tlg4089,025,THEODORETUS,Explanatio in Canticum canticorum,36753,,unknown,False,False,False
tlg4089,026,THEODORETUS,Interpretatio in Jeremiam,52534,,unknown,False,False,False
tlg4089,027,THEODORETUS,Interpretatio in Ezechielem,84313,,unknown,False,False,False
tlg4089,028,THEODORETUS,Interpretatio in Danielem,54851,,unknown,False,False,False
tlg4089,029,THEODORETUS,Interpretatio in xii prophetas minores,83394,,unknown,False,False,False
tlg4089,030,THEODORETUS,Interpretatio in xiv epistulas sancti Pauli,160697,,unknown,False,False,False
tlg4089,031,THEODORETUS,Haereticarum fabularum compendium,41403,,unknown,False,False,False
tlg4089,032,THEODORETUS,De providentia orationes decem,43555,,unknown,False,False,False
tlg4089,033,THEODORETUS,Libellus contra Nestorium ad Sporacium [Sp.],2168,,unknown,False,False,False
tlg4089,034,THEODORETUS,"Ad eos qui in Euphratesia et Osrhoena regione, Syria, Phoenicia et",3659,,unknown,False,False,False
tlg4089,035,THEODORETUS,Quod unicus filius sit dominus noster Jesus Christus (ex epistula,1577,,unknown,False,False,False
tlg4089,X01,THEODORETUS,Expositio rectae fidei,,,unknown,False,False,False
tlg4089,X02,THEODORETUS,Sermones quinque in Joannem Chrysostomum,,,unknown,False,False,False
tlg4089,X03,THEODORETUS,"Ex sermone Chalcedone, cum essent abituri, habito",,,unknown,False,False,False
tlg4089,X04,THEODORETUS,Epistula ad Alexandrum Hierapolitanum (%6 epistula 169 e collectione,,,unknown,False,False,False
tlg4089,X05,THEODORETUS,Epistula ad Joannem Antiochenum (%6 epistula 150 e collectione,,,unknown,False,False,False
tlg4089,X06,THEODORETUS,Theodoreti impugnatio xii anathematismorum Cyrilli et Cyrilli,,,unknown,False,False,False
tlg4089,X07,THEODORETUS,Epistula ad Joannem Antiochenum (%6 epistula 171 e collectione,,,unknown,False,False,False
tlg4090,001,CYRILLUS,Commentarius in xii prophetas minores,310043,1868,pd_us,True,False,True
tlg4090,002,CYRILLUS,Commentarii in Joannem,400935,1872,pd_us,False,False,False
tlg4090,003,CYRILLUS,Fragmenta in sancti Pauli epistulam ad Romanos,18393,1872,pd_us,False,False,False
tlg4090,004,CYRILLUS,Fragmenta in sancti Pauli epistulam i ad Corinthios,15724,1872,pd_us,False,False,False
tlg4090,005,CYRILLUS,Fragmenta in sancti Pauli epistulam ii ad Corinthios,9225,1872,pd_us,False,False,False
tlg4090,006,CYRILLUS,Fragmenta in sancti Pauli epistulam ad Hebraeos,14388,1872,pd_us,False,False,False
tlg4090,008,CYRILLUS,Fragmenta homiliae de uno filio,670,1872,pd_us,False,False,False
tlg4090,009,CYRILLUS,Fragmenta homiliae quod unus est Christus,956,1872,pd_us,False,False,False
tlg4090,010,CYRILLUS,Quod homo non deiferus (homilia diversa 20) (fragmenta),367,1872,pd_us,False,False,False
tlg4090,011,CYRILLUS,Sermo ad Alexandrinos (fragmentum),251,1872,pd_us,False,False,False
tlg4090,012,CYRILLUS,Homiliarum incertarum fragmenta,3024,1872,pd_us,False,False,False
tlg4090,013,CYRILLUS,Fragmenta homiliae de die novissima,178,1872,pd_us,False,False,False
tlg4090,014,CYRILLUS,Fragmenta ex libro contra Diodorum Tarsensem,840,1872,pd_us,False,False,False
tlg4090,015,CYRILLUS,Fragmenta ex libro ii contra Theodorum Mopsuestenum,329,1872,pd_us,False,False,False
tlg4090,016,CYRILLUS,Fragmenta ex libro iii contra Theodorum Mopsuestenum,170,1872,pd_us,False,False,False
tlg4090,017,CYRILLUS,Sermo prosphoneticus ad Alexandrinos de fide (homilia diversa 21),374,1872,pd_us,False,False,False
tlg4090,018,CYRILLUS,Adversus eos qui negant offerendum esse pro defunctis,627,1872,pd_us,False,False,False
tlg4090,019,CYRILLUS,Quaestio ad Cyrillum (e tractatu de dogmatum solutione),561,1872,pd_us,False,False,False
tlg4090,020,CYRILLUS,Solutiones (e tractatu de dogmatum solutione),3627,1872,pd_us,False,False,False
tlg4090,021,CYRILLUS,Responsiones ad Tiberium diaconum sociosque suos,5173,1872,pd_us,False,False,False
tlg4090,022,CYRILLUS,Ad Calosyrium (epist. 83),831,1872,pd_us,False,False,False
tlg4090,023,CYRILLUS,De sancta trinitate dialogi i%19vii,101001,1976,in_copyright,False,False,False
tlg4090,026,CYRILLUS,De incarnatione unigeniti,12934,1964,in_copyright,False,False,False
tlg4090,027,CYRILLUS,Quod unus sit Christus,23011,1964,in_copyright,False,False,False
tlg4090,029,CYRILLUS,Commentarii in Matthaeum (in catenis),25614,1957,in_copyright,False,False,False
tlg4090,030,CYRILLUS,Commentarii in Lucam,7609,1909,pd_us,False,False,False
tlg4090,031,CYRILLUS,Commentarii in Joannem (additamenta),1842,1966,in_copyright,False,False,False
tlg4090,032,CYRILLUS,Epistulae paschales sive Homiliae paschales (epist. 1%19`30),117820,,unknown,False,False,False
tlg4090,095,CYRILLUS,Fragmenta in Acta apostolorum et in epistulas catholicas,6234,,unknown,False,False,False
tlg4090,096,CYRILLUS,De adoratione et cultu in spiritu et veritate,212622,,unknown,False,False,False
tlg4090,097,CYRILLUS,Glaphyra in Pentateuchum,151237,,unknown,False,False,False
tlg4090,098,CYRILLUS,Fragmenta duo in Numeros,114,,unknown,False,False,False
tlg4090,099,CYRILLUS,Fragmenta in libros Regum,3128,,unknown,False,False,False
tlg4090,100,CYRILLUS,Expositio in Psalmos,111497,,unknown,False,False,False
tlg4090,101,CYRILLUS,Fragmentum in Proverbia,72,,unknown,False,False,False
tlg4090,102,CYRILLUS,Fragmenta in Canticum canticorum,2772,,unknown,False,False,False
tlg4090,103,CYRILLUS,Commentarius in Isaiam prophetam,320514,,unknown,False,False,False
tlg4090,104,CYRILLUS,Fragmenta in Jeremiam (in catenis),1102,,unknown,False,False,False
tlg4090,105,CYRILLUS,Fragmentum in librum Baruch (in catenis),111,,unknown,False,False,False
tlg4090,106,CYRILLUS,Fragmenta in Ezechielem (in catenis),517,,unknown,False,False,False
tlg4090,107,CYRILLUS,Fragmenta in Danielem (in catenis),158,,unknown,False,False,False
tlg4090,108,CYRILLUS,Commentarii in Lucam (in catenis),99059,,unknown,False,False,False
tlg4090,109,CYRILLUS,Thesaurus de sancta consubstantiali trinitate,134448,,unknown,False,False,False
tlg4090,110,CYRILLUS,Dialogus cum Nestorio [Sp.],972,,unknown,False,False,False
tlg4090,112,CYRILLUS,De synagogae defectu (fragmentum) [Sp.],277,,unknown,False,False,False
tlg4090,114,CYRILLUS,Ad Xystum episcopum Romae (epist. 53) (fragmentum),70,,unknown,False,False,False
tlg4090,115,CYRILLUS,Ad Optimum episcopum (epist. 80),1320,,unknown,False,False,False
tlg4090,116,CYRILLUS,Commentarii in Lucam (homilia 51) (%6 In transfigurationem,1403,,unknown,False,False,False
tlg4090,117,CYRILLUS,Encomium in sanctam Mariam deiparam (homilia diversa 11),2153,,unknown,False,False,False
tlg4090,118,CYRILLUS,Commentarii in Lucam (homilia 3 et 4) (%6 In occursum domini [homilia,2131,,unknown,False,False,False
tlg4090,119,CYRILLUS,De exitu animi (homilia diversa 14),4093,,unknown,False,False,False
tlg4090,120,CYRILLUS,In parabolam vineae (homilia diversa 17),774,,unknown,False,False,False
tlg4090,121,CYRILLUS,Fragmenta de translatione reliquiarum martyrum Cyri et Joannis,872,,unknown,False,False,False
tlg4090,122,CYRILLUS,Sermo de obitu sanctorum trium puerorum (fragmenta) [Sp.],235,,unknown,False,False,False
tlg4090,123,CYRILLUS,De sancta trinitate [Sp.],11869,,unknown,False,False,False
tlg4090,124,CYRILLUS,Collectio dictorum veteris testamenti [Sp.],24084,,unknown,False,False,False
tlg4090,125,CYRILLUS,Expositio in Psalmos (prooemium),1318,1948,in_copyright,False,False,False
tlg4090,126,CYRILLUS,Fragmentum in Psalmum 1.5,108,1952,in_copyright,False,False,False
tlg4090,127,CYRILLUS,Fragmentum in Psalmum 2.7,294,1948,in_copyright,False,False,False
tlg4090,129,CYRILLUS,Fragmentum in sancti Pauli epistulam i ad Corinthios,105,1976,in_copyright,False,False,False
tlg4090,130,CYRILLUS,Thesaurus de sancta et consubstantiali trinitate (additamenta),680,1888,pd_us,False,False,False
tlg4090,135,CYRILLUS,Solutiones (fragmentum e tractatu de dogmatum solutione) (e cod,188,1903,pd_us,False,False,False
tlg4090,140,CYRILLUS,Contra Julianum imperatorem (fragmentum e libro xiv apud Joannem,29,1905,pd_us,False,False,False
tlg4090,144,CYRILLUS,Contra Julianum imperatorem (fragmenta),298,1938,in_copyright,False,False,False
tlg4090,148,CYRILLUS,Oratio in ascensionem domini (olim sub nomine Athanasii),3229,1974,in_copyright,False,False,False
tlg4090,149,CYRILLUS,Homilia habita in ecclesia Cyrini (fragmentum),92,1976,in_copyright,False,False,False
tlg4090,162,CYRILLUS,Epistula canonica ad Domnum (epist. 78),620,,unknown,False,False,False
tlg4090,163,CYRILLUS,Ad episcopos qui sunt in Libya et Pentapoli (epist. 79),340,,unknown,False,False,False
tlg4090,165,CYRILLUS,Ad Carthaginiense concilium (epist. 85),271,,unknown,False,False,False
tlg4090,166,CYRILLUS,Epistula ad Theodosium imperatorem (fragmenta),150,1977,in_copyright,False,False,False
tlg4090,167,CYRILLUS,Epistula ad Photium presbyterum (fragmentum),27,1977,in_copyright,False,False,False
tlg4090,170,CYRILLUS,Fragmentum incertum papyraceum (P. Johnson),204,1949,in_copyright,False,False,False
tlg4090,175,CYRILLUS,Contra Julianum imperatorem (fragmenta),852,,unknown,False,False,False
tlg4090,176,CYRILLUS,Contra Julianum (lib. 1%19`2),23344,1985,in_copyright,False,False,False
tlg4090,X01,CYRILLUS,Ad monachos Aegypti (epist. 1),,,unknown,False,False,False
tlg4090,X02,CYRILLUS,Ad Nestorium (epist. 2),,,unknown,False,False,False
tlg4090,X04,CYRILLUS,Ad Nestorium (epist. 4),,,unknown,False,False,False
tlg4090,X05,CYRILLUS,Ad Nestorium (una cum synodo Alexandrina) (epist. 17),,,unknown,False,False,False
tlg4090,X06,CYRILLUS,Oratio ad Theodosium imperatorem de recta fide,,,unknown,False,False,False
tlg4090,X07,CYRILLUS,Ad Joannem Antiochenum (epist. 13),,,unknown,False,False,False
tlg4090,X08,CYRILLUS,Ad Juvenalem Hierosolymitanum (epist. 16),,,unknown,False,False,False
tlg4090,X09,CYRILLUS,Ad Acacium Beroeensem (epist. 14),,,unknown,False,False,False
tlg4090,X10,CYRILLUS,Ad quendam Nestorii studiosum (epist. 9),,,unknown,False,False,False
tlg4090,X11,CYRILLUS,Ad vituperatores (epist. 8),,,unknown,False,False,False
tlg4090,X12,CYRILLUS,Ad apocrisiarios Constantinopoli constitutos (epist. 10),,,unknown,False,False,False
tlg4090,X13,CYRILLUS,Ad clerum populumque Constantinopolitanum (una cum synodo,,,unknown,False,False,False
tlg4090,X14,CYRILLUS,Ad clerum populumque Alexandrinum (epist. 20),,,unknown,False,False,False
tlg4090,X15,CYRILLUS,Ad clerum populumque Alexandrinum (epist. 21),,,unknown,False,False,False
tlg4090,X16,CYRILLUS,Ad clerum populumque Alexandrinum (epist. 24),,,unknown,False,False,False
tlg4090,X17,CYRILLUS,Ad clerum populumque Alexandrinum (epist. 25),,,unknown,False,False,False
tlg4090,X18,CYRILLUS,Ad Comarium et Potamonem episcopos et Dalmatium archimandritam et,,,unknown,False,False,False
tlg4090,X19,CYRILLUS,Ad patres monachorum (epist. 26),,,unknown,False,False,False
tlg4090,X20,CYRILLUS,Ephesi dicta deposito Nestorio (homilia diversa 5),,,unknown,False,False,False
tlg4090,X21,CYRILLUS,Ephesi habita in basilica sancti Joannis evangelistae (homilia,,,unknown,False,False,False
tlg4090,X22,CYRILLUS,"Ephesi habita, valde pulchra (homilia diversa 1)",,,unknown,False,False,False
tlg4090,X23,CYRILLUS,Ephesi dicta in Joannem Antiochenum (homilia diversa 6),,,unknown,False,False,False
tlg4090,X24,CYRILLUS,Ephesi dicta priusquam a comite comprehenderetur (homilia diversa 7),,,unknown,False,False,False
tlg4090,X25,CYRILLUS,De Maria deipara in Nestorium (homilia diversa 4),,,unknown,False,False,False
tlg4090,X26,CYRILLUS,Libellus Cyrilli et Memnonis Ephesini ad concilium Ephesinum,,,unknown,False,False,False
tlg4090,X27,CYRILLUS,Ad clerum populumque Constantinopolitanum (epist. 27),,,unknown,False,False,False
tlg4090,X28,CYRILLUS,"Ad Theopemptum, Potamonem et Danielem episcopos (epist. 28)",,,unknown,False,False,False
tlg4090,X29,CYRILLUS,Ad Maximianum Constantinopolitanum (epist. 31),,,unknown,False,False,False
tlg4090,X30,CYRILLUS,Apologeticus ad Theodosium imperatorem,,,unknown,False,False,False
tlg4090,X31,CYRILLUS,Ad Valerianum episcopum Iconii (epist. 50),,,unknown,False,False,False
tlg4090,X32,CYRILLUS,De Paulo Emeseno (homilia diversa 3),,,unknown,False,False,False
tlg4090,X33,CYRILLUS,Ad Joannem Antiochenum (de pace) (epist. 39),,,unknown,False,False,False
tlg4090,X34,CYRILLUS,Ad Acacium Melitenum (epist. 40),,,unknown,False,False,False
tlg4090,X35,CYRILLUS,Ad Dynatum episcopum Nicopolis (epist. 48),,,unknown,False,False,False
tlg4090,X36,CYRILLUS,Ad Maximianum Constantinopolitanum (epist. 49),,,unknown,False,False,False
tlg4090,X37,CYRILLUS,Commonitorium ad Eulogium presbyterum (epist. 44),,,unknown,False,False,False
tlg4090,X38,CYRILLUS,Ad Joannem Antiochenum et synodum Antiochenum (epist. 67),,,unknown,False,False,False
tlg4090,X39,CYRILLUS,Ad Acacium episcopum Scythopolis (epist. 41),,,unknown,False,False,False
tlg4090,X40,CYRILLUS,"Ad Anastasium, Alexandrum, Martinianum, Joannem, Paregorium presbyteros",,,unknown,False,False,False
tlg4090,X41,CYRILLUS,,,,unknown,False,False,False
tlg4090,X42,CYRILLUS,Ad Caelestinum papam (epist. 11),,,unknown,False,False,False
tlg4090,X43,CYRILLUS,Ad monachos Constantinopolitanos (una cum synodo Alexandrina),,,unknown,False,False,False
tlg4090,X44,CYRILLUS,Explanatio xii capitulorum,,,unknown,False,False,False
tlg4090,X45,CYRILLUS,Oratio ad Pulcheriam et Eudociam augustas de fide,,,unknown,False,False,False
tlg4090,X46,CYRILLUS,Oratio ad Arcadiam et Marinam augustas de fide,,,unknown,False,False,False
tlg4090,X47,CYRILLUS,Libri v contra Nestorium,,,unknown,False,False,False
tlg4090,X48,CYRILLUS,Ad Euoptium episcopum Ptolemaidis (epist. 84),,,unknown,False,False,False
tlg4090,X49,CYRILLUS,Apologia xii anathematismorum contra Theodoretum,,,unknown,False,False,False
tlg4090,X50,CYRILLUS,Ad Successum episcopum Diocaesareae (epist. 45),,,unknown,False,False,False
tlg4090,X51,CYRILLUS,Ad Successum episcopum Diocaesareae (epist. 46),,,unknown,False,False,False
tlg4090,X52,CYRILLUS,Contra eos qui Theotocon nolunt confiteri [Dub.],,,unknown,False,False,False
tlg4090,X53,CYRILLUS,Apologia xii capitulorum contra orientales,,,unknown,False,False,False
tlg4090,X54,CYRILLUS,Epistula ad Acacium Beroeensem,,,unknown,False,False,False
tlg4090,X55,CYRILLUS,Epistula ad Joannem Antiochenum,,,unknown,False,False,False
tlg4090,X56,CYRILLUS,Epistula ad Joannem Antiochenum,,,unknown,False,False,False
tlg4090,X57,CYRILLUS,Ad Theognostum et Charmosynum presbyteros et Leontium diaconum,,,unknown,False,False,False
tlg4090,X58,CYRILLUS,Epistula ad Maximianum Constantinopolitanum,,,unknown,False,False,False
tlg4090,X59,CYRILLUS,Ad Eusebium presbyterum Antiochenum (epist. 54),,,unknown,False,False,False
tlg4090,X60,CYRILLUS,Commonitorium ad Posidonium diaconum (epist. 11a),,,unknown,False,False,False
tlg4090,X61,CYRILLUS,De concordia ecclesiarum (homilia 16) (fragmentum),,,unknown,False,False,False
tlg4090,X62,CYRILLUS,Scholia de incarnatione unigeniti (fragmenta),,,unknown,False,False,False
tlg4090,X63,CYRILLUS,Ad Domnum episcopum Antiochiae (epist. 77),,,unknown,False,False,False
tlg4090,X64,CYRILLUS,Ad monachos in Phua constitutos (epist. 81),,,unknown,False,False,False
tlg4090,X65,CYRILLUS,Fragmentum in Psalmum 5.8 (in Doctrina patrum),,,unknown,False,False,False
tlg4090,X66,CYRILLUS,Thesaurus de sancta et consubstantiali trinitate (fragmenta),,,unknown,False,False,False
tlg4090,X67,CYRILLUS,De sancta trinitate dialogi vii (fragmenta),,,unknown,False,False,False
tlg4090,X68,CYRILLUS,Thesaurus de sancta et consubstantiali trinitate (fragmenta),,,unknown,False,False,False
tlg4090,X69,CYRILLUS,Scholia de incarnatione unigeniti (fragmenta),,,unknown,False,False,False
tlg4090,X70,CYRILLUS,Liber contra Synousiastas (fragmenta Graeca),,,unknown,False,False,False
tlg4090,X72,CYRILLUS,"Contra Julianum imperatorem (fragmenta e libris ii, viii, xii, xiii,",,,unknown,False,False,False
tlg4090,X73,CYRILLUS,Tractatus de inhumanatione,,,unknown,False,False,False
tlg4090,X74,CYRILLUS,Contra Diodorum et Theodorum (fragmenta),,,unknown,False,False,False
tlg4090,X75,CYRILLUS,Sermo prosphoneticus ad Alexandrinos de fide (homilia diversa 21),,,unknown,False,False,False
tlg4090,X76,CYRILLUS,Epistula ad Juvenalem et ceteros concilii legatos Constantinopolim,,,unknown,False,False,False
tlg4090,X77,CYRILLUS,Epistula ad Acacium Beroeensem (epist. 33),,,unknown,False,False,False
tlg4090,X78,CYRILLUS,De incarnatione dei verbi (homilia diversa 15),,,unknown,False,False,False
tlg4090,X79,CYRILLUS,Ad Rufum Thessalonicensem (epist. 42),,,unknown,False,False,False
tlg4090,X80,CYRILLUS,Ad Rufum Thessalonicensem (epist. 43),,,unknown,False,False,False
tlg4090,X81,CYRILLUS,Ad Gennadium presbyterum et archimandritam (epist. 56),,,unknown,False,False,False
tlg4090,X82,CYRILLUS,Commonitorium ad Maximum diaconum Antiochenum (epist. 57),,,unknown,False,False,False
tlg4090,X83,CYRILLUS,Ad Maximum diaconum Antiochenum (epist. 58),,,unknown,False,False,False
tlg4090,X84,CYRILLUS,Ad Joannem Antiochenum (epist. 62),,,unknown,False,False,False
tlg4090,X85,CYRILLUS,Ad Acacium Melitenum (epist. 69),,,unknown,False,False,False
tlg4090,X86,CYRILLUS,Ad Lamponem presbyterum Alexandrinum (epist. 70),,,unknown,False,False,False
tlg4090,X87,CYRILLUS,Ad Proclum Constantinopolitanum (epist. 72),,,unknown,False,False,False
tlg4090,X88,CYRILLUS,Ad Atticum Constantinopolitanum (epist. 76),,,unknown,False,False,False
tlg4090,X89,CYRILLUS,Ad Amphilochium episcopum Sidae (epist. 82),,,unknown,False,False,False
tlg4090,X90,CYRILLUS,Epistula ad monachos Constantinopolitanos (fragmentum),,,unknown,False,False,False
tlg4090,X91,CYRILLUS,De sancta trinitate dialogi vii (fragmenta),,,unknown,False,False,False
tlg4090,X92,CYRILLUS,Commentarii in Matthaeum (fragmenta e cod. Vat. gr. 1431),,,unknown,False,False,False
tlg4090,X93,CYRILLUS,Contra eunuchos (homilia diversa 19),,,unknown,False,False,False
tlg4090,X94,CYRILLUS,Contra Julianum imperatorem (Cyrillus Hermen Trismegistum citans),,,unknown,False,False,False
tlg4090,X95,CYRILLUS,Commentarii in Lucam (in catenis),,,unknown,False,False,False
tlg4091,001,CALLISTRATUS,Statuarum descriptiones,4118,1902,pd_us,False,True,True
tlg4093,001,Georgius CHOEROBOSCUS,Prolegomena et scholia in Theodosii Alexandrini canones isagogicos de,123673,1894,pd_us,False,False,False
tlg4093,002,Georgius CHOEROBOSCUS,Prolegomena et scholia in Theodosii Alexandrini canones isagogicos de,135926,1894,pd_us,False,False,False
tlg4093,005,Georgius CHOEROBOSCUS,De orthographia (epitome) (e cod. Barocc. 50),31811,1835,pd_us,False,False,False
tlg4093,007,Georgius CHOEROBOSCUS,Scholia in Hephaestionem,13493,1906,pd_us,False,False,False
tlg4093,008,Georgius CHOEROBOSCUS,Epimerismi in Psalmos,52092,1842,pd_us,False,False,False
tlg4093,009,Georgius CHOEROBOSCUS,De spiritibus (excerpta),8314,1822,pd_us,False,False,False
tlg4093,010,Georgius CHOEROBOSCUS,*PERI\ TRO/PWN POIHTIKW=N [Dub.],2841,1856,pd_us,False,False,False
tlg4093,013,Georgius CHOEROBOSCUS,"De accentibus (excerpta e Choerobosco, Aetherio, Philopono et aliis)",2750,1931,in_copyright,False,False,False
tlg4093,X01,Georgius CHOEROBOSCUS,Scholia in Dionysii Thracis artem grammaticam (sub auctore,,,unknown,False,False,False
tlg4093,X02,Georgius CHOEROBOSCUS,Anacreontea (fort. auctore Georgio alio),,,unknown,False,False,False
tlg4093,X03,Georgius CHOEROBOSCUS,*PERI\ PROSW|DIW=N [Dub.] (sub nominibus Georgii Choerobosci,,,unknown,False,False,False
tlg4094,001,CHORICIUS,Opera,102480,1929,pd_us,False,False,False
tlg4094,002,CHORICIUS,Fragmenta,25,1929,pd_us,False,False,False
tlg4096,001,DOSITHEUS Magister,Ars grammatica,15807,1913,pd_us,False,False,False
tlg4096,X01,DOSITHEUS Magister,Fabulae Aesopicae (olim sub auctore Dositheo),,,unknown,False,False,False
tlg4097,001,ETYMOLOGICUM GENUINUM,Etymologicum genuinum (A_A(MWSGE/PWS),37675,1976,in_copyright,False,False,False
tlg4097,002,ETYMOLOGICUM GENUINUM,Etymologicum genuinum (A)NA/BLHSIS_BW/TORES),53827,1992,in_copyright,False,False,False
tlg4097,003,ETYMOLOGICUM GENUINUM,Etymologicum genuinum (littera L),5160,1969,in_copyright,False,False,False
tlg4098,001,ETYMOLOGICUM GUDIANUM,Etymologicum Gudianum (A)A/LION_ZEIAI/),77936,1909,pd_us,False,False,False
tlg4098,002,ETYMOLOGICUM GUDIANUM,Etymologicum Gudianum (ZEI/DWROS_W)=MAI),155078,1818,pd_us,False,False,False
tlg4098,003,ETYMOLOGICUM GUDIANUM,Additamenta in Etymologicum Gudianum (A)A/LION_ZEIAI/) (e,53021,1909,pd_us,False,False,False
tlg4098,004,ETYMOLOGICUM GUDIANUM,Additamenta in Etymologicum Gudianum,1156,1818,pd_us,False,False,False
tlg4099,001,ETYMOLOGICUM MAGNUM,Etymologicum magnum,359439,1848,pd_us,False,False,False
tlg4100,001,APHTHONIUS,Progymnasmata,8253,1926,pd_us,False,False,False
tlg4100,X01,APHTHONIUS,Fabulae,,,unknown,False,False,False
tlg4100,X02,APHTHONIUS,Vita Aesopi,,,unknown,False,False,False
tlg4101,001,ETYMOLOGICUM PARVUM,Etymologicum parvum,12534,1973,in_copyright,False,False,False
tlg4102,001,CATENAE (Novum Testamentum),Catena in Matthaeum (catena integra) (e cod. Paris. Coislin. gr. 23),78457,1840,pd_us,True,False,True
tlg4102,002,CATENAE (Novum Testamentum),Catena in Marcum (recensio ii) (e codd. Oxon. Bodl. Laud. 33 %7,52681,1840,pd_us,True,False,True
tlg4102,003,CATENAE (Novum Testamentum),Supplementum et varietas lectionis ad commentarium Chrysostomi in,14134,1840,pd_us,True,False,True
tlg4102,004,CATENAE (Novum Testamentum),Catena in Lucam (typus B) (e codd. Paris. Coislin. 23 %7 Oxon. Bodl,51319,1841,pd_us,True,False,True
tlg4102,005,CATENAE (Novum Testamentum),Catena in Joannem (catena integra) (e codd. Paris. Coislin. 23 %7,75701,1841,pd_us,True,False,True
tlg4102,006,CATENAE (Novum Testamentum),Supplementum et varietas lectionis ad catenam in evangelium sancti,4195,1841,pd_us,True,False,True
tlg4102,007,CATENAE (Novum Testamentum),Supplementum et varietas lectionis ad catenam in evangelium sancti,5259,1841,pd_us,True,False,True
tlg4102,008,CATENAE (Novum Testamentum),Catena in Acta (catena Andreae) (e cod. Oxon. coll. nov. 58),121307,1838,pd_us,True,False,True
tlg4102,010,CATENAE (Novum Testamentum),Catena in epistulam ad Romanos (typus Vaticanus) (e cod. Oxon. Bodl,49692,1844,pd_us,True,False,True
tlg4102,011,CATENAE (Novum Testamentum),Catena in epistulam ad Romanos (typus Monacensis) (e cod. Monac. gr,116658,1844,pd_us,True,False,True
tlg4102,012,CATENAE (Novum Testamentum),Catena in epistulam i ad Corinthios (typus Vaticanus) (e cod. Paris,107005,1841,pd_us,True,False,True
tlg4102,013,CATENAE (Novum Testamentum),Catena in epistulam ii ad Corinthios (catena Pseudo%19Oecumenii) (e,25763,1841,pd_us,True,False,True
tlg4102,014,CATENAE (Novum Testamentum),Catena in epistulam ii ad Corinthios (catena Pseudo%19Oecumenii) (e,4173,1841,pd_us,False,False,False
tlg4102,015,CATENAE (Novum Testamentum),Supplementum et varietas lectionis ad epistulam i ad Corinthios,2291,1841,pd_us,False,False,False
tlg4102,016,CATENAE (Novum Testamentum),Supplementum et varietas lectionis ad epistulam ii ad Corinthios,2059,1841,pd_us,False,False,False
tlg4102,017,CATENAE (Novum Testamentum),Supplementum et varietas lectionis ad epistulam i ad Corinthios,374,1841,pd_us,False,False,False
tlg4102,018,CATENAE (Novum Testamentum),Supplementum et varietas lectionis ad epistulam ii ad Corinthios,159,1841,pd_us,False,False,False
tlg4102,019,CATENAE (Novum Testamentum),Catena in epistulam ad Galatas (typus Parisinus) (e cod. Coislin,27724,1842,pd_us,True,False,True
tlg4102,020,CATENAE (Novum Testamentum),Catena in epistulam ad Ephesios (typus Parisinus) (e cod. Coislin,39498,1842,pd_us,True,False,True
tlg4102,021,CATENAE (Novum Testamentum),Catena in epistulam ad Philippenses (typus Parisinus) (e cod,18940,1842,pd_us,True,False,True
tlg4102,022,CATENAE (Novum Testamentum),Catena in epistulam ad Colossenses (typus Parisinus) (e cod,14053,1842,pd_us,True,False,True
tlg4102,023,CATENAE (Novum Testamentum),Catena in epistulam i ad Thessalonicenses (typus Parisinus) (e cod,9832,1842,pd_us,True,False,True
tlg4102,024,CATENAE (Novum Testamentum),Catena in epistulam ii ad Thessalonicenses (typus Parisinus) (e cod,5997,1842,pd_us,True,False,True
tlg4102,025,CATENAE (Novum Testamentum),Supplementum et varietas lectionis in epistulam ad Galatas (catena,899,1842,pd_us,False,False,False
tlg4102,026,CATENAE (Novum Testamentum),Supplementum et varietas lectionis in epistulam ad Ephesios (catena,1028,1842,pd_us,False,False,False
tlg4102,027,CATENAE (Novum Testamentum),Supplementum et varietas lectionis in epistulam i ad,1087,1842,pd_us,False,False,False
tlg4102,028,CATENAE (Novum Testamentum),Supplementum et varietas lectionis in epistulam ad Galatas (catena,239,1842,pd_us,False,False,False
tlg4102,029,CATENAE (Novum Testamentum),Supplementum et varietas lectionis in epistulam ad Ephesios (catena,188,1842,pd_us,False,False,False
tlg4102,030,CATENAE (Novum Testamentum),Supplementum et varietas lectionis in epistulam ad Philippenses,79,1842,pd_us,False,False,False
tlg4102,031,CATENAE (Novum Testamentum),Supplementum et varietas lectionis in epistulam ad Colossenses,22,1842,pd_us,False,False,False
tlg4102,032,CATENAE (Novum Testamentum),Supplementum et varietas lectionis in epistulam i ad,42,1842,pd_us,False,False,False
tlg4102,033,CATENAE (Novum Testamentum),Supplementum et varietas lectionis in epistulam ii ad,62,1842,pd_us,False,False,False
tlg4102,034,CATENAE (Novum Testamentum),Catena in epistulam i ad Timotheum (e cod. Paris. Coislin. 204),14228,1843,pd_us,True,False,True
tlg4102,035,CATENAE (Novum Testamentum),Catena in epistulam ii ad Timotheum (e cod. Paris. Coislin. 204),8069,1843,pd_us,True,False,True
tlg4102,036,CATENAE (Novum Testamentum),Catena in epistulam ad Titum (e cod. Paris. Coislin. 204),4663,1843,pd_us,True,False,True
tlg4102,037,CATENAE (Novum Testamentum),Catena in epistulam ad Philemonem (e cod. Paris. Coislin. 204),2241,1843,pd_us,True,False,True
tlg4102,038,CATENAE (Novum Testamentum),Catena in epistulam ad Hebraeos (e cod. Paris. Coislin. 204),50497,1843,pd_us,True,False,True
tlg4102,039,CATENAE (Novum Testamentum),Catena in epistulam ad Hebraeos (catena Nicetae) (e cod. Paris. gr,105399,1843,pd_us,False,False,False
tlg4102,040,CATENAE (Novum Testamentum),Catena in epistulam Jacobi (catena Andreae) (e cod. Oxon. coll. nov,10959,1840,pd_us,True,False,True
tlg4102,041,CATENAE (Novum Testamentum),Catena in epistulam Petri i (catena Andreae) (e cod. Oxon. coll,11625,1840,pd_us,True,False,True
tlg4102,042,CATENAE (Novum Testamentum),Catena in epistulam Petri ii (catena Andreae) (e cod. Oxon. coll,5295,1840,pd_us,True,False,True
tlg4102,043,CATENAE (Novum Testamentum),Catena in epistulam Joannis i (catena Andreae) (e cod. Oxon. coll,11716,1840,pd_us,True,False,True
tlg4102,044,CATENAE (Novum Testamentum),Catena in epistulam Joannis ii (catena Andreae) (e cod. Oxon. coll,667,1840,pd_us,True,False,True
tlg4102,045,CATENAE (Novum Testamentum),Catena in epistulam Joannis iii (catena Andreae) (e cod. Oxon. coll,928,1840,pd_us,True,False,True
tlg4102,046,CATENAE (Novum Testamentum),Catena in epistulam Juda (catena Andreae) (e cod. Oxon. coll. nov,4518,1840,pd_us,True,False,True
tlg4105,001,JULIANUS,Commentarius in Job,66918,1973,in_copyright,False,False,False
tlg4105,X01,JULIANUS,Constitutiones apostolorum (fort. compilatore Juliano Ariano),,,unknown,False,False,False
tlg4110,001,EVAGRIUS,Practicus (capita centum),5462,1971,in_copyright,False,False,False
tlg4110,002,EVAGRIUS,Gnosticus (fragmenta Graeca),963,1989,in_copyright,False,False,False
tlg4110,007,EVAGRIUS,Sententiae ad monachos,1952,1913,pd_us,False,False,False
tlg4110,008,EVAGRIUS,Sententiae ad virginem,841,1913,pd_us,False,False,False
tlg4110,010,EVAGRIUS,Rerum monachalium rationes,2529,,unknown,False,False,False
tlg4110,015,EVAGRIUS,Capitula xxxiii (definitiones passionum animae rationalis),469,,unknown,False,False,False
tlg4110,016,EVAGRIUS,Capita paraenetica,191,1892,pd_us,False,False,False
tlg4110,017,EVAGRIUS,Spiritales sententiae per alphabeticum dispositae,172,1892,pd_us,False,False,False
tlg4110,018,EVAGRIUS,Aliae sententiae,184,1892,pd_us,False,False,False
tlg4110,020,EVAGRIUS,Tractatus ad Eulogium (sub nomine Nili Ancyrani),8807,,unknown,False,False,False
tlg4110,021,EVAGRIUS,De vitiis quae opposita sunt virtutibus (sub nomine Nili Ancyrani),797,,unknown,False,False,False
tlg4110,022,EVAGRIUS,De malignis cogitationibus (sub nomine Nili Ancyrani),7291,,unknown,False,False,False
tlg4110,023,EVAGRIUS,De octo spiritibus malitiae (sub nomine Nili Ancyrani),3405,,unknown,False,False,False
tlg4110,024,EVAGRIUS,De oratione (sub nomine Nili Ancyrani),5113,,unknown,False,False,False
tlg4110,025,EVAGRIUS,Institutio sive Paraenesis ad monachos (recensio brevior),737,,unknown,False,False,False
tlg4110,028,EVAGRIUS,Expositio in Proverbia Salomonis,14915,1860,pd_us,False,False,False
tlg4110,030,EVAGRIUS,Scholia in Proverbia (fragmenta e catenis),17281,1987,in_copyright,False,False,False
tlg4110,031,EVAGRIUS,Scholia in Ecclesiasten (fragmenta e catenis),6429,1993,in_copyright,False,False,False
tlg4110,040,EVAGRIUS,*EI)S TO\ PIPI [Sp.],211,1887,pd_us,False,False,False
tlg4110,043,EVAGRIUS,De magistris et discipulis (sub nomine Nili Ancyrani) (fragmenta e,354,1908,pd_us,False,False,False
tlg4110,X01,EVAGRIUS,De octo vitiosis cogitationibus ad Anatolium,,,unknown,False,False,False
tlg4110,X02,EVAGRIUS,Sermo sive dogmatica epistula de sanctissima trinitate,,,unknown,False,False,False
tlg4110,X04,EVAGRIUS,Scholia in Psalmos (in catenis editis sub auctore Origene),,,unknown,False,False,False
tlg4110,X05,EVAGRIUS,Scholia in Psalmos (in catenis editis sub auctore Athanasio),,,unknown,False,False,False
tlg4110,X06,EVAGRIUS,Scholia in psalmos (in catenis editis sub auctore Origene),,,unknown,False,False,False
tlg4110,X07,EVAGRIUS,Apophthegmata (ap. Apophthegmata patrum),,,unknown,False,False,False
tlg4115,029,THEOPHILUS,Fragmenta in Matthaeum (in catenis),231,1957,in_copyright,False,False,False
tlg4115,030,THEOPHILUS,Fragmenta in Joannem (in catenis),77,1966,in_copyright,False,False,False
tlg4117,001,EUSTATHIUS,De engastrimytho contra Origenem,12754,1989,in_copyright,False,False,False
tlg4117,002,EUSTATHIUS,"De anima contra philosophos (ap. Joannem Damascenum, Sacra",450,1948,in_copyright,False,False,False
tlg4117,003,EUSTATHIUS,,434,1948,in_copyright,False,False,False
tlg4117,004,EUSTATHIUS,De anima contra Arianos (fragmenta),462,1948,in_copyright,False,False,False
tlg4117,005,EUSTATHIUS,Oratio in illud: Dominus creavit me initium viarum suarum,1407,1948,in_copyright,False,False,False
tlg4117,006,EUSTATHIUS,Oratio in inscriptione psalmorum graduum (fragmenta),97,1948,in_copyright,False,False,False
tlg4117,007,EUSTATHIUS,Commentarius in Psalmum 92 (fragmenta),159,1948,in_copyright,False,False,False
tlg4117,008,EUSTATHIUS,Orationes contra Arianos (fragmenta),111,1948,in_copyright,False,False,False
tlg4117,009,EUSTATHIUS,De fide contra Arianos (fragmenta),111,1948,in_copyright,False,False,False
tlg4117,010,EUSTATHIUS,De Melchisedech (fragmenta),842,1940,in_copyright,False,False,False
tlg4117,011,EUSTATHIUS,De hebraismo (fragmenta),29,1948,in_copyright,False,False,False
tlg4117,012,EUSTATHIUS,In Joseph (fragmenta),157,1948,in_copyright,False,False,False
tlg4117,013,EUSTATHIUS,In Samaritanum (fragmenta e cod. Paris. gr. 1115),40,1948,in_copyright,False,False,False
tlg4117,014,EUSTATHIUS,In Proverbia (fragmenta),189,1948,in_copyright,False,False,False
tlg4117,015,EUSTATHIUS,In Ecclesiasten (fragmenta e catenis),89,1948,in_copyright,False,False,False
tlg4117,016,EUSTATHIUS,*)EK TOU= PANEKKLHSIASTOU= (fragmenta),62,1976,in_copyright,False,False,False
tlg4117,017,EUSTATHIUS,Sermo catecheticus [Sp.] (fragmentum),19,1948,in_copyright,False,False,False
tlg4117,018,EUSTATHIUS,Commentarius in evangelium secundum Joannem [Sp.] (fragmentum),75,1948,in_copyright,False,False,False
tlg4117,019,EUSTATHIUS,In Genesim de creatione [Sp.] (fragmenta),435,1948,in_copyright,False,False,False
tlg4117,020,EUSTATHIUS,Fragmenta varia [Sp.] (fragmenta),111,1948,in_copyright,False,False,False
tlg4117,021,EUSTATHIUS,Commentarius in Psalmum 15 [Sp.] (fragmenta),113,1948,in_copyright,False,False,False
tlg4117,022,EUSTATHIUS,Commentarius in hexaemeron [Sp.],18538,,unknown,False,False,False
tlg4117,023,EUSTATHIUS,"Homilia christologica in Lazarum, Mariam et Martham [Sp.]",2919,1905,pd_us,False,False,False
tlg4117,024,EUSTATHIUS,Allocutio ad imperatorem Constantinum [Sp.],208,,unknown,False,False,False
tlg4124,007,EUSEBIUS,Fragmenta in epistulam ad Romanos (in catenis),199,1933,in_copyright,False,False,False
tlg4124,008,EUSEBIUS,Fragmenta in epistulam ad Galatas (in catenis),1531,1933,in_copyright,False,False,False
tlg4124,009,EUSEBIUS,Fragmentum in epistulam i ad Corinthios (in catenis) [Dub.],68,1933,in_copyright,False,False,False
tlg4126,002,THEODORUS,Fragmenta in Matthaeum (in catenis),7812,1957,in_copyright,False,False,False
tlg4126,004,THEODORUS,Fragmenta in Joannem (in catenis),19267,1966,in_copyright,False,False,False
tlg4134,005,DIODORUS,Fragmenta in epistulam ad Romanos (in catenis),8244,1933,in_copyright,False,False,False
tlg4135,009,THEODORUS,Fragmenta in Matthaeum (in catenis),8482,1957,in_copyright,False,False,False
tlg4135,015,THEODORUS,Fragmenta in epistulam ad Romanos (in catenis),19617,1933,in_copyright,False,False,False
tlg4135,016,THEODORUS,Fragmenta in epistulam i ad Corinthios (in catenis),5998,1933,in_copyright,False,False,False
tlg4135,017,THEODORUS,Fragmenta in epistulam ii ad Corinthios (in catenis),1012,1933,in_copyright,False,False,False
tlg4135,018,THEODORUS,Fragmenta in epistulam ad Hebraeos (in catenis),3651,1933,in_copyright,False,False,False
tlg4138,001,EPHRAEM SYRUS,Sermo de virtutibus et vitiis,5361,1988,in_copyright,False,False,False
tlg4138,002,EPHRAEM SYRUS,Reprehensio sui ipsius atque Confessio,1598,1988,in_copyright,False,False,False
tlg4138,003,EPHRAEM SYRUS,Ad eversionem superbiae,1893,1988,in_copyright,False,False,False
tlg4138,004,EPHRAEM SYRUS,Sermo compunctorius,4323,1988,in_copyright,False,False,False
tlg4138,005,EPHRAEM SYRUS,Sermo asceticus,10900,1988,in_copyright,False,False,False
tlg4138,006,EPHRAEM SYRUS,Ad imitationem proverbiorum,15200,1988,in_copyright,False,False,False
tlg4138,007,EPHRAEM SYRUS,Ad correctionem eorum qui vitiose vivunt et honores appetunt,2641,1988,in_copyright,False,False,False
tlg4138,008,EPHRAEM SYRUS,Reprehensio sui ipsius et Confessio,9141,1988,in_copyright,False,False,False
tlg4138,009,EPHRAEM SYRUS,De passionibus animi,1292,1988,in_copyright,False,False,False
tlg4138,010,EPHRAEM SYRUS,De paenitentia,2110,1988,in_copyright,False,False,False
tlg4138,011,EPHRAEM SYRUS,De compunctione,1675,1988,in_copyright,False,False,False
tlg4138,012,EPHRAEM SYRUS,Sermo compunctorius,1018,1988,in_copyright,False,False,False
tlg4138,013,EPHRAEM SYRUS,Sermo alius compunctorius,1478,1988,in_copyright,False,False,False
tlg4138,014,EPHRAEM SYRUS,Sermo paraeneticus,2138,1988,in_copyright,False,False,False
tlg4138,015,EPHRAEM SYRUS,Sermo in patres defunctos,1229,1989,in_copyright,False,False,False
tlg4138,016,EPHRAEM SYRUS,Sermo alius in patres defunctos,1765,1989,in_copyright,False,False,False
tlg4138,017,EPHRAEM SYRUS,Sermo tetrasyllabus,399,1989,in_copyright,False,False,False
tlg4138,018,EPHRAEM SYRUS,Sermo heptasyllabus,210,1989,in_copyright,False,False,False
tlg4138,019,EPHRAEM SYRUS,De timore animarum,1557,1989,in_copyright,False,False,False
tlg4138,020,EPHRAEM SYRUS,Precatio,274,1989,in_copyright,False,False,False
tlg4138,021,EPHRAEM SYRUS,"Hypomnesticon, sive Epistula",2074,1989,in_copyright,False,False,False
tlg4138,022,EPHRAEM SYRUS,"Quomodo anima cum lacrymis debeat orare deum, quando tentatur ab",1874,1989,in_copyright,False,False,False
tlg4138,023,EPHRAEM SYRUS,Confessio seu Precatio ad deum,928,1989,in_copyright,False,False,False
tlg4138,024,EPHRAEM SYRUS,"De virtute, ad novitium monachum (capita quattuor)",5088,1989,in_copyright,False,False,False
tlg4138,025,EPHRAEM SYRUS,De virtute (capita x),4640,1989,in_copyright,False,False,False
tlg4138,026,EPHRAEM SYRUS,In illud: Attende tibi ipsi (capita xii),8437,1989,in_copyright,False,False,False
tlg4138,027,EPHRAEM SYRUS,"Quod non oporteat ridere et extollli, sed plangere potius et nos ipsos",1487,1989,in_copyright,False,False,False
tlg4138,028,EPHRAEM SYRUS,"Consilium de vita spiritali, ad monachum novitium (capita xcvi)",6296,1989,in_copyright,False,False,False
tlg4138,029,EPHRAEM SYRUS,"Beautitudines, capita quinquaginta quinque",2150,1989,in_copyright,False,False,False
tlg4138,030,EPHRAEM SYRUS,"Beautitudines aliae, capita viginti",2055,1989,in_copyright,False,False,False
tlg4138,031,EPHRAEM SYRUS,Capita centum. Quomodo quis humilitatem sibi comparet,11241,1989,in_copyright,False,False,False
tlg4138,032,EPHRAEM SYRUS,De morbo linguae et prauis affectibus,3461,1989,in_copyright,False,False,False
tlg4138,033,EPHRAEM SYRUS,De iudicio et compunctione,2625,1989,in_copyright,False,False,False
tlg4138,034,EPHRAEM SYRUS,"Epistula ad Ioannem monachum de patientia, et de cavendo nequis",1858,1989,in_copyright,False,False,False
tlg4138,035,EPHRAEM SYRUS,De recta vivendi ratione (capita xc),3592,1990,in_copyright,False,False,False
tlg4138,036,EPHRAEM SYRUS,Sermones paraenetici ad monachos Aegypti,39908,1990,in_copyright,False,False,False
tlg4138,037,EPHRAEM SYRUS,De octo cogitationibus,1567,1990,in_copyright,False,False,False
tlg4138,038,EPHRAEM SYRUS,De statu spirituali,,1990,in_copyright,False,False,False
tlg4138,039,EPHRAEM SYRUS,De patientia,2646,1990,in_copyright,False,False,False
tlg4138,040,EPHRAEM SYRUS,De beatitudinibus atque infelicitatibus,601,1990,in_copyright,False,False,False
tlg4138,041,EPHRAEM SYRUS,De fide,1666,1990,in_copyright,False,False,False
tlg4138,042,EPHRAEM SYRUS,Paraenesis ad ascetas (ordine alphabetico),2480,1990,in_copyright,False,False,False
tlg4138,043,EPHRAEM SYRUS,Paraenesis,,1990,in_copyright,False,False,False
tlg4138,044,EPHRAEM SYRUS,De quibusdam interrogationibus,550,1990,in_copyright,False,False,False
tlg4138,045,EPHRAEM SYRUS,Paraenesis de patientia et animae compunctione,597,1990,in_copyright,False,False,False
tlg4138,046,EPHRAEM SYRUS,Adhortatio sive Catechesis ad monachos,955,1990,in_copyright,False,False,False
tlg4138,047,EPHRAEM SYRUS,De perfectione monachi,4455,1990,in_copyright,False,False,False
tlg4138,048,EPHRAEM SYRUS,In secundum adventum domini nostri Iesu Christi,1722,1990,in_copyright,False,False,False
tlg4138,049,EPHRAEM SYRUS,Sermo in secundum adventum domini nostri Iesu Christi,6156,1992,in_copyright,False,False,False
tlg4138,050,EPHRAEM SYRUS,"Sermo de communi resurrectione, de paenitentia et de caritate, et in",4633,1992,in_copyright,False,False,False
tlg4138,051,EPHRAEM SYRUS,Interrogationes et responsiones,5527,1992,in_copyright,False,False,False
tlg4138,052,EPHRAEM SYRUS,"Sermo in adventum domini, et de consummatione saeculi, et in adventum",,1992,in_copyright,False,False,False
tlg4138,053,EPHRAEM SYRUS,"Sermo in pretiosam et vivificam crucem, et in secundum adventum, et de",4105,1992,in_copyright,False,False,False
tlg4138,054,EPHRAEM SYRUS,"De patientia et consummatione huius saeculi, ac de secundo aduentu;",4108,1992,in_copyright,False,False,False
tlg4138,055,EPHRAEM SYRUS,In aduentum domini (sermo i),723,1992,in_copyright,False,False,False
tlg4138,056,EPHRAEM SYRUS,In aduentum domini (sermo ii),1129,1992,in_copyright,False,False,False
tlg4138,057,EPHRAEM SYRUS,In aduentum domini (sermo iii),1334,1992,in_copyright,False,False,False
tlg4138,058,EPHRAEM SYRUS,Sermo de iudicio et resurrectione,836,1992,in_copyright,False,False,False
tlg4138,059,EPHRAEM SYRUS,"Sermo paraeneticus de secundo aduentu domini, et de paenitentia",2720,1992,in_copyright,False,False,False
tlg4138,060,EPHRAEM SYRUS,Sermo de secundo aduentu et iudicio,1755,1992,in_copyright,False,False,False
tlg4138,061,EPHRAEM SYRUS,Sermo de paenitentia et iudicio et separatione animae et corporis,1770,1992,in_copyright,False,False,False
tlg4138,062,EPHRAEM SYRUS,De recordatione mortis et de uirtute ac de diuitiis,1798,1992,in_copyright,False,False,False
tlg4138,063,EPHRAEM SYRUS,De resurrectione mortuorum sermo,3063,1992,in_copyright,False,False,False
tlg4138,064,EPHRAEM SYRUS,"De iis, qui dicunt resurrectionem mortuorum non esse",2413,1992,in_copyright,False,False,False
tlg4138,065,EPHRAEM SYRUS,Duo erunt in agro,337,1992,in_copyright,False,False,False
tlg4138,066,EPHRAEM SYRUS,"De his, quae haec vita continet",297,1992,in_copyright,False,False,False
tlg4138,067,EPHRAEM SYRUS,De mansionibus beatis,392,1992,in_copyright,False,False,False
tlg4138,068,EPHRAEM SYRUS,De locis beatis,753,1992,in_copyright,False,False,False
tlg4138,069,EPHRAEM SYRUS,De paenitentia,815,1992,in_copyright,False,False,False
tlg4138,070,EPHRAEM SYRUS,Sermo de paenitentia,457,1992,in_copyright,False,False,False
tlg4138,071,EPHRAEM SYRUS,De paenitentia et patientia,1191,1992,in_copyright,False,False,False
tlg4138,072,EPHRAEM SYRUS,De patientia et compunctione. Sermo adhortatorius,2175,1992,in_copyright,False,False,False
tlg4138,073,EPHRAEM SYRUS,"In sermonem, quem dixit dominus, quod: In hoc mundo pressuram habebitis,",10510,1992,in_copyright,False,False,False
tlg4138,074,EPHRAEM SYRUS,Sermo de habenda semper in mente die exitus uitae,646,1992,in_copyright,False,False,False
tlg4138,075,EPHRAEM SYRUS,"Oratio in uanam uitam, et de paenitentia",1877,1992,in_copyright,False,False,False
tlg4138,076,EPHRAEM SYRUS,De paenitentia,15905,1994,in_copyright,False,False,False
tlg4138,077,EPHRAEM SYRUS,Sermo animae utilis,1104,1994,in_copyright,False,False,False
tlg4138,078,EPHRAEM SYRUS,De paenitentia et compunctione,551,1994,in_copyright,False,False,False
tlg4138,079,EPHRAEM SYRUS,De caritate,1696,1994,in_copyright,False,False,False
tlg4138,080,EPHRAEM SYRUS,De psalmo,511,1994,in_copyright,False,False,False
tlg4138,081,EPHRAEM SYRUS,De oratione,528,1994,in_copyright,False,False,False
tlg4138,082,EPHRAEM SYRUS,De amore pauperum,536,1994,in_copyright,False,False,False
tlg4138,083,EPHRAEM SYRUS,De ieiunio,229,1994,in_copyright,False,False,False
tlg4138,084,EPHRAEM SYRUS,,842,1994,in_copyright,False,False,False
tlg4138,085,EPHRAEM SYRUS,"Ode optime fluens, in eos qui cotidie peccant et cotidie paenitentiam",551,1994,in_copyright,False,False,False
tlg4138,086,EPHRAEM SYRUS,"De non scandalizando proximo, et de recta vitae ratione, adhortatio",1089,1994,in_copyright,False,False,False
tlg4138,087,EPHRAEM SYRUS,"De vera renuntiatione, et quo pacto anima deum inveniat, quam ob causam",553,1994,in_copyright,False,False,False
tlg4138,088,EPHRAEM SYRUS,Sermo asceticus perutilis,1532,1994,in_copyright,False,False,False
tlg4138,089,EPHRAEM SYRUS,De diuina gratia,1598,1994,in_copyright,False,False,False
tlg4138,090,EPHRAEM SYRUS,Sermo de uirginitate,1744,1994,in_copyright,False,False,False
tlg4138,091,EPHRAEM SYRUS,Aduersus improbas mulieres,1254,1994,in_copyright,False,False,False
tlg4138,092,EPHRAEM SYRUS,"De his, qui animas ad impudicitiam pelliciunt, cum dicant nihil mali",2651,1994,in_copyright,False,False,False
tlg4138,093,EPHRAEM SYRUS,"De abstinendo a cupiditatibus carnalibus, et de certamine ac de multa",951,1994,in_copyright,False,False,False
tlg4138,094,EPHRAEM SYRUS,"De abstinendo ab omni consuetudine perniciosa, et de continentia",1139,1994,in_copyright,False,False,False
tlg4138,095,EPHRAEM SYRUS,Quod ludicris rebus abstinendum sit christianis,1718,1994,in_copyright,False,False,False
tlg4138,096,EPHRAEM SYRUS,De monachis,479,1994,in_copyright,False,False,False
tlg4138,097,EPHRAEM SYRUS,Adhortatio ad fratres,3297,1994,in_copyright,False,False,False
tlg4138,098,EPHRAEM SYRUS,De conuersatione fratrum mutua in concordia et dilectione,990,1994,in_copyright,False,False,False
tlg4138,099,EPHRAEM SYRUS,Sermo ad renuntiantes,2657,1994,in_copyright,False,False,False
tlg4138,100,EPHRAEM SYRUS,Institutio ad monachos,11343,1994,in_copyright,False,False,False
tlg4138,101,EPHRAEM SYRUS,Sermo de operatione peruersi daemonis,988,1994,in_copyright,False,False,False
tlg4138,102,EPHRAEM SYRUS,"Institutio de exercitatione bonorum operum, et de dei patientia",270,1994,in_copyright,False,False,False
tlg4138,103,EPHRAEM SYRUS,De directione uirtutis,292,1994,in_copyright,False,False,False
tlg4138,104,EPHRAEM SYRUS,,131,1994,in_copyright,False,False,False
tlg4138,105,EPHRAEM SYRUS,Interpretatio,868,1994,in_copyright,False,False,False
tlg4138,106,EPHRAEM SYRUS,De uirtutibus et passionibus,2815,1994,in_copyright,False,False,False
tlg4138,107,EPHRAEM SYRUS,Diuisio affectionum,78,1994,in_copyright,False,False,False
tlg4138,108,EPHRAEM SYRUS,Modi dei prouidentiae,211,1994,in_copyright,False,False,False
tlg4138,109,EPHRAEM SYRUS,De nostra libertate et quod liber factus est homo,213,1994,in_copyright,False,False,False
tlg4138,110,EPHRAEM SYRUS,De humilitate,244,1994,in_copyright,False,False,False
tlg4138,111,EPHRAEM SYRUS,De oratione,1264,1994,in_copyright,False,False,False
tlg4138,112,EPHRAEM SYRUS,Ad animam neglegentem,682,1994,in_copyright,False,False,False
tlg4138,113,EPHRAEM SYRUS,"De panoplia, ad monachos",5466,1995,in_copyright,False,False,False
tlg4138,114,EPHRAEM SYRUS,Adhortatio de silentio et quiete,711,1995,in_copyright,False,False,False
tlg4138,115,EPHRAEM SYRUS,De continentia ac de non aemulandis peccatoribus qui se temporis,204,1995,in_copyright,False,False,False
tlg4138,116,EPHRAEM SYRUS,"In Loth, et de securitate",936,1995,in_copyright,False,False,False
tlg4138,117,EPHRAEM SYRUS,Sermo in sanctum Eliam prophetam,1754,1995,in_copyright,False,False,False
tlg4138,118,EPHRAEM SYRUS,"Sermo in Danielem prophetam, et in sanctos tres pueros; et in eum qui",664,1995,in_copyright,False,False,False
tlg4138,119,EPHRAEM SYRUS,Sermo de sacerdotio,1686,1995,in_copyright,False,False,False
tlg4138,120,EPHRAEM SYRUS,"Apologia ad fratrem quendam, de Heli sacerdote",1787,1995,in_copyright,False,False,False
tlg4138,121,EPHRAEM SYRUS,De festis diebus,448,1995,in_copyright,False,False,False
tlg4138,122,EPHRAEM SYRUS,"Sermo in eos, qui in Christo obdormierunt",4385,1995,in_copyright,False,False,False
tlg4138,123,EPHRAEM SYRUS,De Iuliano asceta,2119,1995,in_copyright,False,False,False
tlg4138,124,EPHRAEM SYRUS,"Sermo adversus haereticos, in quo tum ex margaritae tum ex aliorum",7226,1995,in_copyright,False,False,False
tlg4138,125,EPHRAEM SYRUS,"Ad Ioannem monachum, ut abstineat a Nestorii insania et blasphemia",3996,1995,in_copyright,False,False,False
tlg4138,126,EPHRAEM SYRUS,"De iis, qui filii dei naturam scrutantur",2386,1995,in_copyright,False,False,False
tlg4138,127,EPHRAEM SYRUS,"Aduersus eos, qui dicunt terrae motus a terrae inflatione fieri",466,1995,in_copyright,False,False,False
tlg4138,128,EPHRAEM SYRUS,Ne decipiamur gentilium erroribus,909,1995,in_copyright,False,False,False
tlg4138,129,EPHRAEM SYRUS,Interrogationes ac responsiones,3684,1995,in_copyright,False,False,False
tlg4138,130,EPHRAEM SYRUS,[2Fragmenta]2,1647,1995,in_copyright,False,False,False
tlg4138,131,EPHRAEM SYRUS,Fragmenta paraenetica,998,1995,in_copyright,False,False,False
tlg4138,132,EPHRAEM SYRUS,[2Precationes]2,2883,1995,in_copyright,False,False,False
tlg4138,133,EPHRAEM SYRUS,"Precationes e sacris scripturis collectae, quarum pleraequae sunt Sancti",11882,1995,in_copyright,False,False,False
tlg4138,134,EPHRAEM SYRUS,[2Precationes ad dei matrem]2,9158,1995,in_copyright,False,False,False
tlg4138,135,EPHRAEM SYRUS,Sermo in transfigurationem domini et dei salvatoris nostri Iesu,3220,1998,in_copyright,False,False,False
tlg4138,136,EPHRAEM SYRUS,Sermo de passione Saluatoris,1572,1998,in_copyright,False,False,False
tlg4138,137,EPHRAEM SYRUS,"In sanctam parasceuen, et in latronem et crucem",1495,1998,in_copyright,False,False,False
tlg4138,138,EPHRAEM SYRUS,"Sermo de resurrectione, in consecrationibus, et de tumulo sancto (e",1125,1998,in_copyright,False,False,False
tlg4138,139,EPHRAEM SYRUS,"Sermo in crucem, in consecrationibus, et de sancto ligno crucis (e",1072,1998,in_copyright,False,False,False
tlg4138,140,EPHRAEM SYRUS,"De latrone in crucem (e cod. Sinaiticus 493, fol. 220)",2160,1998,in_copyright,False,False,False
tlg4138,141,EPHRAEM SYRUS,Quomodo latro ante resurrectionem in paradisum intrauit (e cod. 115,318,1998,in_copyright,False,False,False
tlg4138,142,EPHRAEM SYRUS,Homilia in meretricem,4423,1998,in_copyright,False,False,False
tlg4138,143,EPHRAEM SYRUS,"Encomium in Petrum et Paulum et Andream, Thomam et Lucam et Ioannem, et",2857,1998,in_copyright,False,False,False
tlg4138,144,EPHRAEM SYRUS,Encomium in sanctos quadraginta martyres,5224,1998,in_copyright,False,False,False
tlg4138,145,EPHRAEM SYRUS,"Encomium in gloriosos martyres, qui in toto mundo martyrium sunt",1970,1998,in_copyright,False,False,False
tlg4138,146,EPHRAEM SYRUS,Encomium in martyres,1733,1998,in_copyright,False,False,False
tlg4138,147,EPHRAEM SYRUS,Sermo in martyrium sancti Bonifatii magnimartyris (e cod,2085,1998,in_copyright,False,False,False
tlg4138,148,EPHRAEM SYRUS,"Sermo de Cain, et de Abel caedo (e cod. 99 Monasterii Pantocratoris",3487,1998,in_copyright,False,False,False
tlg4138,149,EPHRAEM SYRUS,Sermo in Abraham et Isaac (i),2389,1998,in_copyright,False,False,False
tlg4138,150,EPHRAEM SYRUS,"Sermo in Abraham et Isaac (ii) (e cod. 163 MPT Athen. Nat. Bibl.,",2984,1998,in_copyright,False,False,False
tlg4138,151,EPHRAEM SYRUS,Sermo in Abraham,1380,1998,in_copyright,False,False,False
tlg4138,152,EPHRAEM SYRUS,Sermo in pulcherrimum Ioseph,7255,1998,in_copyright,False,False,False
tlg4138,153,EPHRAEM SYRUS,Sermo in Ionam prophetam et de paenitentia Niniuitarum,6222,1998,in_copyright,False,False,False
tlg4138,154,EPHRAEM SYRUS,Encomium in magnum Basilium,2644,1998,in_copyright,False,False,False
tlg4138,155,EPHRAEM SYRUS,In vitam beati Abrahamii et neptis eius Mariae,6892,1998,in_copyright,False,False,False
tlg4138,156,EPHRAEM SYRUS,Beati Ephraem Testamentum,,1998,in_copyright,False,False,False
tlg4138,157,EPHRAEM SYRUS,Sermo unde magi in Hierosolymam ineunt (e cod. 284 Mosq. [Vlad,643,1998,in_copyright,False,False,False
tlg4139,034,SEVERIANUS,In Genesim (sermo 1) (olim sub auctore Joanne Chrysostomo),1791,,unknown,False,False,False
tlg4139,038,SEVERIANUS,In Job (sermones 1%19`4) (olim sub auctore Joanne Chrysostomo),12350,,unknown,False,False,False
tlg4139,039,SEVERIANUS,Fragmenta in epistulam ad Romanos (in catenis),3054,1933,in_copyright,False,False,False
tlg4139,040,SEVERIANUS,Fragmenta in epistulam i ad Corinthios (in catenis),14911,1933,in_copyright,False,False,False
tlg4139,041,SEVERIANUS,Fragmenta in epistulam ii ad Corinthios (in catenis),5170,1933,in_copyright,False,False,False
tlg4139,042,SEVERIANUS,Fragmenta in epistulam ad Galatas (in catenis),1581,1933,in_copyright,False,False,False
tlg4139,043,SEVERIANUS,Fragmenta in epistulam ad Ephesios (in catenis),2247,1933,in_copyright,False,False,False
tlg4139,044,SEVERIANUS,Fragmenta in epistulam ad Philippenses (in catenis),412,1933,in_copyright,False,False,False
tlg4139,045,SEVERIANUS,Fragmenta in epistulam ad Colossenses (in catenis),3813,1933,in_copyright,False,False,False
tlg4139,046,SEVERIANUS,Fragmenta in epistulam i ad Thessalonicenses (in catenis),795,1933,in_copyright,False,False,False
tlg4139,047,SEVERIANUS,Fragmenta in epistulam ii ad Thessalonicenses (in catenis),1197,1933,in_copyright,False,False,False
tlg4139,048,SEVERIANUS,Fragmenta in epistulam i ad Timotheum (in catenis),1737,1933,in_copyright,False,False,False
tlg4139,049,SEVERIANUS,Fragmenta in epistulam ii ad Timotheum (in catenis),625,1933,in_copyright,False,False,False
tlg4139,050,SEVERIANUS,Fragmenta in epistulam ad Titum (in catenis),173,1933,in_copyright,False,False,False
tlg4139,051,SEVERIANUS,Fragmentum in epistulam ad Philemonem (in catenis),34,1933,in_copyright,False,False,False
tlg4139,052,SEVERIANUS,Fragmenta in epistulam ad Hebraeos (in catenis),1664,1933,in_copyright,False,False,False
tlg4139,067,SEVERIANUS,De tribus pueris (olim sub auctore Joanne Chrysostomo),3019,,unknown,False,False,False
tlg4139,072,SEVERIANUS,De caeco nato (olim sub auctore Joanne Chrysostomo),6483,,unknown,False,False,False
tlg4139,081,SEVERIANUS,De caeco et Zacchaeo (olim sub auctore Joanne Chrysostomo),5478,,unknown,False,False,False
tlg4139,087,SEVERIANUS,In illud: Quando ipsi subiciet omnia (olim sub auctore Joanne,4279,1907,pd_us,False,False,False
tlg4145,001,NICEPHORUS GREGORAS,Historia Romana,353799,1829,pd_us,False,False,False
tlg4145,X01,NICEPHORUS GREGORAS,Epigramma sepulcrale,,,unknown,False,False,False
tlg4147,001,FLORILEGIUM CYRILLIANUM,Florilegium Cyrillianum,25493,1955,in_copyright,False,False,False
tlg4149,001,SOPHRONIUS,Excerpta ex Joannis Characis commentariis in Theodosii Alexandrini,22006,1894,pd_us,False,False,False
tlg4150,001,ANACREONTEA,Anacreontea,3917,1984,in_copyright,False,False,False
tlg4153,001,THEOPHANES CONTINUATUS,Chronographia (lib. 1%19`6),98591,1838,pd_us,False,False,False
tlg4157,001,JOANNES,Prolegomena in Hermogenis librum PERI\ EU(RE/SEWS (olim sub,1665,1931,in_copyright,False,False,False
tlg4161,001,VITAE ARATI ET VARIA DE ARATO,Excerptum praefationis in phaenomena (%6 Anonymus II.3),241,1974,in_copyright,False,False,False
tlg4161,002,VITAE ARATI ET VARIA DE ARATO,Vita Arati (%6 Vita 1) (olim sub auctore Achille Tatio) (e cod. Vat,888,1974,in_copyright,False,False,False
tlg4161,003,VITAE ARATI ET VARIA DE ARATO,Vita Arati (%6 Vita 2) (e codd. Matrit. 4691 %7 4629),403,1974,in_copyright,False,False,False
tlg4161,004,VITAE ARATI ET VARIA DE ARATO,Arati genus (%6 Vita 3) (olim sub auctore Theone Alexandrino Gramm,421,1974,in_copyright,False,False,False
tlg4161,005,VITAE ARATI ET VARIA DE ARATO,Vita Arati (%6 Vita 4) (e codd. Matrit. 4691 %7 4629; Vat. gr. 1910;,244,1974,in_copyright,False,False,False
tlg4161,006,VITAE ARATI ET VARIA DE ARATO,Prolegomena in Aratum (e cod. Paris. suppl. gr. 607A),1518,1974,in_copyright,False,False,False
tlg4161,007,VITAE ARATI ET VARIA DE ARATO,Prolegomena in Aratum (%6 *PERI\ E)CHGH/SEWS) (olim sub auctore,535,1974,in_copyright,False,False,False
tlg4161,008,VITAE ARATI ET VARIA DE ARATO,De zodiaco (olim sub auctore Leontio Mechanico),525,1974,in_copyright,False,False,False
tlg4161,009,VITAE ARATI ET VARIA DE ARATO,Epistula ad Julianum quendam data (olim sub auctore Theone,158,1974,in_copyright,False,False,False
tlg4161,010,VITAE ARATI ET VARIA DE ARATO,Excerpta varia de phaenomenis Arati,1104,1974,in_copyright,False,False,False
tlg4161,011,VITAE ARATI ET VARIA DE ARATO,Astronomica (in appendice cod. Scorialensis *S III 3),226,,unknown,False,False,False
tlg4161,012,VITAE ARATI ET VARIA DE ARATO,*)EC E(TE/RWN SXOLI/WN EI)SAGWGH/ (%6 Anonymus I) (e cod. Vat,2775,1898,pd_us,False,False,False
tlg4161,013,VITAE ARATI ET VARIA DE ARATO,Prooemium in Arati phaenomena,3429,1898,pd_us,False,False,False
tlg4161,014,VITAE ARATI ET VARIA DE ARATO,Sphaera (olim sub auctore Empedocle),1079,1898,pd_us,False,False,False
tlg4163,001,TELEGONIA,Telegonia (fragmentum),10,1987,in_copyright,False,False,False
tlg4165,001,ANONYMI IN ARISTOTELIS LIBRUM DE INTERPRETATIONE,Commentarium in librum de interpretatione (e cod. Paris. gr. 2064),20259,1978,in_copyright,False,False,False
tlg4166,001,VITAE AESCHINIS,Vitae Aeschinis,1174,1852,pd_us,False,False,False
tlg4167,001,LEONTIUS,De sphaerae Arateae constructione,2238,1898,pd_us,False,False,False
tlg4167,X01,LEONTIUS,De zodiaco (olim sub auctore Leontio),,,unknown,False,False,False
tlg4170,001,VITAE PINDARI ET VARIA DE PINDARO,Vitae Pindari et varia de Pindaro,1524,1903,pd_us,False,False,False
tlg4171,001,ANONYMI IN OPPIANI OPERA,In Oppiani halieutica exegesis (e cod. Paris. gr. 2735),4782,1849,pd_us,False,False,False
tlg4171,X01,ANONYMI IN OPPIANI OPERA,Paraphrasis in Oppiani halieutica (fort. auctore Eutecnio),,,unknown,False,False,False
tlg4171,X02,ANONYMI IN OPPIANI OPERA,Paraphrasis in Oppiani cynegetica (fort. auctore Eutecnio),,,unknown,False,False,False
tlg4172,002,VITAE OPPIANI,Vita Oppiani Anazarbensis (e cod. phil. gr. 135 in Bibl. nat. in,295,1967,in_copyright,False,False,False
tlg4172,004,VITAE OPPIANI,Vita Oppiani (Vita A),265,1845,pd_us,False,False,False
tlg4172,005,VITAE OPPIANI,Vita Oppiani (Vita B),358,1845,pd_us,False,False,False
tlg4172,006,VITAE OPPIANI,"Vita Tzetziana (e codd. Laur. gr. 31.3, Ambros. gr. C 222 inf., Vat",257,1964,in_copyright,False,False,False
tlg4172,X01,VITAE OPPIANI,Vita Oppiani,,,unknown,False,False,False
tlg4172,X02,VITAE OPPIANI,Vita Oppiani (auctore Constantino Manasse),,,unknown,False,False,False
tlg4173,001,VITAE DIONYSII PERIEGETAE,Vita Dionysii,886,1985,in_copyright,False,False,False
tlg4173,X01,VITAE DIONYSII PERIEGETAE,Vita Dionysii,,,unknown,False,False,False
tlg4173,X02,VITAE DIONYSII PERIEGETAE,Vita Dionysii,,,unknown,False,False,False
tlg4174,001,PARAPHRASES IN DIONYSIUM PERIEGETAM,In Dionysii periegetae orbis descriptionem,13618,1861,pd_us,True,False,True
tlg4174,002,PARAPHRASES IN DIONYSIUM PERIEGETAM,In Dionysii periegetae orbis descriptionem,2764,1885,pd_us,False,False,False
tlg4175,001,COMMENTARIA IN DIONYSII THRACIS ARTEM GRAMMATICAM,Prolegomena Vossiana,3211,1901,pd_us,False,False,False
tlg4175,002,COMMENTARIA IN DIONYSII THRACIS ARTEM GRAMMATICAM,Commentarius (sub auctore Melampode vel Diomede),17990,1901,pd_us,False,False,False
tlg4175,003,COMMENTARIA IN DIONYSII THRACIS ARTEM GRAMMATICAM,Commentarius (sub auctore Heliodoro),14002,1901,pd_us,False,False,False
tlg4175,004,COMMENTARIA IN DIONYSII THRACIS ARTEM GRAMMATICAM,"Scholia Vaticana (partim excerpta ex Georgio Choerobosco, Georgio",64941,1901,pd_us,False,False,False
tlg4175,005,COMMENTARIA IN DIONYSII THRACIS ARTEM GRAMMATICAM,"Scholia Marciana (partim excerpta ex Heliodoro, Tryphone, Diomede,",60283,1901,pd_us,False,False,False
tlg4175,006,COMMENTARIA IN DIONYSII THRACIS ARTEM GRAMMATICAM,Scholia Londinensia (partim excerpta ex Heliodoro),46254,1901,pd_us,False,False,False
tlg4175,007,COMMENTARIA IN DIONYSII THRACIS ARTEM GRAMMATICAM,Commentariolus Byzantinus,8512,1901,pd_us,False,False,False
tlg4184,001,DIONYSIUS,Epistulae,4408,1873,pd_us,False,False,False
tlg4187,006,LEO MAGENTINUS,Commentarium in Aristotelis sophisticos elenchos (excerpta e cod,732,1982,in_copyright,False,False,False
tlg4187,008,LEO MAGENTINUS,Commentarium in Aristotelis sophisticos elenchos (excerpta praecipue,4958,1981,in_copyright,False,False,False
tlg4187,009,LEO MAGENTINUS,Commentarium in Aristotelis categorias (excerptum e cod. Vat. gr,408,1981,in_copyright,False,False,False
tlg4193,002,ANONYMI IN ARISTOTELIS SOPHISTICOS ELENCHOS,Scholia in sophisticos elenchos (%6 commentarium 2),14718,1981,in_copyright,False,False,False
tlg4193,003,ANONYMI IN ARISTOTELIS SOPHISTICOS ELENCHOS,Scholia in sophisticos elenchos (excerpta e codd. Hierosol. S,7236,1981,in_copyright,False,False,False
tlg4193,004,ANONYMI IN ARISTOTELIS SOPHISTICOS ELENCHOS,Scholia in sophisticos elenchos (excerpta) (%6 commentarium 1),4124,1981,in_copyright,False,False,False
tlg4193,005,ANONYMI IN ARISTOTELIS SOPHISTICOS ELENCHOS,Concisa traditio modorum sophisticarum importunitatum,976,1981,in_copyright,False,False,False
tlg4193,010,ANONYMI IN ARISTOTELIS SOPHISTICOS ELENCHOS,Commentarium in sophisticos elenchos (%6 Anonymus Mutinensis),1193,1981,in_copyright,False,False,False
tlg4193,012,ANONYMI IN ARISTOTELIS SOPHISTICOS ELENCHOS,In Aristotelis sophisticos elenchos paraphrasis,29572,1884,pd_us,True,False,True
tlg4201,001,JOANNES CHORTASMENUS,"In Aristotelis sophisticos elenchos (excerpta e codd. Bolon., B.U",1022,1981,in_copyright,False,False,False
tlg4227,001,ANONYMUS DE PHILOSOPHIA PLATONICA,"Prolegomena philosophiae Platonicae (fort. auctore Elia, olim sub",9317,1962,in_copyright,False,False,False
tlg4235,001,JOANNES,Prolegomena in Hermogenis librum PERI\ I)DEW=N,6090,1931,in_copyright,False,False,False
tlg4235,002,JOANNES,Commentarium in Hermogenis librum PERI\ I)DEW=N,107473,1834,pd_us,False,False,False
tlg4236,001,TROPHONIUS,Prolegomena in artem rhetoricam,3018,1931,in_copyright,False,False,False
tlg4237,001,Joannes ARGYROPULUS,Prolegomena in Aphthonii progymnasmata,458,1931,in_copyright,False,False,False
tlg4238,001,ATHANASIUS,Prolegomena in Hermogenis librum PERI\ STA/SEWN (epitome),2484,1931,in_copyright,False,False,False
tlg4238,X01,ATHANASIUS,Fragmenta (ap. Georgium Monum),,,unknown,False,False,False
tlg4239,001,SEVERUS,Narrationes et ethopoeiae,2055,1832,pd_us,False,False,False
tlg4242,001,CYRUS,*PERI\ DIAFORA=S STA/SEWS,2393,1835,pd_us,False,False,False
tlg4282,001,ANONYMUS MANICHAEUS,*PERI\ TH=S GE/NNHS TOU= SW/MATOS AU)TOU= (%6 Codex Manichaicus,14022,1988,in_copyright,False,False,False
tlg4286,001,LEXICA SYNTACTICA,Lexicon syntacticum (specimen tantum),1294,1818,pd_us,False,False,False
tlg4286,002,LEXICA SYNTACTICA,Lexicon syntacticum (%6 *)ARXH\ SU\N QEW=| TH=S SUNTA/CEWS) (e,7072,,unknown,False,False,False
tlg4286,003,LEXICA SYNTACTICA,"Lexicon syntacticum (e cod. Laur. 59,16)",1187,,unknown,False,False,False
tlg4286,004,LEXICA SYNTACTICA,Lexicon syntacticum (%6 *)ARXH\ SU\N QEW=| TW=N SUNTA/CEWN PW=S DEI=,4994,1836,pd_us,False,False,False
tlg4286,X01,LEXICA SYNTACTICA,De syntacticis (pars corporis Lexica Segueriana),,,unknown,False,False,False
tlg4287,001,ETYMOLOGIA ALPHABETI,Etymologia alphabeti,682,1818,pd_us,False,False,False
tlg4288,001,LEXICON AI(MWDEÎN,Lexicon AI(MWDEI=N (%6 Lexicon anepigraphum quod incipit a,6547,1818,pd_us,False,False,False
tlg4289,001,LEXICA SEGUERIANA,Anonymus antatticista (e cod. Coislin. 345),5974,1814,pd_us,False,False,False
tlg4289,002,LEXICA SEGUERIANA,De syntacticis (e cod. Coislin. 345),12528,1814,pd_us,False,False,False
tlg4289,003,LEXICA SEGUERIANA,*DIKW=N O)NO/MATA (e cod. Coislin. 345),1734,1814,pd_us,False,False,False
tlg4289,004,LEXICA SEGUERIANA,Glossae rhetoricae (e cod. Coislin. 345),24710,1814,pd_us,False,False,False
tlg4289,005,LEXICA SEGUERIANA,Collectio verborum utilium e differentibus rhetoribus et sapientibus,55937,1828,pd_us,False,False,False
tlg4289,006,LEXICA SEGUERIANA,Collectio verborum utilium e differentibus rhetoribus et sapientibus,3174,1965,in_copyright,False,False,False
tlg4289,X01,LEXICA SEGUERIANA,Phrynichi Arabii praeparatio sophistica,,,unknown,False,False,False
tlg4290,001,LEXICON ARTIS GRAMMATICAE,Lexicon artis grammaticae (e cod. Coislin. 345),2343,1828,pd_us,False,False,False
tlg4291,001,VERBA IN SCRIPTURIS DE CHRISTO,"Verba in scripturis de Christi natale, epiphaniis et pentecoste",807,1907,pd_us,False,False,False
tlg4292,001,LEXICON DE ATTICIS NOMINIBUS,De Atticis nominibus (%6 *PERI\ *)ATTIKW=N O)NOMA/TWN) (sub,2289,1976,in_copyright,False,False,False
tlg4292,002,LEXICON DE ATTICIS NOMINIBUS,De Atticis nominibus (%6 *PERI\ *)ATTIKW=N O)NOMA/TWN) (sub,173,1976,in_copyright,False,False,False
tlg4293,001,FRAGMENTUM LEXICI GRAECI,Lexicon (fragmentum) (fort. auctore Nicephoro Gregora) (e cod,6820,1801,pd_us,False,False,False
tlg4294,001,LEXICON VINDOBONENSE,Lexicon Vindobonense (auctore Andrea Lopadiota) (e cod. phil. gr,27113,1867,pd_us,False,False,False
tlg4300,001,LEXICON SABBAITICUM,Lexicon Sabbaiticum (e cod. Sabbaitico 137),4630,1965,in_copyright,False,False,False
tlg4301,001,LEXICON RHETORICUM CANTABRIGIENSE,"Lexicon rhetoricum Cantabrigiense (e cod. Cantabr. Univ. D d 4,63 in",3441,1965,in_copyright,False,False,False
tlg4302,001,LEXICON PATMENSE,Lexicon Patmense (%6 *LE/CEIS MEQ' I(STORIW=N E)K TW=N *DHMOSQE/NOUS,6186,1965,in_copyright,False,False,False
tlg4303,001,LEXICA IN OPERA GREGORII NAZIANZENI,Lexicon in orationes Gregorii Nazianzeni (%6 *LE/CEIS E)K TOU=,2105,1965,in_copyright,False,False,False
tlg4303,002,LEXICA IN OPERA GREGORII NAZIANZENI,Lexicon in carmina Gregorii Nazianzeni (%6 Lexicon Casinense),3550,1995,in_copyright,False,False,False
tlg4303,003,LEXICA IN OPERA GREGORII NAZIANZENI,Lexicon in carmina Gregorii Nazianzeni (ordine versuum),2307,1992,in_copyright,False,False,False
tlg4303,004,LEXICA IN OPERA GREGORII NAZIANZENI,Lexicon in carmina Gregorii Nazianzeni (ordine alphabetico) (e cod,8244,1992,in_copyright,False,False,False
tlg4304,001,GLOSSAE IN HERODOTUM,Glossae in Herodotum (%6 *(HRODO/TOU LE/CEIS),1115,1965,in_copyright,False,False,False
tlg4304,002,GLOSSAE IN HERODOTUM,Glossae in Herodotum (%6 *(HRODO/TOU LE/CEIS) (litterarum,881,1965,in_copyright,False,False,False
tlg4305,001,CLAUDIUS CASILON,*PARA\ TOI=S *)ATTIKOI=S R(H/TORSI ZHTOU/MENA (fragmentum) (e,369,1965,in_copyright,False,False,False
tlg4307,001,LEXICA SYNONYMICA,Excerptum Casanatense sive Ecloga DIAFO/RWN LE/CEWN (e cod,1874,1984,in_copyright,False,False,False
tlg4307,002,LEXICA SYNONYMICA,De differentia vocabulorum (%6 *PERI\ DIAFORA=S LE/CEWN) (e,1779,1988,in_copyright,False,False,False
tlg4307,003,LEXICA SYNONYMICA,Differentiae verborum (e cod. Paris. suppl. gr. 1238 servante,1256,1986,in_copyright,False,False,False
tlg4307,X01,LEXICA SYNONYMICA,De differentia vocabulorum (%6 *PERI\ DIAFORA=S LE/CEWN) (sub,,,unknown,False,False,False
tlg4307,X02,LEXICA SYNONYMICA,De differentia vocabulorum in litteram (%6 *PERI\ DIAFORA=S LE/CEWN,,,unknown,False,False,False
tlg4307,X03,LEXICA SYNONYMICA,De adfinium vocabulorum differentia (%6 *PERI\ O(MOI/WN KAI\,,,unknown,False,False,False
tlg4307,X04,LEXICA SYNONYMICA,,,,unknown,False,False,False
tlg4307,X05,LEXICA SYNONYMICA,De diversis verborum significationibus (%6 *PERI\ DIAFO/ROUS,,,unknown,False,False,False
tlg4307,X06,LEXICA SYNONYMICA,De adfinium vocabulorum differentia (supplementum glossarum,,,unknown,False,False,False
tlg4311,001,ETYMOLOGICUM SYMEONIS,Etymologicum Symeonis (A_A(MWSGE/PWS),31357,1976,in_copyright,False,False,False
tlg4311,002,ETYMOLOGICUM SYMEONIS,Etymologicum Symeonis (A)NAKWXH=S_BW/TORES),35001,1992,in_copyright,False,False,False
tlg4318,001,VITA SOPHOCLIS,Vita Sophoclis,1021,1977,in_copyright,False,False,False
tlg4319,001,ZOSIMUS,*PERI\ O)RGA/NWN KAI\ KAMI/NWN GNH/SIA U(POMNH/MATA PERI\ TOU= W,1563,1995,in_copyright,False,False,False
tlg4319,002,ZOSIMUS,*ZWSI/MOU TOU= QEI/OU PERI\ A)RETH=S [2PRA=CIS A#]2 (e cod,1165,1888,pd_us,False,False,False
tlg4319,003,ZOSIMUS,*ZW/SIMOS LE/GEI PERI\ TH=S A)SBE/STOU (e codd. Venet. Marc,387,1888,pd_us,False,False,False
tlg4319,004,ZOSIMUS,"*ZWSI/MOU PRA=CIS B# (e cod. Paris. B.N. gr. 2327, fol. 87v)",406,1888,pd_us,False,False,False
tlg4319,005,ZOSIMUS,*POI/HMA *ZWSI/MOU (PRA=CIS G#) (e cod. Paris. B.N. gr,193,1888,pd_us,False,False,False
tlg4319,006,ZOSIMUS,*ZWSI/MOU TOU= QEI/OU PERI\ A)RETH=S KAI\ E(RMHNEI/AS (e cod,3838,1888,pd_us,False,False,False
tlg4319,007,ZOSIMUS,*PERI\ TH=S E)CATMI/SEWS U(/DATOS QEI/OU (e cod. Venet. Marc,645,1888,pd_us,False,False,False
tlg4319,008,ZOSIMUS,"*PERI\ TOU= QEI/OU U(/DATOS (e cod. Venet. Marc. 299, fol",696,1888,pd_us,False,False,False
tlg4319,009,ZOSIMUS,*PERI\ TOU= QEI/OU U(/DATOS (%6 *ZWSI/MOU TOU= *PANOPOLI/TOU,113,1888,pd_us,False,False,False
tlg4319,010,ZOSIMUS,*PARAINE/SEIS SUSTATIKAI\ TW=N E)GXEIROU/NTWN TH\N TE/XNHN (e,288,1888,pd_us,False,False,False
tlg4319,011,ZOSIMUS,*ZWSI/MOU TOU= *PANOPOLI/TOU GNHSI/A GRAFH\ PERI\ TH=S I(ERA=S KAI\,586,1888,pd_us,False,False,False
tlg4319,012,ZOSIMUS,*PERI\ TW=N U(POSTA/TWN KAI\ TW=N D# SWMA/TWN KATA\ TO\N *DHMO/KRITON,1126,1888,pd_us,False,False,False
tlg4319,013,ZOSIMUS,*PERI\ DIAFORA=S XALKOU= KEKAUME/NOU (fort. pars operis,134,1888,pd_us,False,False,False
tlg4319,014,ZOSIMUS,*PERI\ TOU= O(/TI PA/NTWN TW=N U(GRW=N TO\ QEI=ON U(/DWR KALOU=SIN:,304,1888,pd_us,False,False,False
tlg4319,015,ZOSIMUS,*PERI\ TOU= E)N PANTI\ KAIRW=| A)RKTE/ON TO\ E)/RGON (fort,624,1888,pd_us,False,False,False
tlg4319,016,ZOSIMUS,*PERI\ TH=S KATA\ PLA/TOS E)KDO/SEWS TO\ E)/RGON (fort. pars,1969,1888,pd_us,False,False,False
tlg4319,017,ZOSIMUS,"*PERI\ TOU= TI/ E)STIN KATA\ TH\N TE/XNHN, OU)SI/A KAI\ A)NOUSI/A",274,1888,pd_us,False,False,False
tlg4319,018,ZOSIMUS,*PERI\ TOU= O(/TI PA/NTA PERI\ MIA=S BAFH=S H( TE/XNH LELA/LHKEN,196,1888,pd_us,False,False,False
tlg4319,019,ZOSIMUS,*PERI\ TOU= TROFH\N EI)=NAI TA\ D' SW/MATA TW=N BAFW=N: EI)SI\N DE/,298,1888,pd_us,False,False,False
tlg4319,020,ZOSIMUS,*PERI\ TOU= XRHSTE/ON STUPTHRI/A| STROGGU/LH| A)NTI/LOGOS,619,1888,pd_us,False,False,False
tlg4319,021,ZOSIMUS,*PERI\ QEI/WN (fort. pars operis *XEIRO/MHKTA) (e cod,730,1888,pd_us,False,False,False
tlg4319,022,ZOSIMUS,*PERI\ STAQMW=N (fort. pars operis *XEIRO/MHKTA) (e cod,321,1888,pd_us,False,False,False
tlg4319,023,ZOSIMUS,*PERI\ KAU/SEWS SWMA/TWN (fort. pars operis,482,1888,pd_us,False,False,False
tlg4319,024,ZOSIMUS,*PERI\ STAQMOU= CANQW/SEWS,570,1888,pd_us,False,False,False
tlg4319,025,ZOSIMUS,*PERI\ QEI/OU U(/DATOS (fort. pars operis *XEIRO/MHKTA),545,1888,pd_us,False,False,False
tlg4319,026,ZOSIMUS,*PERI\ SKEUASI/AS W)/XRAS (fort. pars operis,271,1888,pd_us,False,False,False
tlg4319,027,ZOSIMUS,*PERI\ OI)KONOMI/AS TOU= TH=S MAGNHSI/AS SW/MATOS (fort. pars,806,1888,pd_us,False,False,False
tlg4319,028,ZOSIMUS,*PERI\ SW/MATOS MAGNHSI/AS KAI\ OI)KONOMI/AS (fort. pars,1474,1888,pd_us,False,False,False
tlg4319,029,ZOSIMUS,*PERI\ TOU= LI/QOU TH=S FILOSOFI/AS (fort. pars operis,1298,1888,pd_us,False,False,False
tlg4319,030,ZOSIMUS,*PERI\ A)FORMW=N SUNQE/SEWS (fort. pars operis,117,1888,pd_us,False,False,False
tlg4319,031,ZOSIMUS,*PERI\ CHRI/OU (fort. pars operis *XEIRO/MHKTA) (e cod,75,1888,pd_us,False,False,False
tlg4319,032,ZOSIMUS,*PERI\ I)OU= (fort. pars operis *XEIRO/MHKTA) (e cod,64,1888,pd_us,False,False,False
tlg4319,033,ZOSIMUS,[2*PERI\ AI)TIW=N]2 (fort. pars operis *XEIRO/MHKTA) (e,57,1888,pd_us,False,False,False
tlg4319,034,ZOSIMUS,Excerptum de vinctione virginis (sine titulo) (fort. pars operis,57,1888,pd_us,False,False,False
tlg4319,035,ZOSIMUS,Excerptum PERI\ XALKANQRW/PWN (sine titulo) (fort. pars operis,35,1888,pd_us,False,False,False
tlg4319,036,ZOSIMUS,*KADMI/AS PLU/SIS (fort. pars operis *XEIRO/MHKTA) (e,60,1888,pd_us,False,False,False
tlg4319,037,ZOSIMUS,*PERI\ BAFH=S (fort. pars operis *XEIRO/MHKTA) (e cod,73,1888,pd_us,False,False,False
tlg4319,038,ZOSIMUS,*PERI\ CANQW/SEWS (fort. pars operis *XEIRO/MHKTA) (e,93,1888,pd_us,False,False,False
tlg4319,039,ZOSIMUS,*TO\ A)E/RION U(/DWR (fort. pars operis *XEIRO/MHKTA) (e,419,1888,pd_us,False,False,False
tlg4319,040,ZOSIMUS,*PERI\ LEUKW/SEWS (fort. pars operis *XEIRO/MHKTA) (e,74,1888,pd_us,False,False,False
tlg4319,041,ZOSIMUS,*BI/BLOS A)LHQH\S *SOFE\ *AI)GUPTI/OU KAI\ QEI/OU *(EBRAI/WN KURI/OU,337,1888,pd_us,False,False,False
tlg4319,042,ZOSIMUS,*BI/BLOS A)LHQH\S *SOFE\ *AI)GUPTI/OU KAI\ QEI/OU *(EBRAI/WN KURI/OU,360,1888,pd_us,False,False,False
tlg4319,043,ZOSIMUS,"*ZWSI/MOU PRO\S *QEO/DWRON KEFA/LAIA (e cod. Venet. Marc. 299,",898,1888,pd_us,False,False,False
tlg4319,044,ZOSIMUS,Excerptum de partibus alchimiae (sine titulo) (e codd. Paris. B.N,335,1888,pd_us,False,False,False
tlg4319,045,ZOSIMUS,"*(UDRARGU/ROU POI/HSIS (e cod. Venet. Marc. 299, fol. 107r)",435,1888,pd_us,False,False,False
tlg4319,046,ZOSIMUS,*PERI\ DIAFORA=S XALKOU= KEKAUME/NOU (e cod. Paris. B.N. gr,272,1888,pd_us,False,False,False
tlg4319,047,ZOSIMUS,*ZWSI/MOU PERI\ O)RGA/NWN KAI\ KAMI/NWN (e cod. Venet. Marc,916,1888,pd_us,False,False,False
tlg4319,048,ZOSIMUS,"*POI/HSIS E)K TOUTI/AS A)RGU/ROU (e cod. Venet. Marc. 299,",66,1888,pd_us,False,False,False
tlg4319,049,ZOSIMUS,*ZWSI/MOU PERI\ O)RGA/NWN KAI\ KAMI/NWN GNH/SIA U(POMNH/MATA PERI\ TOU=,1861,1888,pd_us,False,False,False
tlg4319,050,ZOSIMUS,*PERI\ TOU= TRIBI/KOU KAI\ TOU= SWLH=NOS (e cod. Venet. Marc,677,1888,pd_us,False,False,False
tlg4319,051,ZOSIMUS,*TO\ PRW=TON BIBLI/ON TH=S TELEUTAI/AS A)POXH=S *ZWSI/MOU *QHBAI/OU,1713,1888,pd_us,False,False,False
tlg4319,052,ZOSIMUS,*(ERMHNEI/A PERI\ PA/NTWN A(PLW=S KAI\ PERI\ TW=N FW/TWN (e,305,1888,pd_us,False,False,False
tlg4319,053,ZOSIMUS,"Excerptum de cerussa (sine titulo) (e cod. Paris. B.N. gr. 2327,",76,1888,pd_us,False,False,False
tlg4319,054,ZOSIMUS,"*PERI\ LEUKW/SEWS (e cod. Paris. B.N. gr. 2327, fol. 265)",123,1888,pd_us,False,False,False
tlg4319,055,ZOSIMUS,"*(ERMHNEI/A PERI\ TW=N FW/TWN (e cod. Paris. B.N. gr. 2327,",159,1888,pd_us,False,False,False
tlg4319,056,ZOSIMUS,"*PERI\ AI)QALW=N (e cod. Venet. Marc. 299, fol. 116v)",496,1888,pd_us,False,False,False
tlg4319,057,ZOSIMUS,"Excerptum alchemicum (sine titulo) (e codd. Venet. Marc. 299, fol",316,1995,in_copyright,False,False,False
tlg4319,058,ZOSIMUS,*PERI\ TOU TRIBI/KOU KAI\ TOU= SWLH=NOS (e codd. Venet. Marc,216,1995,in_copyright,False,False,False
tlg4319,059,ZOSIMUS,"Excerptum alchemicum (sine titulo) (e cod. Venet. Marc. 299, fol",717,1995,in_copyright,False,False,False
tlg4319,060,ZOSIMUS,"*PERI\ TOU= QEI/OU U(/DATOS (e codd. Venet. Marc. 299, fol",105,1995,in_copyright,False,False,False
tlg4319,061,ZOSIMUS,"Diagramma (e codd. Venet. Marc. 299, fol. 188v; Paris. B.N. gr",36,1995,in_copyright,False,False,False
tlg4319,062,ZOSIMUS,*ZWSI/MOU PERI\ O)RGA/NWN KAI\ KAMI/NWN (e codd. Venet. Marc,465,1995,in_copyright,False,False,False
tlg4319,063,ZOSIMUS,*PERI\ TH=S E)CATMI/SEWS TOU= QEI/OU U(/DATOS TOU= PH/SSONTOS TH\N,520,1995,in_copyright,False,False,False
tlg4319,064,ZOSIMUS,"*PERI\ TOU= QEI/OU U(/DATOS (e codd. Venet. Marc. 299, fol",710,1995,in_copyright,False,False,False
tlg4319,065,ZOSIMUS,*ZWSI/MOU TOU= QEI/OU PERI\ A)RETH=S:PERI\ SUNQE/SEWS U(DA/TWN,1212,1995,in_copyright,False,False,False
tlg4319,066,ZOSIMUS,"*ZWSI/MOU PRA=CIS B# (e codd. Paris. B.N. gr. 2327, fol. 87v %7",406,1995,in_copyright,False,False,False
tlg4319,067,ZOSIMUS,*POI/HMA TOU= *ZWSI/MOU (PRA=CIS G#) (e codd. Paris,189,1995,in_copyright,False,False,False
tlg4319,068,ZOSIMUS,*ZW/SIMOS LE/GEI PERI\ TH=S A)SBE/STOU (e codd. Venet. Marc,313,1995,in_copyright,False,False,False
tlg4319,X01,ZOSIMUS,*(O LI/QOS TH=S FILOSOFI/AS (fort. auctore Zosimo),,,unknown,False,False,False
tlg4323,001,EUGENIUS,"*EU)GENI/OU [2DI/PLWSIS]2 (e cod. Venet. Marc. 299, fol. 185r)",53,1888,pd_us,False,False,False
tlg4324,001,SYNESIUS,"*SUNESI/OU FILOSO/FOU PRO\S *DIO/SKORON EI)S TH\N BI/BLON *DHMOKRI/TOU,",2725,1888,pd_us,False,False,False
tlg4325,001,[HERMES],"Aenigma (sine titulo) (e cod. Venet. Marc. 299, fol. 95)",15,1888,pd_us,False,False,False
tlg4325,002,[HERMES],*AI)/NIGMA TOU= FILOSOFIKOU= LI/QOU *(ERMOU= KAI\ *)AGAQODAI/MONOS,59,1888,pd_us,False,False,False
tlg4325,X01,[HERMES],*(ERMOU= TRISMEGI/STOU O)/RGANON,,,unknown,False,False,False
tlg4326,001,PAPPUS,"*PA/PPOU FILOSO/FOU [2O(/RKOS]2 (e cod. Venet. Marc. 299, fol",192,1888,pd_us,False,False,False
tlg4327,001,JOANNES Archiereus,*)IWA/NNOU A)RXIERE/WS TOU= E)N *)EBEIGI/A| PERI\ TH=S QEI/AS TE/XNHS,973,1888,pd_us,False,False,False
tlg4328,001,PHILOSOPHUS CHRISTIANUS,*TOU= *XRISTIANOU= PERI\ EU)STAQEI/AS TOU= XRUSOU= (e cod,849,1888,pd_us,False,False,False
tlg4328,002,PHILOSOPHUS CHRISTIANUS,*TOU= *XRISTIANOU= PERI\ TOU= QEI/OU U(/DATOS (e cod. Venet,137,1888,pd_us,False,False,False
tlg4328,003,PHILOSOPHUS CHRISTIANUS,"*TI/S H( TW=N A)RXAI/WN DIAFWNI/A (e cod. Venet. Marc. 299,",235,1888,pd_us,False,False,False
tlg4328,004,PHILOSOPHUS CHRISTIANUS,*TI/S H( KAQO/LOU TOU= U(/DATOS OI)KONOMI/A (e cod. Venet,40,1888,pd_us,False,False,False
tlg4328,005,PHILOSOPHUS CHRISTIANUS,"*(H TOU= MUQIKOU= U(/DATOS POI/HSIS (e cod. Venet. Marc. 299,",626,1888,pd_us,False,False,False
tlg4328,006,PHILOSOPHUS CHRISTIANUS,*)ANTI/QESIS LE/GOUSA O(/TI TO\ QEI=ON U(/DWR E(/N E)STI TW=| EI)/DEI,375,1888,pd_us,False,False,False
tlg4328,007,PHILOSOPHUS CHRISTIANUS,*)APORI/A. *TO\ E(\N A)BU/SSAION U(/DWR E)N TW=| A)RIQMW=| DEIKNU/EIN,373,1888,pd_us,False,False,False
tlg4328,008,PHILOSOPHUS CHRISTIANUS,*TOU= *XRISTIANOU= SU/NOYIS. TI/S H( AI)TI/A TH=S PROKEIME/NHS,87,1888,pd_us,False,False,False
tlg4328,009,PHILOSOPHUS CHRISTIANUS,"*(/OTI TETRAXW=S DIAIROUME/NHS TH=S U(/LHS, DIA/FOROI A)POGI/NONTAI",173,1888,pd_us,False,False,False
tlg4328,010,PHILOSOPHUS CHRISTIANUS,*PO/SAI EI)SI\N AI( KAT' EI)=DOS KAI\ GE/NOS DIAFORAI\ TW=N POIH/SEWN,832,1888,pd_us,False,False,False
tlg4328,011,PHILOSOPHUS CHRISTIANUS,*PW=S DEI= NOEI=N DIAFORA\S TW=N POIH/SEWN KAI\ SXH/MASI GEWMETRIKOI=S,166,1888,pd_us,False,False,False
tlg4328,012,PHILOSOPHUS CHRISTIANUS,*TI/S H( E)N A)POKRU/FOIS TW=N PALAIW=N E)KDIDOME/NH TA/CIS (e,1224,1888,pd_us,False,False,False
tlg4329,001,PHILOSOPHUS ANONYMUS,*)ANEPIGRA/FOU FILOSO/FOU PERI\ QEI/OU U(/DATOS TH=S LEUKW/SEWS,520,1888,pd_us,False,False,False
tlg4329,002,PHILOSOPHUS ANONYMUS,*)ANEPIGRA/FOU FILOSO/FOU KATA\ A)KOLOUQI/AN XRH/SEWS E)MFAI=NON TO\,1758,1888,pd_us,False,False,False
tlg4329,003,PHILOSOPHUS ANONYMUS,*)ANEPIGRA/FOU FILOSO/FOU PERI\ TH=S QEI/AS KAI\ I(ERA=S TE/XNHS,1711,1888,pd_us,False,False,False
tlg4330,001,COSMAS Hieromonachus,*(ERMHNEI/A TH=S E)PISTH/MHS TH=S XRUSOPOII/AS I(EROMONA/XOU TOU=,1124,1888,pd_us,False,False,False
tlg4331,001,HIEROTHEUS,*(IEROQE/OU PERI\ TH=S I(ERA=S TE/XNHS (e cod. Paris. B.N. gr,381,1888,pd_us,False,False,False
tlg4332,001,HIEROTHEUS,*(IEROQE/OU FILOSO/FOU PERI\ TH=S QEI/AS KAI\ I(ERA=S TE/XNHS DIA\,1303,1923,pd_us,False,False,False
tlg4333,001,Nicephorus BLEMMYDES,*NIKHFO/ROU TOU= *BLEMMU/DOU PERI\ TH=S XRUSOPOII/AS (fort,1269,1888,pd_us,False,False,False
tlg4333,002,Nicephorus BLEMMYDES,*(/APER XRH/|ZEI H( PAROU=SA KATASKEUH/ (fort. auctore,177,1888,pd_us,False,False,False
tlg4334,001,[ISIS Prophetissa],*)/ISIS PROFH=TIS TW=| UI(W=| (/*WRW| (redactio prima) (e cod,952,1888,pd_us,False,False,False
tlg4334,002,[ISIS Prophetissa],*)/ISIS PROFH=TIS TW=| UI(W=| (/*WRW| (redactio secunda) (e,458,1888,pd_us,False,False,False
tlg4335,001,CLEOPATRA,De ponderibus et mensuris,699,1864,pd_us,False,False,False
tlg4335,X01,CLEOPATRA,De lapide philosophorum (%6 *DIA/LOGOS FILOSO/FWN KAI\,,,unknown,False,False,False
tlg4337,001,HELIODORUS,*(HLIODW/ROU FILOSO/FOU PRO\S *QEODO/SION TO\N ME/GAN BASILE/A PERI\,1491,1923,pd_us,False,False,False
tlg4338,001,THEOPHRASTUS,*QEOFRA/STOU FILOSO/FOU PERI\ TH=S QEI/AS TE/XNHS DIA\ STI/XWN I)A/MBWN,1571,1923,pd_us,False,False,False
tlg4339,001,ARCHELAUS,*)ARXELA/OU FILOSO/FOU PERI\ TH=S QEI/AS TE/XNHS DIA\ STI/XWN I)A/MBWN,1964,1923,pd_us,False,False,False
tlg4340,001,SALMANAS,*ME/QODOS DI' H(=S A)POTELEI=TAI H( SFAIROEIDH\S XA/LAZA,945,1888,pd_us,False,False,False
tlg4344,001,MENECRATES,Fragmenta,249,,unknown,False,False,False
tlg4345,001,MENECRATES,Fragmentum,21,1853,pd_us,False,False,False
tlg4346,001,MENECRATES,Fragmenta,263,1853,pd_us,False,False,False
tlg4347,001,ANDRON,Fragmenta,368,1841,pd_us,False,False,False
tlg4361,008,APOMASAR,De revolutionibus nativitatum,49588,1968,in_copyright,False,False,False
tlg4374,001,ANONYMI DE ASTROLOGIA DIALOGUS,De astrologia dialogus (%6 Hermippus) (fort. auctore Joanne Catrario),16425,1895,pd_us,False,False,False
tlg4390,001,DEMOCLES,Fragmenta,82,1841,pd_us,False,False,False
tlg4391,001,GLAUCUS,Fragmenta,403,1841,pd_us,False,False,False
tlg4392,001,JOANNES EPIPHANIENSIS,Fragmentum,1552,1841,pd_us,False,False,False
tlg4393,001,NONNOSUS,Fragmenta,1259,1841,pd_us,False,False,False
tlg4394,001,JOANNES ANTIOCHENUS,Fragmenta,46335,1841,pd_us,False,False,False
tlg4395,001,MENETOR,Fragmentum,120,1841,pd_us,False,False,False
tlg4396,001,TIMAGETUS,Fragmenta,308,1841,pd_us,False,False,False
tlg4397,001,MYRONIANUS,Fragmenta,229,1841,pd_us,False,False,False
tlg5000,001,CONCILIA OECUMENICA (ACO),Concilium universale Ephesenum anno 431,350313,1927,pd_us,False,False,False
tlg5000,002,CONCILIA OECUMENICA (ACO),Concilium universale Ephesenum anno 431,6018,1924,pd_us,False,False,False
tlg5000,003,CONCILIA OECUMENICA (ACO),Concilium universale Chalcedonense anno 451,161939,1933,in_copyright,False,False,False
tlg5000,004,CONCILIA OECUMENICA (ACO),Synodus Constantinopolitana et Hierosolymitana anno 536,88003,1940,in_copyright,False,False,False
tlg5002,001,MAGICA,Papyri magicae,70696,1973,in_copyright,False,False,False
tlg5002,002,MAGICA,Papyri magicae (fragmenta Christiana),3545,1974,in_copyright,False,False,False
tlg5002,003,MAGICA,Papyri magicae (ostraca),408,1974,in_copyright,False,False,False
tlg5002,004,MAGICA,Papyri magicae (tabulae),194,1974,in_copyright,False,False,False
tlg5003,019,EROTICA ADESPOTA,Metiochus et Parthenope (O. Bodl. 2.2175),31,1995,in_copyright,False,False,False
tlg5003,020,EROTICA ADESPOTA,Metiochus et Parthenope (P. Berol. inv. 7927 %7 9588 %7 21179),430,1995,in_copyright,False,False,False
tlg5003,021,EROTICA ADESPOTA,Metiochus et Parthenope (?) (P. Oxy. 3.435),66,1995,in_copyright,False,False,False
tlg5003,022,EROTICA ADESPOTA,Fragmentum (fort. auctore Antonio Diogene) (P. Mich. inv. 5),101,1995,in_copyright,False,False,False
tlg5003,023,EROTICA ADESPOTA,Sesonchosis (P. Oxy 15.1826),125,1995,in_copyright,False,False,False
tlg5003,024,EROTICA ADESPOTA,Sesonchosis (P. Oxy. 27.2466),137,1995,in_copyright,False,False,False
tlg5003,025,EROTICA ADESPOTA,Sesonchosis (P. Oxy. 47.3319),221,1995,in_copyright,False,False,False
tlg5003,026,EROTICA ADESPOTA,Calligone (PSI 8.981),169,1995,in_copyright,False,False,False
tlg5003,027,EROTICA ADESPOTA,Antheia (fort. epitome operis Ephesiaca) (PSI 6.726),233,1995,in_copyright,False,False,False
tlg5003,028,EROTICA ADESPOTA,Chione (fort. auctore Charitone) (codex Thebanus deperditus),240,1995,in_copyright,False,False,False
tlg5003,029,EROTICA ADESPOTA,Fragmenta (fort. pars operis Chione vel Ninus) (P. Berol,182,1995,in_copyright,False,False,False
tlg5003,030,EROTICA ADESPOTA,Iolaus (P. Oxy. 42.3010),201,1995,in_copyright,False,False,False
tlg5003,031,EROTICA ADESPOTA,Daulis (P. Berol. inv. 11517),405,1995,in_copyright,False,False,False
tlg5003,032,EROTICA ADESPOTA,Apollonius (PSI `2.151),74,1995,in_copyright,False,False,False
tlg5003,033,EROTICA ADESPOTA,Apollonius (P. Mil. Vogl. 6.260),78,1995,in_copyright,False,False,False
tlg5003,034,EROTICA ADESPOTA,Tinouphis (P. Turner `8 [%6 P. Haun. inv. 400]),151,1995,in_copyright,False,False,False
tlg5003,035,EROTICA ADESPOTA,Fragmentum (P. Oxy. 3.416),124,1995,in_copyright,False,False,False
tlg5003,036,EROTICA ADESPOTA,Fragmentum (PSI 3.725),82,1995,in_copyright,False,False,False
tlg5003,037,EROTICA ADESPOTA,Fragmentum (P. Mich. inv. 3378),63,1995,in_copyright,False,False,False
tlg5003,038,EROTICA ADESPOTA,Staphylus (PSI `11.1220),160,1995,in_copyright,False,False,False
tlg5003,039,EROTICA ADESPOTA,Theano (P. Oxy 3.417),133,1995,in_copyright,False,False,False
tlg5003,040,EROTICA ADESPOTA,Fragmentum (PSI inv. 516),79,1995,in_copyright,False,False,False
tlg5003,041,EROTICA ADESPOTA,Fragmenta (P. Michael. 4),158,1995,in_copyright,False,False,False
tlg5003,042,EROTICA ADESPOTA,Fragmentum (P. Ant. 1.18),34,1995,in_copyright,False,False,False
tlg5003,043,EROTICA ADESPOTA,Tefnut (P. Lit. Lond. 192 [Brit. Mus. inv. 274]),1129,1969,in_copyright,False,False,False
tlg5003,X01,EROTICA ADESPOTA,Ninus,,,unknown,False,False,False
tlg5004,001,EPIMERISMI,Epimerismi Homerici,37680,1983,in_copyright,False,False,False
tlg5004,002,EPIMERISMI,Scholia%19epimerismi (%6 D%19scholia),2859,1983,in_copyright,False,False,False
tlg5008,001,SCHOLIA IN AELIUM ARISTIDEM,Scholia in Aelium Aristidem (scholia vetera),185676,1829,pd_us,False,False,False
tlg5009,001,SCHOLIA IN AESCHINEM,Scholia in Aeschinem (scholia vetera),32536,1865,pd_us,False,False,False
tlg5010,001,SCHOLIA IN AESCHYLUM,Scholia in Aeschylum (scholia vetera),108458,1976,in_copyright,False,False,False
tlg5010,002,SCHOLIA IN AESCHYLUM,Scholia prototricliniana in Aeschylum (scholia recentiora),2240,1976,in_copyright,False,False,False
tlg5010,003,SCHOLIA IN AESCHYLUM,Scholia in Aeschylum (scholia recentiora Demetrii Triclinii),21610,1976,in_copyright,False,False,False
tlg5010,004,SCHOLIA IN AESCHYLUM,Scholia in Persas (scholia vetera),4017,1851,pd_us,False,False,False
tlg5010,005,SCHOLIA IN AESCHYLUM,Scholia in Prometheum vinctum (scholia vetera),32577,1972,in_copyright,False,False,False
tlg5010,006,SCHOLIA IN AESCHYLUM,Scholia in Persas (scholia vetera et recentiora Thomae Magistri et,22875,1963,in_copyright,False,False,False
tlg5010,007,SCHOLIA IN AESCHYLUM,Scholia in Prometheum vinctum (scholia recentiora Thomae Magistri et,22680,1921,pd_us,False,False,False
tlg5010,009,SCHOLIA IN AESCHYLUM,Scholia in Aeschylum (scholia recentiora),90999,1851,pd_us,False,False,False
tlg5010,010,SCHOLIA IN AESCHYLUM,Scholia et glossae in Persas (scholia vetera et recentiora Thomae,855,1963,in_copyright,False,False,False
tlg5010,011,SCHOLIA IN AESCHYLUM,Scholia in Persas (scholia vetera) (e cod. Mediceo 32.9),,1894,pd_us,False,False,False
tlg5010,019,SCHOLIA IN AESCHYLUM,Scholia de metris Aeschyli (scholia recentiora Demetrii Triclinii),4523,1851,pd_us,False,False,False
tlg5010,020,SCHOLIA IN AESCHYLUM,Argumentum in margine et glossae interlineariae ad Persas (glossae,12960,1894,pd_us,False,False,False
tlg5010,021,SCHOLIA IN AESCHYLUM,Scholia in Persas (scholia recentiora),14925,1894,pd_us,False,False,False
tlg5010,022,SCHOLIA IN AESCHYLUM,Catalogus in fabulas (e cod. Mediceo 32.9),102,1851,pd_us,False,False,False
tlg5010,023,SCHOLIA IN AESCHYLUM,Scholia in Eumenides (scholia vetera et recentiora Demetrii,2800,1943,in_copyright,False,False,False
tlg5012,001,SCHOLIA IN APOLLONIUM RHODIUM,Scholia in Apollonii Rhodii Argonautica (scholia vetera),66220,1935,in_copyright,False,False,False
tlg5013,001,SCHOLIA IN ARATUM,Scholia in Aratum (scholia vetera),65119,1974,in_copyright,False,False,False
tlg5013,002,SCHOLIA IN ARATUM,Scholia in Aratum (scholia vetera) (P. Berol. `5865),113,1974,in_copyright,False,False,False
tlg5013,003,SCHOLIA IN ARATUM,Scholia in Aratum (scholia vetera),234,1974,in_copyright,False,False,False
tlg5013,004,SCHOLIA IN ARATUM,Scholia in Aratum (scholia vetera) (e codd. Palat. gr. 40 (P) %7,773,1974,in_copyright,False,False,False
tlg5013,005,SCHOLIA IN ARATUM,Scholia in Aratum (scholia vetera) (e cod. Perusino A 35),139,1974,in_copyright,False,False,False
tlg5013,006,SCHOLIA IN ARATUM,Scholia in Aratum (scholia vetera) (e cod. Paris gr. 2728),71,1898,pd_us,False,False,False
tlg5014,001,SCHOLIA IN ARISTOPHANEM,Scholia in Acharnenses (scholia vetera et recentiora Triclinii),31740,1975,in_copyright,False,False,False
tlg5014,002,SCHOLIA IN ARISTOPHANEM,Scholia in equites (scholia vetera et recentiora Triclinii),54703,1969,in_copyright,False,False,False
tlg5014,003,SCHOLIA IN ARISTOPHANEM,Scholia in nubes (scholia vetera),41106,1977,in_copyright,False,False,False
tlg5014,004,SCHOLIA IN ARISTOPHANEM,Scholia in nubes (scholia scholiorumque partes editionis Aldinae,5900,1977,in_copyright,False,False,False
tlg5014,005,SCHOLIA IN ARISTOPHANEM,"Scholia in nubes (scholia recentiora Eustathii, Thomae Magistri et",32149,1974,in_copyright,False,False,False
tlg5014,006,SCHOLIA IN ARISTOPHANEM,Scholia in nubes (scholia anonyma recentiora),66224,1974,in_copyright,False,False,False
tlg5014,007,SCHOLIA IN ARISTOPHANEM,"Scholia in vespas (scholia vetera, recentiora Tricliniana et Aldina)",41158,1978,in_copyright,False,False,False
tlg5014,008,SCHOLIA IN ARISTOPHANEM,Scholia in pacem (scholia vetera et recentiora Triclinii),39943,1982,in_copyright,False,False,False
tlg5014,009,SCHOLIA IN ARISTOPHANEM,Scholia in aves (scholia vetera),28414,1877,pd_us,False,False,False
tlg5014,010,SCHOLIA IN ARISTOPHANEM,Scholia in Lysistratam (scholia vetera),9398,1877,pd_us,False,False,False
tlg5014,011,SCHOLIA IN ARISTOPHANEM,Scholia in Thesmophoriazusas (scholia vetera),4937,1877,pd_us,False,False,False
tlg5014,012,SCHOLIA IN ARISTOPHANEM,Scholia in ranas (scholia vetera),30877,1877,pd_us,False,False,False
tlg5014,013,SCHOLIA IN ARISTOPHANEM,Scholia in ecclesiazusas (scholia vetera),4017,1877,pd_us,False,False,False
tlg5014,014,SCHOLIA IN ARISTOPHANEM,Scholia in plutum (scholia vetera et fort. recentiora sub auctore,50091,1877,pd_us,False,False,False
tlg5014,015,SCHOLIA IN ARISTOPHANEM,Commentarium in plutum (recensio 1) (scholia recentiora Tzetzae),14028,1960,in_copyright,False,False,False
tlg5014,016,SCHOLIA IN ARISTOPHANEM,Glossae in plutum (scholia recentiora Tzetzae),6112,1960,in_copyright,False,False,False
tlg5014,017,SCHOLIA IN ARISTOPHANEM,Commentarium in nubes (scholia recentiora Tzetzae),43290,1960,in_copyright,False,False,False
tlg5014,018,SCHOLIA IN ARISTOPHANEM,Commentarium in ranas (scholia recentiora Tzetzae),25352,1962,in_copyright,False,False,False
tlg5014,019,SCHOLIA IN ARISTOPHANEM,Argumentum in equites (argumentum Tzetzianum),305,1962,in_copyright,False,False,False
tlg5014,020,SCHOLIA IN ARISTOPHANEM,Commentarium in aves (scholia vetera et recentiora Tzetzae),6465,1962,in_copyright,False,False,False
tlg5014,021,SCHOLIA IN ARISTOPHANEM,Commentarium in plutum (recensio 2) (scholia recentiora Tzetzae),27790,1960,in_copyright,False,False,False
tlg5014,022,SCHOLIA IN ARISTOPHANEM,Scholia in Acharnenses (scholia vetera) (P. Oxy. 6.856),512,1975,in_copyright,False,False,False
tlg5014,023,SCHOLIA IN ARISTOPHANEM,Commentarium in ranas (scholia recentiora Tzetzae) (cod. Ambrosianus,12268,1962,in_copyright,False,False,False
tlg5015,001,SCHOLIA IN ARISTOTELEM,Scholia in Aristotelis sophisticos elenchos (scholia recentiora) (e,12262,1982,in_copyright,False,False,False
tlg5015,002,SCHOLIA IN ARISTOTELEM,Scholia in Aristotelis sophisticos elenchos (scholia recentiora),1412,1981,in_copyright,False,False,False
tlg5015,003,SCHOLIA IN ARISTOTELEM,Scholia in Aristotelis ethica Nicomachea (scholia vetera et,17020,1839,pd_us,False,False,False
tlg5016,002,SCHOLIA IN CALLIMACHUM,Scholia in Aetia i (scholia Florentina) (PSI 11.1219),317,1949,in_copyright,False,False,False
tlg5016,003,SCHOLIA IN CALLIMACHUM,Scholia in Aetia i (scholia Londinensia) (P. Lit. Lond. `181,270,1949,in_copyright,False,False,False
tlg5016,004,SCHOLIA IN CALLIMACHUM,Scholia in Aetia i (commentarius Berolinensis) (P. Berol,119,1949,in_copyright,False,False,False
tlg5016,005,SCHOLIA IN CALLIMACHUM,Scholia in Aetia (P. Berol. 11629 %7 P. Oxy. 18.2169;,834,1949,in_copyright,False,False,False
tlg5016,006,SCHOLIA IN CALLIMACHUM,Scholia in Iambos (P. Oxy. 7.1011),82,1949,in_copyright,False,False,False
tlg5016,007,SCHOLIA IN CALLIMACHUM,Scholia in Iambos (scholia Florentina) (PSI 9.1094),198,1949,in_copyright,False,False,False
tlg5016,008,SCHOLIA IN CALLIMACHUM,Scholia in Lyrica (P. Berol. 13417),178,1949,in_copyright,False,False,False
tlg5016,009,SCHOLIA IN CALLIMACHUM,"Argumentum Hecalae (P. Oxy. 20.2258, olim inedita A, fr. 9)",29,1949,in_copyright,False,False,False
tlg5016,010,SCHOLIA IN CALLIMACHUM,"Scholia in Epica et elegiaca minora (P. Oxy. 20.2258, olim",368,1949,in_copyright,False,False,False
tlg5016,011,SCHOLIA IN CALLIMACHUM,Diegeseis in Aetia (scholia vetera),871,1949,in_copyright,False,False,False
tlg5016,012,SCHOLIA IN CALLIMACHUM,Diegeseis in Iambos (scholia vetera),889,1949,in_copyright,False,False,False
tlg5016,013,SCHOLIA IN CALLIMACHUM,Diegeseis in Lyrica (scholia vetera),112,1949,in_copyright,False,False,False
tlg5016,014,SCHOLIA IN CALLIMACHUM,Diegeseis in Hecalam (scholia vetera),126,1949,in_copyright,False,False,False
tlg5016,015,SCHOLIA IN CALLIMACHUM,Diegeseis in Hymnos i et ii (scholia vetera),199,1953,in_copyright,False,False,False
tlg5016,016,SCHOLIA IN CALLIMACHUM,Diegeseis fabularum (P. Oxy. 20.2263),197,1953,in_copyright,False,False,False
tlg5016,017,SCHOLIA IN CALLIMACHUM,"Scholia in Hymnos (scholia vetera) (P. Oxy. 20.2258, olim",192,1953,in_copyright,False,False,False
tlg5016,018,SCHOLIA IN CALLIMACHUM,Scholia in Hymnos ii et iii (scholia vetera) (P. Ant. 20),273,1953,in_copyright,False,False,False
tlg5016,019,SCHOLIA IN CALLIMACHUM,Scholia in Hymnum iii (scholia vetera) (P. Cair. 47993b),30,1953,in_copyright,False,False,False
tlg5016,020,SCHOLIA IN CALLIMACHUM,Scholia in Hymnum iii (scholia vetera) (P. Amh. 20),167,1953,in_copyright,False,False,False
tlg5016,022,SCHOLIA IN CALLIMACHUM,"Commentarius ad Aetia i (P. Oxy. 20.2262, olim inedita a,",24,1953,in_copyright,False,False,False
tlg5016,023,SCHOLIA IN CALLIMACHUM,"Fragmenta scholiorum incertae sedis (P. Oxy. 20.2258, olim",65,1953,in_copyright,False,False,False
tlg5016,024,SCHOLIA IN CALLIMACHUM,Scholia in Hymnos (scholia vetera) (scholia Y ex archetypo),4303,1953,in_copyright,False,False,False
tlg5017,001,SCHOLIA IN DEMOSTHENEM,,183984,1983,in_copyright,False,False,False
tlg5018,001,SCHOLIA IN DIONYSIUM BYZANTIUM,Scholia in Dionysii Byzantii per Bosporum navigationem (scholia,960,1958,in_copyright,False,False,False
tlg5019,001,SCHOLIA IN DIONYSIUM PERIEGETAM,Scholia in Dionysii periegetae orbis descriptionem (scholia vetera),17303,1861,pd_us,True,False,True
tlg5019,002,SCHOLIA IN DIONYSIUM PERIEGETAM,Scholia in Dionysii periegetae orbis descriptionem (scholia vetera),2413,1885,pd_us,True,False,True
tlg5021,001,SCHOLIA IN DIOPHANTUM,Scholia in Diophanti arithmetica (scholia recentiora e codd. Matr,12552,1983,in_copyright,False,False,False
tlg5022,001,SCHOLIA IN EUCLIDEM,Scholia in Euclidis elementa (scholia vetera et recentiora),135736,1977,in_copyright,False,False,False
tlg5022,002,SCHOLIA IN EUCLIDEM,Scholia in Euclidis data (scholia vetera),12857,1896,pd_us,True,False,True
tlg5022,003,SCHOLIA IN EUCLIDEM,Scholia in Euclidis optica (scholia vetera),3731,1895,pd_us,True,False,True
tlg5022,004,SCHOLIA IN EUCLIDEM,Scholia in opticorum recensionem Theonis (scholia vetera),6445,1895,pd_us,True,False,True
tlg5022,005,SCHOLIA IN EUCLIDEM,Scholia in Euclidis catoptrica (scholia vetera),3109,1895,pd_us,True,False,True
tlg5022,006,SCHOLIA IN EUCLIDEM,Scholia in Euclidis phaenomena (scholia vetera),4801,1916,pd_us,True,False,True
tlg5022,007,SCHOLIA IN EUCLIDEM,Scholia in Euclidis data et catoptrica (scholia vetera),582,1916,pd_us,True,False,True
tlg5023,001,SCHOLIA IN EURIPIDEM,Scholia in Euripidem (scholia vetera),163063,1887,pd_us,True,False,True
tlg5023,003,SCHOLIA IN EURIPIDEM,Scholia in Euripidem (cod. Hierosolymitanus patriarchalis 36),9870,1979,in_copyright,False,False,False
tlg5023,004,SCHOLIA IN EURIPIDEM,Glossae codicis Vaticani 909 in Euripidis Rhesum (scholia vetera),755,1891,pd_us,False,False,False
tlg5023,005,SCHOLIA IN EURIPIDEM,Glossae codicis C in Euripidis Rhesum (scholia vetera),177,1891,pd_us,False,False,False
tlg5023,006,SCHOLIA IN EURIPIDEM,Glossae in Euripidis Troiades (scholia vetera),1128,1891,pd_us,False,False,False
tlg5024,002,ANONYMI IN HERMOGENEM,Prolegomena in librum PERI\ STA/SEWN,8612,1931,in_copyright,False,False,False
tlg5024,003,ANONYMI IN HERMOGENEM,Excerpta e prolegomenis in librum PERI\ STA/SEWN (e cod,1807,1931,in_copyright,False,False,False
tlg5024,004,ANONYMI IN HERMOGENEM,Prolegomena in librum PERI\ STA/SEWN,3624,1931,in_copyright,False,False,False
tlg5024,005,ANONYMI IN HERMOGENEM,Introductio in prolegomena Hermogenis artis rhetoricae (fort,9008,1931,in_copyright,False,False,False
tlg5024,006,ANONYMI IN HERMOGENEM,Excerpta e prolegomenis in librum PERI\ STA/SEWN (e cod,684,1931,in_copyright,False,False,False
tlg5024,007,ANONYMI IN HERMOGENEM,Excerpta e prolegomenis diversis (e cod. Matr. 4687),777,1931,in_copyright,False,False,False
tlg5024,008,ANONYMI IN HERMOGENEM,Prolegomena in librum PERI\ STA/SEWN,2200,1931,in_copyright,False,False,False
tlg5024,009,ANONYMI IN HERMOGENEM,Prolegomena in librum PERI\ STA/SEWN,1654,1931,in_copyright,False,False,False
tlg5024,010,ANONYMI IN HERMOGENEM,Prolegomena in artem rhetoricam,2031,1931,in_copyright,False,False,False
tlg5024,011,ANONYMI IN HERMOGENEM,Prolegomena in artem rhetoricam (excerpta e codd. Marc. 430 %7 Vat,559,1931,in_copyright,False,False,False
tlg5024,012,ANONYMI IN HERMOGENEM,Prolegomena in artem rhetoricam (excerpta e codd. Paris. 1983 %7,46,1931,in_copyright,False,False,False
tlg5024,013,ANONYMI IN HERMOGENEM,Prolegomena in librum PERI\ I)DEW=N,389,1931,in_copyright,False,False,False
tlg5024,014,ANONYMI IN HERMOGENEM,*PERI\ TH=S TA/CEWS TW=N I)DEW=N,268,1931,in_copyright,False,False,False
tlg5024,015,ANONYMI IN HERMOGENEM,Prolegomena in librum PERI\ I)DEW=N (fragmentum e cod. Ambros,73,1931,in_copyright,False,False,False
tlg5024,016,ANONYMI IN HERMOGENEM,Prolegomena in librum PERI\ STA/SEWN,625,1931,in_copyright,False,False,False
tlg5024,017,ANONYMI IN HERMOGENEM,Prolegomena in librum PERI\ EU(RE/SEWS,4437,1834,pd_us,False,False,False
tlg5024,018,ANONYMI IN HERMOGENEM,Commentarium in librum PERI\ STA/SEWN,142706,1834,pd_us,False,False,False
tlg5024,019,ANONYMI IN HERMOGENEM,Commentarium in librum PERI\ EU(RE/SEWS,29143,1834,pd_us,False,False,False
tlg5024,020,ANONYMI IN HERMOGENEM,Commentarium in librum PERI\ I)DEW=N,40296,1834,pd_us,False,False,False
tlg5024,021,ANONYMI IN HERMOGENEM,De figuris in libris PERI\ EU(RE/SEWN et PERI\ I)DEW=N,1243,1834,pd_us,False,False,False
tlg5024,022,ANONYMI IN HERMOGENEM,Synopses artis rhetoricae (excerpta),737,1834,pd_us,False,False,False
tlg5025,001,SCHOLIA IN HESIODUM,Scholia in opera et dies (scholia vetera),49705,1955,in_copyright,False,False,False
tlg5025,002,SCHOLIA IN HESIODUM,Scholia in opera et dies (scholia vetera partim Procli et recentiora,105586,1823,pd_us,False,False,False
tlg5025,003,SCHOLIA IN HESIODUM,Scholia in theogoniam (scholia vetera),18907,1975,in_copyright,False,False,False
tlg5025,004,SCHOLIA IN HESIODUM,Glossae in theogoniam,4241,1876,pd_us,False,False,False
tlg5026,001,SCHOLIA IN HOMERUM,Scholia in Iliadem (scholia vetera),543962,1969,in_copyright,True,False,True
tlg5026,003,SCHOLIA IN HOMERUM,Scholia in Iliadem (scholia vetera et recentiora e cod. Genevensi,35971,1891,pd_us,False,False,False
tlg5026,004,SCHOLIA IN HOMERUM,Scholia in Iliadem (scholia recentiora Theodori Meliteniotis) (e,30523,1891,pd_us,False,False,False
tlg5026,007,SCHOLIA IN HOMERUM,Scholia in Odysseam (scholia vetera),170808,1855,pd_us,True,False,True
tlg5026,008,SCHOLIA IN HOMERUM,Scholia in Odysseam 1.1%19`309 (scholia vetera),25487,1888,pd_us,False,False,False
tlg5026,009,SCHOLIA IN HOMERUM,Inscriptiones et hypothesis in Odysseam,1258,1855,pd_us,False,False,False
tlg5026,016,SCHOLIA IN HOMERUM,Hypotheses in Iliadem (e D scholiis),3097,1834,pd_us,False,False,False
tlg5026,017,SCHOLIA IN HOMERUM,Scholia in Iliadem (scholia vetera) (%6 D scholia),129180,1834,pd_us,False,False,False
tlg5027,001,SCHOLIA IN IAMBLICHUM PHILOSOPHUM,Scholia in librum Iamblichi in Nicomachi arithmeticam introductionem,1142,1894,pd_us,False,False,False
tlg5028,001,SCHOLIA IN ISOCRATEM,Scholia in Isocratem (scholia vetera),5604,1852,pd_us,True,False,True
tlg5029,001,SCHOLIA IN LUCIANUM,Scholia in Lucianum (scholia vetera et recentiora Arethae),58133,1906,pd_us,True,False,True
tlg5029,002,SCHOLIA IN LUCIANUM,Scholia in Pseudo%19Luciani Halcyonem (scholia vetera),300,1938,in_copyright,False,False,False
tlg5030,001,SCHOLIA IN LYCOPHRONEM,Scholia in Lycophronem (scholia vetera et recentiora partim Isaac et,108800,1958,in_copyright,False,False,False
tlg5031,001,SCHOLIA IN NICANDRUM,Scholia et glossae in Nicandri theriaca (scholia vetera et,34660,1971,in_copyright,True,False,True
tlg5031,002,SCHOLIA IN NICANDRUM,Scholia et glossae in Nicandri alexipharmaca (scholia vetera et,25880,1974,in_copyright,True,False,True
tlg5032,001,SCHOLIA IN OPPIANUM,Scholia et glossae in cynegetica (scholia vetera et recentiora),6088,1849,pd_us,False,False,False
tlg5032,002,SCHOLIA IN OPPIANUM,Scholia et glossae in halieutica (scholia vetera et recentiora),67663,1849,pd_us,False,False,False
tlg5033,001,SCHOLIA IN PAUSANIAM,Scholia in Pausaniae periegesin (scholia vetera sub auctore Agathia),839,1894,pd_us,False,False,False
tlg5034,001,SCHOLIA IN PINDARUM,Scholia in Pindarum (scholia vetera),184598,1903,pd_us,False,False,False
tlg5034,002,SCHOLIA IN PINDARUM,Capitula ad praefationem scholiorum ad Pindari carmina,1187,1927,pd_us,False,False,False
tlg5034,003,SCHOLIA IN PINDARUM,Scholia in Pythia v%19vii (scholia vetera et recentiora Thomae,10033,1867,pd_us,False,False,False
tlg5034,004,SCHOLIA IN PINDARUM,Scholia et glossae in Olympia et Pythia (scholia recentiora,73343,1891,pd_us,False,False,False
tlg5034,005,SCHOLIA IN PINDARUM,Scholia in Pindarum (scholia vetera et recentiora partim Thomae,29066,1875,pd_us,False,False,False
tlg5034,006,SCHOLIA IN PINDARUM,Scholia in paeanes (scholia vetera) (P. Oxy. 5.841),784,1917,pd_us,False,False,False
tlg5034,007,SCHOLIA IN PINDARUM,Scholia in Nemea et Isthmia (scholia vetera et recentiora partim,6651,1865,pd_us,False,False,False
tlg5035,001,SCHOLIA IN PLATONEM,Scholia in Platonem (scholia vetera),63645,1938,in_copyright,False,False,False
tlg5035,002,SCHOLIA IN PLATONEM,Scholia in Platonem (scholia recentiora Arethae),10624,1938,in_copyright,False,False,False
tlg5035,X01,SCHOLIA IN PLATONEM,Glossae Platonicae (e cod. Coislin. 345) (textus permixtus cum textu,,,unknown,False,False,False
tlg5037,001,SCHOLIA IN SOPHOCLEM,Scholia in Sophoclis Ajacem (scholia vetera),24018,1977,in_copyright,False,False,False
tlg5037,002,SCHOLIA IN SOPHOCLEM,Scholia et glossae in Sophoclis Ajacem (glossae et scholia,17935,1977,in_copyright,False,False,False
tlg5037,003,SCHOLIA IN SOPHOCLEM,Argumenta et excerpta interpretationum allegoricarum in Sophoclis,669,1977,in_copyright,False,False,False
tlg5037,004,SCHOLIA IN SOPHOCLEM,Scholia in Sophoclem (scholia vetera),74923,1888,pd_us,True,False,True
tlg5037,005,SCHOLIA IN SOPHOCLEM,Scholia in Sophoclis Oedipum tyrannum (scholia recentiora),45107,1971,in_copyright,False,False,False
tlg5037,006,SCHOLIA IN SOPHOCLEM,Scholia in Sophoclis Oedipum Coloneum (scholia vetera),13449,1952,in_copyright,False,False,False
tlg5038,001,SCHOLIA IN THEOCRITUM,Scholia in Theocritum (scholia vetera),54760,1914,pd_us,False,False,False
tlg5039,001,SCHOLIA IN THUCYDIDEM,Scholia in Thucydidem (scholia vetera et recentiora),105107,1927,pd_us,False,False,False
tlg5040,001,SCHOLIA IN XENOPHONTEM,Scholia in anabasin Cyri (scholia vetera),4901,1855,pd_us,False,False,False
tlg5045,001,ANONYMI IN APHTHONIUM,Prolegomena in progymnasmata,1487,1931,in_copyright,False,False,False
tlg5045,002,ANONYMI IN APHTHONIUM,Incerti auctoris prolegomena in progymnasmata (olim sub auctore,3001,1931,in_copyright,False,False,False
tlg5045,X01,ANONYMI IN APHTHONIUM,Synopsis artis rhetoricae,,,unknown,False,False,False
tlg5046,001,SCHOLIA IN THEONEM RHETOREM,Scholia in progymnasmata (scholia recentiora),1238,1832,pd_us,False,False,False
tlg5048,001,SCHOLIA IN CLEMENTEM ALEXANDRINUM,Scholia in protrepticum et paedagogum (scholia recentiora partim sub,12556,1972,in_copyright,False,False,False
tlg5052,001,SCHOLIA IN MAXIMUM CONFESSOREM,Scholia,21812,1980,in_copyright,False,False,False
tlg7000,001,ANTHOLOGIA GRAECA,Anthologia Graeca,139202,1965,in_copyright,False,True,True
tlg7051,001,DOCTRINA PATRUM,,64744,1907,pd_us,False,False,False
tlg7052,001,ANTHOLOGIAE GRAECAE APPENDIX,Epigrammata dedicatoria,11216,1890,pd_us,False,False,False
tlg7052,002,ANTHOLOGIAE GRAECAE APPENDIX,Epigrammata sepulcralia,27575,1890,pd_us,False,False,False
tlg7052,003,ANTHOLOGIAE GRAECAE APPENDIX,Epigrammata demonstrativa,14299,1890,pd_us,False,False,False
tlg7052,004,ANTHOLOGIAE GRAECAE APPENDIX,Epigrammata exhortatoria et supplicatoria,7483,1890,pd_us,False,False,False
tlg7052,005,ANTHOLOGIAE GRAECAE APPENDIX,Epigrammata irrisoria,2633,1890,pd_us,False,False,False
tlg7052,006,ANTHOLOGIAE GRAECAE APPENDIX,Oracula,11460,1890,pd_us,False,False,False
tlg7052,007,ANTHOLOGIAE GRAECAE APPENDIX,Problemata et aenigmata,3128,1890,pd_us,False,False,False
tlg7052,008,ANTHOLOGIAE GRAECAE APPENDIX,Epigrammatis addenda,3059,1890,pd_us,False,False,False
tlg9003,001,ANONYMUS LEXICOGRAPHUS,Fragmenta quattuor apud Eustathium,64,1950,in_copyright,False,False,False
tlg9004,001,ANONYMI IN ARISTOTELIS LIBRUM ALTERUM ANALYTICORUM POSTERIORUM,Anonymi in analyticorum posteriorum librum alterum commentarium,18396,1909,pd_us,True,False,True
tlg9006,001,GREGORIUS,Paroemiae,2815,1839,pd_us,True,False,True
tlg9006,002,GREGORIUS,Paroemiae (e cod. Leidense),3522,1851,pd_us,False,False,False
tlg9006,003,GREGORIUS,Paroemiae (e cod. Mosq.),4338,1851,pd_us,False,False,False
tlg9006,004,GREGORIUS,Paroemiae (e cod. Vat.),702,1851,pd_us,False,False,False
tlg9007,001,APPENDIX PROVERBIORUM,Appendix proverbiorum,8288,1839,pd_us,True,False,True
tlg9008,001,Macarius CHRYSOCEPHALUS,Paroemiae,8145,1851,pd_us,False,False,False
tlg9009,001,Michael APOSTOLIUS,Collectio paroemiarum,56234,1851,pd_us,False,False,False
tlg9010,001,SUDA,Lexicon,627192,1928,pd_us,True,False,True
tlg9010,002,SUDA,Onomasticon tacticon,2343,1935,in_copyright,False,False,False
tlg9012,002,IGNATIUS,Vita Nicephori,20900,1880,pd_us,False,False,False
tlg9018,001,ARSENIUS,Apophthegmata,,1851,pd_us,False,False,False
tlg9019,001,STEPHANUS,In Aristotelis librum de interpretatione commentarium,26298,1885,pd_us,True,False,True
tlg9019,X01,STEPHANUS,In Aristotelis librum de anima,,,unknown,False,False,False
tlg9019,X02,STEPHANUS,De magna et sacra arte (sub nomine Stephani Alexandrini philosophi),,,unknown,False,False,False
tlg9020,001,STEPHANUS,In artem rhetoricam commentaria,21109,1896,pd_us,False,False,False
tlg9021,001,STEPHANUS,De magna et sacra arte (sub nomine Stephani Alexandrini philosophi),17336,1842,pd_us,False,False,False
tlg9022,003,Joannes TZETZES,Prolegomena de comoedia Aristophanis,3126,1975,in_copyright,False,False,False
tlg9022,004,Joannes TZETZES,Versus de poematum generibus,2813,1975,in_copyright,False,False,False
tlg9022,006,Joannes TZETZES,De Pleiadibus (excerptum),949,1974,in_copyright,False,False,False
tlg9022,X01,Joannes TZETZES,Exegesis in scutum Hesiodi,,,unknown,False,False,False
tlg9022,X03,Joannes TZETZES,De poeticae generibus (fort. auctore Joanne Tzetza),,,unknown,False,False,False
tlg9022,X05,Joannes TZETZES,Vita Oppiani,,,unknown,False,False,False
tlg9022,X06,Joannes TZETZES,Scholia et argumenta in Aristophanem,,,unknown,False,False,False
tlg9022,X07,Joannes TZETZES,Epigrammata in Oppianum,,,unknown,False,False,False
tlg9022,X08,Joannes TZETZES,Interpretatio et scholia in Hesiodi opera et dies,,,unknown,False,False,False
tlg9022,X09,Joannes TZETZES,Introductio et scholia in Lycophronem,,,unknown,False,False,False
tlg9023,001,THOMAS MAGISTER,Ecloga nominum et verborum Atticorum,47537,1832,pd_us,False,False,False
tlg9023,002,THOMAS MAGISTER,Poemata de Arato [Dub.],285,1974,in_copyright,False,False,False
tlg9023,X02,THOMAS MAGISTER,Scholia et argumenta in Aristophanem,,,unknown,False,False,False
tlg9023,X03,THOMAS MAGISTER,Scholia in Pindarum,,,unknown,False,False,False
tlg9023,X04,THOMAS MAGISTER,Scholia in Aeschylum,,,unknown,False,False,False
tlg9023,X05,THOMAS MAGISTER,Scholia in Sophoclis Oedipum tyrannum,,,unknown,False,False,False
